athleteId,athlete,grade,meetId,date,meet,eventId,event,isField,relay,place,mark
2488546,Jessica Beach,12,378863,2003-05-24,OSAA State Championships,22,800 Meters,0,0,8,2:24.27a
9913496,Bo Bollinger,12,378863,2003-05-24,OSAA State Championships,12,Shot Put,1,0,6,51-02.25
4759,Sean Saxton,11,378863,2003-05-24,OSAA State Championships,14,Javelin,1,0,16,150-03
4800,Carlee Stinton,11,378863,2003-05-24,OSAA State Championships,32,Javelin,1,0,7,102-11
4800,Carlee Stinton,11,378863,2003-05-24,OSAA State Championships,32,Javelin,1,0,15,102-11
21753,Ashley Irish,10,378863,2003-05-24,OSAA State Championships,32,Javelin,1,0,9,100-07
21753,Ashley Irish,10,378863,2003-05-24,OSAA State Championships,32,Javelin,1,0,18,100-07
4800,Carlee Stinton,11,378863,2003-05-24,OSAA State Championships,36,Triple Jump,1,0,8,33-06.25
4743,AJ Dutra,11,4492,2005-05-13,TVL District Meet Day One,1,100 Meters,0,0,3,11.39
16317,Jared Newell,10,4492,2005-05-13,TVL District Meet Day One,1,100 Meters,0,0,4,11.48
19277,Adam Olson,10,4492,2005-05-13,TVL District Meet Day One,1,100 Meters,0,0,7,11.88
4746,Ryan Horton,12,4492,2005-05-13,TVL District Meet Day One,5,1500 Meters,0,0,1,4:13.56
4756,David Reid,12,4492,2005-05-13,TVL District Meet Day One,5,1500 Meters,0,0,5,4:21.20
16312,Joel Hale,9,4492,2005-05-13,TVL District Meet Day One,5,1500 Meters,0,0,8,4:32.45
4756,David Reid,12,4492,2005-05-13,TVL District Meet Day One,6,3000 Meters,0,0,2,9:10.52
4746,Ryan Horton,12,4492,2005-05-13,TVL District Meet Day One,6,3000 Meters,0,0,3,9:23.27
16313,Chad Judy,12,4492,2005-05-13,TVL District Meet Day One,6,3000 Meters,0,0,10,10:22.22
14301,John Vincent,11,4492,2005-05-13,TVL District Meet Day One,12,Shot Put,1,0,7,"42'03"""
16317,Jared Newell,10,4492,2005-05-13,TVL District Meet Day One,14,Javelin,1,0,3,"153'03"""
19469,Dan Ramer,12,4492,2005-05-13,TVL District Meet Day One,14,Javelin,1,0,6,"148'11"""
4740,Austin Agnew,12,4492,2005-05-13,TVL District Meet Day One,18,Triple Jump,1,0,6,"39'06.5"""
4747,Eric Huggins,12,4492,2005-05-13,TVL District Meet Day One,18,Triple Jump,1,0,10,"37'11"""
17971,Curtis Fisher,9,4492,2005-05-13,TVL District Meet Day One,18,Triple Jump,1,0,11,"37'10"""
4746,Ryan Horton,12,4491,2005-05-14,TVL District Meet Day Two,5,1500 Meters,0,0,1,4:13.56a
4756,David Reid,12,4491,2005-05-14,TVL District Meet Day Two,5,1500 Meters,0,0,5,4:21.20a
16312,Joel Hale,9,4491,2005-05-14,TVL District Meet Day Two,5,1500 Meters,0,0,8,4:32.45a
16331,Courtney Smurdon,9,3766,2005-05-20,3A State Championships (Day 1),20,200 Meters,0,0,9,27.15a
4784,Ashley Kerekanec,11,3766,2005-05-20,3A State Championships (Day 1),21,400 Meters,0,0,13,1:05.05a
4756,David Reid,12,3766,2005-05-20,3A State Championships (Day 1),6,3000 Meters,0,0,9,9:13.04a
14311,Ilsa Paulson,10,3766,2005-05-20,3A State Championships (Day 1),24,3000 Meters,0,0,4,10:28.14a
4777,Jenna Frank,12,3766,2005-05-20,3A State Championships (Day 1),30,Shot Put,1,0,6,36'6.5
4777,Jenna Frank,12,3766,2005-05-20,3A State Championships (Day 1),32,Javelin,1,0,8,123'7
4747,Eric Huggins,12,3766,2005-05-20,3A State Championships (Day 1),9,High Jump,1,0,10,5'10
4743,AJ Dutra,11,3766,2005-05-20,3A State Championships (Day 1),17,Long Jump,1,0,2,22'4.75
4746,Ryan Horton,12,3982,2005-05-21,OSAA 3A State Championships Day 2,5,1500 Meters,0,0,5,4:05.62a
14311,Ilsa Paulson,10,3982,2005-05-21,OSAA 3A State Championships Day 2,23,1500 Meters,0,0,11,4:57.26a
4789,Meghan Mulligan,11,3982,2005-05-21,OSAA 3A State Championships Day 2,23,1500 Meters,0,0,16,5:22.98a
4772,Meaghan Durand,12,3982,2005-05-21,OSAA 3A State Championships Day 2,27,High Jump,1,0,6,5'0
17250,Ryan Macauley,10,10570,2006-05-15,TVL JV Districts,1,100 Meters,0,0,9,12.57
23881,Elizabeth Bushnell,10,10570,2006-05-15,TVL JV Districts,19,100 Meters,0,0,1,13.71
42501,Amanda Valenzuela,9,10570,2006-05-15,TVL JV Districts,19,100 Meters,0,0,6,14.64
17250,Ryan Macauley,10,10570,2006-05-15,TVL JV Districts,2,200 Meters,0,0,5,26.03
42483,Derek Thomas,9,10570,2006-05-15,TVL JV Districts,2,200 Meters,0,0,14,29.09
23881,Elizabeth Bushnell,10,10570,2006-05-15,TVL JV Districts,20,200 Meters,0,0,1,30.00
42503,Angel Woodard,9,10570,2006-05-15,TVL JV Districts,20,200 Meters,0,0,5,33.14
17250,Ryan Macauley,10,10570,2006-05-15,TVL JV Districts,3,400 Meters,0,0,5,1:02.35
23881,Elizabeth Bushnell,10,10570,2006-05-15,TVL JV Districts,21,400 Meters,0,0,1,1:12.18
37017,Jonathan Ng,9,10570,2006-05-15,TVL JV Districts,4,800 Meters,0,0,2,2:16.59
14306,Randon White,10,10570,2006-05-15,TVL JV Districts,4,800 Meters,0,0,4,2:23.50
16320,Nick Kalina,11,10570,2006-05-15,TVL JV Districts,4,800 Meters,0,0,5,2:26.40
23611,Cortney Jones,9,10570,2006-05-15,TVL JV Districts,22,800 Meters,0,0,4,2:55.01
4770,Alyssa Dinsmore,11,10570,2006-05-15,TVL JV Districts,22,800 Meters,0,0,5,2:57.90
4781,Julia Hale,12,10570,2006-05-15,TVL JV Districts,22,800 Meters,0,0,7,2:59.32
42354,Luke Widows,9,10570,2006-05-15,TVL JV Districts,5,1500 Meters,0,0,1,4:35.01
37017,Jonathan Ng,9,10570,2006-05-15,TVL JV Districts,5,1500 Meters,0,0,3,4:39.99
14306,Randon White,10,10570,2006-05-15,TVL JV Districts,5,1500 Meters,0,0,7,4:48.91
16320,Nick Kalina,11,10570,2006-05-15,TVL JV Districts,5,1500 Meters,0,0,10,4:57.01
62962,Ryan Vauble,9,10570,2006-05-15,TVL JV Districts,5,1500 Meters,0,0,13,5:02.43
23608,Ian Mulligan,10,10570,2006-05-15,TVL JV Districts,5,1500 Meters,0,0,15,5:16.81
4770,Alyssa Dinsmore,11,10570,2006-05-15,TVL JV Districts,23,1500 Meters,0,0,2,6:13.90
42354,Luke Widows,9,10570,2006-05-15,TVL JV Districts,11,300m Hurdles,0,0,1,46.47
6007,Relay Team,,10570,2006-05-15,TVL JV Districts,7,4x100 Relay,0,0,3,55.89
23611,Cortney Jones,9,10570,2006-05-15,TVL JV Districts,25,4x100 Relay,0,1,1,1:04.87
23881,Elizabeth Bushnell,10,10570,2006-05-15,TVL JV Districts,25,4x100 Relay,0,1,1,1:04.87
42501,Amanda Valenzuela,9,10570,2006-05-15,TVL JV Districts,25,4x100 Relay,0,1,1,1:04.87
42503,Angel Woodard,9,10570,2006-05-15,TVL JV Districts,25,4x100 Relay,0,1,1,1:04.87
37040,Brandon Towell,9,10570,2006-05-15,TVL JV Districts,8,4x400 Relay,0,1,2,4:02.69
23598,Rob Thompson,11,10570,2006-05-15,TVL JV Districts,8,4x400 Relay,0,1,2,4:02.69
2503872,Cody '06 Thompson,9,10570,2006-05-15,TVL JV Districts,8,4x400 Relay,0,1,2,4:02.69
42483,Derek Thomas,9,10570,2006-05-15,TVL JV Districts,8,4x400 Relay,0,1,2,4:02.69
37040,Brandon Towell,9,10570,2006-05-15,TVL JV Districts,12,Shot Put,1,0,1,42'04.50
37042,James Peters,9,10570,2006-05-15,TVL JV Districts,13,Discus,1,0,1,105'02
37040,Brandon Towell,9,10570,2006-05-15,TVL JV Districts,13,Discus,1,0,4,98'01
37042,James Peters,9,10570,2006-05-15,TVL JV Districts,14,Javelin,1,0,16,96'07
37050,Katrina Krempley,11,10570,2006-05-15,TVL JV Districts,32,Javelin,1,0,3,84'11
37060,Matthew Peterson,9,10570,2006-05-15,TVL JV Districts,9,High Jump,1,0,3,4'10.00
37014,Bradye Gough,9,9153,2006-05-19,TriValley Districts (Prelims),6,3000 Meters,0,0,11,9:56.27a
37009,Dan Cushing,9,9153,2006-05-19,TriValley Districts (Prelims),6,3000 Meters,0,0,13,9:59.18a
4789,Meghan Mulligan,12,9153,2006-05-19,TriValley Districts (Prelims),24,3000 Meters,0,0,1,11:09.85a
23612,Kelsey Thalhofer,9,9153,2006-05-19,TriValley Districts (Prelims),24,3000 Meters,0,0,10,12:43.06a
4765,Sarah Apple,12,9153,2006-05-19,TriValley Districts (Prelims),24,3000 Meters,0,0,11,12:59.19a
14313,Whitney Ladzick,11,9153,2006-05-19,TriValley Districts (Prelims),30,Shot Put,1,0,3,30'09.50
16356,Amber Choruby,10,9153,2006-05-19,TriValley Districts (Prelims),30,Shot Put,1,0,6,28'05.25
16357,Jamie Fisher,12,9153,2006-05-19,TriValley Districts (Prelims),30,Shot Put,1,0,12,26'04.50
4752,Darren Muerth,12,9153,2006-05-19,TriValley Districts (Prelims),13,Discus,1,0,7,119'06
4763,Victor Trejo,11,9153,2006-05-19,TriValley Districts (Prelims),13,Discus,1,0,9,116'02
14303,Michael Bond,12,9153,2006-05-19,TriValley Districts (Prelims),13,Discus,1,0,12,111'04
14318,Nicole Costley,10,9153,2006-05-19,TriValley Districts (Prelims),32,Javelin,1,0,4,105'06
37052,Kelsey Irish,9,9153,2006-05-19,TriValley Districts (Prelims),32,Javelin,1,0,8,89'00
37078,Bahkari Carter,9,9153,2006-05-19,TriValley Districts (Prelims),32,Javelin,1,0,15,59'04
4748,Christopher Kiser,11,9153,2006-05-19,TriValley Districts (Prelims),9,High Jump,1,0,7,5'06.00
50341,Ryan Lobdell,11,9153,2006-05-19,TriValley Districts (Prelims),9,High Jump,1,0,11,5'03.00
14308,Steve Murillo,12,9153,2006-05-19,TriValley Districts (Prelims),9,High Jump,1,0,11,5'03.00
16324,Kole Krieger,10,9153,2006-05-19,TriValley Districts (Prelims),16,Pole Vault,1,0,2,12'00.00
42442,Galen Peterson,9,9153,2006-05-19,TriValley Districts (Prelims),16,Pole Vault,1,0,10,9'06.00
4743,AJ Dutra,12,9153,2006-05-19,TriValley Districts (Prelims),17,Long Jump,1,0,1,21'09.75
16317,Jared Newell,11,9153,2006-05-19,TriValley Districts (Prelims),17,Long Jump,1,0,5,19'05.75
4754,Timothy Otto,11,9153,2006-05-19,TriValley Districts (Prelims),17,Long Jump,1,0,8,18'08.75
4768,Alex Condon,11,9153,2006-05-19,TriValley Districts (Prelims),35,Long Jump,1,0,6,14'09.75
36861,Coleen Thrift,10,9153,2006-05-19,TriValley Districts (Prelims),35,Long Jump,1,0,9,14'04.00
37078,Bahkari Carter,9,9153,2006-05-19,TriValley Districts (Prelims),35,Long Jump,1,0,14,12'03.00
4743,AJ Dutra,12,9154,2006-05-20,TriValley Districts (Finals),1,100 Meters,0,0,2,11.35a
16317,Jared Newell,11,9154,2006-05-20,TriValley Districts (Finals),1,100 Meters,0,0,4,11.52a
4754,Timothy Otto,11,9154,2006-05-20,TriValley Districts (Finals),1,100 Meters,0,0,5,11.58a
42499,Michaela Loewer,9,9154,2006-05-20,TriValley Districts (Finals),19,100 Meters,0,0,5,13.52a
37056,Allina Schmeltzer,9,9154,2006-05-20,TriValley Districts (Finals),19,100 Meters,0,0,7,13.64a
4743,AJ Dutra,12,9154,2006-05-20,TriValley Districts (Finals),2,200 Meters,0,0,2,23.05a
4754,Timothy Otto,11,9154,2006-05-20,TriValley Districts (Finals),2,200 Meters,0,0,5,23.87a
16323,Dan Hegeberg,12,9154,2006-05-20,TriValley Districts (Finals),2,200 Meters,0,0,8,24.75a
16337,Erica Chamberlain,10,9154,2006-05-20,TriValley Districts (Finals),20,200 Meters,0,0,5,27.50a
42499,Michaela Loewer,9,9154,2006-05-20,TriValley Districts (Finals),20,200 Meters,0,0,7,27.96a
16323,Dan Hegeberg,12,9154,2006-05-20,TriValley Districts (Finals),3,400 Meters,0,0,1,52.08a
23599,Tyler Holstrom,9,9154,2006-05-20,TriValley Districts (Finals),3,400 Meters,0,0,6,55.29a
4796,Emily Schulte,11,9154,2006-05-20,TriValley Districts (Finals),21,400 Meters,0,0,4,1:04.63a
4748,Christopher Kiser,11,9154,2006-05-20,TriValley Districts (Finals),4,800 Meters,0,0,6,2:08.36a
4785,Emily Kiser,12,9154,2006-05-20,TriValley Districts (Finals),22,800 Meters,0,0,6,2:36.73a
16312,Joel Hale,10,9154,2006-05-20,TriValley Districts (Finals),5,1500 Meters,0,0,5,4:19.46a
37014,Bradye Gough,9,9154,2006-05-20,TriValley Districts (Finals),5,1500 Meters,0,0,13,4:31.51a
23598,Rob Thompson,11,9154,2006-05-20,TriValley Districts (Finals),5,1500 Meters,0,0,14,4:33.02a
23880,Kristin Oenning,9,9154,2006-05-20,TriValley Districts (Finals),23,1500 Meters,0,0,1,5:10.93a
4789,Meghan Mulligan,12,9154,2006-05-20,TriValley Districts (Finals),23,1500 Meters,0,0,7,5:18.26a
23600,Marissa Ranno,9,9154,2006-05-20,TriValley Districts (Finals),23,1500 Meters,0,0,8,5:18.26a
37014,Bradye Gough,9,9154,2006-05-20,TriValley Districts (Finals),6,3000 Meters,0,0,11,9:56.27a
37009,Dan Cushing,9,9154,2006-05-20,TriValley Districts (Finals),6,3000 Meters,0,0,13,9:59.18a
4789,Meghan Mulligan,12,9154,2006-05-20,TriValley Districts (Finals),24,3000 Meters,0,0,1,11:09.85a
23612,Kelsey Thalhofer,9,9154,2006-05-20,TriValley Districts (Finals),24,3000 Meters,0,0,10,12:43.06a
4765,Sarah Apple,12,9154,2006-05-20,TriValley Districts (Finals),24,3000 Meters,0,0,11,12:59.19a
16331,Courtney Smurdon,10,9154,2006-05-20,TriValley Districts (Finals),28,100m Hurdles,0,0,1,15.85a
16333,Courtney Minor,10,9154,2006-05-20,TriValley Districts (Finals),28,100m Hurdles,0,0,4,17.08a
16322,Michael Blackham,12,9154,2006-05-20,TriValley Districts (Finals),10,110m Hurdles,0,0,2,16.01a
16324,Kole Krieger,10,9154,2006-05-20,TriValley Districts (Finals),10,110m Hurdles,0,0,3,16.37a
16322,Michael Blackham,12,9154,2006-05-20,TriValley Districts (Finals),11,300m Hurdles,0,0,2,42.55a
17971,Curtis Fisher,10,9154,2006-05-20,TriValley Districts (Finals),11,300m Hurdles,0,0,8,46.79a
16331,Courtney Smurdon,10,9154,2006-05-20,TriValley Districts (Finals),29,300m Hurdles,0,0,1,47.57a
4787,Tara Krempley,12,9154,2006-05-20,TriValley Districts (Finals),29,300m Hurdles,0,0,3,49.51a
6007,Relay Team,,9154,2006-05-20,TriValley Districts (Finals),7,4x100 Relay,0,0,2,43.88a
16331,Courtney Smurdon,10,9154,2006-05-20,TriValley Districts (Finals),25,4x100 Relay,0,1,2,51.11a
4796,Emily Schulte,11,9154,2006-05-20,TriValley Districts (Finals),25,4x100 Relay,0,1,2,51.11a
37056,Allina Schmeltzer,9,9154,2006-05-20,TriValley Districts (Finals),25,4x100 Relay,0,1,2,51.11a
42499,Michaela Loewer,9,9154,2006-05-20,TriValley Districts (Finals),25,4x100 Relay,0,1,2,51.11a
6007,Relay Team,,9154,2006-05-20,TriValley Districts (Finals),8,4x400 Relay,0,0,5,3:44.43a
6017,Relay Team,,9154,2006-05-20,TriValley Districts (Finals),26,4x400 Relay,0,0,4,4:24.79a
4763,Victor Trejo,11,9154,2006-05-20,TriValley Districts (Finals),12,Shot Put,1,0,7,43'08.00
14305,David Irish,11,9154,2006-05-20,TriValley Districts (Finals),12,Shot Put,1,0,13,39'09.00
14303,Michael Bond,12,9154,2006-05-20,TriValley Districts (Finals),12,Shot Put,1,0,16,37'04.00
14313,Whitney Ladzick,11,9154,2006-05-20,TriValley Districts (Finals),30,Shot Put,1,0,3,30'09.50
16356,Amber Choruby,10,9154,2006-05-20,TriValley Districts (Finals),30,Shot Put,1,0,6,28'05.25
16357,Jamie Fisher,12,9154,2006-05-20,TriValley Districts (Finals),30,Shot Put,1,0,12,26'04.50
4752,Darren Muerth,12,9154,2006-05-20,TriValley Districts (Finals),13,Discus,1,0,7,119'06
4763,Victor Trejo,11,9154,2006-05-20,TriValley Districts (Finals),13,Discus,1,0,9,116'02
14303,Michael Bond,12,9154,2006-05-20,TriValley Districts (Finals),13,Discus,1,0,12,111'04
14313,Whitney Ladzick,11,9154,2006-05-20,TriValley Districts (Finals),31,Discus,1,0,5,89'08
16357,Jamie Fisher,12,9154,2006-05-20,TriValley Districts (Finals),31,Discus,1,0,7,83'07
16356,Amber Choruby,10,9154,2006-05-20,TriValley Districts (Finals),31,Discus,1,0,14,71'10
14305,David Irish,11,9154,2006-05-20,TriValley Districts (Finals),14,Javelin,1,0,5,159'07
4763,Victor Trejo,11,9154,2006-05-20,TriValley Districts (Finals),14,Javelin,1,0,14,137'04
14302,Nick Hasse,11,9154,2006-05-20,TriValley Districts (Finals),14,Javelin,1,0,17,126'03
14318,Nicole Costley,10,9154,2006-05-20,TriValley Districts (Finals),32,Javelin,1,0,4,105'06
37052,Kelsey Irish,9,9154,2006-05-20,TriValley Districts (Finals),32,Javelin,1,0,8,89'00
37078,Bahkari Carter,9,9154,2006-05-20,TriValley Districts (Finals),32,Javelin,1,0,15,59'04
4748,Christopher Kiser,11,9154,2006-05-20,TriValley Districts (Finals),9,High Jump,1,0,7,5'06.00
50341,Ryan Lobdell,11,9154,2006-05-20,TriValley Districts (Finals),9,High Jump,1,0,11,5'03.00
14308,Steve Murillo,12,9154,2006-05-20,TriValley Districts (Finals),9,High Jump,1,0,11,5'03.00
23880,Kristin Oenning,9,9154,2006-05-20,TriValley Districts (Finals),27,High Jump,1,0,1,5'03.00
37056,Allina Schmeltzer,9,9154,2006-05-20,TriValley Districts (Finals),27,High Jump,1,0,10,4'04.00
16324,Kole Krieger,10,9154,2006-05-20,TriValley Districts (Finals),16,Pole Vault,1,0,2,12'00.00
42442,Galen Peterson,9,9154,2006-05-20,TriValley Districts (Finals),16,Pole Vault,1,0,10,9'06.00
16335,Kristina Cauthorn,11,9154,2006-05-20,TriValley Districts (Finals),34,Pole Vault,1,0,3,9'08.00
4786,Chelsea Kluser,11,9154,2006-05-20,TriValley Districts (Finals),34,Pole Vault,1,0,10,7'00.00
4743,AJ Dutra,12,9154,2006-05-20,TriValley Districts (Finals),17,Long Jump,1,0,1,21'09.75
16317,Jared Newell,11,9154,2006-05-20,TriValley Districts (Finals),17,Long Jump,1,0,5,19'05.75
4754,Timothy Otto,11,9154,2006-05-20,TriValley Districts (Finals),17,Long Jump,1,0,8,18'08.75
4768,Alex Condon,11,9154,2006-05-20,TriValley Districts (Finals),35,Long Jump,1,0,6,14'09.75
36861,Coleen Thrift,10,9154,2006-05-20,TriValley Districts (Finals),35,Long Jump,1,0,9,14'04.00
37078,Bahkari Carter,9,9154,2006-05-20,TriValley Districts (Finals),35,Long Jump,1,0,14,12'03.00
17971,Curtis Fisher,10,9154,2006-05-20,TriValley Districts (Finals),18,Triple Jump,1,0,3,40'11.75
16324,Kole Krieger,10,9154,2006-05-20,TriValley Districts (Finals),18,Triple Jump,1,0,5,39'09.50
16335,Kristina Cauthorn,11,9154,2006-05-20,TriValley Districts (Finals),36,Triple Jump,1,0,3,33'07.00
16337,Erica Chamberlain,10,9154,2006-05-20,TriValley Districts (Finals),36,Triple Jump,1,0,7,31'11.25
36861,Coleen Thrift,10,9154,2006-05-20,TriValley Districts (Finals),36,Triple Jump,1,0,10,29'07.00
16312,Joel Hale,,30220,2007-05-09,NWOC District Meet,6,3000 Meters,0,0,5,9:42.02a
37009,Dan Cushing,,30220,2007-05-09,NWOC District Meet,6,3000 Meters,0,0,7,9:45.64a
37014,Bradye Gough,,30220,2007-05-09,NWOC District Meet,6,3000 Meters,0,0,19,10:22.38a
14311,Ilsa Paulson,,30220,2007-05-09,NWOC District Meet,24,3000 Meters,0,0,1,10:18.83a
23612,Kelsey Thalhofer,,30220,2007-05-09,NWOC District Meet,24,3000 Meters,0,0,16,13:21.78a
14313,Whitney Ladzick,,30220,2007-05-09,NWOC District Meet,30,Shot Put,1,0,10,30-10.00
16356,Amber Choruby,,30220,2007-05-09,NWOC District Meet,30,Shot Put,1,0,11,30-00.50
17253,Kristi Pratt,,30220,2007-05-09,NWOC District Meet,30,Shot Put,1,0,15,28-01.25
4763,Victor Trejo,,30220,2007-05-09,NWOC District Meet,13,Discus,1,0,9,123-10
37040,Brandon Towell,,30220,2007-05-09,NWOC District Meet,13,Discus,1,0,14,100-03
138133,Spencer Wolfley,,30220,2007-05-09,NWOC District Meet,13,Discus,1,0,16,93-02
37052,Kelsey Irish,,30220,2007-05-09,NWOC District Meet,32,Javelin,1,0,4,111-04
37050,Katrina Krempley,,30220,2007-05-09,NWOC District Meet,32,Javelin,1,0,10,97-00
16337,Erica Chamberlain,,30220,2007-05-09,NWOC District Meet,32,Javelin,1,0,11,96-03
50341,Ryan Lobdell,,30220,2007-05-09,NWOC District Meet,9,High Jump,1,0,5,5-10.00
4748,Christopher Kiser,,30220,2007-05-09,NWOC District Meet,9,High Jump,1,0,7,5-10.00
50342,Jordan Giacherio,,30220,2007-05-09,NWOC District Meet,9,High Jump,1,0,11,5-06.00
16324,Kole Krieger,,30220,2007-05-09,NWOC District Meet,16,Pole Vault,1,0,1,12-04.00
4761,Chris Stearns,,30220,2007-05-09,NWOC District Meet,16,Pole Vault,1,0,8,10-00.00
17971,Curtis Fisher,,30220,2007-05-09,NWOC District Meet,17,Long Jump,1,0,5,20-09.75
4754,Timothy Otto,,30220,2007-05-09,NWOC District Meet,17,Long Jump,1,0,6,20-09.25
16317,Jared Newell,,30220,2007-05-09,NWOC District Meet,17,Long Jump,1,0,7,20-00.50
90751,Kaitlyn Harbick,,30220,2007-05-09,NWOC District Meet,35,Long Jump,1,0,8,14-09.25
4768,Alex Condon,,30220,2007-05-09,NWOC District Meet,35,Long Jump,1,0,11,14-06.00
4754,Timothy Otto,,30221,2007-05-11,NWOC District Meet,1,100 Meters,0,0,2,11.59a
16317,Jared Newell,,30221,2007-05-11,NWOC District Meet,1,100 Meters,0,0,6,11.94a
42499,Michaela Loewer,,30221,2007-05-11,NWOC District Meet,19,100 Meters,0,0,5,13.39a
90751,Kaitlyn Harbick,,30221,2007-05-11,NWOC District Meet,20,200 Meters,0,0,7,27.27a
26491,Scott Harris,,30221,2007-05-11,NWOC District Meet,3,400 Meters,0,0,5,53.17a
138110,Mesha Perkins,,30221,2007-05-11,NWOC District Meet,21,400 Meters,0,0,3,1:03.59a
42354,Luke Widows,,30221,2007-05-11,NWOC District Meet,4,800 Meters,0,0,6,2:05.01a
138085,Michelle Hlasnik,,30221,2007-05-11,NWOC District Meet,22,800 Meters,0,0,3,2:25.16a
16312,Joel Hale,,30221,2007-05-11,NWOC District Meet,5,1500 Meters,0,0,7,4:23.08a
16325,Greg Lemay,,30221,2007-05-11,NWOC District Meet,5,1500 Meters,0,0,8,4:23.84a
37014,Bradye Gough,,30221,2007-05-11,NWOC District Meet,5,1500 Meters,0,0,12,4:29.95a
138082,Corrnn Hardesty,,30221,2007-05-11,NWOC District Meet,23,1500 Meters,0,0,12,5:42.56a
4770,Alyssa Dinsmore,,30221,2007-05-11,NWOC District Meet,23,1500 Meters,0,0,16,6:09.86a
16312,Joel Hale,,30221,2007-05-11,NWOC District Meet,6,3000 Meters,0,0,5,9:42.02a
37009,Dan Cushing,,30221,2007-05-11,NWOC District Meet,6,3000 Meters,0,0,7,9:45.64a
37014,Bradye Gough,,30221,2007-05-11,NWOC District Meet,6,3000 Meters,0,0,19,10:22.38a
14311,Ilsa Paulson,,30221,2007-05-11,NWOC District Meet,24,3000 Meters,0,0,1,10:18.83a
23612,Kelsey Thalhofer,,30221,2007-05-11,NWOC District Meet,24,3000 Meters,0,0,16,13:21.78a
16331,Courtney Smurdon,,30221,2007-05-11,NWOC District Meet,28,100m Hurdles,0,0,4,16.96a
16324,Kole Krieger,,30221,2007-05-11,NWOC District Meet,10,110m Hurdles,0,0,5,16.09a
138100,Kathryn Mariman,,30221,2007-05-11,NWOC District Meet,29,300m Hurdles,0,0,6,51.17a
50341,Ryan Lobdell,12,30221,2007-05-11,NWOC District Meet,7,4x100 Relay,0,1,6,45.94a
138078,Tyler Dickson,10,30221,2007-05-11,NWOC District Meet,7,4x100 Relay,0,1,6,45.94a
26491,Scott Harris,10,30221,2007-05-11,NWOC District Meet,7,4x100 Relay,0,1,6,45.94a
4754,Timothy Otto,12,30221,2007-05-11,NWOC District Meet,7,4x100 Relay,0,1,6,45.94a
4796,Emily Schulte,12,30221,2007-05-11,NWOC District Meet,25,4x100 Relay,0,1,5,51.85a
16337,Erica Chamberlain,11,30221,2007-05-11,NWOC District Meet,25,4x100 Relay,0,1,5,51.85a
16331,Courtney Smurdon,11,30221,2007-05-11,NWOC District Meet,25,4x100 Relay,0,1,5,51.85a
42499,Michaela Loewer,10,30221,2007-05-11,NWOC District Meet,25,4x100 Relay,0,1,5,51.85a
16325,Greg Lemay,11,30221,2007-05-11,NWOC District Meet,8,4x400 Relay,0,1,3,3:34.87a
26491,Scott Harris,10,30221,2007-05-11,NWOC District Meet,8,4x400 Relay,0,1,3,3:34.87a
4754,Timothy Otto,12,30221,2007-05-11,NWOC District Meet,8,4x400 Relay,0,1,3,3:34.87a
16312,Joel Hale,11,30221,2007-05-11,NWOC District Meet,8,4x400 Relay,0,1,3,3:34.87a
138085,Michelle Hlasnik,10,30221,2007-05-11,NWOC District Meet,26,4x400 Relay,0,1,3,4:17.34a
138110,Mesha Perkins,9,30221,2007-05-11,NWOC District Meet,26,4x400 Relay,0,1,3,4:17.34a
23880,Kristin Oenning,10,30221,2007-05-11,NWOC District Meet,26,4x400 Relay,0,1,3,4:17.34a
4796,Emily Schulte,12,30221,2007-05-11,NWOC District Meet,26,4x400 Relay,0,1,3,4:17.34a
138133,Spencer Wolfley,,30221,2007-05-11,NWOC District Meet,12,Shot Put,1,0,4,44-04.50
4763,Victor Trejo,,30221,2007-05-11,NWOC District Meet,12,Shot Put,1,0,8,42-03.00
138124,Scott Southwell,,30221,2007-05-11,NWOC District Meet,12,Shot Put,1,0,12,39-08.00
14313,Whitney Ladzick,,30221,2007-05-11,NWOC District Meet,30,Shot Put,1,0,10,30-10.00
16356,Amber Choruby,,30221,2007-05-11,NWOC District Meet,30,Shot Put,1,0,11,30-00.50
17253,Kristi Pratt,,30221,2007-05-11,NWOC District Meet,30,Shot Put,1,0,15,28-01.25
4763,Victor Trejo,,30221,2007-05-11,NWOC District Meet,13,Discus,1,0,9,123-10
37040,Brandon Towell,,30221,2007-05-11,NWOC District Meet,13,Discus,1,0,14,100-03
138133,Spencer Wolfley,,30221,2007-05-11,NWOC District Meet,13,Discus,1,0,16,93-02
14313,Whitney Ladzick,,30221,2007-05-11,NWOC District Meet,31,Discus,1,0,10,87-06
17253,Kristi Pratt,,30221,2007-05-11,NWOC District Meet,31,Discus,1,0,15,78-05
14305,David Irish,,30221,2007-05-11,NWOC District Meet,14,Javelin,1,0,6,159-09
16317,Jared Newell,,30221,2007-05-11,NWOC District Meet,14,Javelin,1,0,13,141-08
4763,Victor Trejo,,30221,2007-05-11,NWOC District Meet,14,Javelin,1,0,16,135-01
37052,Kelsey Irish,,30221,2007-05-11,NWOC District Meet,32,Javelin,1,0,4,111-04
37050,Katrina Krempley,,30221,2007-05-11,NWOC District Meet,32,Javelin,1,0,10,97-00
16337,Erica Chamberlain,,30221,2007-05-11,NWOC District Meet,32,Javelin,1,0,11,96-03
50341,Ryan Lobdell,,30221,2007-05-11,NWOC District Meet,9,High Jump,1,0,5,5-10.00
4748,Christopher Kiser,,30221,2007-05-11,NWOC District Meet,9,High Jump,1,0,7,5-10.00
50342,Jordan Giacherio,,30221,2007-05-11,NWOC District Meet,9,High Jump,1,0,11,5-06.00
138108,Frances Pavao,,30221,2007-05-11,NWOC District Meet,27,High Jump,1,0,1,5-04.25
23880,Kristin Oenning,,30221,2007-05-11,NWOC District Meet,27,High Jump,1,0,4,5-01.00
37056,Allina Schmeltzer,,30221,2007-05-11,NWOC District Meet,27,High Jump,1,0,9,4-08.00
16324,Kole Krieger,,30221,2007-05-11,NWOC District Meet,16,Pole Vault,1,0,1,12-04.00
4761,Chris Stearns,,30221,2007-05-11,NWOC District Meet,16,Pole Vault,1,0,8,10-00.00
16335,Kristina Cauthorn,,30221,2007-05-11,NWOC District Meet,34,Pole Vault,1,0,3,9-04.00
138100,Kathryn Mariman,,30221,2007-05-11,NWOC District Meet,34,Pole Vault,1,0,4,9-04.00
90754,Kaylynn Oaks,,30221,2007-05-11,NWOC District Meet,34,Pole Vault,1,0,11,8-00.00
17971,Curtis Fisher,,30221,2007-05-11,NWOC District Meet,17,Long Jump,1,0,5,20-09.75
4754,Timothy Otto,,30221,2007-05-11,NWOC District Meet,17,Long Jump,1,0,6,20-09.25
16317,Jared Newell,,30221,2007-05-11,NWOC District Meet,17,Long Jump,1,0,7,20-00.50
90751,Kaitlyn Harbick,,30221,2007-05-11,NWOC District Meet,35,Long Jump,1,0,8,14-09.25
4768,Alex Condon,,30221,2007-05-11,NWOC District Meet,35,Long Jump,1,0,11,14-06.00
17971,Curtis Fisher,,30221,2007-05-11,NWOC District Meet,18,Triple Jump,1,0,2,43-09.00
23599,Tyler Holstrom,,30221,2007-05-11,NWOC District Meet,18,Triple Jump,1,0,13,38-01.50
16335,Kristina Cauthorn,,30221,2007-05-11,NWOC District Meet,36,Triple Jump,1,0,3,33-03.50
23880,Kristin Oenning,,30221,2007-05-11,NWOC District Meet,36,Triple Jump,1,0,8,31-01.50
14311,Ilsa Paulson,12,28257,2007-05-19,OSAA 5A State Championships,24,3000 Meters,0,0,2,10:18.67a
16324,Kole Krieger,11,28257,2007-05-19,OSAA 5A State Championships,16,Pole Vault,1,0,5,13'06.00
17971,Curtis Fisher,11,28257,2007-05-19,OSAA 5A State Championships,18,Triple Jump,1,0,3,44'03.00
90751,Kaitlyn Harbick,,41255,2008-05-16,NWOC District Finals,20,200 Meters,0,0,5,27.78a
23599,Tyler Holstrom,,41255,2008-05-16,NWOC District Finals,3,400 Meters,0,0,5,53.77a
16325,Greg Lemay,,41255,2008-05-16,NWOC District Finals,4,800 Meters,0,0,7,2:12.86a
23880,Kristin Oenning,,41255,2008-05-16,NWOC District Finals,22,800 Meters,0,0,3,2:30.77a
16312,Joel Hale,,41255,2008-05-16,NWOC District Finals,5,1500 Meters,0,0,3,4:20.79a
16325,Greg Lemay,,41255,2008-05-16,NWOC District Finals,5,1500 Meters,0,0,13,4:38.56a
37009,Dan Cushing,,41255,2008-05-16,NWOC District Finals,5,1500 Meters,0,0,17,4:47.78a
23612,Kelsey Thalhofer,,41255,2008-05-16,NWOC District Finals,23,1500 Meters,0,0,13,5:50.03a
138110,Mesha Perkins,,41255,2008-05-16,NWOC District Finals,23,1500 Meters,0,0,14,5:53.87a
16312,Joel Hale,,41255,2008-05-16,NWOC District Finals,6,3000 Meters,0,0,6,9:33.23a
37009,Dan Cushing,,41255,2008-05-16,NWOC District Finals,6,3000 Meters,0,0,14,10:09.45a
241449,Kayli Brown,,41255,2008-05-16,NWOC District Finals,24,3000 Meters,0,0,15,13:17.74a
138100,Kathryn Mariman,,41255,2008-05-16,NWOC District Finals,28,100m Hurdles,0,0,6,17.65a
16324,Kole Krieger,,41255,2008-05-16,NWOC District Finals,10,110m Hurdles,0,0,1,15.25a
90736,Greg Crump,,41255,2008-05-16,NWOC District Finals,10,110m Hurdles,0,0,4,16.27a
138073,Zach Baker,,41255,2008-05-16,NWOC District Finals,10,110m Hurdles,0,0,5,16.57a
297355,Thomas Bacewich,11,41255,2008-05-16,NWOC District Finals,7,4x100 Relay,0,1,7,45.85a
297378,Nicholas Pai,10,41255,2008-05-16,NWOC District Finals,7,4x100 Relay,0,1,7,45.85a
138073,Zach Baker,10,41255,2008-05-16,NWOC District Finals,7,4x100 Relay,0,1,7,45.85a
16324,Kole Krieger,12,41255,2008-05-16,NWOC District Finals,7,4x100 Relay,0,1,7,45.85a
90751,Kaitlyn Harbick,10,41255,2008-05-16,NWOC District Finals,25,4x100 Relay,0,1,4,52.98a
90754,Kaylynn Oaks,10,41255,2008-05-16,NWOC District Finals,25,4x100 Relay,0,1,4,52.98a
42499,Michaela Loewer,11,41255,2008-05-16,NWOC District Finals,25,4x100 Relay,0,1,4,52.98a
138110,Mesha Perkins,10,41255,2008-05-16,NWOC District Finals,25,4x100 Relay,0,1,4,52.98a
297355,Thomas Bacewich,11,41255,2008-05-16,NWOC District Finals,8,4x400 Relay,0,1,6,3:42.26a
138074,Jordan Bigam,11,41255,2008-05-16,NWOC District Finals,8,4x400 Relay,0,1,6,3:42.26a
16312,Joel Hale,12,41255,2008-05-16,NWOC District Finals,8,4x400 Relay,0,1,6,3:42.26a
16325,Greg Lemay,12,41255,2008-05-16,NWOC District Finals,8,4x400 Relay,0,1,6,3:42.26a
138124,Scott Southwell,,41255,2008-05-16,NWOC District Finals,12,Shot Put,1,0,7,46-02.50
297371,John Kerekanich,,41255,2008-05-16,NWOC District Finals,12,Shot Put,1,0,8,46-00.50
138097,Peter Lam,,41255,2008-05-16,NWOC District Finals,12,Shot Put,1,0,10,42-01.75
146574,Kassee Flint,,41255,2008-05-16,NWOC District Finals,30,Shot Put,1,0,10,29-00.25
16356,Amber Choruby,,41255,2008-05-16,NWOC District Finals,30,Shot Put,1,0,12,28-03.50
297347,Julaine Wood,,41255,2008-05-16,NWOC District Finals,30,Shot Put,1,0,18,24-05.50
138124,Scott Southwell,,41255,2008-05-16,NWOC District Finals,13,Discus,1,0,12,116-07
330758,JJ Park,,41255,2008-05-16,NWOC District Finals,13,Discus,1,0,14,113-01
138097,Peter Lam,,41255,2008-05-16,NWOC District Finals,13,Discus,1,0,23,83-01
146574,Kassee Flint,,41255,2008-05-16,NWOC District Finals,31,Discus,1,0,7,91-01
16356,Amber Choruby,,41255,2008-05-16,NWOC District Finals,31,Discus,1,0,17,73-06
297347,Julaine Wood,,41255,2008-05-16,NWOC District Finals,31,Discus,1,0,20,61-08
331544,Michael Smith,,41255,2008-05-16,NWOC District Finals,14,Javelin,1,0,6,149-03
138098,Ethan Lohse,,41255,2008-05-16,NWOC District Finals,14,Javelin,1,0,22,99-01
37052,Kelsey Irish,,41255,2008-05-16,NWOC District Finals,32,Javelin,1,0,6,97-02
138075,Monica Bletcher,,41255,2008-05-16,NWOC District Finals,32,Javelin,1,0,7,95-10
331505,Emily Visser,,41255,2008-05-16,NWOC District Finals,32,Javelin,1,0,12,75-05
297381,Griffin Ruehl,,41255,2008-05-16,NWOC District Finals,9,High Jump,1,0,3,5-10.00
50342,Jordan Giacherio,,41255,2008-05-16,NWOC District Finals,9,High Jump,1,0,9,5-03.00
330758,JJ Park,,41255,2008-05-16,NWOC District Finals,9,High Jump,1,0,9,5-03.00
138108,Frances Pavao,,41255,2008-05-16,NWOC District Finals,27,High Jump,1,0,1,5-04.00
23880,Kristin Oenning,,41255,2008-05-16,NWOC District Finals,27,High Jump,1,0,2,5-00.00
16324,Kole Krieger,,41255,2008-05-16,NWOC District Finals,16,Pole Vault,1,0,1,14-00.00
138074,Jordan Bigam,,41255,2008-05-16,NWOC District Finals,16,Pole Vault,1,0,10,10-00.00
138100,Kathryn Mariman,,41255,2008-05-16,NWOC District Finals,34,Pole Vault,1,0,2,10-07.00
90754,Kaylynn Oaks,,41255,2008-05-16,NWOC District Finals,34,Pole Vault,1,0,9,8-00.00
17971,Curtis Fisher,,41255,2008-05-16,NWOC District Finals,17,Long Jump,1,0,1,22-10.50
330758,JJ Park,,41255,2008-05-16,NWOC District Finals,17,Long Jump,1,0,2,21-00.00
50342,Jordan Giacherio,,41255,2008-05-16,NWOC District Finals,17,Long Jump,1,0,13,18-02.25
90751,Kaitlyn Harbick,,41255,2008-05-16,NWOC District Finals,35,Long Jump,1,0,3,15-04.50
138088,Britney Johnson,,41255,2008-05-16,NWOC District Finals,35,Long Jump,1,0,14,13-06.25
138113,Lauren Richardson,,41255,2008-05-16,NWOC District Finals,35,Long Jump,1,0,15,13-02.00
17971,Curtis Fisher,,41255,2008-05-16,NWOC District Finals,18,Triple Jump,1,0,1,44-07.00
297378,Nicholas Pai,,41255,2008-05-16,NWOC District Finals,18,Triple Jump,1,0,7,40-05.25
297381,Griffin Ruehl,,41255,2008-05-16,NWOC District Finals,18,Triple Jump,1,0,16,37-00.00
138113,Lauren Richardson,,41255,2008-05-16,NWOC District Finals,36,Triple Jump,1,0,15,24-07.50
37009,Dan Cushing,12,61811,2009-05-13,NWOC District Prelims,6,3000 Meters,0,0,10,9:55.60a
836682,Nathan Normo,9,61811,2009-05-13,NWOC District Prelims,6,3000 Meters,0,0,13,10:07.23a
836678,Perrin Hess,9,61811,2009-05-13,NWOC District Prelims,6,3000 Meters,0,0,15,10:15.49a
23612,Kelsey Thalhofer,12,61811,2009-05-13,NWOC District Prelims,24,3000 Meters,0,0,5,12:02.84a
138072,Ashley Armitage,11,61811,2009-05-13,NWOC District Prelims,24,3000 Meters,0,0,11,12:45.32a
241452,Milena Radanovic,11,61811,2009-05-13,NWOC District Prelims,24,3000 Meters,0,0,13,13:32.25a
297371,John Kerekanich,12,61811,2009-05-13,NWOC District Prelims,13,Discus,1,0,7,118-01
138075,Monica Bletcher,11,61811,2009-05-13,NWOC District Prelims,32,Javelin,1,0,7,93-05
836661,Teegan Koster,9,61811,2009-05-13,NWOC District Prelims,32,Javelin,1,0,8,90-10
297381,Griffin Ruehl,10,61811,2009-05-13,NWOC District Prelims,9,High Jump,1,0,1,5-11.00
297378,Nicholas Pai,11,61811,2009-05-13,NWOC District Prelims,17,Long Jump,1,0,7,18-10.50
23880,Kristin Oenning,12,61811,2009-05-13,NWOC District Prelims,35,Long Jump,1,0,4,15-00.00
90751,Kaitlyn Harbick,11,61811,2009-05-13,NWOC District Prelims,35,Long Jump,1,0,6,14-10.50
42499,Michaela Loewer,12,61812,2009-05-15,NWOC District Finals,19,100 Meters,0,0,7,13.35a
836703,Zachary Estep,10,61812,2009-05-15,NWOC District Finals,3,400 Meters,0,0,4,52.46a
836680,Victoria Kalina,9,61812,2009-05-15,NWOC District Finals,22,800 Meters,0,0,3,2:25.09a
836692,Kelsey Greene,10,61812,2009-05-15,NWOC District Finals,22,800 Meters,0,0,4,2:31.43a
531623,Kylie Thalhofer,9,61812,2009-05-15,NWOC District Finals,22,800 Meters,0,0,6,2:34.86a
42439,Eric Parker,12,61812,2009-05-15,NWOC District Finals,5,1500 Meters,0,0,12,4:30.14a
836682,Nathan Normo,9,61812,2009-05-15,NWOC District Finals,5,1500 Meters,0,0,13,4:32.79a
138074,Jordan Bigam,12,61812,2009-05-15,NWOC District Finals,5,1500 Meters,0,0,18,4:45.76a
531623,Kylie Thalhofer,9,61812,2009-05-15,NWOC District Finals,23,1500 Meters,0,0,2,5:09.03a
23612,Kelsey Thalhofer,12,61812,2009-05-15,NWOC District Finals,23,1500 Meters,0,0,12,5:37.37a
539953,Cara Smurdon,9,61812,2009-05-15,NWOC District Finals,23,1500 Meters,0,0,14,5:41.37a
37009,Dan Cushing,12,61812,2009-05-15,NWOC District Finals,6,3000 Meters,0,0,10,9:55.60a
836682,Nathan Normo,9,61812,2009-05-15,NWOC District Finals,6,3000 Meters,0,0,13,10:07.23a
836678,Perrin Hess,9,61812,2009-05-15,NWOC District Finals,6,3000 Meters,0,0,15,10:15.49a
23612,Kelsey Thalhofer,12,61812,2009-05-15,NWOC District Finals,24,3000 Meters,0,0,5,12:02.84a
138072,Ashley Armitage,11,61812,2009-05-15,NWOC District Finals,24,3000 Meters,0,0,11,12:45.32a
241452,Milena Radanovic,11,61812,2009-05-15,NWOC District Finals,24,3000 Meters,0,0,13,13:32.25a
138100,Kathryn Mariman,11,61812,2009-05-15,NWOC District Finals,28,100m Hurdles,0,0,4,16.99a
90754,Kaylynn Oaks,11,61812,2009-05-15,NWOC District Finals,28,100m Hurdles,0,0,6,18.37a
531616,Rianna Mariman,9,61812,2009-05-15,NWOC District Finals,28,100m Hurdles,0,0,8,18.72a
90736,Greg Crump,12,61812,2009-05-15,NWOC District Finals,10,110m Hurdles,0,0,3,15.94a
836735,Luis Amaya,12,61812,2009-05-15,NWOC District Finals,10,110m Hurdles,0,0,8,18.08a
297360,Hannah Chamberlain,10,61812,2009-05-15,NWOC District Finals,29,300m Hurdles,0,0,7,51.39a
90736,Greg Crump,12,61812,2009-05-15,NWOC District Finals,7,4x100 Relay,0,1,5,44.84a
836730,Gerbis Soler-Gonzalez,11,61812,2009-05-15,NWOC District Finals,7,4x100 Relay,0,1,5,44.84a
836662,Steven Long,9,61812,2009-05-15,NWOC District Finals,7,4x100 Relay,0,1,5,44.84a
297378,Nicholas Pai,11,61812,2009-05-15,NWOC District Finals,7,4x100 Relay,0,1,5,44.84a
859164,Bakhari Carter,12,61812,2009-05-15,NWOC District Finals,25,4x100 Relay,0,1,6,52.40a
42499,Michaela Loewer,12,61812,2009-05-15,NWOC District Finals,25,4x100 Relay,0,1,6,52.40a
90751,Kaitlyn Harbick,11,61812,2009-05-15,NWOC District Finals,25,4x100 Relay,0,1,6,52.40a
297344,Daniela Solis,10,61812,2009-05-15,NWOC District Finals,25,4x100 Relay,0,1,6,52.40a
836703,Zachary Estep,10,61812,2009-05-15,NWOC District Finals,8,4x400 Relay,0,1,7,3:35.88a
836730,Gerbis Soler-Gonzalez,11,61812,2009-05-15,NWOC District Finals,8,4x400 Relay,0,1,7,3:35.88a
836662,Steven Long,9,61812,2009-05-15,NWOC District Finals,8,4x400 Relay,0,1,7,3:35.88a
42354,Luke Widows,12,61812,2009-05-15,NWOC District Finals,8,4x400 Relay,0,1,7,3:35.88a
836680,Victoria Kalina,9,61812,2009-05-15,NWOC District Finals,26,4x400 Relay,0,1,3,4:19.60a
23880,Kristin Oenning,12,61812,2009-05-15,NWOC District Finals,26,4x400 Relay,0,1,3,4:19.60a
531623,Kylie Thalhofer,9,61812,2009-05-15,NWOC District Finals,26,4x400 Relay,0,1,3,4:19.60a
138110,Mesha Perkins,11,61812,2009-05-15,NWOC District Finals,26,4x400 Relay,0,1,3,4:19.60a
297371,John Kerekanich,12,61812,2009-05-15,NWOC District Finals,12,Shot Put,1,0,1,48-09.25
138124,Scott Southwell,11,61812,2009-05-15,NWOC District Finals,12,Shot Put,1,0,7,42-09.00
138097,Peter Lam,11,61812,2009-05-15,NWOC District Finals,12,Shot Put,1,0,9,42-02.75
297371,John Kerekanich,12,61812,2009-05-15,NWOC District Finals,13,Discus,1,0,7,118-01
146574,Kassee Flint,11,61812,2009-05-15,NWOC District Finals,31,Discus,1,0,6,98-03
331544,Michael Smith,10,61812,2009-05-15,NWOC District Finals,14,Javelin,1,0,6,157-07
297371,John Kerekanich,12,61812,2009-05-15,NWOC District Finals,14,Javelin,1,0,9,149-04
138075,Monica Bletcher,11,61812,2009-05-15,NWOC District Finals,32,Javelin,1,0,7,93-05
836661,Teegan Koster,9,61812,2009-05-15,NWOC District Finals,32,Javelin,1,0,8,90-10
297381,Griffin Ruehl,10,61812,2009-05-15,NWOC District Finals,9,High Jump,1,0,1,5-11.00
138108,Frances Pavao,11,61812,2009-05-15,NWOC District Finals,27,High Jump,1,0,1,5-05.00
23880,Kristin Oenning,12,61812,2009-05-15,NWOC District Finals,27,High Jump,1,0,2,5-05.00
297364,Tyler Dowdle,10,61812,2009-05-15,NWOC District Finals,16,Pole Vault,1,0,11,11-00.00
331544,Michael Smith,10,61812,2009-05-15,NWOC District Finals,16,Pole Vault,1,0,12,10-00.00
138074,Jordan Bigam,12,61812,2009-05-15,NWOC District Finals,16,Pole Vault,1,0,14,9-06.00
138100,Kathryn Mariman,11,61812,2009-05-15,NWOC District Finals,34,Pole Vault,1,0,1,10-00.00
90754,Kaylynn Oaks,11,61812,2009-05-15,NWOC District Finals,34,Pole Vault,1,0,4,9-00.00
836665,Mckayla Rath,9,61812,2009-05-15,NWOC District Finals,34,Pole Vault,1,0,10,7-00.00
297378,Nicholas Pai,11,61812,2009-05-15,NWOC District Finals,17,Long Jump,1,0,7,18-10.50
23880,Kristin Oenning,12,61812,2009-05-15,NWOC District Finals,35,Long Jump,1,0,4,15-00.00
90751,Kaitlyn Harbick,11,61812,2009-05-15,NWOC District Finals,35,Long Jump,1,0,6,14-10.50
297378,Nicholas Pai,11,61812,2009-05-15,NWOC District Finals,18,Triple Jump,1,0,4,42-06.00
297381,Griffin Ruehl,10,61812,2009-05-15,NWOC District Finals,18,Triple Jump,1,0,6,40-08.00
138108,Frances Pavao,11,61812,2009-05-15,NWOC District Finals,36,Triple Jump,1,0,2,32-07.00
531623,Kylie Thalhofer,9,61052,2009-05-23,OSAA 5A State Championships Day 2,23,1500 Meters,0,0,8,5:05.22a
297371,John Kerekanich,12,61052,2009-05-23,OSAA 5A State Championships Day 2,12,Shot Put,1,0,2,49-08.25
297381,Griffin Ruehl,10,61052,2009-05-23,OSAA 5A State Championships Day 2,9,High Jump,1,0,7,6-01.00
138108,Frances Pavao,11,61052,2009-05-23,OSAA 5A State Championships Day 2,27,High Jump,1,0,1,5-03.00
23880,Kristin Oenning,12,61052,2009-05-23,OSAA 5A State Championships Day 2,27,High Jump,1,0,2,5-02.00
138100,Kathryn Mariman,11,61052,2009-05-23,OSAA 5A State Championships Day 2,34,Pole Vault,1,0,5,10-09.00
138108,Frances Pavao,11,61052,2009-05-23,OSAA 5A State Championships Day 2,36,Triple Jump,1,0,11,32-06.75
836682,Nathan Normo,10,87454,2010-05-19,Northwest Oregon Conference District Championships Day 1,6,3000 Meters,0,0,11,9:38.67a
836678,Perrin Hess,10,87454,2010-05-19,Northwest Oregon Conference District Championships Day 1,6,3000 Meters,0,0,12,9:51.57a
836644,Peter Alley,10,87454,2010-05-19,Northwest Oregon Conference District Championships Day 1,6,3000 Meters,0,0,18,10:32.48a
1452003,Keikoanne Hollins,11,87454,2010-05-19,Northwest Oregon Conference District Championships Day 1,24,3000 Meters,0,0,3,11:21.84a
138110,Mesha Perkins,12,87454,2010-05-19,Northwest Oregon Conference District Championships Day 1,24,3000 Meters,0,0,5,11:31.73a
539953,Cara Smurdon,10,87454,2010-05-19,Northwest Oregon Conference District Championships Day 1,24,3000 Meters,0,0,9,11:58.34a
1923899,Megan Shields,11,87454,2010-05-19,Northwest Oregon Conference District Championships Day 1,30,Shot Put,1,0,4,33-03.50
146574,Kassee Flint,12,87454,2010-05-19,Northwest Oregon Conference District Championships Day 1,30,Shot Put,1,0,9,29-08.00
138124,Scott Southwell,12,87454,2010-05-19,Northwest Oregon Conference District Championships Day 1,13,Discus,1,0,8,123-05
1452005,Emily Hamilton,9,87454,2010-05-19,Northwest Oregon Conference District Championships Day 1,32,Javelin,1,0,3,113-01
1923899,Megan Shields,11,87454,2010-05-19,Northwest Oregon Conference District Championships Day 1,32,Javelin,1,0,9,89-07
297381,Griffin Ruehl,11,87454,2010-05-19,Northwest Oregon Conference District Championships Day 1,9,High Jump,1,0,5,5-08.00
1902007,Zachary Milligan,9,87454,2010-05-19,Northwest Oregon Conference District Championships Day 1,9,High Jump,1,0,12,5-03.00
1901985,Chris Fellers,12,87454,2010-05-19,Northwest Oregon Conference District Championships Day 1,9,High Jump,1,0,14,5-00.00
331544,Michael Smith,11,87454,2010-05-19,Northwest Oregon Conference District Championships Day 1,16,Pole Vault,1,0,5,12-00.00
297364,Tyler Dowdle,11,87454,2010-05-19,Northwest Oregon Conference District Championships Day 1,16,Pole Vault,1,0,10,10-00.00
297378,Nicholas Pai,12,87454,2010-05-19,Northwest Oregon Conference District Championships Day 1,17,Long Jump,1,0,8,19-07.50
138108,Frances Pavao,12,87454,2010-05-19,Northwest Oregon Conference District Championships Day 1,35,Long Jump,1,0,5,15-07.00
90751,Kaitlyn Harbick,12,87454,2010-05-19,Northwest Oregon Conference District Championships Day 1,35,Long Jump,1,0,8,15-02.50
1902008,Cristian Morris,9,87453,2010-05-21,Northwest Oregon Conference District Championships Day 2,1,100 Meters,0,0,3,11.47a
836662,Steven Long,10,87453,2010-05-21,Northwest Oregon Conference District Championships Day 2,1,100 Meters,0,0,8,11.71a
1902008,Cristian Morris,9,87453,2010-05-21,Northwest Oregon Conference District Championships Day 2,2,200 Meters,0,0,3,23.33a
836703,Zachary Estep,11,87453,2010-05-21,Northwest Oregon Conference District Championships Day 2,3,400 Meters,0,0,4,52.86a
1902014,Meghan Schoen,9,87453,2010-05-21,Northwest Oregon Conference District Championships Day 2,21,400 Meters,0,0,5,1:00.88a
1901996,Jessica Imbrie,9,87453,2010-05-21,Northwest Oregon Conference District Championships Day 2,22,800 Meters,0,0,1,2:18.76a
836680,Victoria Kalina,10,87453,2010-05-21,Northwest Oregon Conference District Championships Day 2,22,800 Meters,0,0,3,2:24.09a
836692,Kelsey Greene,11,87453,2010-05-21,Northwest Oregon Conference District Championships Day 2,22,800 Meters,0,0,4,2:29.17a
836682,Nathan Normo,10,87453,2010-05-21,Northwest Oregon Conference District Championships Day 2,5,1500 Meters,0,0,6,4:20.49a
533224,Jagger Heckman,11,87453,2010-05-21,Northwest Oregon Conference District Championships Day 2,5,1500 Meters,0,0,10,4:28.10a
836678,Perrin Hess,10,87453,2010-05-21,Northwest Oregon Conference District Championships Day 2,5,1500 Meters,0,0,17,4:38.78a
1901996,Jessica Imbrie,9,87453,2010-05-21,Northwest Oregon Conference District Championships Day 2,23,1500 Meters,0,0,1,4:50.56a
531623,Kylie Thalhofer,10,87453,2010-05-21,Northwest Oregon Conference District Championships Day 2,23,1500 Meters,0,0,2,4:51.60a
1452003,Keikoanne Hollins,11,87453,2010-05-21,Northwest Oregon Conference District Championships Day 2,23,1500 Meters,0,0,3,4:59.46a
836682,Nathan Normo,10,87453,2010-05-21,Northwest Oregon Conference District Championships Day 2,6,3000 Meters,0,0,11,9:38.67a
836678,Perrin Hess,10,87453,2010-05-21,Northwest Oregon Conference District Championships Day 2,6,3000 Meters,0,0,12,9:51.57a
836644,Peter Alley,10,87453,2010-05-21,Northwest Oregon Conference District Championships Day 2,6,3000 Meters,0,0,18,10:32.48a
1452003,Keikoanne Hollins,11,87453,2010-05-21,Northwest Oregon Conference District Championships Day 2,24,3000 Meters,0,0,3,11:21.84a
138110,Mesha Perkins,12,87453,2010-05-21,Northwest Oregon Conference District Championships Day 2,24,3000 Meters,0,0,5,11:31.73a
539953,Cara Smurdon,10,87453,2010-05-21,Northwest Oregon Conference District Championships Day 2,24,3000 Meters,0,0,9,11:58.34a
138100,Kathryn Mariman,12,87453,2010-05-21,Northwest Oregon Conference District Championships Day 2,28,100m Hurdles,0,0,4,16.94a
90754,Kaylynn Oaks,12,87453,2010-05-21,Northwest Oregon Conference District Championships Day 2,28,100m Hurdles,0,0,8,17.94a
138073,Zach Baker,12,87453,2010-05-21,Northwest Oregon Conference District Championships Day 2,10,110m Hurdles,0,0,4,15.72a
138073,Zach Baker,12,87453,2010-05-21,Northwest Oregon Conference District Championships Day 2,11,300m Hurdles,0,0,7,44.35a
297360,Hannah Chamberlain,11,87453,2010-05-21,Northwest Oregon Conference District Championships Day 2,29,300m Hurdles,0,0,6,50.12a
1901985,Chris Fellers,12,87453,2010-05-21,Northwest Oregon Conference District Championships Day 2,7,4x100 Relay,0,1,3,44.05a
1902008,Cristian Morris,9,87453,2010-05-21,Northwest Oregon Conference District Championships Day 2,7,4x100 Relay,0,1,3,44.05a
836730,Gerbis Soler-Gonzalez,12,87453,2010-05-21,Northwest Oregon Conference District Championships Day 2,7,4x100 Relay,0,1,3,44.05a
836662,Steven Long,10,87453,2010-05-21,Northwest Oregon Conference District Championships Day 2,7,4x100 Relay,0,1,3,44.05a
1451991,Michaela Bailey,10,87453,2010-05-21,Northwest Oregon Conference District Championships Day 2,25,4x100 Relay,0,1,5,52.07a
1451994,Kendall Birch,10,87453,2010-05-21,Northwest Oregon Conference District Championships Day 2,25,4x100 Relay,0,1,5,52.07a
1902014,Meghan Schoen,9,87453,2010-05-21,Northwest Oregon Conference District Championships Day 2,25,4x100 Relay,0,1,5,52.07a
1901990,Annie Govig,9,87453,2010-05-21,Northwest Oregon Conference District Championships Day 2,25,4x100 Relay,0,1,5,52.07a
836703,Zachary Estep,11,87453,2010-05-21,Northwest Oregon Conference District Championships Day 2,8,4x400 Relay,0,1,3,3:31.49a
1902018,Austin Spencer,10,87453,2010-05-21,Northwest Oregon Conference District Championships Day 2,8,4x400 Relay,0,1,3,3:31.49a
331544,Michael Smith,11,87453,2010-05-21,Northwest Oregon Conference District Championships Day 2,8,4x400 Relay,0,1,3,3:31.49a
836662,Steven Long,10,87453,2010-05-21,Northwest Oregon Conference District Championships Day 2,8,4x400 Relay,0,1,3,3:31.49a
1451991,Michaela Bailey,10,87453,2010-05-21,Northwest Oregon Conference District Championships Day 2,26,4x400 Relay,0,1,2,4:06.44a
1451994,Kendall Birch,10,87453,2010-05-21,Northwest Oregon Conference District Championships Day 2,26,4x400 Relay,0,1,2,4:06.44a
836680,Victoria Kalina,10,87453,2010-05-21,Northwest Oregon Conference District Championships Day 2,26,4x400 Relay,0,1,2,4:06.44a
1901996,Jessica Imbrie,9,87453,2010-05-21,Northwest Oregon Conference District Championships Day 2,26,4x400 Relay,0,1,2,4:06.44a
138124,Scott Southwell,12,87453,2010-05-21,Northwest Oregon Conference District Championships Day 2,12,Shot Put,1,0,2,49-02.00
138097,Peter Lam,12,87453,2010-05-21,Northwest Oregon Conference District Championships Day 2,12,Shot Put,1,0,6,45-01.00
1923899,Megan Shields,11,87453,2010-05-21,Northwest Oregon Conference District Championships Day 2,30,Shot Put,1,0,4,33-03.50
146574,Kassee Flint,12,87453,2010-05-21,Northwest Oregon Conference District Championships Day 2,30,Shot Put,1,0,9,29-08.00
138124,Scott Southwell,12,87453,2010-05-21,Northwest Oregon Conference District Championships Day 2,13,Discus,1,0,8,123-05
1452005,Emily Hamilton,9,87453,2010-05-21,Northwest Oregon Conference District Championships Day 2,31,Discus,1,0,2,107-04
146574,Kassee Flint,12,87453,2010-05-21,Northwest Oregon Conference District Championships Day 2,31,Discus,1,0,8,95-05
331544,Michael Smith,11,87453,2010-05-21,Northwest Oregon Conference District Championships Day 2,14,Javelin,1,0,6,155-02
1452005,Emily Hamilton,9,87453,2010-05-21,Northwest Oregon Conference District Championships Day 2,32,Javelin,1,0,3,113-01
1923899,Megan Shields,11,87453,2010-05-21,Northwest Oregon Conference District Championships Day 2,32,Javelin,1,0,9,89-07
297381,Griffin Ruehl,11,87453,2010-05-21,Northwest Oregon Conference District Championships Day 2,9,High Jump,1,0,5,5-08.00
1902007,Zachary Milligan,9,87453,2010-05-21,Northwest Oregon Conference District Championships Day 2,9,High Jump,1,0,12,5-03.00
1901985,Chris Fellers,12,87453,2010-05-21,Northwest Oregon Conference District Championships Day 2,9,High Jump,1,0,14,5-00.00
138108,Frances Pavao,12,87453,2010-05-21,Northwest Oregon Conference District Championships Day 2,27,High Jump,1,0,1,5-03.00
1901991,McKenzie Griffin,11,87453,2010-05-21,Northwest Oregon Conference District Championships Day 2,27,High Jump,1,0,6,4-08.00
1901997,Jaylee Jordan,11,87453,2010-05-21,Northwest Oregon Conference District Championships Day 2,27,High Jump,1,0,7,4-08.00
331544,Michael Smith,11,87453,2010-05-21,Northwest Oregon Conference District Championships Day 2,16,Pole Vault,1,0,5,12-00.00
297364,Tyler Dowdle,11,87453,2010-05-21,Northwest Oregon Conference District Championships Day 2,16,Pole Vault,1,0,10,10-00.00
138100,Kathryn Mariman,12,87453,2010-05-21,Northwest Oregon Conference District Championships Day 2,34,Pole Vault,1,0,1,11-02.00
90754,Kaylynn Oaks,12,87453,2010-05-21,Northwest Oregon Conference District Championships Day 2,34,Pole Vault,1,0,3,9-00.00
297378,Nicholas Pai,12,87453,2010-05-21,Northwest Oregon Conference District Championships Day 2,17,Long Jump,1,0,8,19-07.50
138108,Frances Pavao,12,87453,2010-05-21,Northwest Oregon Conference District Championships Day 2,35,Long Jump,1,0,6,15-07.00
90751,Kaitlyn Harbick,12,87453,2010-05-21,Northwest Oregon Conference District Championships Day 2,35,Long Jump,1,0,8,15-02.50
297378,Nicholas Pai,12,87453,2010-05-21,Northwest Oregon Conference District Championships Day 2,18,Triple Jump,1,0,3,43-05.50
138108,Frances Pavao,12,87453,2010-05-21,Northwest Oregon Conference District Championships Day 2,36,Triple Jump,1,0,2,33-00.00
1901996,Jessica Imbrie,9,85704,2010-05-29,OSAA 5A State Championships Day 2,22,800 Meters,0,0,5,2:19.47a
1901996,Jessica Imbrie,9,85704,2010-05-29,OSAA 5A State Championships Day 2,23,1500 Meters,0,0,1,4:45.65a
531623,Kylie Thalhofer,10,85704,2010-05-29,OSAA 5A State Championships Day 2,23,1500 Meters,0,0,8,4:57.88a
1901991,McKenzie Griffin,11,85704,2010-05-29,OSAA 5A State Championships Day 2,26,4x400 Relay,0,1,5,4:02.46a
836680,Victoria Kalina,10,85704,2010-05-29,OSAA 5A State Championships Day 2,26,4x400 Relay,0,1,5,4:02.46a
1902014,Meghan Schoen,9,85704,2010-05-29,OSAA 5A State Championships Day 2,26,4x400 Relay,0,1,5,4:02.46a
1901996,Jessica Imbrie,9,85704,2010-05-29,OSAA 5A State Championships Day 2,26,4x400 Relay,0,1,5,4:02.46a
138124,Scott Southwell,12,85704,2010-05-29,OSAA 5A State Championships Day 2,12,Shot Put,1,0,6,49-10.25
1452005,Emily Hamilton,9,85704,2010-05-29,OSAA 5A State Championships Day 2,31,Discus,1,0,7,102-01
138108,Frances Pavao,12,85704,2010-05-29,OSAA 5A State Championships Day 2,27,High Jump,1,0,1,5-05.00
138100,Kathryn Mariman,12,85704,2010-05-29,OSAA 5A State Championships Day 2,34,Pole Vault,1,0,1,11-09.00
297378,Nicholas Pai,12,85704,2010-05-29,OSAA 5A State Championships Day 2,18,Triple Jump,1,0,9,41-07.75
138108,Frances Pavao,12,85704,2010-05-29,OSAA 5A State Championships Day 2,36,Triple Jump,1,0,11,32-10.00
1902013,Blake Schaefer,10,118361,2011-05-06,NWOC Novice Districts,1,100 Meters,0,0,2,12.46a
2959177,Mason Penrod,11,118361,2011-05-06,NWOC Novice Districts,1,100 Meters,0,0,17,12.90a
2959274,Hector Solis,9,118361,2011-05-06,NWOC Novice Districts,1,100 Meters,0,0,20,13.00a
2959165,Joseph Kolb,9,118361,2011-05-06,NWOC Novice Districts,1,100 Meters,0,0,24,13.11a
2959153,Ethan Holoch,9,118361,2011-05-06,NWOC Novice Districts,1,100 Meters,0,0,30,13.32a
2959108,Alex Edgell,9,118361,2011-05-06,NWOC Novice Districts,1,100 Meters,0,0,31,13.34a
3023004,Kade MacGillivray,9,118361,2011-05-06,NWOC Novice Districts,1,100 Meters,0,0,33,13.48a
2959094,Ryan Blickfeldt,9,118361,2011-05-06,NWOC Novice Districts,1,100 Meters,0,0,36,13.58a
2543176,Spencer Grubbe,9,118361,2011-05-06,NWOC Novice Districts,1,100 Meters,0,0,37,13.60a
836705,Matt Holland,12,118361,2011-05-06,NWOC Novice Districts,1,100 Meters,0,0,44,14.15a
1901998,Daniel Kim,10,118361,2011-05-06,NWOC Novice Districts,1,100 Meters,0,0,45,14.53a
2959180,Victor Polanco,9,118361,2011-05-06,NWOC Novice Districts,1,100 Meters,0,0,47,14.60a
2959279,Kevin Spies,9,118361,2011-05-06,NWOC Novice Districts,1,100 Meters,0,0,49,14.73a
2959517,Marina Parker,9,118361,2011-05-06,NWOC Novice Districts,19,100 Meters,0,0,1,13.86a
2597619,Alina Lapp,9,118361,2011-05-06,NWOC Novice Districts,19,100 Meters,0,0,5,14.61a
1901981,Kayla Cosio,10,118361,2011-05-06,NWOC Novice Districts,19,100 Meters,0,0,9,14.94a
2959523,Madeline Rogers,9,118361,2011-05-06,NWOC Novice Districts,19,100 Meters,0,0,11,15.07a
1902001,Josie Kringelhede,10,118361,2011-05-06,NWOC Novice Districts,19,100 Meters,0,0,15,15.34a
3239537,Hannah Valansano,9,118361,2011-05-06,NWOC Novice Districts,19,100 Meters,0,0,18,15.42a
2959323,Chelsey Branner,9,118361,2011-05-06,NWOC Novice Districts,19,100 Meters,0,0,22,15.50a
2959360,Jenna Gonzalez,9,118361,2011-05-06,NWOC Novice Districts,19,100 Meters,0,0,25,15.68a
2959327,Tammy Chau,9,118361,2011-05-06,NWOC Novice Districts,19,100 Meters,0,0,26,15.84a
3095241,Alex Hubbard,9,118361,2011-05-06,NWOC Novice Districts,19,100 Meters,0,0,30,16.28a
2979993,Cole Nixon,9,118361,2011-05-06,NWOC Novice Districts,2,200 Meters,0,0,1,25.39a
1901978,d'Artagnan Childers,10,118361,2011-05-06,NWOC Novice Districts,2,200 Meters,0,0,2,25.54a
2959285,Tyler Thayer,9,118361,2011-05-06,NWOC Novice Districts,2,200 Meters,0,0,3,25.81a
2959177,Mason Penrod,11,118361,2011-05-06,NWOC Novice Districts,2,200 Meters,0,0,9,26.31a
2959165,Joseph Kolb,9,118361,2011-05-06,NWOC Novice Districts,2,200 Meters,0,0,13,26.58a
2959153,Ethan Holoch,9,118361,2011-05-06,NWOC Novice Districts,2,200 Meters,0,0,16,26.71a
3023004,Kade MacGillivray,9,118361,2011-05-06,NWOC Novice Districts,2,200 Meters,0,0,21,27.54a
2959120,Brennan Giles,9,118361,2011-05-06,NWOC Novice Districts,2,200 Meters,0,0,25,28.29a
836705,Matt Holland,12,118361,2011-05-06,NWOC Novice Districts,2,200 Meters,0,0,28,29.08a
2959094,Ryan Blickfeldt,9,118361,2011-05-06,NWOC Novice Districts,2,200 Meters,0,0,29,29.29a
2959279,Kevin Spies,9,118361,2011-05-06,NWOC Novice Districts,2,200 Meters,0,0,30,30.88a
2959517,Marina Parker,9,118361,2011-05-06,NWOC Novice Districts,20,200 Meters,0,0,1,29.51a
2597619,Alina Lapp,9,118361,2011-05-06,NWOC Novice Districts,20,200 Meters,0,0,5,30.59a
2543195,Sydney Hughes,9,118361,2011-05-06,NWOC Novice Districts,20,200 Meters,0,0,8,30.83a
297320,Kayla Caddell,12,118361,2011-05-06,NWOC Novice Districts,20,200 Meters,0,0,10,31.22a
1902001,Josie Kringelhede,10,118361,2011-05-06,NWOC Novice Districts,20,200 Meters,0,0,12,31.63a
2959323,Chelsey Branner,9,118361,2011-05-06,NWOC Novice Districts,20,200 Meters,0,0,15,32.24a
2959327,Tammy Chau,9,118361,2011-05-06,NWOC Novice Districts,20,200 Meters,0,0,23,33.61a
2979993,Cole Nixon,9,118361,2011-05-06,NWOC Novice Districts,3,400 Meters,0,0,1,56.43a
2959285,Tyler Thayer,9,118361,2011-05-06,NWOC Novice Districts,3,400 Meters,0,0,2,56.62a
2959094,Ryan Blickfeldt,9,118361,2011-05-06,NWOC Novice Districts,3,400 Meters,0,0,5,1:02.34a
2959511,Kai Morgan,9,118361,2011-05-06,NWOC Novice Districts,21,400 Meters,0,0,1,1:05.94a
2543195,Sydney Hughes,9,118361,2011-05-06,NWOC Novice Districts,21,400 Meters,0,0,2,1:10.29a
2959390,Michelle Jensen,12,118361,2011-05-06,NWOC Novice Districts,21,400 Meters,0,0,5,1:12.13a
836665,Mckayla Rath,11,118361,2011-05-06,NWOC Novice Districts,21,400 Meters,0,0,6,1:14.39a
2959098,Carter Braun,9,118361,2011-05-06,NWOC Novice Districts,4,800 Meters,0,0,15,2:29.46a
2543139,Michael Segoviano,10,118361,2011-05-06,NWOC Novice Districts,4,800 Meters,0,0,15,2:29.46a
1967901,Christopher Johnson,11,118361,2011-05-06,NWOC Novice Districts,4,800 Meters,0,0,18,2:30.14a
1901977,Nicholas Cameron,10,118361,2011-05-06,NWOC Novice Districts,4,800 Meters,0,0,24,2:38.27a
2959086,Collin Auerbach,9,118361,2011-05-06,NWOC Novice Districts,5,1500 Meters,0,0,19,5:07.37a
2543139,Michael Segoviano,10,118361,2011-05-06,NWOC Novice Districts,5,1500 Meters,0,0,20,5:07.52a
2959292,Christian Tilloston,11,118361,2011-05-06,NWOC Novice Districts,5,1500 Meters,0,0,25,5:09.86a
2543174,Alec Trepte,9,118361,2011-05-06,NWOC Novice Districts,5,1500 Meters,0,0,26,5:10.20a
2560323,Tyler Keiser,9,118361,2011-05-06,NWOC Novice Districts,5,1500 Meters,0,0,28,5:12.87a
3014123,Wilson Hanson,11,118361,2011-05-06,NWOC Novice Districts,5,1500 Meters,0,0,33,5:28.53a
1902006,Kevin McVicker,11,118361,2011-05-06,NWOC Novice Districts,5,1500 Meters,0,0,37,5:35.83a
2959354,Leah Fechter,11,118361,2011-05-06,NWOC Novice Districts,23,1500 Meters,0,0,7,6:16.93a
297323,Chelsa Elliot,12,118361,2011-05-06,NWOC Novice Districts,23,1500 Meters,0,0,14,6:51.81a
1902002,Max Lierow,11,118361,2011-05-06,NWOC Novice Districts,6,3000 Meters,0,0,14,11:33.16a
2543174,Alec Trepte,9,118361,2011-05-06,NWOC Novice Districts,6,3000 Meters,0,0,15,11:38.08a
1902006,Kevin McVicker,11,118361,2011-05-06,NWOC Novice Districts,6,3000 Meters,0,0,18,12:45.25a
1419539,Miriam Marsh,10,118361,2011-05-06,NWOC Novice Districts,24,3000 Meters,0,0,4,14:34.19a
531603,Emma Christler,11,118361,2011-05-06,NWOC Novice Districts,24,3000 Meters,0,0,6,14:34.94a
2959317,Elizabeth Alvarez,9,118361,2011-05-06,NWOC Novice Districts,28,100m Hurdles,0,0,2,20.68a
836699,Meagan Burrus,12,118361,2011-05-06,NWOC Novice Districts,28,100m Hurdles,0,0,4,22.38a
2959168,Connor Kuehl,9,118361,2011-05-06,NWOC Novice Districts,10,110m Hurdles,0,0,2,20.48a
1901981,Kayla Cosio,10,118361,2011-05-06,NWOC Novice Districts,29,300m Hurdles,0,0,1,56.29a
2959549,Martina Woodard,10,118361,2011-05-06,NWOC Novice Districts,29,300m Hurdles,0,0,3,1:00.18a
6007,Relay Team,,118361,2011-05-06,NWOC Novice Districts,7,4x100 Relay,0,0,1,48.00a
6007,Relay Team,,118361,2011-05-06,NWOC Novice Districts,7,4x100 Relay,0,0,9,51.03a
6017,Relay Team,,118361,2011-05-06,NWOC Novice Districts,25,4x100 Relay,0,0,1,54.86a
1901981,Kayla Cosio,10,118361,2011-05-06,NWOC Novice Districts,25,4x100 Relay,0,1,2,55.94a
297320,Kayla Caddell,12,118361,2011-05-06,NWOC Novice Districts,25,4x100 Relay,0,1,2,55.94a
2959323,Chelsey Branner,9,118361,2011-05-06,NWOC Novice Districts,25,4x100 Relay,0,1,2,55.94a
2959327,Tammy Chau,9,118361,2011-05-06,NWOC Novice Districts,25,4x100 Relay,0,1,2,55.94a
2979993,Cole Nixon,9,118361,2011-05-06,NWOC Novice Districts,8,4x400 Relay,0,1,1,3:57.10a
2959285,Tyler Thayer,9,118361,2011-05-06,NWOC Novice Districts,8,4x400 Relay,0,1,1,3:57.10a
2959177,Mason Penrod,11,118361,2011-05-06,NWOC Novice Districts,8,4x400 Relay,0,1,1,3:57.10a
2543142,Gabriel Grosso,9,118361,2011-05-06,NWOC Novice Districts,8,4x400 Relay,0,1,1,3:57.10a
6017,Relay Team,,118361,2011-05-06,NWOC Novice Districts,26,4x400 Relay,0,0,1,4:52.61a
1901988,Caleb Galindo,11,118361,2011-05-06,NWOC Novice Districts,12,Shot Put,1,0,3,37-00.00
836646,Jake Fewx,11,118361,2011-05-06,NWOC Novice Districts,12,Shot Put,1,0,9,33-05.50
2543141,Tanner Scheibner,9,118361,2011-05-06,NWOC Novice Districts,12,Shot Put,1,0,37,21-09.00
836646,Jake Fewx,11,118361,2011-05-06,NWOC Novice Districts,13,Discus,1,0,4,96-08
2543141,Tanner Scheibner,9,118361,2011-05-06,NWOC Novice Districts,13,Discus,1,0,35,41-10
2959343,Taylor Disch,10,118361,2011-05-06,NWOC Novice Districts,31,Discus,1,0,7,63-00
2959124,Austin Goldstein,9,118361,2011-05-06,NWOC Novice Districts,14,Javelin,1,0,5,111-06
2959274,Hector Solis,9,118361,2011-05-06,NWOC Novice Districts,14,Javelin,1,0,16,88-10
2959168,Connor Kuehl,9,118361,2011-05-06,NWOC Novice Districts,14,Javelin,1,0,18,88-09
2959278,Parker Southwick,9,118361,2011-05-06,NWOC Novice Districts,14,Javelin,1,0,31,70-07
2959100,Iain Cassidy,9,118361,2011-05-06,NWOC Novice Districts,14,Javelin,1,0,36,54-07
2959115,Preston Fulton,9,118361,2011-05-06,NWOC Novice Districts,14,Javelin,1,0,39,41-08
1901981,Kayla Cosio,10,118361,2011-05-06,NWOC Novice Districts,32,Javelin,1,0,2,81-08
2959390,Michelle Jensen,12,118361,2011-05-06,NWOC Novice Districts,32,Javelin,1,0,4,77-06
2959343,Taylor Disch,10,118361,2011-05-06,NWOC Novice Districts,32,Javelin,1,0,5,69-09
2959383,Caroline Jasmer,9,118361,2011-05-06,NWOC Novice Districts,32,Javelin,1,0,13,53-03
2959509,Shalee McFarland,9,118361,2011-05-06,NWOC Novice Districts,32,Javelin,1,0,17,45-08
2959160,Alex Jones,10,118361,2011-05-06,NWOC Novice Districts,9,High Jump,1,0,2,5-02.00
2959462,Sydney McCarthy,10,118361,2011-05-06,NWOC Novice Districts,27,High Jump,1,0,3,4-04.00
3239537,Hannah Valansano,9,118361,2011-05-06,NWOC Novice Districts,27,High Jump,1,0,4,4-02.00
3095241,Alex Hubbard,9,118361,2011-05-06,NWOC Novice Districts,27,High Jump,1,0,5,4-02.00
2959549,Martina Woodard,10,118361,2011-05-06,NWOC Novice Districts,27,High Jump,1,0,5,4-02.00
2543176,Spencer Grubbe,9,118361,2011-05-06,NWOC Novice Districts,16,Pole Vault,1,0,5,8-00.00
531587,Tyler Denton,11,118361,2011-05-06,NWOC Novice Districts,17,Long Jump,1,0,2,17-02.25
1902013,Blake Schaefer,10,118361,2011-05-06,NWOC Novice Districts,17,Long Jump,1,0,4,16-02.75
2959281,Bailey States,9,118361,2011-05-06,NWOC Novice Districts,17,Long Jump,1,0,5,16-00.00
2543142,Gabriel Grosso,9,118361,2011-05-06,NWOC Novice Districts,17,Long Jump,1,0,6,15-07.75
2959160,Alex Jones,10,118361,2011-05-06,NWOC Novice Districts,17,Long Jump,1,0,8,15-07.25
2959124,Austin Goldstein,9,118361,2011-05-06,NWOC Novice Districts,17,Long Jump,1,0,9,15-05.00
2959108,Alex Edgell,9,118361,2011-05-06,NWOC Novice Districts,17,Long Jump,1,0,11,14-05.75
2959120,Brennan Giles,9,118361,2011-05-06,NWOC Novice Districts,17,Long Jump,1,0,11,14-05.75
2959523,Madeline Rogers,9,118361,2011-05-06,NWOC Novice Districts,35,Long Jump,1,0,6,12-00.00
3095241,Alex Hubbard,9,118361,2011-05-06,NWOC Novice Districts,35,Long Jump,1,0,7,11-11.00
2959323,Chelsey Branner,9,118361,2011-05-06,NWOC Novice Districts,35,Long Jump,1,0,9,11-02.50
836699,Meagan Burrus,12,118361,2011-05-06,NWOC Novice Districts,35,Long Jump,1,0,10,11-00.00
3239537,Hannah Valansano,9,118361,2011-05-06,NWOC Novice Districts,35,Long Jump,1,0,13,10-04.00
2959360,Jenna Gonzalez,9,118361,2011-05-06,NWOC Novice Districts,35,Long Jump,1,0,14,9-11.25
2959327,Tammy Chau,9,118361,2011-05-06,NWOC Novice Districts,35,Long Jump,1,0,15,9-05.00
1901969,Nathan Anderson,10,118361,2011-05-06,NWOC Novice Districts,18,Triple Jump,1,0,1,36-08.75
531587,Tyler Denton,11,118361,2011-05-06,NWOC Novice Districts,18,Triple Jump,1,0,6,34-06.00
2959108,Alex Edgell,9,118361,2011-05-06,NWOC Novice Districts,18,Triple Jump,1,0,7,33-10.50
2959281,Bailey States,9,118361,2011-05-06,NWOC Novice Districts,18,Triple Jump,1,0,8,33-10.25
2959100,Iain Cassidy,9,118361,2011-05-06,NWOC Novice Districts,18,Triple Jump,1,0,10,31-01.50
2959462,Sydney McCarthy,10,118361,2011-05-06,NWOC Novice Districts,36,Triple Jump,1,0,1,29-02.00
2959549,Martina Woodard,10,118361,2011-05-06,NWOC Novice Districts,36,Triple Jump,1,0,2,27-06.00
836699,Meagan Burrus,12,118361,2011-05-06,NWOC Novice Districts,36,Triple Jump,1,0,4,25-01.25
836678,Perrin Hess,11,118362,2011-05-11,"NWOC District Meet, Day 1",6,3000 Meters,0,0,10,10:05.05a
836644,Peter Alley,11,118362,2011-05-11,"NWOC District Meet, Day 1",6,3000 Meters,0,0,12,10:08.92a
1902012,Chris Roth,10,118362,2011-05-11,"NWOC District Meet, Day 1",6,3000 Meters,0,0,17,10:27.47a
1452003,Keikoanne Hollins,12,118362,2011-05-11,"NWOC District Meet, Day 1",24,3000 Meters,0,0,6,11:43.42a
539953,Cara Smurdon,11,118362,2011-05-11,"NWOC District Meet, Day 1",24,3000 Meters,0,0,8,12:01.84a
2543188,Zia Matti,9,118362,2011-05-11,"NWOC District Meet, Day 1",24,3000 Meters,0,0,11,12:26.63a
1923899,Megan Shields,12,118362,2011-05-11,"NWOC District Meet, Day 1",30,Shot Put,1,0,6,32-00.50
2959129,Joshua Goldstein,12,118362,2011-05-11,"NWOC District Meet, Day 1",13,Discus,1,0,3,126-02
836640,John Powers,11,118362,2011-05-11,"NWOC District Meet, Day 1",13,Discus,1,0,6,110-08
1452005,Emily Hamilton,10,118362,2011-05-11,"NWOC District Meet, Day 1",32,Javelin,1,0,3,113-06
2959337,Elyse Cuthbertson,9,118362,2011-05-11,"NWOC District Meet, Day 1",32,Javelin,1,0,5,105-03
297381,Griffin Ruehl,12,118362,2011-05-11,"NWOC District Meet, Day 1",9,High Jump,1,0,1,6-02.00
3017825,Steven Pavao,10,118362,2011-05-11,"NWOC District Meet, Day 1",9,High Jump,1,0,4,5-08.00
1902007,Zachary Milligan,10,118362,2011-05-11,"NWOC District Meet, Day 1",9,High Jump,1,0,5,5-08.00
836696,Dallas Estep,12,118362,2011-05-11,"NWOC District Meet, Day 1",17,Long Jump,1,0,3,19-07.00
1901991,McKenzie Griffin,12,118362,2011-05-11,"NWOC District Meet, Day 1",35,Long Jump,1,0,1,16-11.50
2959372,Emily Harris,9,118362,2011-05-11,"NWOC District Meet, Day 1",35,Long Jump,1,0,9,14-03.00
1902008,Cristian Morris,10,118363,2011-05-13,"NWOC District Meet, Day 2",1,100 Meters,0,0,2,11.20a
3023005,Corrie Green-Lahart,9,118363,2011-05-13,"NWOC District Meet, Day 2",19,100 Meters,0,0,6,13.57a
2959531,Leanne Snyder,11,118363,2011-05-13,"NWOC District Meet, Day 2",19,100 Meters,0,0,7,13.59a
1902008,Cristian Morris,10,118363,2011-05-13,"NWOC District Meet, Day 2",2,200 Meters,0,0,1,22.60a
3023005,Corrie Green-Lahart,9,118363,2011-05-13,"NWOC District Meet, Day 2",20,200 Meters,0,0,5,27.74a
2959531,Leanne Snyder,11,118363,2011-05-13,"NWOC District Meet, Day 2",20,200 Meters,0,0,7,28.09a
297340,Jenna Sandberg,12,118363,2011-05-13,"NWOC District Meet, Day 2",21,400 Meters,0,0,7,1:06.07a
37036,Cody Thompson,10,118363,2011-05-13,"NWOC District Meet, Day 2",4,800 Meters,0,0,5,2:04.19a
1901996,Jessica Imbrie,10,118363,2011-05-13,"NWOC District Meet, Day 2",22,800 Meters,0,0,1,2:18.60a
836680,Victoria Kalina,11,118363,2011-05-13,"NWOC District Meet, Day 2",22,800 Meters,0,0,3,2:27.11a
531623,Kylie Thalhofer,11,118363,2011-05-13,"NWOC District Meet, Day 2",22,800 Meters,0,0,5,2:31.00a
533224,Jagger Heckman,12,118363,2011-05-13,"NWOC District Meet, Day 2",5,1500 Meters,0,0,6,4:20.35a
836678,Perrin Hess,11,118363,2011-05-13,"NWOC District Meet, Day 2",5,1500 Meters,0,0,8,4:26.46a
836644,Peter Alley,11,118363,2011-05-13,"NWOC District Meet, Day 2",5,1500 Meters,0,0,12,4:27.96a
531623,Kylie Thalhofer,11,118363,2011-05-13,"NWOC District Meet, Day 2",23,1500 Meters,0,0,5,5:04.66a
1452003,Keikoanne Hollins,12,118363,2011-05-13,"NWOC District Meet, Day 2",23,1500 Meters,0,0,6,5:08.28a
2543193,Devon Greene,10,118363,2011-05-13,"NWOC District Meet, Day 2",23,1500 Meters,0,0,11,5:12.16a
836678,Perrin Hess,11,118363,2011-05-13,"NWOC District Meet, Day 2",6,3000 Meters,0,0,10,10:05.05a
836644,Peter Alley,11,118363,2011-05-13,"NWOC District Meet, Day 2",6,3000 Meters,0,0,12,10:08.92a
1902012,Chris Roth,10,118363,2011-05-13,"NWOC District Meet, Day 2",6,3000 Meters,0,0,17,10:27.47a
1452003,Keikoanne Hollins,12,118363,2011-05-13,"NWOC District Meet, Day 2",24,3000 Meters,0,0,6,11:43.42a
539953,Cara Smurdon,11,118363,2011-05-13,"NWOC District Meet, Day 2",24,3000 Meters,0,0,8,12:01.84a
2543188,Zia Matti,9,118363,2011-05-13,"NWOC District Meet, Day 2",24,3000 Meters,0,0,11,12:26.63a
297360,Hannah Chamberlain,12,118363,2011-05-13,"NWOC District Meet, Day 2",28,100m Hurdles,0,0,6,17.81a
2959269,Eric Skurdahl,12,118363,2011-05-13,"NWOC District Meet, Day 2",10,110m Hurdles,0,0,5,16.93a
836703,Zachary Estep,12,118363,2011-05-13,"NWOC District Meet, Day 2",10,110m Hurdles,0,0,6,17.13a
2959269,Eric Skurdahl,12,118363,2011-05-13,"NWOC District Meet, Day 2",11,300m Hurdles,0,0,5,43.10a
1902005,Kiana McCurry-Earl,10,118363,2011-05-13,"NWOC District Meet, Day 2",29,300m Hurdles,0,0,5,51.31a
297360,Hannah Chamberlain,12,118363,2011-05-13,"NWOC District Meet, Day 2",29,300m Hurdles,0,0,8,51.75a
836672,Christian Verkest,11,118363,2011-05-13,"NWOC District Meet, Day 2",7,4x100 Relay,0,1,7,45.15a
1902019,Jack Tillotson,11,118363,2011-05-13,"NWOC District Meet, Day 2",7,4x100 Relay,0,1,7,45.15a
2959269,Eric Skurdahl,12,118363,2011-05-13,"NWOC District Meet, Day 2",7,4x100 Relay,0,1,7,45.15a
6236839,Noah Battle,10,118363,2011-05-13,"NWOC District Meet, Day 2",7,4x100 Relay,0,1,7,45.15a
1901996,Jessica Imbrie,10,118363,2011-05-13,"NWOC District Meet, Day 2",25,4x100 Relay,0,1,6,53.47a
2959333,Angelica Cisneros,9,118363,2011-05-13,"NWOC District Meet, Day 2",25,4x100 Relay,0,1,6,53.47a
3023005,Corrie Green-Lahart,9,118363,2011-05-13,"NWOC District Meet, Day 2",25,4x100 Relay,0,1,6,53.47a
2959372,Emily Harris,9,118363,2011-05-13,"NWOC District Meet, Day 2",25,4x100 Relay,0,1,6,53.47a
836672,Christian Verkest,11,118363,2011-05-13,"NWOC District Meet, Day 2",8,4x400 Relay,0,1,5,3:29.58a
836703,Zachary Estep,12,118363,2011-05-13,"NWOC District Meet, Day 2",8,4x400 Relay,0,1,5,3:29.58a
1902008,Cristian Morris,10,118363,2011-05-13,"NWOC District Meet, Day 2",8,4x400 Relay,0,1,5,3:29.58a
6236839,Noah Battle,10,118363,2011-05-13,"NWOC District Meet, Day 2",8,4x400 Relay,0,1,5,3:29.58a
836680,Victoria Kalina,11,118363,2011-05-13,"NWOC District Meet, Day 2",26,4x400 Relay,0,1,3,4:06.46a
2959531,Leanne Snyder,11,118363,2011-05-13,"NWOC District Meet, Day 2",26,4x400 Relay,0,1,3,4:06.46a
2543193,Devon Greene,10,118363,2011-05-13,"NWOC District Meet, Day 2",26,4x400 Relay,0,1,3,4:06.46a
1901996,Jessica Imbrie,10,118363,2011-05-13,"NWOC District Meet, Day 2",26,4x400 Relay,0,1,3,4:06.46a
1923899,Megan Shields,12,118363,2011-05-13,"NWOC District Meet, Day 2",30,Shot Put,1,0,6,32-00.50
2959129,Joshua Goldstein,12,118363,2011-05-13,"NWOC District Meet, Day 2",13,Discus,1,0,3,126-02
836640,John Powers,11,118363,2011-05-13,"NWOC District Meet, Day 2",13,Discus,1,0,6,110-08
1452005,Emily Hamilton,10,118363,2011-05-13,"NWOC District Meet, Day 2",31,Discus,1,0,4,109-01
2959348,Charity Doyel,9,118363,2011-05-13,"NWOC District Meet, Day 2",31,Discus,1,0,9,89-04
331544,Michael Smith,12,118363,2011-05-13,"NWOC District Meet, Day 2",14,Javelin,1,0,4,154-09
1913896,Markus Landers,10,118363,2011-05-13,"NWOC District Meet, Day 2",14,Javelin,1,0,5,141-01
1452005,Emily Hamilton,10,118363,2011-05-13,"NWOC District Meet, Day 2",32,Javelin,1,0,3,113-06
2959337,Elyse Cuthbertson,9,118363,2011-05-13,"NWOC District Meet, Day 2",32,Javelin,1,0,5,105-03
297381,Griffin Ruehl,12,118363,2011-05-13,"NWOC District Meet, Day 2",9,High Jump,1,0,1,6-02.00
3017825,Steven Pavao,10,118363,2011-05-13,"NWOC District Meet, Day 2",9,High Jump,1,0,4,5-08.00
1902007,Zachary Milligan,10,118363,2011-05-13,"NWOC District Meet, Day 2",9,High Jump,1,0,5,5-08.00
1901991,McKenzie Griffin,12,118363,2011-05-13,"NWOC District Meet, Day 2",27,High Jump,1,0,8,4-08.00
2543193,Devon Greene,10,118363,2011-05-13,"NWOC District Meet, Day 2",27,High Jump,1,0,11,4-06.00
1901997,Jaylee Jordan,12,118363,2011-05-13,"NWOC District Meet, Day 2",27,High Jump,1,0,11,4-06.00
1419528,Andrew Hamburger,10,118363,2011-05-13,"NWOC District Meet, Day 2",16,Pole Vault,1,0,11,9-06.00
1451999,Emily Sackinger,10,118363,2011-05-13,"NWOC District Meet, Day 2",34,Pole Vault,1,0,2,9-00.00
836695,Emily Sorenson,12,118363,2011-05-13,"NWOC District Meet, Day 2",34,Pole Vault,1,0,6,8-00.00
836696,Dallas Estep,12,118363,2011-05-13,"NWOC District Meet, Day 2",17,Long Jump,1,0,3,19-07.00
1901991,McKenzie Griffin,12,118363,2011-05-13,"NWOC District Meet, Day 2",35,Long Jump,1,0,1,16-11.50
2959372,Emily Harris,9,118363,2011-05-13,"NWOC District Meet, Day 2",35,Long Jump,1,0,9,14-03.00
297381,Griffin Ruehl,12,118363,2011-05-13,"NWOC District Meet, Day 2",18,Triple Jump,1,0,2,42-10.50
836696,Dallas Estep,12,118363,2011-05-13,"NWOC District Meet, Day 2",18,Triple Jump,1,0,5,41-07.50
1901991,McKenzie Griffin,12,118363,2011-05-13,"NWOC District Meet, Day 2",36,Triple Jump,1,0,1,36-03.50
3196168,Jessie Koster,9,118363,2011-05-13,"NWOC District Meet, Day 2",36,Triple Jump,1,0,7,33-02.00
1902008,Cristian Morris,10,115126,2011-05-21,OSAA 5A State Championships Day 2,1,100 Meters,0,0,2,11.02a
1902008,Cristian Morris,10,115126,2011-05-21,OSAA 5A State Championships Day 2,2,200 Meters,0,0,1,22.33a
1901996,Jessica Imbrie,10,115126,2011-05-21,OSAA 5A State Championships Day 2,22,800 Meters,0,0,3,2:17.14a
297381,Griffin Ruehl,12,115126,2011-05-21,OSAA 5A State Championships Day 2,9,High Jump,1,0,4,6-04.00
1451999,Emily Sackinger,10,115126,2011-05-21,OSAA 5A State Championships Day 2,34,Pole Vault,1,0,10,8-06.00
1901991,McKenzie Griffin,12,115126,2011-05-21,OSAA 5A State Championships Day 2,35,Long Jump,1,0,8,16-08.50
297381,Griffin Ruehl,12,115126,2011-05-21,OSAA 5A State Championships Day 2,18,Triple Jump,1,0,9,41-04.25
1901991,McKenzie Griffin,12,115126,2011-05-21,OSAA 5A State Championships Day 2,36,Triple Jump,1,0,2,37-00.25
1902016,Michael Sheehan,11,141759,2012-05-11,NWOC Novice District Meet,1,100 Meters,0,0,6,12.28a
2959274,Hector Solis,10,141759,2012-05-11,NWOC Novice District Meet,1,100 Meters,0,0,15,12.56a
1902013,Blake Schaefer,11,141759,2012-05-11,NWOC Novice District Meet,1,100 Meters,0,0,16,12.60a
2543176,Spencer Grubbe,10,141759,2012-05-11,NWOC Novice District Meet,1,100 Meters,0,0,22,12.70a
2959153,Ethan Holoch,10,141759,2012-05-11,NWOC Novice District Meet,1,100 Meters,0,0,23,12.70a
3948935,Brandon Bailey,9,141759,2012-05-11,NWOC Novice District Meet,1,100 Meters,0,0,27,12.82a
3023004,Kade MacGillivray,10,141759,2012-05-11,NWOC Novice District Meet,1,100 Meters,0,0,28,12.83a
4036541,Austin Teitsort,9,141759,2012-05-11,NWOC Novice District Meet,1,100 Meters,0,0,30,12.86a
2959165,Joseph Kolb,10,141759,2012-05-11,NWOC Novice District Meet,1,100 Meters,0,0,31,12.89a
3948969,Andrew Beaudoin,10,141759,2012-05-11,NWOC Novice District Meet,1,100 Meters,0,0,37,13.00a
1923897,David Tam,12,141759,2012-05-11,NWOC Novice District Meet,1,100 Meters,0,0,40,13.05a
2543142,Gabriel Grosso,10,141759,2012-05-11,NWOC Novice District Meet,1,100 Meters,0,0,46,13.44a
3948942,Jared Denton,9,141759,2012-05-11,NWOC Novice District Meet,1,100 Meters,0,0,49,13.61a
3948959,Fabrizio Villalpando,9,141759,2012-05-11,NWOC Novice District Meet,1,100 Meters,0,0,53,14.21a
3607351,William Larsson,9,141759,2012-05-11,NWOC Novice District Meet,1,100 Meters,0,0,54,14.28a
3949123,Guinevere Duncan,9,141759,2012-05-11,NWOC Novice District Meet,19,100 Meters,0,0,12,14.82a
1902001,Josie Kringelhede,11,141759,2012-05-11,NWOC Novice District Meet,19,100 Meters,0,0,17,15.14a
3949186,Andee Woidyla,9,141759,2012-05-11,NWOC Novice District Meet,19,100 Meters,0,0,20,15.42a
3949163,Sam Palladino,9,141759,2012-05-11,NWOC Novice District Meet,19,100 Meters,0,0,24,15.73a
4036463,Morgan Lite,9,141759,2012-05-11,NWOC Novice District Meet,19,100 Meters,0,0,25,15.90a
2959360,Jenna Gonzalez,10,141759,2012-05-11,NWOC Novice District Meet,19,100 Meters,0,0,30,16.54a
2959285,Tyler Thayer,10,141759,2012-05-11,NWOC Novice District Meet,2,200 Meters,0,0,1,24.47a
2959153,Ethan Holoch,10,141759,2012-05-11,NWOC Novice District Meet,2,200 Meters,0,0,5,24.81a
3023004,Kade MacGillivray,10,141759,2012-05-11,NWOC Novice District Meet,2,200 Meters,0,0,16,25.96a
4036541,Austin Teitsort,9,141759,2012-05-11,NWOC Novice District Meet,2,200 Meters,0,0,17,26.10a
2959094,Ryan Blickfeldt,10,141759,2012-05-11,NWOC Novice District Meet,2,200 Meters,0,0,18,26.12a
3948969,Andrew Beaudoin,10,141759,2012-05-11,NWOC Novice District Meet,2,200 Meters,0,0,22,26.32a
2959165,Joseph Kolb,10,141759,2012-05-11,NWOC Novice District Meet,2,200 Meters,0,0,23,26.35a
3948959,Fabrizio Villalpando,9,141759,2012-05-11,NWOC Novice District Meet,2,200 Meters,0,0,34,27.7
4036510,James Hays,9,141759,2012-05-11,NWOC Novice District Meet,2,200 Meters,0,0,41,28.61a
3949002,Kenny Ross,10,141759,2012-05-11,NWOC Novice District Meet,2,200 Meters,0,0,44,28.89a
3607369,Sarah Cushing,9,141759,2012-05-11,NWOC Novice District Meet,20,200 Meters,0,0,10,30.69a
2543195,Sydney Hughes,10,141759,2012-05-11,NWOC Novice District Meet,20,200 Meters,0,0,12,30.82a
3949123,Guinevere Duncan,9,141759,2012-05-11,NWOC Novice District Meet,20,200 Meters,0,0,13,30.84a
1902001,Josie Kringelhede,11,141759,2012-05-11,NWOC Novice District Meet,20,200 Meters,0,0,16,31.55a
3949111,Melissa Moore,10,141759,2012-05-11,NWOC Novice District Meet,20,200 Meters,0,0,17,31.6
3949186,Andee Woidyla,9,141759,2012-05-11,NWOC Novice District Meet,20,200 Meters,0,0,20,31.99a
2959285,Tyler Thayer,10,141759,2012-05-11,NWOC Novice District Meet,3,400 Meters,0,0,1,56.02a
3948955,Mason Ruediger,9,141759,2012-05-11,NWOC Novice District Meet,3,400 Meters,0,0,4,58.29a
2959094,Ryan Blickfeldt,10,141759,2012-05-11,NWOC Novice District Meet,3,400 Meters,0,0,11,1:03.44a
3949168,Erin Palmer,9,141759,2012-05-11,NWOC Novice District Meet,21,400 Meters,0,0,1,1:07.96a
3607369,Sarah Cushing,9,141759,2012-05-11,NWOC Novice District Meet,21,400 Meters,0,0,4,1:13.20a
3623905,Theri Urbanek,12,141759,2012-05-11,NWOC Novice District Meet,21,400 Meters,0,0,7,1:31.73a
3949043,Anton Laine,12,141759,2012-05-11,NWOC Novice District Meet,4,800 Meters,0,0,14,2:25.40a
1923897,David Tam,12,141759,2012-05-11,NWOC Novice District Meet,4,800 Meters,0,0,22,2:35.71a
4036491,Dylan Cole,9,141759,2012-05-11,NWOC Novice District Meet,4,800 Meters,0,0,25,2:48.97a
2959292,Christian Tilloston,12,141759,2012-05-11,NWOC Novice District Meet,5,1500 Meters,0,0,16,4:56.58a
1902002,Max Lierow,12,141759,2012-05-11,NWOC Novice District Meet,5,1500 Meters,0,0,20,5:02.26a
3607355,Fred Resch,9,141759,2012-05-11,NWOC Novice District Meet,5,1500 Meters,0,0,22,5:03.46a
3607360,Ryan Simmons,9,141759,2012-05-11,NWOC Novice District Meet,5,1500 Meters,0,0,25,5:11.80a
1967901,Christopher Johnson,12,141759,2012-05-11,NWOC Novice District Meet,5,1500 Meters,0,0,29,5:19.64a
2543174,Alec Trepte,10,141759,2012-05-11,NWOC Novice District Meet,5,1500 Meters,0,0,30,5:24.83a
3628043,Jacob Drain,10,141759,2012-05-11,NWOC Novice District Meet,5,1500 Meters,0,0,31,5:25.43a
1902006,Kevin McVicker,12,141759,2012-05-11,NWOC Novice District Meet,5,1500 Meters,0,0,33,5:36.69a
3949167,Bridget Palmer,9,141759,2012-05-11,NWOC Novice District Meet,23,1500 Meters,0,0,1,5:49.07a
1419523,Devon Donahue,11,141759,2012-05-11,NWOC Novice District Meet,6,3000 Meters,0,0,11,11:02.90a
3607355,Fred Resch,9,141759,2012-05-11,NWOC Novice District Meet,6,3000 Meters,0,0,14,11:28.21a
1967901,Christopher Johnson,12,141759,2012-05-11,NWOC Novice District Meet,6,3000 Meters,0,0,17,12:00.09a
3607347,Erik Davis,9,141759,2012-05-11,NWOC Novice District Meet,6,3000 Meters,0,0,18,12:01.01a
3948973,Christian Chase,10,141759,2012-05-11,NWOC Novice District Meet,6,3000 Meters,0,0,20,12:35.57a
1902006,Kevin McVicker,12,141759,2012-05-11,NWOC Novice District Meet,6,3000 Meters,0,0,21,12:58.93a
531603,Emma Christler,12,141759,2012-05-11,NWOC Novice District Meet,24,3000 Meters,0,0,3,14:22.03a
1419539,Miriam Marsh,11,141759,2012-05-11,NWOC Novice District Meet,24,3000 Meters,0,0,4,14:52.68a
3949111,Melissa Moore,10,141759,2012-05-11,NWOC Novice District Meet,28,100m Hurdles,0,0,2,18.31a
2959523,Madeline Rogers,10,141759,2012-05-11,NWOC Novice District Meet,28,100m Hurdles,0,0,3,18.81a
3949163,Sam Palladino,9,141759,2012-05-11,NWOC Novice District Meet,28,100m Hurdles,0,0,5,21.71a
3948957,Austin Tull,9,141759,2012-05-11,NWOC Novice District Meet,10,110m Hurdles,0,0,1,17.03a
3607347,Erik Davis,9,141759,2012-05-11,NWOC Novice District Meet,10,110m Hurdles,0,0,3,20.75a
6007,Relay Team,,141759,2012-05-11,NWOC Novice District Meet,7,4x100 Relay,0,0,5,49.00a
3948969,Andrew Beaudoin,10,141759,2012-05-11,NWOC Novice District Meet,7,4x100 Relay,0,1,9,51.28a
3948995,Josh Fasano,10,141759,2012-05-11,NWOC Novice District Meet,7,4x100 Relay,0,1,9,51.28a
531587,Tyler Denton,12,141759,2012-05-11,NWOC Novice District Meet,7,4x100 Relay,0,1,9,51.28a
2959094,Ryan Blickfeldt,10,141759,2012-05-11,NWOC Novice District Meet,7,4x100 Relay,0,1,9,51.28a
6007,Relay Team,,141759,2012-05-11,NWOC Novice District Meet,8,4x400 Relay,0,0,2,3:51.0a
3948969,Andrew Beaudoin,10,141759,2012-05-11,NWOC Novice District Meet,8,4x400 Relay,0,1,5,4:04.43a
2959094,Ryan Blickfeldt,10,141759,2012-05-11,NWOC Novice District Meet,8,4x400 Relay,0,1,5,4:04.43a
3607347,Erik Davis,9,141759,2012-05-11,NWOC Novice District Meet,8,4x400 Relay,0,1,5,4:04.43a
3948942,Jared Denton,9,141759,2012-05-11,NWOC Novice District Meet,8,4x400 Relay,0,1,5,4:04.43a
6017,Relay Team,,141759,2012-05-11,NWOC Novice District Meet,26,4x400 Relay,0,0,3,4:54.3a
3949017,Brogan Kearsey,11,141759,2012-05-11,NWOC Novice District Meet,12,Shot Put,1,0,5,36'11.00
4064193,Garrett Tremain,10,141759,2012-05-11,NWOC Novice District Meet,12,Shot Put,1,0,25,30'06.00
3949103,Margaret Gaither,10,141759,2012-05-11,NWOC Novice District Meet,30,Shot Put,1,0,1,29'08.00
3949107,Mackenzie Howell,10,141759,2012-05-11,NWOC Novice District Meet,30,Shot Put,1,0,4,27'01.00
3949119,Lena Cottrell,9,141759,2012-05-11,NWOC Novice District Meet,30,Shot Put,1,0,7,25'09.00
4036460,Lexie Kjono,10,141759,2012-05-11,NWOC Novice District Meet,30,Shot Put,1,0,9,25'01.00
1419539,Miriam Marsh,11,141759,2012-05-11,NWOC Novice District Meet,30,Shot Put,1,0,14,21'10.00
2543195,Sydney Hughes,10,141759,2012-05-11,NWOC Novice District Meet,30,Shot Put,1,0,16,21'03.00
3949179,Madison Stephens,9,141759,2012-05-11,NWOC Novice District Meet,30,Shot Put,1,0,18,19'10.00
531603,Emma Christler,12,141759,2012-05-11,NWOC Novice District Meet,30,Shot Put,1,0,19,19'08.00
3949017,Brogan Kearsey,11,141759,2012-05-11,NWOC Novice District Meet,13,Discus,1,0,7,95'01
2959274,Hector Solis,10,141759,2012-05-11,NWOC Novice District Meet,13,Discus,1,0,12,88'05
4064193,Garrett Tremain,10,141759,2012-05-11,NWOC Novice District Meet,13,Discus,1,0,26,71'08
4036552,Jacob Wiedemann,10,141759,2012-05-11,NWOC Novice District Meet,13,Discus,1,0,29,69'07
2959513,Tess Newberry,10,141759,2012-05-11,NWOC Novice District Meet,31,Discus,1,0,1,86'08
3949107,Mackenzie Howell,10,141759,2012-05-11,NWOC Novice District Meet,31,Discus,1,0,2,81'05
3949103,Margaret Gaither,10,141759,2012-05-11,NWOC Novice District Meet,31,Discus,1,0,5,72'09
4036460,Lexie Kjono,10,141759,2012-05-11,NWOC Novice District Meet,31,Discus,1,0,8,70'10
2543195,Sydney Hughes,10,141759,2012-05-11,NWOC Novice District Meet,31,Discus,1,0,17,54'00
4036463,Morgan Lite,9,141759,2012-05-11,NWOC Novice District Meet,31,Discus,1,0,20,48'01
3949179,Madison Stephens,9,141759,2012-05-11,NWOC Novice District Meet,31,Discus,1,0,21,47'10
3949109,Quelsea Johnson,10,141759,2012-05-11,NWOC Novice District Meet,31,Discus,1,0,25,43'04
2959509,Shalee McFarland,10,141759,2012-05-11,NWOC Novice District Meet,31,Discus,1,0,26,42'07
2959274,Hector Solis,10,141759,2012-05-11,NWOC Novice District Meet,14,Javelin,1,0,11,110'04
1902013,Blake Schaefer,11,141759,2012-05-11,NWOC Novice District Meet,14,Javelin,1,0,22,95'05
3948995,Josh Fasano,10,141759,2012-05-11,NWOC Novice District Meet,14,Javelin,1,0,24,92'09
4064193,Garrett Tremain,10,141759,2012-05-11,NWOC Novice District Meet,14,Javelin,1,0,29,89'05
4036552,Jacob Wiedemann,10,141759,2012-05-11,NWOC Novice District Meet,14,Javelin,1,0,39,83'00
3949119,Lena Cottrell,9,141759,2012-05-11,NWOC Novice District Meet,32,Javelin,1,0,2,96'01
3949103,Margaret Gaither,10,141759,2012-05-11,NWOC Novice District Meet,32,Javelin,1,0,3,85'09
3949107,Mackenzie Howell,10,141759,2012-05-11,NWOC Novice District Meet,32,Javelin,1,0,6,76'06
2959513,Tess Newberry,10,141759,2012-05-11,NWOC Novice District Meet,32,Javelin,1,0,7,76'05
3949109,Quelsea Johnson,10,141759,2012-05-11,NWOC Novice District Meet,32,Javelin,1,0,18,51'01
3949179,Madison Stephens,9,141759,2012-05-11,NWOC Novice District Meet,32,Javelin,1,0,19,50'04
2543195,Sydney Hughes,10,141759,2012-05-11,NWOC Novice District Meet,32,Javelin,1,0,24,47'00
2959509,Shalee McFarland,10,141759,2012-05-11,NWOC Novice District Meet,32,Javelin,1,0,25,38'05
3948937,Connor Carraher,9,141759,2012-05-11,NWOC Novice District Meet,9,High Jump,1,0,1,5'04.00
3949116,Olivia Chastain,9,141759,2012-05-11,NWOC Novice District Meet,27,High Jump,1,0,1,4'09.00
1902013,Blake Schaefer,11,141759,2012-05-11,NWOC Novice District Meet,16,Pole Vault,1,0,5,9'00.00
2543176,Spencer Grubbe,10,141759,2012-05-11,NWOC Novice District Meet,16,Pole Vault,1,0,5,9'00.00
3949002,Kenny Ross,10,141759,2012-05-11,NWOC Novice District Meet,16,Pole Vault,1,0,12,8'06.00
3949129,Emily Hardinger,9,141759,2012-05-11,NWOC Novice District Meet,34,Pole Vault,1,0,1,7'00.00
2597619,Alina Lapp,10,141759,2012-05-11,NWOC Novice District Meet,34,Pole Vault,1,0,2,7'00.00
2543142,Gabriel Grosso,10,141759,2012-05-11,NWOC Novice District Meet,17,Long Jump,1,0,5,16'03.50
1902013,Blake Schaefer,11,141759,2012-05-11,NWOC Novice District Meet,17,Long Jump,1,0,7,16'01.25
2959108,Alex Edgell,10,141759,2012-05-11,NWOC Novice District Meet,17,Long Jump,1,0,8,15'10.25
3948937,Connor Carraher,9,141759,2012-05-11,NWOC Novice District Meet,17,Long Jump,1,0,11,15'06.75
3948959,Fabrizio Villalpando,9,141759,2012-05-11,NWOC Novice District Meet,17,Long Jump,1,0,16,14'08.50
3948935,Brandon Bailey,9,141759,2012-05-11,NWOC Novice District Meet,17,Long Jump,1,0,17,14'00.25
3948973,Christian Chase,10,141759,2012-05-11,NWOC Novice District Meet,17,Long Jump,1,0,20,13'04.00
3948998,Cameron Gilmer,10,141759,2012-05-11,NWOC Novice District Meet,17,Long Jump,1,0,23,12'02.50
3948940,Christian Crawford,9,141759,2012-05-11,NWOC Novice District Meet,17,Long Jump,1,0,24,11'10.25
2959360,Jenna Gonzalez,10,141759,2012-05-11,NWOC Novice District Meet,35,Long Jump,1,0,11,12'04.00
3607369,Sarah Cushing,9,141759,2012-05-11,NWOC Novice District Meet,35,Long Jump,1,0,12,12'02.50
2959108,Alex Edgell,10,141759,2012-05-11,NWOC Novice District Meet,18,Triple Jump,1,0,2,37'06.50
2959285,Tyler Thayer,10,141759,2012-05-11,NWOC Novice District Meet,18,Triple Jump,1,0,6,33'04.25
2959274,Hector Solis,10,141759,2012-05-11,NWOC Novice District Meet,18,Triple Jump,1,0,9,31'11.00
836678,Perrin Hess,12,141760,2012-05-17,NWOC Conference Championships,6,3000 Meters,0,0,5,9:35.83a
1902012,Chris Roth,11,141760,2012-05-17,NWOC Conference Championships,6,3000 Meters,0,0,13,10:10.67a
3607344,Tristan Bishop,9,141760,2012-05-17,NWOC Conference Championships,6,3000 Meters,0,0,14,10:17.21a
3684055,Sam Mckibbon,9,141760,2012-05-17,NWOC Conference Championships,24,3000 Meters,0,0,9,12:12.20a
3607366,Madison Budge,9,141760,2012-05-17,NWOC Conference Championships,24,3000 Meters,0,0,10,12:13.35a
2959271,Logan Smith,11,141760,2012-05-17,NWOC Conference Championships,12,Shot Put,1,0,2,46-04.25
1452005,Emily Hamilton,11,141760,2012-05-17,NWOC Conference Championships,32,Javelin,1,0,3,119-07
2959348,Charity Doyel,10,141760,2012-05-17,NWOC Conference Championships,32,Javelin,1,0,7,102-09
2543193,Devon Greene,11,141760,2012-05-17,NWOC Conference Championships,27,High Jump,1,0,9,4-06.00
3949116,Olivia Chastain,9,141760,2012-05-17,NWOC Conference Championships,27,High Jump,1,0,14,4-04.00
836666,Brent Summers,12,141760,2012-05-17,NWOC Conference Championships,16,Pole Vault,1,0,10,10-06.00
4036519,Mitchell Kruse,12,141760,2012-05-17,NWOC Conference Championships,17,Long Jump,1,0,8,19-02.50
3196168,Jessie Koster,11,141760,2012-05-17,NWOC Conference Championships,35,Long Jump,1,0,4,15-05.75
1902008,Cristian Morris,11,141761,2012-05-18,NWOC Conference Championships,1,100 Meters,0,0,1,11.17a
3949131,Emily Johansen,9,141761,2012-05-18,NWOC Conference Championships,19,100 Meters,0,0,6,13.27a
1902008,Cristian Morris,11,141761,2012-05-18,NWOC Conference Championships,2,200 Meters,0,0,1,22.37a
3949131,Emily Johansen,9,141761,2012-05-18,NWOC Conference Championships,20,200 Meters,0,0,5,27.18a
3023005,Corrie Green-Lahart,10,141761,2012-05-18,NWOC Conference Championships,20,200 Meters,0,0,7,27.40a
2979993,Cole Nixon,10,141761,2012-05-18,NWOC Conference Championships,3,400 Meters,0,0,5,52.79a
3607367,Caitlin Clifford,9,141761,2012-05-18,NWOC Conference Championships,21,400 Meters,0,0,7,1:04.85a
37036,Cody Thompson,11,141761,2012-05-18,NWOC Conference Championships,4,800 Meters,0,0,4,2:00.17a
2543193,Devon Greene,11,141761,2012-05-18,NWOC Conference Championships,22,800 Meters,0,0,7,2:35.03a
3607372,Emily Edmunds,9,141761,2012-05-18,NWOC Conference Championships,22,800 Meters,0,0,8,2:44.04a
836678,Perrin Hess,12,141761,2012-05-18,NWOC Conference Championships,5,1500 Meters,0,0,5,4:22.46a
1902012,Chris Roth,11,141761,2012-05-18,NWOC Conference Championships,5,1500 Meters,0,0,13,4:36.36a
2556861,Evan Heslop,12,141761,2012-05-18,NWOC Conference Championships,5,1500 Meters,0,0,14,4:38.34a
531623,Kylie Thalhofer,12,141761,2012-05-18,NWOC Conference Championships,23,1500 Meters,0,0,3,5:04.40a
836678,Perrin Hess,12,141761,2012-05-18,NWOC Conference Championships,6,3000 Meters,0,0,5,9:35.83a
1902012,Chris Roth,11,141761,2012-05-18,NWOC Conference Championships,6,3000 Meters,0,0,13,10:10.67a
3607344,Tristan Bishop,9,141761,2012-05-18,NWOC Conference Championships,6,3000 Meters,0,0,14,10:17.21a
3684055,Sam Mckibbon,9,141761,2012-05-18,NWOC Conference Championships,24,3000 Meters,0,0,9,12:12.20a
3607366,Madison Budge,9,141761,2012-05-18,NWOC Conference Championships,24,3000 Meters,0,0,10,12:13.35a
3607379,Rebekah Quaglio,9,141761,2012-05-18,NWOC Conference Championships,28,100m Hurdles,0,0,5,17.36a
2959177,Mason Penrod,12,141761,2012-05-18,NWOC Conference Championships,10,110m Hurdles,0,0,7,17.28a
2959177,Mason Penrod,12,141761,2012-05-18,NWOC Conference Championships,11,300m Hurdles,0,0,6,44.94a
3949012,Conner Duppenthaler,11,141761,2012-05-18,NWOC Conference Championships,7,4x100 Relay,0,1,3,44.58a
1923887,Brandon Blackshear,12,141761,2012-05-18,NWOC Conference Championships,7,4x100 Relay,0,1,3,44.58a
3949014,Vernon Johnson,11,141761,2012-05-18,NWOC Conference Championships,7,4x100 Relay,0,1,3,44.58a
836672,Christian Verkest,12,141761,2012-05-18,NWOC Conference Championships,7,4x100 Relay,0,1,3,44.58a
3023005,Corrie Green-Lahart,10,141761,2012-05-18,NWOC Conference Championships,25,4x100 Relay,0,1,7,53.49a
2959511,Kai Morgan,10,141761,2012-05-18,NWOC Conference Championships,25,4x100 Relay,0,1,7,53.49a
2959372,Emily Harris,10,141761,2012-05-18,NWOC Conference Championships,25,4x100 Relay,0,1,7,53.49a
3607379,Rebekah Quaglio,9,141761,2012-05-18,NWOC Conference Championships,25,4x100 Relay,0,1,7,53.49a
3949033,Dane Anderson,12,141761,2012-05-18,NWOC Conference Championships,8,4x400 Relay,0,1,4,3:29.79a
4036519,Mitchell Kruse,12,141761,2012-05-18,NWOC Conference Championships,8,4x400 Relay,0,1,4,3:29.79a
3949012,Conner Duppenthaler,11,141761,2012-05-18,NWOC Conference Championships,8,4x400 Relay,0,1,4,3:29.79a
37036,Cody Thompson,11,141761,2012-05-18,NWOC Conference Championships,8,4x400 Relay,0,1,4,3:29.79a
3023005,Corrie Green-Lahart,10,141761,2012-05-18,NWOC Conference Championships,26,4x400 Relay,0,1,5,4:20.37a
2959511,Kai Morgan,10,141761,2012-05-18,NWOC Conference Championships,26,4x400 Relay,0,1,5,4:20.37a
2959372,Emily Harris,10,141761,2012-05-18,NWOC Conference Championships,26,4x400 Relay,0,1,5,4:20.37a
3607379,Rebekah Quaglio,9,141761,2012-05-18,NWOC Conference Championships,26,4x400 Relay,0,1,5,4:20.37a
2959271,Logan Smith,11,141761,2012-05-18,NWOC Conference Championships,12,Shot Put,1,0,2,46-04.25
2959337,Elyse Cuthbertson,10,141761,2012-05-18,NWOC Conference Championships,30,Shot Put,1,0,4,33-06.50
1452005,Emily Hamilton,11,141761,2012-05-18,NWOC Conference Championships,30,Shot Put,1,0,5,32-10.75
1452005,Emily Hamilton,11,141761,2012-05-18,NWOC Conference Championships,31,Discus,1,0,3,110-00
3949170,Avery Pierce,9,141761,2012-05-18,NWOC Conference Championships,31,Discus,1,0,7,93-03
1901975,Jacob Brooks,11,141761,2012-05-18,NWOC Conference Championships,14,Javelin,1,0,8,147-04
1452005,Emily Hamilton,11,141761,2012-05-18,NWOC Conference Championships,32,Javelin,1,0,3,119-07
2959348,Charity Doyel,10,141761,2012-05-18,NWOC Conference Championships,32,Javelin,1,0,7,102-09
1902007,Zachary Milligan,11,141761,2012-05-18,NWOC Conference Championships,9,High Jump,1,0,2,6-04.00
4036504,Drew Harris,10,141761,2012-05-18,NWOC Conference Championships,9,High Jump,1,0,13,5-06.00
1923887,Brandon Blackshear,12,141761,2012-05-18,NWOC Conference Championships,9,High Jump,1,0,13,5-06.00
2543193,Devon Greene,11,141761,2012-05-18,NWOC Conference Championships,27,High Jump,1,0,9,4-06.00
3949116,Olivia Chastain,9,141761,2012-05-18,NWOC Conference Championships,27,High Jump,1,0,14,4-04.00
836666,Brent Summers,12,141761,2012-05-18,NWOC Conference Championships,16,Pole Vault,1,0,10,10-06.00
4036519,Mitchell Kruse,12,141761,2012-05-18,NWOC Conference Championships,17,Long Jump,1,0,8,19-02.50
3196168,Jessie Koster,11,141761,2012-05-18,NWOC Conference Championships,35,Long Jump,1,0,4,15-05.75
2959281,Bailey States,10,141761,2012-05-18,NWOC Conference Championships,18,Triple Jump,1,0,8,38-11.00
3196168,Jessie Koster,11,141761,2012-05-18,NWOC Conference Championships,36,Triple Jump,1,0,2,34-09.25
3949161,Mikala Otto,9,141761,2012-05-18,NWOC Conference Championships,36,Triple Jump,1,0,5,33-02.25
531613,Nicole Hurley,12,141761,2012-05-18,NWOC Conference Championships,36,Triple Jump,1,0,7,32-05.00
1902008,Cristian Morris,11,139606,2012-05-26,OSAA 5A State Championships - Day 2,1,100 Meters,0,0,2,11.20a
1902008,Cristian Morris,11,139606,2012-05-26,OSAA 5A State Championships - Day 2,2,200 Meters,0,0,2,22.69a
2959271,Logan Smith,11,139606,2012-05-26,OSAA 5A State Championships - Day 2,12,Shot Put,1,0,9,46-07.00
3196168,Jessie Koster,11,139606,2012-05-26,OSAA 5A State Championships - Day 2,36,Triple Jump,1,0,9,34-02.75
5325135,Mason Rivers,10,168577,2013-05-10,NWOC Novice Districts,1,100 Meters,0,0,3,11.88a
2959153,Ethan Holoch,11,168577,2013-05-10,NWOC Novice Districts,1,100 Meters,0,0,7,12.10a
3948969,Andrew Beaudoin,11,168577,2013-05-10,NWOC Novice Districts,1,100 Meters,0,0,14,12.37a
2959274,Hector Solis,11,168577,2013-05-10,NWOC Novice Districts,1,100 Meters,0,0,30,12.67a
5139307,Ryan Milligan,9,168577,2013-05-10,NWOC Novice Districts,1,100 Meters,0,0,31,12.69a
5139262,Gage Fuller,9,168577,2013-05-10,NWOC Novice Districts,1,100 Meters,0,0,32,12.71a
5215979,Ryan Larson,9,168577,2013-05-10,NWOC Novice Districts,1,100 Meters,0,0,35,12.74a
3948942,Jared Denton,10,168577,2013-05-10,NWOC Novice Districts,1,100 Meters,0,0,41,12.82a
5139184,Brad Bergstrom,9,168577,2013-05-10,NWOC Novice Districts,1,100 Meters,0,0,48,13.12a
5139269,Nick Gierbrecht,9,168577,2013-05-10,NWOC Novice Districts,1,100 Meters,0,0,51,13.44a
5139216,Nathan Christensen,10,168577,2013-05-10,NWOC Novice Districts,1,100 Meters,0,0,53,13.52a
5139336,Noah Shellans,9,168577,2013-05-10,NWOC Novice Districts,1,100 Meters,0,0,55,13.55a
5139352,Kyle Wieske,9,168577,2013-05-10,NWOC Novice Districts,1,100 Meters,0,0,60,13.64a
5139361,Mckay Bishop,9,168577,2013-05-10,NWOC Novice Districts,1,100 Meters,0,0,61,13.74a
5215975,Kyle Homer,9,168577,2013-05-10,NWOC Novice Districts,1,100 Meters,0,0,65,13.86a
5139315,Bryan Ngo,9,168577,2013-05-10,NWOC Novice Districts,1,100 Meters,0,0,66,13.97a
5139303,Jeremiah Matlock,9,168577,2013-05-10,NWOC Novice Districts,1,100 Meters,0,0,67,13.99a
5139319,Fabriel Nguyen,9,168577,2013-05-10,NWOC Novice Districts,1,100 Meters,0,0,69,14.16a
2959278,Parker Southwick,11,168577,2013-05-10,NWOC Novice Districts,1,100 Meters,0,0,72,14.72a
2959517,Marina Parker,11,168577,2013-05-10,NWOC Novice Districts,19,100 Meters,0,0,1,13.08
5139369,Taylor Cole,9,168577,2013-05-10,NWOC Novice Districts,19,100 Meters,0,0,2,13.27
5139440,Kameryn Price,9,168577,2013-05-10,NWOC Novice Districts,19,100 Meters,0,0,10,14.59a
5139417,Abby Masley,9,168577,2013-05-10,NWOC Novice Districts,19,100 Meters,0,0,14,14.84a
5215974,Dayna Grove,9,168577,2013-05-10,NWOC Novice Districts,19,100 Meters,0,0,23,15.83a
2959153,Ethan Holoch,11,168577,2013-05-10,NWOC Novice Districts,2,200 Meters,0,0,3,24.12a
5325135,Mason Rivers,10,168577,2013-05-10,NWOC Novice Districts,2,200 Meters,0,0,6,24.56a
3948946,Jayden Homer,10,168577,2013-05-10,NWOC Novice Districts,2,200 Meters,0,0,13,25.16a
5139250,Keaton Flannery,9,168577,2013-05-10,NWOC Novice Districts,2,200 Meters,0,0,16,25.46a
5139259,Emmett Floyd,9,168577,2013-05-10,NWOC Novice Districts,2,200 Meters,0,0,17,25.53a
2959120,Brennan Giles,9,168577,2013-05-10,NWOC Novice Districts,2,200 Meters,0,0,18,25.61a
3948942,Jared Denton,10,168577,2013-05-10,NWOC Novice Districts,2,200 Meters,0,0,24,26.17a
5139307,Ryan Milligan,9,168577,2013-05-10,NWOC Novice Districts,2,200 Meters,0,0,28,27.03a
5215979,Ryan Larson,9,168577,2013-05-10,NWOC Novice Districts,2,200 Meters,0,0,31,27.13a
5139352,Kyle Wieske,9,168577,2013-05-10,NWOC Novice Districts,2,200 Meters,0,0,41,28.37a
5139361,Mckay Bishop,9,168577,2013-05-10,NWOC Novice Districts,2,200 Meters,0,0,45,28.79a
5139303,Jeremiah Matlock,9,168577,2013-05-10,NWOC Novice Districts,2,200 Meters,0,0,47,28.99a
5139315,Bryan Ngo,9,168577,2013-05-10,NWOC Novice Districts,2,200 Meters,0,0,49,29.75a
2959517,Marina Parker,11,168577,2013-05-10,NWOC Novice Districts,20,200 Meters,0,0,1,28.20a
5139369,Taylor Cole,9,168577,2013-05-10,NWOC Novice Districts,20,200 Meters,0,0,2,28.25a
5139440,Kameryn Price,9,168577,2013-05-10,NWOC Novice Districts,20,200 Meters,0,0,5,29.68a
5215974,Dayna Grove,9,168577,2013-05-10,NWOC Novice Districts,20,200 Meters,0,0,21,32.77a
5139250,Keaton Flannery,9,168577,2013-05-10,NWOC Novice Districts,3,400 Meters,0,0,2,55.78a
5139341,Brandon Thompson,9,168577,2013-05-10,NWOC Novice Districts,3,400 Meters,0,0,4,57.79a
3948955,Mason Ruediger,10,168577,2013-05-10,NWOC Novice Districts,3,400 Meters,0,0,6,58.78a
5215982,Braeden Riess,11,168577,2013-05-10,NWOC Novice Districts,3,400 Meters,0,0,13,1:10.32a
5139362,Kaien Brown,9,168577,2013-05-10,NWOC Novice Districts,4,800 Meters,0,0,19,2:29.51
5139223,Dallin Dahl,9,168577,2013-05-10,NWOC Novice Districts,4,800 Meters,0,0,23,2:34.53
5139465,Victoria Ross,10,168577,2013-05-10,NWOC Novice Districts,22,800 Meters,0,0,4,2:51.72
4677624,Kathleen Resch,9,168577,2013-05-10,NWOC Novice Districts,22,800 Meters,0,0,5,2:51.93
3607355,Fred Resch,10,168577,2013-05-10,NWOC Novice Districts,5,1500 Meters,0,0,11,4:48.99
5139351,Andrew Wagner,10,168577,2013-05-10,NWOC Novice Districts,5,1500 Meters,0,0,18,4:55.54
4677705,Ryan Chidlaw,9,168577,2013-05-10,NWOC Novice Districts,5,1500 Meters,0,0,19,4:55.65
3607347,Erik Davis,10,168577,2013-05-10,NWOC Novice Districts,5,1500 Meters,0,0,30,5:09.06
4677692,Andrew Hurley,9,168577,2013-05-10,NWOC Novice Districts,5,1500 Meters,0,0,35,5:16.55
5139336,Noah Shellans,9,168577,2013-05-10,NWOC Novice Districts,5,1500 Meters,0,0,38,5:20.41
5139465,Victoria Ross,10,168577,2013-05-10,NWOC Novice Districts,23,1500 Meters,0,0,1,5:41.87
3607355,Fred Resch,10,168577,2013-05-10,NWOC Novice Districts,6,3000 Meters,0,0,11,11:01.47
1419539,Miriam Marsh,12,168577,2013-05-10,NWOC Novice Districts,24,3000 Meters,0,0,1,14:04.44
1419539,Miriam Marsh,12,168577,2013-05-10,NWOC Novice Districts,24,3000 Meters,0,0,2,14:14.35
3949123,Guinevere Duncan,10,168577,2013-05-10,NWOC Novice Districts,28,100m Hurdles,0,0,3,18.83a
3949163,Sam Palladino,10,168577,2013-05-10,NWOC Novice Districts,28,100m Hurdles,0,0,6,20.78a
5139416,Whitney Marks,9,168577,2013-05-10,NWOC Novice Districts,28,100m Hurdles,0,0,10,24.30a
5139184,Brad Bergstrom,9,168577,2013-05-10,NWOC Novice Districts,10,110m Hurdles,0,0,4,20.12a
5139361,Mckay Bishop,9,168577,2013-05-10,NWOC Novice Districts,10,110m Hurdles,0,0,5,20.29a
1902013,Blake Schaefer,12,168577,2013-05-10,NWOC Novice Districts,10,110m Hurdles,0,0,8,21.59a
5139184,Brad Bergstrom,9,168577,2013-05-10,NWOC Novice Districts,11,300m Hurdles,0,0,4,48.49a
3607347,Erik Davis,10,168577,2013-05-10,NWOC Novice Districts,11,300m Hurdles,0,0,7,53.13a
3949123,Guinevere Duncan,10,168577,2013-05-10,NWOC Novice Districts,29,300m Hurdles,0,0,1,51.70a
3949163,Sam Palladino,10,168577,2013-05-10,NWOC Novice Districts,29,300m Hurdles,0,0,3,55.01a
5325135,Mason Rivers,10,168577,2013-05-10,NWOC Novice Districts,7,4x100 Relay,0,1,3,46.83a
5139250,Keaton Flannery,9,168577,2013-05-10,NWOC Novice Districts,7,4x100 Relay,0,1,3,46.83a
3948969,Andrew Beaudoin,11,168577,2013-05-10,NWOC Novice Districts,7,4x100 Relay,0,1,3,46.83a
2959153,Ethan Holoch,11,168577,2013-05-10,NWOC Novice Districts,7,4x100 Relay,0,1,3,46.83a
5139334,Chris Schapp,9,168577,2013-05-10,NWOC Novice Districts,7,4x100 Relay,0,1,10,53.21a
5139319,Fabriel Nguyen,9,168577,2013-05-10,NWOC Novice Districts,7,4x100 Relay,0,1,10,53.21a
5139269,Nick Gierbrecht,9,168577,2013-05-10,NWOC Novice Districts,7,4x100 Relay,0,1,10,53.21a
5215982,Braeden Riess,11,168577,2013-05-10,NWOC Novice Districts,7,4x100 Relay,0,1,10,53.21a
6007,Relay Team,,168577,2013-05-10,NWOC Novice Districts,7,4x100 Relay,0,0,12,57.09a
6017,Relay Team,,168577,2013-05-10,NWOC Novice Districts,25,4x100 Relay,0,0,2,55.72a
6007,Relay Team,,168577,2013-05-10,NWOC Novice Districts,8,4x400 Relay,0,0,2,3:50.31
3948942,Jared Denton,10,168577,2013-05-10,NWOC Novice Districts,8,4x400 Relay,0,1,7,4:02.31
3948955,Mason Ruediger,10,168577,2013-05-10,NWOC Novice Districts,8,4x400 Relay,0,1,7,4:02.31
3948946,Jayden Homer,10,168577,2013-05-10,NWOC Novice Districts,8,4x400 Relay,0,1,7,4:02.31
5139184,Brad Bergstrom,9,168577,2013-05-10,NWOC Novice Districts,8,4x400 Relay,0,1,7,4:02.31
5139346,Saul Urzua,10,168577,2013-05-10,NWOC Novice Districts,12,Shot Put,1,0,5,35-05.50
5139266,Brandon Gatlin,9,168577,2013-05-10,NWOC Novice Districts,12,Shot Put,1,0,6,35-01.00
5139327,Zachary Rome,9,168577,2013-05-10,NWOC Novice Districts,12,Shot Put,1,0,8,34-10.50
5139180,Kaidyan Barnes,10,168577,2013-05-10,NWOC Novice Districts,12,Shot Put,1,0,14,32-07.50
5139177,Michael Alley,12,168577,2013-05-10,NWOC Novice Districts,12,Shot Put,1,0,15,32-04.50
5215982,Braeden Riess,11,168577,2013-05-10,NWOC Novice Districts,12,Shot Put,1,0,19,32-00.00
5139239,Alex Douglas,9,168577,2013-05-10,NWOC Novice Districts,12,Shot Put,1,0,20,31-09.00
5139237,Brandon Douglas,9,168577,2013-05-10,NWOC Novice Districts,12,Shot Put,1,0,34,25-04.00
5215978,Thanopong Khongiamphithee,12,168577,2013-05-10,NWOC Novice Districts,12,Shot Put,1,0,39,22-04.50
3949107,Mackenzie Howell,11,168577,2013-05-10,NWOC Novice Districts,30,Shot Put,1,0,1,31-01.00
2959348,Charity Doyel,11,168577,2013-05-10,NWOC Novice Districts,30,Shot Put,1,0,3,28-10.00
3949179,Madison Stephens,10,168577,2013-05-10,NWOC Novice Districts,30,Shot Put,1,0,8,23-07.00
5139416,Whitney Marks,9,168577,2013-05-10,NWOC Novice Districts,30,Shot Put,1,0,13,22-00.00
1419539,Miriam Marsh,12,168577,2013-05-10,NWOC Novice Districts,30,Shot Put,1,0,21,18-11.00
5139312,James Musser,12,168577,2013-05-10,NWOC Novice Districts,13,Discus,1,0,6,96-04
2959274,Hector Solis,11,168577,2013-05-10,NWOC Novice Districts,13,Discus,1,0,13,86-09
5139346,Saul Urzua,10,168577,2013-05-10,NWOC Novice Districts,13,Discus,1,0,14,86-00
5139239,Alex Douglas,9,168577,2013-05-10,NWOC Novice Districts,13,Discus,1,0,21,77-00
5139334,Chris Schapp,9,168577,2013-05-10,NWOC Novice Districts,13,Discus,1,0,28,71-07
5139237,Brandon Douglas,9,168577,2013-05-10,NWOC Novice Districts,13,Discus,1,0,32,67-03
5139310,Sam Morrey,11,168577,2013-05-10,NWOC Novice Districts,13,Discus,1,0,33,66-08
5139327,Zachary Rome,9,168577,2013-05-10,NWOC Novice Districts,13,Discus,1,0,36,65-02
2959348,Charity Doyel,11,168577,2013-05-10,NWOC Novice Districts,31,Discus,1,0,1,102-03
3949107,Mackenzie Howell,11,168577,2013-05-10,NWOC Novice Districts,31,Discus,1,0,2,97-07
2959513,Tess Newberry,11,168577,2013-05-10,NWOC Novice Districts,31,Discus,1,0,3,87-01
3949179,Madison Stephens,10,168577,2013-05-10,NWOC Novice Districts,31,Discus,1,0,21,51-11
5215982,Braeden Riess,11,168577,2013-05-10,NWOC Novice Districts,14,Javelin,1,0,5,118-09
5139312,James Musser,12,168577,2013-05-10,NWOC Novice Districts,14,Javelin,1,0,8,113-00
5139287,Quentin Kelley,9,168577,2013-05-10,NWOC Novice Districts,14,Javelin,1,0,10,111-00
5139239,Alex Douglas,9,168577,2013-05-10,NWOC Novice Districts,14,Javelin,1,0,16,100-00
1902013,Blake Schaefer,12,168577,2013-05-10,NWOC Novice Districts,14,Javelin,1,0,23,87-04
2959278,Parker Southwick,11,168577,2013-05-10,NWOC Novice Districts,14,Javelin,1,0,25,83-03
5139237,Brandon Douglas,9,168577,2013-05-10,NWOC Novice Districts,14,Javelin,1,0,34,73-00
5139310,Sam Morrey,11,168577,2013-05-10,NWOC Novice Districts,14,Javelin,1,0,35,71-03
5215978,Thanopong Khongiamphithee,12,168577,2013-05-10,NWOC Novice Districts,14,Javelin,1,0,37,69-03
5139330,Gage Cornet,9,168577,2013-05-10,NWOC Novice Districts,14,Javelin,1,0,42,52-07
5139319,Fabriel Nguyen,9,168577,2013-05-10,NWOC Novice Districts,14,Javelin,1,0,43,44-00
2959348,Charity Doyel,11,168577,2013-05-10,NWOC Novice Districts,32,Javelin,1,0,1,99-02
3949107,Mackenzie Howell,11,168577,2013-05-10,NWOC Novice Districts,32,Javelin,1,0,3,82-02
3949179,Madison Stephens,10,168577,2013-05-10,NWOC Novice Districts,32,Javelin,1,0,5,80-00
4687918,Riley Goff,10,168577,2013-05-10,NWOC Novice Districts,32,Javelin,1,0,17,36-09
4677699,Jared Hawk,9,168577,2013-05-10,NWOC Novice Districts,9,High Jump,1,0,4,4-08.00
5215975,Kyle Homer,9,168577,2013-05-10,NWOC Novice Districts,16,Pole Vault,1,0,6,9-00.00
3948998,Cameron Gilmer,11,168577,2013-05-10,NWOC Novice Districts,16,Pole Vault,1,0,8,9-00.00
1902013,Blake Schaefer,12,168577,2013-05-10,NWOC Novice Districts,16,Pole Vault,1,0,14,8-06.00
5139330,Gage Cornet,9,168577,2013-05-10,NWOC Novice Districts,16,Pole Vault,1,0,17,7-06.00
5139312,James Musser,12,168577,2013-05-10,NWOC Novice Districts,16,Pole Vault,1,0,18,7-00.00
5139432,Claire Penrod,9,168577,2013-05-10,NWOC Novice Districts,34,Pole Vault,1,0,1,7-06.00
5277699,Lizzy Lausin,10,168577,2013-05-10,NWOC Novice Districts,34,Pole Vault,1,0,2,7-00.00
3607382,Jessalyn Valdez,10,168577,2013-05-10,NWOC Novice Districts,34,Pole Vault,1,0,3,7-00.00
4687918,Riley Goff,10,168577,2013-05-10,NWOC Novice Districts,34,Pole Vault,1,0,5,6-06.00
5325135,Mason Rivers,10,168577,2013-05-10,NWOC Novice Districts,17,Long Jump,1,0,2,19-08.00
2959100,Iain Cassidy,11,168577,2013-05-10,NWOC Novice Districts,17,Long Jump,1,0,9,16-10.50
5215980,Robert Leach,9,168577,2013-05-10,NWOC Novice Districts,17,Long Jump,1,0,17,15-06.00
5139310,Sam Morrey,11,168577,2013-05-10,NWOC Novice Districts,17,Long Jump,1,0,21,13-05.75
3949107,Mackenzie Howell,11,168577,2013-05-10,NWOC Novice Districts,35,Long Jump,1,0,5,13-05.50
3949179,Madison Stephens,10,168577,2013-05-10,NWOC Novice Districts,35,Long Jump,1,0,12,11-05.50
2959108,Alex Edgell,11,168577,2013-05-10,NWOC Novice Districts,18,Triple Jump,1,0,2,37-09.25
2959274,Hector Solis,11,168577,2013-05-10,NWOC Novice Districts,18,Triple Jump,1,0,4,37-05.50
2959100,Iain Cassidy,11,168577,2013-05-10,NWOC Novice Districts,18,Triple Jump,1,0,8,35-01.75
5215980,Robert Leach,9,168577,2013-05-10,NWOC Novice Districts,18,Triple Jump,1,0,14,32-07.75
5139310,Sam Morrey,11,168577,2013-05-10,NWOC Novice Districts,18,Triple Jump,1,0,15,29-05.00
5139287,Quentin Kelley,9,168577,2013-05-10,NWOC Novice Districts,18,Triple Jump,1,0,16,29-03.50
1902012,Chris Roth,12,168578,2013-05-16,NWOC Conference Championships Day 1,6,3000 Meters,0,0,6,9:41.00a
5376682,Joshua Moats,10,168578,2013-05-16,NWOC Conference Championships Day 1,6,3000 Meters,0,0,9,9:53.86a
5139221,Olsen Cottle,11,168578,2013-05-16,NWOC Conference Championships Day 1,6,3000 Meters,0,0,10,9:56.30a
3607366,Madison Budge,10,168578,2013-05-16,NWOC Conference Championships Day 1,24,3000 Meters,0,0,3,11:24.68a
2543194,Avery Rosenbalm,11,168578,2013-05-16,NWOC Conference Championships Day 1,24,3000 Meters,0,0,8,11:45.67a
5139475,Kelly Roth,9,168578,2013-05-16,NWOC Conference Championships Day 1,24,3000 Meters,0,0,11,12:15.78a
2959271,Logan Smith,12,168578,2013-05-16,NWOC Conference Championships Day 1,12,Shot Put,1,0,2,48'08.75
3019139,Ryan Jurgens,11,168578,2013-05-16,NWOC Conference Championships Day 1,12,Shot Put,1,0,13,40'01.25
3949001,Cornelius Keohane,11,168578,2013-05-16,NWOC Conference Championships Day 1,13,Discus,1,0,12,112'11
3019139,Ryan Jurgens,11,168578,2013-05-16,NWOC Conference Championships Day 1,13,Discus,1,0,14,111'08
2959271,Logan Smith,12,168578,2013-05-16,NWOC Conference Championships Day 1,13,Discus,1,0,15,110'09
11241389,Payge Cuthbertson,9,168578,2013-05-16,NWOC Conference Championships Day 1,32,Javelin,1,0,2,120'05
2959337,Elyse Cuthbertson,11,168578,2013-05-16,NWOC Conference Championships Day 1,32,Javelin,1,0,3,114'00
1452005,Emily Hamilton,12,168578,2013-05-16,NWOC Conference Championships Day 1,32,Javelin,1,0,4,111'10
2959511,Kai Morgan,11,168578,2013-05-16,NWOC Conference Championships Day 1,27,High Jump,1,0,8,4'06.00
2959462,Sydney McCarthy,12,168578,2013-05-16,NWOC Conference Championships Day 1,27,High Jump,1,0,9,4'04.00
1419528,Andrew Hamburger,12,168578,2013-05-16,NWOC Conference Championships Day 1,16,Pole Vault,1,0,9,10'06.00
1902016,Michael Sheehan,12,168578,2013-05-16,NWOC Conference Championships Day 1,16,Pole Vault,1,0,13,10'00.00
3949012,Conner Duppenthaler,12,168578,2013-05-16,NWOC Conference Championships Day 1,17,Long Jump,1,0,9,19'05.00
2959281,Bailey States,11,168578,2013-05-16,NWOC Conference Championships Day 1,17,Long Jump,1,0,14,17'09.50
3949014,Vernon Johnson,12,168578,2013-05-16,NWOC Conference Championships Day 1,17,Long Jump,1,0,19,16'05.50
3949161,Mikala Otto,10,168578,2013-05-16,NWOC Conference Championships Day 1,35,Long Jump,1,0,2,16'05.00
1901996,Jessica Imbrie,12,168578,2013-05-16,NWOC Conference Championships Day 1,35,Long Jump,1,0,5,15'10.50
2959372,Emily Harris,11,168578,2013-05-16,NWOC Conference Championships Day 1,35,Long Jump,1,0,8,15'04.50
1902008,Cristian Morris,12,168579,2013-05-17,NWOC Conference Championships Day 2,1,100 Meters,0,0,2,11.26a
5139248,Emil Eriksson,12,168579,2013-05-17,NWOC Conference Championships Day 2,1,100 Meters,0,0,5,11.45a
6236839,Noah Battle,12,168579,2013-05-17,NWOC Conference Championships Day 2,1,100 Meters,0,0,6,11.50a
3949161,Mikala Otto,10,168579,2013-05-17,NWOC Conference Championships Day 2,19,100 Meters,0,0,6,13.64a
3949131,Emily Johansen,10,168579,2013-05-17,NWOC Conference Championships Day 2,19,100 Meters,0,0,6,13.64a
1902008,Cristian Morris,12,168579,2013-05-17,NWOC Conference Championships Day 2,2,200 Meters,0,0,2,22.92a
5139248,Emil Eriksson,12,168579,2013-05-17,NWOC Conference Championships Day 2,2,200 Meters,0,0,3,22.95a
5139322,Hunter Pfefferkorn,11,168579,2013-05-17,NWOC Conference Championships Day 2,2,200 Meters,0,0,8,26.80a
1901996,Jessica Imbrie,12,168579,2013-05-17,NWOC Conference Championships Day 2,20,200 Meters,0,0,1,26.00a
3949131,Emily Johansen,10,168579,2013-05-17,NWOC Conference Championships Day 2,20,200 Meters,0,0,6,27.64a
5139322,Hunter Pfefferkorn,11,168579,2013-05-17,NWOC Conference Championships Day 2,3,400 Meters,0,0,1,50.26a
2979993,Cole Nixon,11,168579,2013-05-17,NWOC Conference Championships Day 2,3,400 Meters,0,0,5,52.40a
1901996,Jessica Imbrie,12,168579,2013-05-17,NWOC Conference Championships Day 2,21,400 Meters,0,0,1,58.07a
37036,Cody Thompson,12,168579,2013-05-17,NWOC Conference Championships Day 2,4,800 Meters,0,0,1,1:58.58a
3684055,Sam Mckibbon,10,168579,2013-05-17,NWOC Conference Championships Day 2,22,800 Meters,0,0,5,2:34.90a
4036463,Morgan Lite,10,168579,2013-05-17,NWOC Conference Championships Day 2,22,800 Meters,0,0,8,2:44.89a
1902012,Chris Roth,12,168579,2013-05-17,NWOC Conference Championships Day 2,5,1500 Meters,0,0,9,4:26.28a
5139221,Olsen Cottle,11,168579,2013-05-17,NWOC Conference Championships Day 2,5,1500 Meters,0,0,15,4:35.64a
3607366,Madison Budge,10,168579,2013-05-17,NWOC Conference Championships Day 2,23,1500 Meters,0,0,7,5:18.92a
3949167,Bridget Palmer,10,168579,2013-05-17,NWOC Conference Championships Day 2,23,1500 Meters,0,0,12,5:34.77a
2543194,Avery Rosenbalm,11,168579,2013-05-17,NWOC Conference Championships Day 2,23,1500 Meters,0,0,15,5:44.75a
1902012,Chris Roth,12,168579,2013-05-17,NWOC Conference Championships Day 2,6,3000 Meters,0,0,6,9:41.00a
5376682,Joshua Moats,10,168579,2013-05-17,NWOC Conference Championships Day 2,6,3000 Meters,0,0,9,9:53.86a
5139221,Olsen Cottle,11,168579,2013-05-17,NWOC Conference Championships Day 2,6,3000 Meters,0,0,10,9:56.30a
3607366,Madison Budge,10,168579,2013-05-17,NWOC Conference Championships Day 2,24,3000 Meters,0,0,3,11:24.68a
2543194,Avery Rosenbalm,11,168579,2013-05-17,NWOC Conference Championships Day 2,24,3000 Meters,0,0,8,11:45.67a
5139475,Kelly Roth,9,168579,2013-05-17,NWOC Conference Championships Day 2,24,3000 Meters,0,0,11,12:15.78a
3607379,Rebekah Quaglio,10,168579,2013-05-17,NWOC Conference Championships Day 2,28,100m Hurdles,0,0,2,16.66a
2959523,Madeline Rogers,11,168579,2013-05-17,NWOC Conference Championships Day 2,28,100m Hurdles,0,0,7,18.17a
2959285,Tyler Thayer,11,168579,2013-05-17,NWOC Conference Championships Day 2,11,300m Hurdles,0,0,8,44.69a
5139426,Morgan McMasters,9,168579,2013-05-17,NWOC Conference Championships Day 2,29,300m Hurdles,0,0,3,50.34a
6236839,Noah Battle,12,168579,2013-05-17,NWOC Conference Championships Day 2,7,4x100 Relay,0,1,1,43.05a
3949012,Conner Duppenthaler,12,168579,2013-05-17,NWOC Conference Championships Day 2,7,4x100 Relay,0,1,2,43.62a
3949014,Vernon Johnson,12,168579,2013-05-17,NWOC Conference Championships Day 2,7,4x100 Relay,0,1,2,43.62a
1902008,Cristian Morris,12,168579,2013-05-17,NWOC Conference Championships Day 2,7,4x100 Relay,0,1,2,43.62a
2979993,Cole Nixon,11,168579,2013-05-17,NWOC Conference Championships Day 2,7,4x100 Relay,0,1,2,43.62a
1901996,Jessica Imbrie,12,168579,2013-05-17,NWOC Conference Championships Day 2,25,4x100 Relay,0,1,3,51.49a
2959517,Marina Parker,11,168579,2013-05-17,NWOC Conference Championships Day 2,25,4x100 Relay,0,1,3,51.49a
2959372,Emily Harris,11,168579,2013-05-17,NWOC Conference Championships Day 2,25,4x100 Relay,0,1,3,51.49a
1901995,Mikayla Howes,12,168579,2013-05-17,NWOC Conference Championships Day 2,25,4x100 Relay,0,1,3,51.49a
5139248,Emil Eriksson,12,168579,2013-05-17,NWOC Conference Championships Day 2,8,4x400 Relay,0,1,1,3:25.59a
2979993,Cole Nixon,11,168579,2013-05-17,NWOC Conference Championships Day 2,8,4x400 Relay,0,1,1,3:25.59a
1902008,Cristian Morris,12,168579,2013-05-17,NWOC Conference Championships Day 2,8,4x400 Relay,0,1,1,3:25.59a
37036,Cody Thompson,12,168579,2013-05-17,NWOC Conference Championships Day 2,8,4x400 Relay,0,1,1,3:25.59a
6236839,Noah Battle,12,168579,2013-05-17,NWOC Conference Championships Day 2,8,4x400 Relay,0,1,4,3:31.15a
2959372,Emily Harris,11,168579,2013-05-17,NWOC Conference Championships Day 2,26,4x400 Relay,0,1,6,4:24.24a
2959517,Marina Parker,11,168579,2013-05-17,NWOC Conference Championships Day 2,26,4x400 Relay,0,1,6,4:24.24a
3607379,Rebekah Quaglio,10,168579,2013-05-17,NWOC Conference Championships Day 2,26,4x400 Relay,0,1,6,4:24.24a
3949131,Emily Johansen,10,168579,2013-05-17,NWOC Conference Championships Day 2,26,4x400 Relay,0,1,6,4:24.24a
2959271,Logan Smith,12,168579,2013-05-17,NWOC Conference Championships Day 2,12,Shot Put,1,0,2,48'08.75
3019139,Ryan Jurgens,11,168579,2013-05-17,NWOC Conference Championships Day 2,12,Shot Put,1,0,13,40'01.25
2959337,Elyse Cuthbertson,11,168579,2013-05-17,NWOC Conference Championships Day 2,30,Shot Put,1,0,2,36'05.50
1452005,Emily Hamilton,12,168579,2013-05-17,NWOC Conference Championships Day 2,30,Shot Put,1,0,3,34'07.25
3949170,Avery Pierce,10,168579,2013-05-17,NWOC Conference Championships Day 2,30,Shot Put,1,0,11,30'01.00
3949001,Cornelius Keohane,11,168579,2013-05-17,NWOC Conference Championships Day 2,13,Discus,1,0,12,112'11
3019139,Ryan Jurgens,11,168579,2013-05-17,NWOC Conference Championships Day 2,13,Discus,1,0,14,111'08
2959271,Logan Smith,12,168579,2013-05-17,NWOC Conference Championships Day 2,13,Discus,1,0,15,110'09
2959337,Elyse Cuthbertson,11,168579,2013-05-17,NWOC Conference Championships Day 2,31,Discus,1,0,1,117'02
1452005,Emily Hamilton,12,168579,2013-05-17,NWOC Conference Championships Day 2,31,Discus,1,0,4,109'01
3949170,Avery Pierce,10,168579,2013-05-17,NWOC Conference Championships Day 2,31,Discus,1,0,7,91'08
1901975,Jacob Brooks,12,168579,2013-05-17,NWOC Conference Championships Day 2,14,Javelin,1,0,6,155'09
3949001,Cornelius Keohane,11,168579,2013-05-17,NWOC Conference Championships Day 2,14,Javelin,1,0,18,120'10
11241389,Payge Cuthbertson,9,168579,2013-05-17,NWOC Conference Championships Day 2,32,Javelin,1,0,2,120'05
2959337,Elyse Cuthbertson,11,168579,2013-05-17,NWOC Conference Championships Day 2,32,Javelin,1,0,3,114'00
1452005,Emily Hamilton,12,168579,2013-05-17,NWOC Conference Championships Day 2,32,Javelin,1,0,4,111'10
5139305,Ben Milligan,10,168579,2013-05-17,NWOC Conference Championships Day 2,9,High Jump,1,0,1,6'04.00
1902007,Zachary Milligan,12,168579,2013-05-17,NWOC Conference Championships Day 2,9,High Jump,1,0,2,6'03.00
4036504,Drew Harris,11,168579,2013-05-17,NWOC Conference Championships Day 2,9,High Jump,1,0,14,5'03.00
2959511,Kai Morgan,11,168579,2013-05-17,NWOC Conference Championships Day 2,27,High Jump,1,0,8,4'06.00
2959462,Sydney McCarthy,12,168579,2013-05-17,NWOC Conference Championships Day 2,27,High Jump,1,0,9,4'04.00
1419528,Andrew Hamburger,12,168579,2013-05-17,NWOC Conference Championships Day 2,16,Pole Vault,1,0,9,10'06.00
1902016,Michael Sheehan,12,168579,2013-05-17,NWOC Conference Championships Day 2,16,Pole Vault,1,0,13,10'00.00
1451999,Emily Sackinger,12,168579,2013-05-17,NWOC Conference Championships Day 2,34,Pole Vault,1,0,1,10'00.00
3607379,Rebekah Quaglio,10,168579,2013-05-17,NWOC Conference Championships Day 2,34,Pole Vault,1,0,5,7'00.00
3949012,Conner Duppenthaler,12,168579,2013-05-17,NWOC Conference Championships Day 2,17,Long Jump,1,0,9,19'05.00
2959281,Bailey States,11,168579,2013-05-17,NWOC Conference Championships Day 2,17,Long Jump,1,0,14,17'09.50
3949014,Vernon Johnson,12,168579,2013-05-17,NWOC Conference Championships Day 2,17,Long Jump,1,0,19,16'05.50
3949161,Mikala Otto,10,168579,2013-05-17,NWOC Conference Championships Day 2,35,Long Jump,1,0,2,16'05.00
1901996,Jessica Imbrie,12,168579,2013-05-17,NWOC Conference Championships Day 2,35,Long Jump,1,0,5,15'10.50
2959372,Emily Harris,11,168579,2013-05-17,NWOC Conference Championships Day 2,35,Long Jump,1,0,8,15'04.50
2959281,Bailey States,11,168579,2013-05-17,NWOC Conference Championships Day 2,18,Triple Jump,1,0,6,39'07.00
5139206,Alex Castaneda,11,168579,2013-05-17,NWOC Conference Championships Day 2,18,Triple Jump,1,0,7,39'05.00
3949161,Mikala Otto,10,168579,2013-05-17,NWOC Conference Championships Day 2,36,Triple Jump,1,0,5,33'06.50
3949121,Molly Cunningham,10,168579,2013-05-17,NWOC Conference Championships Day 2,36,Triple Jump,1,0,11,30'02.50
2959360,Jenna Gonzalez,11,168579,2013-05-17,NWOC Conference Championships Day 2,36,Triple Jump,1,0,14,26'00.25
1902008,Cristian Morris,12,167693,2013-05-25,OSAA 5A State Championships - Day 2,1,100 Meters,0,0,7,11.23a
1901996,Jessica Imbrie,12,167693,2013-05-25,OSAA 5A State Championships - Day 2,20,200 Meters,0,0,2,25.73a
5139322,Hunter Pfefferkorn,11,167693,2013-05-25,OSAA 5A State Championships - Day 2,3,400 Meters,0,0,3,49.71a
1901996,Jessica Imbrie,12,167693,2013-05-25,OSAA 5A State Championships - Day 2,21,400 Meters,0,0,4,57.87a
37036,Cody Thompson,12,167693,2013-05-25,OSAA 5A State Championships - Day 2,4,800 Meters,0,0,10,2:02.10a
6236839,Noah Battle,12,167693,2013-05-25,OSAA 5A State Championships - Day 2,7,4x100 Relay,0,1,1,43.22a
5139322,Hunter Pfefferkorn,11,167693,2013-05-25,OSAA 5A State Championships - Day 2,7,4x100 Relay,0,1,5,43.66a
2979993,Cole Nixon,11,167693,2013-05-25,OSAA 5A State Championships - Day 2,7,4x100 Relay,0,1,5,43.66a
5139248,Emil Eriksson,12,167693,2013-05-25,OSAA 5A State Championships - Day 2,7,4x100 Relay,0,1,5,43.66a
1902008,Cristian Morris,12,167693,2013-05-25,OSAA 5A State Championships - Day 2,7,4x100 Relay,0,1,5,43.66a
1902008,Cristian Morris,12,167693,2013-05-25,OSAA 5A State Championships - Day 2,8,4x400 Relay,0,1,1,3:24.78a
5139248,Emil Eriksson,12,167693,2013-05-25,OSAA 5A State Championships - Day 2,8,4x400 Relay,0,1,1,3:24.78a
2979993,Cole Nixon,11,167693,2013-05-25,OSAA 5A State Championships - Day 2,8,4x400 Relay,0,1,1,3:24.78a
5139322,Hunter Pfefferkorn,11,167693,2013-05-25,OSAA 5A State Championships - Day 2,8,4x400 Relay,0,1,1,3:24.78a
2959271,Logan Smith,12,167693,2013-05-25,OSAA 5A State Championships - Day 2,12,Shot Put,1,0,4,49-01.25
2959337,Elyse Cuthbertson,11,167693,2013-05-25,OSAA 5A State Championships - Day 2,30,Shot Put,1,0,3,37-10.00
2959337,Elyse Cuthbertson,11,167693,2013-05-25,OSAA 5A State Championships - Day 2,31,Discus,1,0,2,120-01
11241389,Payge Cuthbertson,9,167693,2013-05-25,OSAA 5A State Championships - Day 2,32,Javelin,1,0,8,107-01
1902007,Zachary Milligan,12,167693,2013-05-25,OSAA 5A State Championships - Day 2,9,High Jump,1,0,2,6-06.00
5139305,Ben Milligan,10,167693,2013-05-25,OSAA 5A State Championships - Day 2,9,High Jump,1,0,3,6-05.00
1451999,Emily Sackinger,12,167693,2013-05-25,OSAA 5A State Championships - Day 2,34,Pole Vault,1,0,6,9-06.00
3949161,Mikala Otto,10,167693,2013-05-25,OSAA 5A State Championships - Day 2,35,Long Jump,1,0,13,15-02.75
6444575,Kameron Price,9,197870,2014-05-09,NWOC Novice Districts,1,100 Meters,0,0,15,12.35
6444562,Ke'Shawn Johnson,9,197870,2014-05-09,NWOC Novice Districts,1,100 Meters,0,0,18,12.40
5139184,Brad Bergstrom,10,197870,2014-05-09,NWOC Novice Districts,1,100 Meters,0,0,31,13.12
5139361,Mckay Bishop,10,197870,2014-05-09,NWOC Novice Districts,1,100 Meters,0,0,32,13.17
6527928,Parker Christenson,10,197870,2014-05-09,NWOC Novice Districts,1,100 Meters,0,0,35,13.29
6444564,Austin Jones,9,197870,2014-05-09,NWOC Novice Districts,1,100 Meters,0,0,45,13.74a
5845345,Justin Cotten,9,197870,2014-05-09,NWOC Novice Districts,1,100 Meters,0,0,51,14.00a
5139315,Bryan Ngo,10,197870,2014-05-09,NWOC Novice Districts,1,100 Meters,0,0,56,14.12a
5139216,Nathan Christensen,11,197870,2014-05-09,NWOC Novice Districts,1,100 Meters,0,0,49,13.84
5845395,Katelyn Metzger,9,197870,2014-05-09,NWOC Novice Districts,19,100 Meters,0,0,1,14.32a
5139417,Abby Masley,10,197870,2014-05-09,NWOC Novice Districts,19,100 Meters,0,0,3,14.50a
6444324,Calahan Crawford,9,197870,2014-05-09,NWOC Novice Districts,19,100 Meters,0,0,4,14.69a
6528832,Haedyn Holm,9,197870,2014-05-09,NWOC Novice Districts,19,100 Meters,0,0,6,14.77a
5139325,Riley Roeter,10,197870,2014-05-09,NWOC Novice Districts,19,100 Meters,0,0,8,14.85a
6444355,Sara Ernst,9,197870,2014-05-09,NWOC Novice Districts,19,100 Meters,0,0,9,14.95a
5139436,Nicole Pfeifer,10,197870,2014-05-09,NWOC Novice Districts,19,100 Meters,0,0,15,15.90a
5139483,Natasha Shellans,12,197870,2014-05-09,NWOC Novice Districts,19,100 Meters,0,0,13,15.80
5215974,Dayna Grove,10,197870,2014-05-09,NWOC Novice Districts,19,100 Meters,0,0,22,16.69a
5139341,Brandon Thompson,10,197870,2014-05-09,NWOC Novice Districts,2,200 Meters,0,0,4,25.07a
3948946,Jayden Homer,11,197870,2014-05-09,NWOC Novice Districts,2,200 Meters,0,0,8,25.71a
6444562,Ke'Shawn Johnson,9,197870,2014-05-09,NWOC Novice Districts,2,200 Meters,0,0,16,26.51a
5215975,Kyle Homer,10,197870,2014-05-09,NWOC Novice Districts,2,200 Meters,0,0,22,27.36a
6444464,Emma Smith,9,197870,2014-05-09,NWOC Novice Districts,20,200 Meters,0,0,1,29.45a
5845395,Katelyn Metzger,9,197870,2014-05-09,NWOC Novice Districts,20,200 Meters,0,0,2,29.76a
5139417,Abby Masley,10,197870,2014-05-09,NWOC Novice Districts,20,200 Meters,0,0,4,30.26a
5139325,Riley Roeter,10,197870,2014-05-09,NWOC Novice Districts,20,200 Meters,0,0,5,30.80a
5139399,Bailey Holloway,10,197870,2014-05-09,NWOC Novice Districts,20,200 Meters,0,0,7,31.35a
6528832,Haedyn Holm,9,197870,2014-05-09,NWOC Novice Districts,20,200 Meters,0,0,8,31.75a
5139436,Nicole Pfeifer,10,197870,2014-05-09,NWOC Novice Districts,20,200 Meters,0,0,10,33.49a
5215974,Dayna Grove,10,197870,2014-05-09,NWOC Novice Districts,20,200 Meters,0,0,11,33.97a
5139341,Brandon Thompson,10,197870,2014-05-09,NWOC Novice Districts,3,400 Meters,0,0,1,54.88a
5215975,Kyle Homer,10,197870,2014-05-09,NWOC Novice Districts,3,400 Meters,0,0,6,1:00.08a
5845395,Katelyn Metzger,9,197870,2014-05-09,NWOC Novice Districts,21,400 Meters,0,0,1,1:07.47a
6444441,Jaidah Moullet-Dozier,9,197870,2014-05-09,NWOC Novice Districts,21,400 Meters,0,0,2,1:08.94a
5845348,Noah Czerwinski,9,197870,2014-05-09,NWOC Novice Districts,4,800 Meters,0,0,8,2:26.45a
5845359,Henry Rummerfield,9,197870,2014-05-09,NWOC Novice Districts,4,800 Meters,0,0,15,2:33.78a
6444531,Ian Anderson,9,197870,2014-05-09,NWOC Novice Districts,4,800 Meters,0,0,25,2:54.13a
5845348,Noah Czerwinski,9,197870,2014-05-09,NWOC Novice Districts,5,1500 Meters,0,0,8,4:54.73a
3607355,Fred Resch,11,197870,2014-05-09,NWOC Novice Districts,5,1500 Meters,0,0,12,4:58.73a
5845359,Henry Rummerfield,9,197870,2014-05-09,NWOC Novice Districts,5,1500 Meters,0,0,18,5:08.21a
6444567,Cam Moats,9,197870,2014-05-09,NWOC Novice Districts,5,1500 Meters,0,0,24,5:12.80a
6444552,Seth Dummer,9,197870,2014-05-09,NWOC Novice Districts,5,1500 Meters,0,0,27,5:21.20a
6444589,Joe Windheim,9,197870,2014-05-09,NWOC Novice Districts,5,1500 Meters,0,0,33,5:33.78a
6444587,Brandon Wessels,11,197870,2014-05-09,NWOC Novice Districts,5,1500 Meters,0,0,35,5:43.36a
5845390,Mary Smith,9,197870,2014-05-09,NWOC Novice Districts,23,1500 Meters,0,0,3,6:03.92a
6444468,Calista Thompson,11,197870,2014-05-09,NWOC Novice Districts,23,1500 Meters,0,0,11,6:34.04a
4677624,Kathleen Resch,10,197870,2014-05-09,NWOC Novice Districts,23,1500 Meters,0,0,12,6:36.19a
6444414,Abbie Hite,11,197870,2014-05-09,NWOC Novice Districts,23,1500 Meters,0,0,15,6:53.54a
6444326,Ali Amato,9,197870,2014-05-09,NWOC Novice Districts,23,1500 Meters,0,0,16,6:53.71a
6444475,Kaitlyn Wagner,9,197870,2014-05-09,NWOC Novice Districts,23,1500 Meters,0,0,17,7:12.56a
6444440,MyRanda McSmith,9,197870,2014-05-09,NWOC Novice Districts,23,1500 Meters,0,0,18,7:19.97a
3607355,Fred Resch,11,197870,2014-05-09,NWOC Novice Districts,6,3000 Meters,0,0,6,10:58.80a
5139475,Kelly Roth,10,197870,2014-05-09,NWOC Novice Districts,24,3000 Meters,0,0,2,12:48.01a
6591794,Kamry Milne,10,197870,2014-05-09,NWOC Novice Districts,28,100m Hurdles,0,0,4,19.63
5845384,Emmy Hensley,9,197870,2014-05-09,NWOC Novice Districts,28,100m Hurdles,0,0,6,20.00
6444431,Maddie Kelso,9,197870,2014-05-09,NWOC Novice Districts,28,100m Hurdles,0,0,7,21.57
5139184,Brad Bergstrom,10,197870,2014-05-09,NWOC Novice Districts,10,110m Hurdles,0,0,2,17.87a
5139361,Mckay Bishop,10,197870,2014-05-09,NWOC Novice Districts,10,110m Hurdles,0,0,3,18.14a
6527928,Parker Christenson,10,197870,2014-05-09,NWOC Novice Districts,10,110m Hurdles,0,0,5,19.55a
4677692,Andrew Hurley,10,197870,2014-05-09,NWOC Novice Districts,10,110m Hurdles,0,0,7,20.48
5139184,Brad Bergstrom,10,197870,2014-05-09,NWOC Novice Districts,11,300m Hurdles,0,0,3,47.38a
5139361,Mckay Bishop,10,197870,2014-05-09,NWOC Novice Districts,11,300m Hurdles,0,0,4,48.35a
6527928,Parker Christenson,10,197870,2014-05-09,NWOC Novice Districts,11,300m Hurdles,0,0,5,50.47a
4677692,Andrew Hurley,10,197870,2014-05-09,NWOC Novice Districts,11,300m Hurdles,0,0,8,52.04a
5845384,Emmy Hensley,9,197870,2014-05-09,NWOC Novice Districts,29,300m Hurdles,0,0,3,56.93a
6444431,Maddie Kelso,9,197870,2014-05-09,NWOC Novice Districts,29,300m Hurdles,0,0,6,1:05.42a
5139341,Brandon Thompson,10,197870,2014-05-09,NWOC Novice Districts,8,4x400 Relay,0,1,2,4:00.73a
3948946,Jayden Homer,11,197870,2014-05-09,NWOC Novice Districts,8,4x400 Relay,0,1,2,4:00.73a
5215975,Kyle Homer,10,197870,2014-05-09,NWOC Novice Districts,8,4x400 Relay,0,1,2,4:00.73a
6444552,Seth Dummer,9,197870,2014-05-09,NWOC Novice Districts,8,4x400 Relay,0,1,2,4:00.73a
6527928,Parker Christenson,10,197870,2014-05-09,NWOC Novice Districts,8,4x400 Relay,0,1,6,4:19.25a
5139184,Brad Bergstrom,10,197870,2014-05-09,NWOC Novice Districts,8,4x400 Relay,0,1,6,4:19.25a
5139361,Mckay Bishop,10,197870,2014-05-09,NWOC Novice Districts,8,4x400 Relay,0,1,6,4:19.25a
4677692,Andrew Hurley,10,197870,2014-05-09,NWOC Novice Districts,8,4x400 Relay,0,1,6,4:19.25a
5215982,Braeden Riess,12,197870,2014-05-09,NWOC Novice Districts,12,Shot Put,1,0,5,36-02.00
5139334,Chris Schapp,10,197870,2014-05-09,NWOC Novice Districts,12,Shot Put,1,0,15,31-09.00
6444417,Angel Houston,9,197870,2014-05-09,NWOC Novice Districts,30,Shot Put,1,0,6,23-10.00
6444470,Iliana Urzua,9,197870,2014-05-09,NWOC Novice Districts,30,Shot Put,1,0,8,23-03.00
3949179,Madison Stephens,11,197870,2014-05-09,NWOC Novice Districts,30,Shot Put,1,0,11,21-09.50
6444347,Addison Deboer,9,197870,2014-05-09,NWOC Novice Districts,30,Shot Put,1,0,21,16-05.50
6444582,Garrett Schweigert,9,197870,2014-05-09,NWOC Novice Districts,13,Discus,1,0,5,86-04
5215982,Braeden Riess,12,197870,2014-05-09,NWOC Novice Districts,13,Discus,1,0,7,83-06
5139334,Chris Schapp,10,197870,2014-05-09,NWOC Novice Districts,13,Discus,1,0,27,68-07
6444565,Jarrett Joy,9,197870,2014-05-09,NWOC Novice Districts,13,Discus,1,0,30,67-07
6444555,Wesley Farner,9,197870,2014-05-09,NWOC Novice Districts,13,Discus,1,0,31,67-03
3949179,Madison Stephens,11,197870,2014-05-09,NWOC Novice Districts,31,Discus,1,0,11,55-10
6444470,Iliana Urzua,9,197870,2014-05-09,NWOC Novice Districts,31,Discus,1,0,12,54-07
6444417,Angel Houston,9,197870,2014-05-09,NWOC Novice Districts,31,Discus,1,0,13,53-08
6444347,Addison Deboer,9,197870,2014-05-09,NWOC Novice Districts,31,Discus,1,0,24,43-04
6444432,Sophia Klaus,9,197870,2014-05-09,NWOC Novice Districts,31,Discus,1,0,31,29-06
5215982,Braeden Riess,12,197870,2014-05-09,NWOC Novice Districts,14,Javelin,1,0,2,125-04
6444586,Tristan Watts,9,197870,2014-05-09,NWOC Novice Districts,14,Javelin,1,0,6,113-03
6444565,Jarrett Joy,9,197870,2014-05-09,NWOC Novice Districts,14,Javelin,1,0,12,100-05
6444555,Wesley Farner,9,197870,2014-05-09,NWOC Novice Districts,14,Javelin,1,0,18,95-07
6444582,Garrett Schweigert,9,197870,2014-05-09,NWOC Novice Districts,14,Javelin,1,0,21,92-00
6444561,Tyler Irvin,9,197870,2014-05-09,NWOC Novice Districts,14,Javelin,1,0,23,91-07
5845343,Tyler Christensen,9,197870,2014-05-09,NWOC Novice Districts,14,Javelin,1,0,28,82-03
6444590,Ben Wiren,9,197870,2014-05-09,NWOC Novice Districts,14,Javelin,1,0,30,81-05
6444539,Peter Bigelow,9,197870,2014-05-09,NWOC Novice Districts,14,Javelin,1,0,32,75-08
6607884,Andrew Cichoski,9,197870,2014-05-09,NWOC Novice Districts,14,Javelin,1,0,34,67-10
6444566,Nicholas Miffin,9,197870,2014-05-09,NWOC Novice Districts,14,Javelin,1,0,36,57-01
3949119,Lena Cottrell,11,197870,2014-05-09,NWOC Novice Districts,32,Javelin,1,0,1,97-04
6444324,Calahan Crawford,9,197870,2014-05-09,NWOC Novice Districts,32,Javelin,1,0,2,95-05
6528832,Haedyn Holm,9,197870,2014-05-09,NWOC Novice Districts,32,Javelin,1,0,4,82-09
3949179,Madison Stephens,11,197870,2014-05-09,NWOC Novice Districts,32,Javelin,1,0,7,72-04
6444440,MyRanda McSmith,9,197870,2014-05-09,NWOC Novice Districts,32,Javelin,1,0,11,62-10
5139399,Bailey Holloway,10,197870,2014-05-09,NWOC Novice Districts,32,Javelin,1,0,13,62-05
6444459,Jamie Schaffran,9,197870,2014-05-09,NWOC Novice Districts,32,Javelin,1,0,15,55-04
6444355,Sara Ernst,9,197870,2014-05-09,NWOC Novice Districts,32,Javelin,1,0,18,51-09
5139483,Natasha Shellans,12,197870,2014-05-09,NWOC Novice Districts,32,Javelin,1,0,19,50-10
6444470,Iliana Urzua,9,197870,2014-05-09,NWOC Novice Districts,32,Javelin,1,0,29,43-11
6444471,Julia Van Leenen,12,197870,2014-05-09,NWOC Novice Districts,32,Javelin,1,0,31,42-05
6444342,Victoria Chin,9,197870,2014-05-09,NWOC Novice Districts,32,Javelin,1,0,32,39-08
6444347,Addison Deboer,9,197870,2014-05-09,NWOC Novice Districts,32,Javelin,1,0,36,35-04
6444442,Gia Nikolai,9,197870,2014-05-09,NWOC Novice Districts,32,Javelin,1,0,37,34-02
4677699,Jared Hawk,10,197870,2014-05-09,NWOC Novice Districts,9,High Jump,1,0,1,5-02.00
5139216,Nathan Christensen,11,197870,2014-05-09,NWOC Novice Districts,9,High Jump,1,0,4,4-08.00
6444471,Julia Van Leenen,12,197870,2014-05-09,NWOC Novice Districts,27,High Jump,1,0,2,4-04.00
6444324,Calahan Crawford,9,197870,2014-05-09,NWOC Novice Districts,27,High Jump,1,0,3,4-00.00
5139330,Gage Cornet,10,197870,2014-05-09,NWOC Novice Districts,16,Pole Vault,1,0,1,10-06.00
5215975,Kyle Homer,10,197870,2014-05-09,NWOC Novice Districts,16,Pole Vault,1,0,2,10-00.00
6444556,Jackson Gallahan,9,197870,2014-05-09,NWOC Novice Districts,16,Pole Vault,1,0,6,9-00.00
6591794,Kamry Milne,10,197870,2014-05-09,NWOC Novice Districts,34,Pole Vault,1,0,1,7-00.00
6444437,Caledonia McGraw,9,197870,2014-05-09,NWOC Novice Districts,34,Pole Vault,1,0,2,6-06.00
6444449,Ivy Parker,10,197870,2014-05-09,NWOC Novice Districts,34,Pole Vault,1,0,3,6-06.00
6444575,Kameron Price,9,197870,2014-05-09,NWOC Novice Districts,17,Long Jump,1,0,2,18-01.00
2959100,Iain Cassidy,12,197870,2014-05-09,NWOC Novice Districts,17,Long Jump,1,0,8,16-02.00
4677699,Jared Hawk,10,197870,2014-05-09,NWOC Novice Districts,17,Long Jump,1,0,9,16-00.25
3948946,Jayden Homer,11,197870,2014-05-09,NWOC Novice Districts,17,Long Jump,1,0,11,15-05.50
6444464,Emma Smith,9,197870,2014-05-09,NWOC Novice Districts,35,Long Jump,1,0,1,14-08.00
6444469,Emma Tognoli,9,197870,2014-05-09,NWOC Novice Districts,35,Long Jump,1,0,3,13-05.00
6444324,Calahan Crawford,9,197870,2014-05-09,NWOC Novice Districts,35,Long Jump,1,0,5,12-05.75
6444471,Julia Van Leenen,12,197870,2014-05-09,NWOC Novice Districts,35,Long Jump,1,0,7,12-05.00
2959360,Jenna Gonzalez,12,197870,2014-05-09,NWOC Novice Districts,35,Long Jump,1,0,8,12-03.50
6444459,Jamie Schaffran,9,197870,2014-05-09,NWOC Novice Districts,35,Long Jump,1,0,11,11-06.50
6444363,Sarah Hekker,9,197870,2014-05-09,NWOC Novice Districts,35,Long Jump,1,0,12,11-06.00
6444451,Cassidy Post,9,197870,2014-05-09,NWOC Novice Districts,35,Long Jump,1,0,13,11-05.75
6444426,Helle Jakobsen,12,197870,2014-05-09,NWOC Novice Districts,35,Long Jump,1,0,14,10-11.50
6444340,Sara Cerasi,12,197870,2014-05-09,NWOC Novice Districts,35,Long Jump,1,0,15,10-08.00
6444347,Addison Deboer,9,197870,2014-05-09,NWOC Novice Districts,35,Long Jump,1,0,20,8-09.00
6444462,Denise Sikula,12,197870,2014-05-09,NWOC Novice Districts,35,Long Jump,1,0,21,8-00.00
2959100,Iain Cassidy,12,197870,2014-05-09,NWOC Novice Districts,18,Triple Jump,1,0,1,34-03.75
2959360,Jenna Gonzalez,12,197870,2014-05-09,NWOC Novice Districts,36,Triple Jump,1,0,2,26-00.00
5376682,Joshua Moats,11,197871,2014-05-15,5A-1 NWOC District Championships Day 1,6,3000 Meters,0,0,7,9:41.55a
4677694,Drew Peters,10,197871,2014-05-15,5A-1 NWOC District Championships Day 1,6,3000 Meters,0,0,9,9:49.66a
4677705,Ryan Chidlaw,10,197871,2014-05-15,5A-1 NWOC District Championships Day 1,6,3000 Meters,0,0,15,10:17.22a
3607366,Madison Budge,11,197871,2014-05-15,5A-1 NWOC District Championships Day 1,24,3000 Meters,0,0,3,11:24.15a
2543194,Avery Rosenbalm,12,197871,2014-05-15,5A-1 NWOC District Championships Day 1,24,3000 Meters,0,0,7,11:58.96a
3949167,Bridget Palmer,11,197871,2014-05-15,5A-1 NWOC District Championships Day 1,24,3000 Meters,0,0,9,12:35.35a
4064193,Garrett Tremain,12,197871,2014-05-15,5A-1 NWOC District Championships Day 1,12,Shot Put,1,0,5,43-10.50
5139346,Saul Urzua,11,197871,2014-05-15,5A-1 NWOC District Championships Day 1,12,Shot Put,1,0,11,40-09.00
6444573,Brady Pierce,9,197871,2014-05-15,5A-1 NWOC District Championships Day 1,13,Discus,1,0,8,126-06
2959274,Hector Solis,12,197871,2014-05-15,5A-1 NWOC District Championships Day 1,13,Discus,1,0,12,116-00
5139346,Saul Urzua,11,197871,2014-05-15,5A-1 NWOC District Championships Day 1,13,Discus,1,0,21,100-03
2959337,Elyse Cuthbertson,12,197871,2014-05-15,5A-1 NWOC District Championships Day 1,32,Javelin,1,0,3,127-10
11241389,Payge Cuthbertson,10,197871,2014-05-15,5A-1 NWOC District Championships Day 1,32,Javelin,1,0,5,107-01
2959348,Charity Doyel,12,197871,2014-05-15,5A-1 NWOC District Championships Day 1,32,Javelin,1,0,6,102-00
6444439,Maddy McSmith,11,197871,2014-05-15,5A-1 NWOC District Championships Day 1,27,High Jump,1,0,7,4-06.00
6444351,Helena Elkins,9,197871,2014-05-15,5A-1 NWOC District Championships Day 1,27,High Jump,1,0,7,4-06.00
12149215,Nick Clark,12,197871,2014-05-15,5A-1 NWOC District Championships Day 1,17,Long Jump,1,0,15,18-06.00
5325135,Mason Rivers,11,197871,2014-05-15,5A-1 NWOC District Championships Day 1,17,Long Jump,1,0,16,18-05.25
2959281,Bailey States,12,197871,2014-05-15,5A-1 NWOC District Championships Day 1,17,Long Jump,1,0,17,18-03.00
3949161,Mikala Otto,11,197871,2014-05-15,5A-1 NWOC District Championships Day 1,35,Long Jump,1,0,3,15-11.75
5845400,Emma Rivas,9,197871,2014-05-15,5A-1 NWOC District Championships Day 1,35,Long Jump,1,0,17,13-06.75
5325135,Mason Rivers,11,197872,2014-05-16,5A-1 NWOC Dist. Championships Day 2,1,100 Meters,0,0,8,11.92a
3949131,Emily Johansen,11,197872,2014-05-16,5A-1 NWOC Dist. Championships Day 2,19,100 Meters,0,0,2,12.81a
2959517,Marina Parker,12,197872,2014-05-16,5A-1 NWOC Dist. Championships Day 2,19,100 Meters,0,0,3,12.86a
3949161,Mikala Otto,11,197872,2014-05-16,5A-1 NWOC Dist. Championships Day 2,19,100 Meters,0,0,8,13.26a
5139322,Hunter Pfefferkorn,12,197872,2014-05-16,5A-1 NWOC Dist. Championships Day 2,2,200 Meters,0,0,1,22.36a
2979993,Cole Nixon,12,197872,2014-05-16,5A-1 NWOC Dist. Championships Day 2,2,200 Meters,0,0,6,23.56a
3949131,Emily Johansen,11,197872,2014-05-16,5A-1 NWOC Dist. Championships Day 2,20,200 Meters,0,0,6,27.31a
2959517,Marina Parker,12,197872,2014-05-16,5A-1 NWOC Dist. Championships Day 2,20,200 Meters,0,0,7,27.61a
5139322,Hunter Pfefferkorn,12,197872,2014-05-16,5A-1 NWOC Dist. Championships Day 2,3,400 Meters,0,0,1,49.24a
2979993,Cole Nixon,12,197872,2014-05-16,5A-1 NWOC Dist. Championships Day 2,3,400 Meters,0,0,3,50.04a
5139440,Kameryn Price,10,197872,2014-05-16,5A-1 NWOC Dist. Championships Day 2,21,400 Meters,0,0,7,1:05.16a
5139221,Olsen Cottle,12,197872,2014-05-16,5A-1 NWOC Dist. Championships Day 2,4,800 Meters,0,0,7,2:04.15a
5845338,Matthew Brooks,11,197872,2014-05-16,5A-1 NWOC Dist. Championships Day 2,4,800 Meters,0,0,10,2:07.72a
3684055,Sam Mckibbon,11,197872,2014-05-16,5A-1 NWOC Dist. Championships Day 2,22,800 Meters,0,0,5,2:34.65a
3607367,Caitlin Clifford,11,197872,2014-05-16,5A-1 NWOC Dist. Championships Day 2,22,800 Meters,0,0,7,2:37.97a
6444472,Lindy Voss,9,197872,2014-05-16,5A-1 NWOC Dist. Championships Day 2,22,800 Meters,0,0,11,2:46.57a
2543170,Ryan Pierce,12,197872,2014-05-16,5A-1 NWOC Dist. Championships Day 2,5,1500 Meters,0,0,5,4:22.43a
5376682,Joshua Moats,11,197872,2014-05-16,5A-1 NWOC Dist. Championships Day 2,5,1500 Meters,0,0,8,4:28.07a
4677694,Drew Peters,10,197872,2014-05-16,5A-1 NWOC Dist. Championships Day 2,5,1500 Meters,0,0,9,4:29.27a
3684055,Sam Mckibbon,11,197872,2014-05-16,5A-1 NWOC Dist. Championships Day 2,23,1500 Meters,0,0,4,5:11.31a
3607366,Madison Budge,11,197872,2014-05-16,5A-1 NWOC Dist. Championships Day 2,23,1500 Meters,0,0,7,5:14.19a
6444472,Lindy Voss,9,197872,2014-05-16,5A-1 NWOC Dist. Championships Day 2,23,1500 Meters,0,0,9,5:25.61a
5376682,Joshua Moats,11,197872,2014-05-16,5A-1 NWOC Dist. Championships Day 2,6,3000 Meters,0,0,7,9:41.55a
4677694,Drew Peters,10,197872,2014-05-16,5A-1 NWOC Dist. Championships Day 2,6,3000 Meters,0,0,9,9:49.66a
4677705,Ryan Chidlaw,10,197872,2014-05-16,5A-1 NWOC Dist. Championships Day 2,6,3000 Meters,0,0,15,10:17.22a
3607366,Madison Budge,11,197872,2014-05-16,5A-1 NWOC Dist. Championships Day 2,24,3000 Meters,0,0,3,11:24.15a
2543194,Avery Rosenbalm,12,197872,2014-05-16,5A-1 NWOC Dist. Championships Day 2,24,3000 Meters,0,0,7,11:58.96a
3949167,Bridget Palmer,11,197872,2014-05-16,5A-1 NWOC Dist. Championships Day 2,24,3000 Meters,0,0,9,12:35.35a
3607379,Rebekah Quaglio,11,197872,2014-05-16,5A-1 NWOC Dist. Championships Day 2,28,100m Hurdles,0,0,6,17.67a
3948937,Connor Carraher,11,197872,2014-05-16,5A-1 NWOC Dist. Championships Day 2,10,110m Hurdles,0,0,4,16.77a
2959285,Tyler Thayer,12,197872,2014-05-16,5A-1 NWOC Dist. Championships Day 2,10,110m Hurdles,0,0,7,17.30a
2959285,Tyler Thayer,12,197872,2014-05-16,5A-1 NWOC Dist. Championships Day 2,11,300m Hurdles,0,0,4,43.05a
5139366,Savannah Case,10,197872,2014-05-16,5A-1 NWOC Dist. Championships Day 2,29,300m Hurdles,0,0,8,51.64a
2979993,Cole Nixon,12,197872,2014-05-16,5A-1 NWOC Dist. Championships Day 2,7,4x100 Relay,0,1,4,44.71a
5325135,Mason Rivers,11,197872,2014-05-16,5A-1 NWOC Dist. Championships Day 2,7,4x100 Relay,0,1,4,44.71a
5139307,Ryan Milligan,10,197872,2014-05-16,5A-1 NWOC Dist. Championships Day 2,7,4x100 Relay,0,1,4,44.71a
5139322,Hunter Pfefferkorn,12,197872,2014-05-16,5A-1 NWOC Dist. Championships Day 2,7,4x100 Relay,0,1,4,44.71a
3949131,Emily Johansen,11,197872,2014-05-16,5A-1 NWOC Dist. Championships Day 2,25,4x100 Relay,0,1,3,50.50a
3949161,Mikala Otto,11,197872,2014-05-16,5A-1 NWOC Dist. Championships Day 2,25,4x100 Relay,0,1,3,50.50a
2959372,Emily Harris,12,197872,2014-05-16,5A-1 NWOC Dist. Championships Day 2,25,4x100 Relay,0,1,3,50.50a
3607379,Rebekah Quaglio,11,197872,2014-05-16,5A-1 NWOC Dist. Championships Day 2,25,4x100 Relay,0,1,3,50.50a
5139322,Hunter Pfefferkorn,12,197872,2014-05-16,5A-1 NWOC Dist. Championships Day 2,8,4x400 Relay,0,1,1,3:26.26a
5139307,Ryan Milligan,10,197872,2014-05-16,5A-1 NWOC Dist. Championships Day 2,8,4x400 Relay,0,1,1,3:26.26a
5139250,Keaton Flannery,10,197872,2014-05-16,5A-1 NWOC Dist. Championships Day 2,8,4x400 Relay,0,1,1,3:26.26a
2979993,Cole Nixon,12,197872,2014-05-16,5A-1 NWOC Dist. Championships Day 2,8,4x400 Relay,0,1,1,3:26.26a
2959517,Marina Parker,12,197872,2014-05-16,5A-1 NWOC Dist. Championships Day 2,26,4x400 Relay,0,1,6,4:22.05a
5139394,Sophia Fangon,10,197872,2014-05-16,5A-1 NWOC Dist. Championships Day 2,26,4x400 Relay,0,1,6,4:22.05a
3607379,Rebekah Quaglio,11,197872,2014-05-16,5A-1 NWOC Dist. Championships Day 2,26,4x400 Relay,0,1,6,4:22.05a
3684055,Sam Mckibbon,11,197872,2014-05-16,5A-1 NWOC Dist. Championships Day 2,26,4x400 Relay,0,1,6,4:22.05a
4064193,Garrett Tremain,12,197872,2014-05-16,5A-1 NWOC Dist. Championships Day 2,12,Shot Put,1,0,5,43-10.50
5139346,Saul Urzua,11,197872,2014-05-16,5A-1 NWOC Dist. Championships Day 2,12,Shot Put,1,0,11,40-09.00
2959337,Elyse Cuthbertson,12,197872,2014-05-16,5A-1 NWOC Dist. Championships Day 2,30,Shot Put,1,0,2,37-00.00
3949107,Mackenzie Howell,12,197872,2014-05-16,5A-1 NWOC Dist. Championships Day 2,30,Shot Put,1,0,6,33-08.50
3949170,Avery Pierce,11,197872,2014-05-16,5A-1 NWOC Dist. Championships Day 2,30,Shot Put,1,0,10,30-02.25
6444573,Brady Pierce,9,197872,2014-05-16,5A-1 NWOC Dist. Championships Day 2,13,Discus,1,0,8,126-06
2959274,Hector Solis,12,197872,2014-05-16,5A-1 NWOC Dist. Championships Day 2,13,Discus,1,0,12,116-00
5139346,Saul Urzua,11,197872,2014-05-16,5A-1 NWOC Dist. Championships Day 2,13,Discus,1,0,21,100-03
2959337,Elyse Cuthbertson,12,197872,2014-05-16,5A-1 NWOC Dist. Championships Day 2,31,Discus,1,0,1,125-01
2959348,Charity Doyel,12,197872,2014-05-16,5A-1 NWOC Dist. Championships Day 2,31,Discus,1,0,3,108-09
3949170,Avery Pierce,11,197872,2014-05-16,5A-1 NWOC Dist. Championships Day 2,31,Discus,1,0,6,102-00
2959124,Austin Goldstein,12,197872,2014-05-16,5A-1 NWOC Dist. Championships Day 2,14,Javelin,1,0,1,189-06
2959274,Hector Solis,12,197872,2014-05-16,5A-1 NWOC Dist. Championships Day 2,14,Javelin,1,0,15,114-03
2959337,Elyse Cuthbertson,12,197872,2014-05-16,5A-1 NWOC Dist. Championships Day 2,32,Javelin,1,0,3,127-10
11241389,Payge Cuthbertson,10,197872,2014-05-16,5A-1 NWOC Dist. Championships Day 2,32,Javelin,1,0,5,107-01
2959348,Charity Doyel,12,197872,2014-05-16,5A-1 NWOC Dist. Championships Day 2,32,Javelin,1,0,6,102-00
5139305,Ben Milligan,11,197872,2014-05-16,5A-1 NWOC Dist. Championships Day 2,9,High Jump,1,0,1,6-09.00
3948937,Connor Carraher,11,197872,2014-05-16,5A-1 NWOC Dist. Championships Day 2,9,High Jump,1,0,8,5-08.00
6444439,Maddy McSmith,11,197872,2014-05-16,5A-1 NWOC Dist. Championships Day 2,27,High Jump,1,0,7,4-06.00
6444351,Helena Elkins,9,197872,2014-05-16,5A-1 NWOC Dist. Championships Day 2,27,High Jump,1,0,7,4-06.00
6444343,Kaylee Christensen,9,197872,2014-05-16,5A-1 NWOC Dist. Championships Day 2,34,Pole Vault,1,0,7,7-00.00
3607382,Jessalyn Valdez,11,197872,2014-05-16,5A-1 NWOC Dist. Championships Day 2,34,Pole Vault,1,0,9,7-00.00
12149215,Nick Clark,12,197872,2014-05-16,5A-1 NWOC Dist. Championships Day 2,17,Long Jump,1,0,15,18-06.00
5325135,Mason Rivers,11,197872,2014-05-16,5A-1 NWOC Dist. Championships Day 2,17,Long Jump,1,0,16,18-05.25
2959281,Bailey States,12,197872,2014-05-16,5A-1 NWOC Dist. Championships Day 2,17,Long Jump,1,0,17,18-03.00
3949161,Mikala Otto,11,197872,2014-05-16,5A-1 NWOC Dist. Championships Day 2,35,Long Jump,1,0,3,15-11.75
5845400,Emma Rivas,9,197872,2014-05-16,5A-1 NWOC Dist. Championships Day 2,35,Long Jump,1,0,17,13-06.75
2959281,Bailey States,12,197872,2014-05-16,5A-1 NWOC Dist. Championships Day 2,18,Triple Jump,1,0,6,39-06.75
2959108,Alex Edgell,12,197872,2014-05-16,5A-1 NWOC Dist. Championships Day 2,18,Triple Jump,1,0,7,38-08.75
2959274,Hector Solis,12,197872,2014-05-16,5A-1 NWOC Dist. Championships Day 2,18,Triple Jump,1,0,9,37-06.25
3949161,Mikala Otto,11,197872,2014-05-16,5A-1 NWOC Dist. Championships Day 2,36,Triple Jump,1,0,3,34-01.50
2959372,Emily Harris,12,197872,2014-05-16,5A-1 NWOC Dist. Championships Day 2,36,Triple Jump,1,0,8,31-05.50
6591940,Sydney Wilson,9,197872,2014-05-16,5A-1 NWOC Dist. Championships Day 2,36,Triple Jump,1,0,10,30-07.50
3949131,Emily Johansen,11,197874,2014-05-24,OSAA 5A State Championships,19,100 Meters,0,0,8,12.79a
5139322,Hunter Pfefferkorn,12,197874,2014-05-24,OSAA 5A State Championships,2,200 Meters,0,0,4,22.48a
5139322,Hunter Pfefferkorn,12,197874,2014-05-24,OSAA 5A State Championships,3,400 Meters,0,0,1,49.02a
2979993,Cole Nixon,12,197874,2014-05-24,OSAA 5A State Championships,8,4x400 Relay,0,1,3,3:25.04a
5139250,Keaton Flannery,10,197874,2014-05-24,OSAA 5A State Championships,8,4x400 Relay,0,1,3,3:25.04a
5139221,Olsen Cottle,12,197874,2014-05-24,OSAA 5A State Championships,8,4x400 Relay,0,1,3,3:25.04a
5139322,Hunter Pfefferkorn,12,197874,2014-05-24,OSAA 5A State Championships,8,4x400 Relay,0,1,3,3:25.04a
2959337,Elyse Cuthbertson,12,197874,2014-05-24,OSAA 5A State Championships,30,Shot Put,1,0,4,37-04.25
2959337,Elyse Cuthbertson,12,197874,2014-05-24,OSAA 5A State Championships,31,Discus,1,0,1,124-08
2959124,Austin Goldstein,12,197874,2014-05-24,OSAA 5A State Championships,14,Javelin,1,0,2,181-05
5139305,Ben Milligan,11,197874,2014-05-24,OSAA 5A State Championships,9,High Jump,1,0,2,6-07.00
7855286,Christopher Depp,10,227563,2015-05-08,TRL Novice District,1,100 Meters,0,0,12,12.22a
7855311,Keshawn Johnson,10,227563,2015-05-08,TRL Novice District,1,100 Meters,0,0,13,12.22a
7855295,McKinley Gillum,9,227563,2015-05-08,TRL Novice District,1,100 Meters,0,0,14,12.30
7855294,Joseph Gaylord,11,227563,2015-05-08,TRL Novice District,1,100 Meters,0,0,29,12.74a
7855280,Parker Christensen,11,227563,2015-05-08,TRL Novice District,1,100 Meters,0,0,30,12.75a
7855276,Lehi Briggs,10,227563,2015-05-08,TRL Novice District,1,100 Meters,0,0,38,13.02a
5215983,Ezequiel Sanabria,11,227563,2015-05-08,TRL Novice District,1,100 Meters,0,0,39,13.05a
7855321,Jesse Paschall,9,227563,2015-05-08,TRL Novice District,1,100 Meters,0,0,46,13.31a
7855325,Anthony Reiter,10,227563,2015-05-08,TRL Novice District,1,100 Meters,0,0,50,13.40a
7271807,Emma Sjodin,9,227563,2015-05-08,TRL Novice District,19,100 Meters,0,0,47,14.93a
7855300,Ashlynn Harris,9,227563,2015-05-08,TRL Novice District,19,100 Meters,0,0,57,15.09a
7855274,Rebecca Blake,9,227563,2015-05-08,TRL Novice District,19,100 Meters,0,0,61,15.13a
7855275,Sarah Bonomo,10,227563,2015-05-08,TRL Novice District,19,100 Meters,0,0,80,16.00a
5215983,Ezequiel Sanabria,11,227563,2015-05-08,TRL Novice District,2,200 Meters,0,0,14,25.50a
7855311,Keshawn Johnson,10,227563,2015-05-08,TRL Novice District,2,200 Meters,0,0,19,25.73a
7855305,Cameron Huske,9,227563,2015-05-08,TRL Novice District,2,200 Meters,0,0,22,25.81a
7855325,Anthony Reiter,10,227563,2015-05-08,TRL Novice District,2,200 Meters,0,0,25,25.94a
5139361,Mckay Bishop,11,227563,2015-05-08,TRL Novice District,2,200 Meters,0,0,44,27.00a
7855321,Jesse Paschall,9,227563,2015-05-08,TRL Novice District,2,200 Meters,0,0,47,27.19a
7855294,Joseph Gaylord,11,227563,2015-05-08,TRL Novice District,2,200 Meters,0,0,56,27.83a
7855340,Gavin Williams,9,227563,2015-05-08,TRL Novice District,2,200 Meters,0,0,65,29.24a
7855300,Ashlynn Harris,9,227563,2015-05-08,TRL Novice District,20,200 Meters,0,0,32,30.96a
7855292,Hannah Fillinger-Palotay,9,227563,2015-05-08,TRL Novice District,20,200 Meters,0,0,36,31.52a
7855275,Sarah Bonomo,10,227563,2015-05-08,TRL Novice District,20,200 Meters,0,0,61,35.09a
7855341,Ethan Zayas,10,227563,2015-05-08,TRL Novice District,3,400 Meters,0,0,18,1:00.15a
7855340,Gavin Williams,9,227563,2015-05-08,TRL Novice District,3,400 Meters,0,0,27,1:05.73a
7855314,Ben LaFave,11,227563,2015-05-08,TRL Novice District,4,800 Meters,0,0,1,2:08.80
7271789,Nathan Freuler,9,227563,2015-05-08,TRL Novice District,4,800 Meters,0,0,30,2:28.40
5845403,Alyssa Sanders,11,227563,2015-05-08,TRL Novice District,22,800 Meters,0,0,15,2:50.40
6444437,Caledonia McGraw,10,227563,2015-05-08,TRL Novice District,22,800 Meters,0,0,17,2:52.50
7271802,Gracie Hollin,9,227563,2015-05-08,TRL Novice District,22,800 Meters,0,0,18,2:54.60
7855287,Kalli Dorwart,9,227563,2015-05-08,TRL Novice District,22,800 Meters,0,0,29,3:03.40
7855338,Kris Walsh,9,227563,2015-05-08,TRL Novice District,22,800 Meters,0,0,31,3:08.20
4677629,Megan Starling,11,227563,2015-05-08,TRL Novice District,22,800 Meters,0,0,32,3:09.10
4677624,Kathleen Resch,11,227563,2015-05-08,TRL Novice District,22,800 Meters,0,0,33,3:09.40
7855330,Maddie Smith,9,227563,2015-05-08,TRL Novice District,22,800 Meters,0,0,37,3:14.50
7271799,Delaney Chase,9,227563,2015-05-08,TRL Novice District,22,800 Meters,0,0,38,3:14.80
3607355,Fred Resch,12,227563,2015-05-08,TRL Novice District,5,1500 Meters,0,0,18,4:50.00
7398260,Bailey Wickham,9,227563,2015-05-08,TRL Novice District,5,1500 Meters,0,0,20,4:51.80
6444552,Seth Dummer,10,227563,2015-05-08,TRL Novice District,5,1500 Meters,0,0,22,4:53.20
7855314,Ben LaFave,11,227563,2015-05-08,TRL Novice District,5,1500 Meters,0,0,30,4:57.10
7271786,Connor Byeman,11,227563,2015-05-08,TRL Novice District,5,1500 Meters,0,0,43,5:03.00
7855281,Nicholas Clark,10,227563,2015-05-08,TRL Novice District,5,1500 Meters,0,0,53,5:11.40
5845335,Christian Birbeck,10,227563,2015-05-08,TRL Novice District,5,1500 Meters,0,0,69,5:16.40
7271793,Tanis Leach,9,227563,2015-05-08,TRL Novice District,5,1500 Meters,0,0,76,5:29.00
6444437,Caledonia McGraw,10,227563,2015-05-08,TRL Novice District,23,1500 Meters,0,0,11,5:53.30
3949167,Bridget Palmer,12,227563,2015-05-08,TRL Novice District,23,1500 Meters,0,0,24,6:06.70
4677624,Kathleen Resch,11,227563,2015-05-08,TRL Novice District,23,1500 Meters,0,0,37,6:31.50
6444475,Kaitlyn Wagner,10,227563,2015-05-08,TRL Novice District,23,1500 Meters,0,0,44,7:34.50
3607355,Fred Resch,12,227563,2015-05-08,TRL Novice District,6,3000 Meters,0,0,17,10:51.60
6444567,Cam Moats,10,227563,2015-05-08,TRL Novice District,6,3000 Meters,0,0,20,11:00.90
7398260,Bailey Wickham,9,227563,2015-05-08,TRL Novice District,6,3000 Meters,0,0,22,11:05.40
7271793,Tanis Leach,9,227563,2015-05-08,TRL Novice District,6,3000 Meters,0,0,28,11:43.70
7855285,Haven Dahl,9,227563,2015-05-08,TRL Novice District,28,100m Hurdles,0,0,10,20.62a
7855337,Anna Vanderkamp,9,227563,2015-05-08,TRL Novice District,28,100m Hurdles,0,0,13,21.32a
7855273,Lauren Bishop,9,227563,2015-05-08,TRL Novice District,28,100m Hurdles,0,0,20,25.67a
7855280,Parker Christensen,11,227563,2015-05-08,TRL Novice District,10,110m Hurdles,0,0,2,18.49a
5139361,Mckay Bishop,11,227563,2015-05-08,TRL Novice District,10,110m Hurdles,0,0,4,18.84a
7855280,Parker Christensen,11,227563,2015-05-08,TRL Novice District,11,300m Hurdles,0,0,10,50.87a
7855304,Kayla Homer,9,227563,2015-05-08,TRL Novice District,29,300m Hurdles,0,0,5,53.44a
7855337,Anna Vanderkamp,9,227563,2015-05-08,TRL Novice District,29,300m Hurdles,0,0,11,1:00.57a
7855285,Haven Dahl,9,227563,2015-05-08,TRL Novice District,29,300m Hurdles,0,0,12,1:01.46a
7855273,Lauren Bishop,9,227563,2015-05-08,TRL Novice District,29,300m Hurdles,0,0,17,1:06.42a
6007,Relay Team,,227563,2015-05-08,TRL Novice District,7,4x100 Relay,0,0,10,49.51a
7271786,Connor Byeman,11,227563,2015-05-08,TRL Novice District,8,4x400 Relay,0,1,14,4:20.00
5845348,Noah Czerwinski,10,227563,2015-05-08,TRL Novice District,8,4x400 Relay,0,1,14,4:20.00
7855314,Ben LaFave,11,227563,2015-05-08,TRL Novice District,8,4x400 Relay,0,1,14,4:20.00
6444567,Cam Moats,10,227563,2015-05-08,TRL Novice District,8,4x400 Relay,0,1,14,4:20.00
7855284,Jayden Cuthbertson,9,227563,2015-05-08,TRL Novice District,12,Shot Put,1,0,3,37-10.00
7855301,Nathanial Harrison,11,227563,2015-05-08,TRL Novice District,12,Shot Put,1,0,5,36-09.00
8108516,Josh Jakubowski,10,227563,2015-05-08,TRL Novice District,12,Shot Put,1,0,15,33-04.00
7855277,Jacob Buckner,10,227563,2015-05-08,TRL Novice District,12,Shot Put,1,0,20,31-05.50
7271785,Aram Briggs,12,227563,2015-05-08,TRL Novice District,12,Shot Put,1,0,22,31-02.00
8000385,Justin Long,9,227563,2015-05-08,TRL Novice District,12,Shot Put,1,0,29,28-11.00
7855323,Charlie Pringle,10,227563,2015-05-08,TRL Novice District,12,Shot Put,1,0,30,28-02.00
7271803,Clair Johnson,9,227563,2015-05-08,TRL Novice District,30,Shot Put,1,0,1,27'09.50
6444417,Angel Houston,10,227563,2015-05-08,TRL Novice District,30,Shot Put,1,0,2,26'9.5
7855291,MacKenzie Fassold,9,227563,2015-05-08,TRL Novice District,30,Shot Put,1,0,6,25-00.00
6444470,Iliana Urzua,10,227563,2015-05-08,TRL Novice District,30,Shot Put,1,0,9,22-09.50
7855339,Lizz Whitaker,10,227563,2015-05-08,TRL Novice District,30,Shot Put,1,0,11,22-00.00
7855315,Piper Lunsford,9,227563,2015-05-08,TRL Novice District,30,Shot Put,1,0,23,17-03.00
7855313,Sophie Klaus,10,227563,2015-05-08,TRL Novice District,30,Shot Put,1,0,25,14-09.00
7855284,Jayden Cuthbertson,9,227563,2015-05-08,TRL Novice District,13,Discus,1,0,9,90-05
8108516,Josh Jakubowski,10,227563,2015-05-08,TRL Novice District,13,Discus,1,0,10,88-05
7855319,Will Newberry,9,227563,2015-05-08,TRL Novice District,13,Discus,1,0,18,77-06
6444555,Wesley Farner,10,227563,2015-05-08,TRL Novice District,13,Discus,1,0,26,67-11
7271803,Clair Johnson,9,227563,2015-05-08,TRL Novice District,31,Discus,1,0,10,66-05
7855291,MacKenzie Fassold,9,227563,2015-05-08,TRL Novice District,31,Discus,1,0,15,61-11
6444347,Addison Deboer,10,227563,2015-05-08,TRL Novice District,31,Discus,1,0,20,51-08
7855315,Piper Lunsford,9,227563,2015-05-08,TRL Novice District,31,Discus,1,0,21,50-06
7855322,Bria Pietzke,9,227563,2015-05-08,TRL Novice District,31,Discus,1,0,28,45-00
7855313,Sophie Klaus,10,227563,2015-05-08,TRL Novice District,31,Discus,1,0,31,33-02
8108516,Josh Jakubowski,10,227563,2015-05-08,TRL Novice District,14,Javelin,1,0,6,119-02
7855301,Nathanial Harrison,11,227563,2015-05-08,TRL Novice District,14,Javelin,1,0,8,114-07
7855319,Will Newberry,9,227563,2015-05-08,TRL Novice District,14,Javelin,1,0,10,113-09
6444555,Wesley Farner,10,227563,2015-05-08,TRL Novice District,14,Javelin,1,0,11,109-11
7855323,Charlie Pringle,10,227563,2015-05-08,TRL Novice District,14,Javelin,1,0,19,104-05
7855295,McKinley Gillum,9,227563,2015-05-08,TRL Novice District,14,Javelin,1,0,26,101-09
7855284,Jayden Cuthbertson,9,227563,2015-05-08,TRL Novice District,14,Javelin,1,0,36,89-01
7855277,Jacob Buckner,10,227563,2015-05-08,TRL Novice District,14,Javelin,1,0,37,89-00
7271785,Aram Briggs,12,227563,2015-05-08,TRL Novice District,14,Javelin,1,0,38,88-08
8000385,Justin Long,9,227563,2015-05-08,TRL Novice District,14,Javelin,1,0,44,74-07
6444355,Sara Ernst,10,227563,2015-05-08,TRL Novice District,32,Javelin,1,0,7,65-03
7855322,Bria Pietzke,9,227563,2015-05-08,TRL Novice District,32,Javelin,1,0,16,49-01
6444470,Iliana Urzua,10,227563,2015-05-08,TRL Novice District,32,Javelin,1,0,18,47-04
6444347,Addison Deboer,10,227563,2015-05-08,TRL Novice District,32,Javelin,1,0,22,34-10
7855335,Sage Toomey,9,227563,2015-05-08,TRL Novice District,32,Javelin,1,0,23,32-08
7855336,Joel Turner,9,227563,2015-05-08,TRL Novice District,9,High Jump,1,0,1,5-06.00
7855298,Billy Hale,9,227563,2015-05-08,TRL Novice District,9,High Jump,1,0,2,5-04.00
7271789,Nathan Freuler,9,227563,2015-05-08,TRL Novice District,9,High Jump,1,0,16,4-10.00
7855333,Dylan Stamback,9,227563,2015-05-08,TRL Novice District,16,Pole Vault,1,0,2,10-00.00
7855276,Lehi Briggs,10,227563,2015-05-08,TRL Novice District,16,Pole Vault,1,0,6,9-06.00
6444552,Seth Dummer,10,227563,2015-05-08,TRL Novice District,16,Pole Vault,1,0,13,8-06.00
7855304,Kayla Homer,9,227563,2015-05-08,TRL Novice District,34,Pole Vault,1,0,2,8-00.00
7855320,Heather Parker,9,227563,2015-05-08,TRL Novice District,34,Pole Vault,1,0,11,7-00.00
7855336,Joel Turner,9,227563,2015-05-08,TRL Novice District,17,Long Jump,1,0,19,16-01.50
7855305,Cameron Huske,9,227563,2015-05-08,TRL Novice District,17,Long Jump,1,0,20,16-00.75
7855280,Parker Christensen,11,227563,2015-05-08,TRL Novice District,17,Long Jump,1,0,21,15-11.75
7855295,McKinley Gillum,9,227563,2015-05-08,TRL Novice District,17,Long Jump,1,0,23,15-11.00
7855321,Jesse Paschall,9,227563,2015-05-08,TRL Novice District,17,Long Jump,1,0,28,14-10.00
7855333,Dylan Stamback,9,227563,2015-05-08,TRL Novice District,17,Long Jump,1,0,31,14-05.00
6444355,Sara Ernst,10,227563,2015-05-08,TRL Novice District,35,Long Jump,1,0,25,12-10.00
7855305,Cameron Huske,9,227563,2015-05-08,TRL Novice District,18,Triple Jump,1,0,1,38-09.50
7271789,Nathan Freuler,9,227563,2015-05-08,TRL Novice District,18,Triple Jump,1,0,9,35-01.50
7855298,Billy Hale,9,227563,2015-05-08,TRL Novice District,18,Triple Jump,1,0,11,34-01.25
5376682,Joshua Moats,12,226984,2015-05-13,6A-4 Three Rivers District Meet Day 1,6,3000 Meters,0,0,7,9:18.70a
4677694,Drew Peters,11,226984,2015-05-13,6A-4 Three Rivers District Meet Day 1,6,3000 Meters,0,0,13,9:41.63a
5845359,Henry Rummerfield,10,226984,2015-05-13,6A-4 Three Rivers District Meet Day 1,6,3000 Meters,0,0,17,9:51.06a
3607366,Madison Budge,12,226984,2015-05-13,6A-4 Three Rivers District Meet Day 1,24,3000 Meters,0,0,4,11:04.27a
6444472,Lindy Voss,10,226984,2015-05-13,6A-4 Three Rivers District Meet Day 1,24,3000 Meters,0,0,9,11:16.47a
5139475,Kelly Roth,11,226984,2015-05-13,6A-4 Three Rivers District Meet Day 1,24,3000 Meters,0,0,18,11:56.22a
6444573,Brady Pierce,10,226984,2015-05-13,6A-4 Three Rivers District Meet Day 1,12,Shot Put,1,0,18,33-11.50
6444573,Brady Pierce,10,226984,2015-05-13,6A-4 Three Rivers District Meet Day 1,13,Discus,1,0,4,123-07
6444582,Garrett Schweigert,10,226984,2015-05-13,6A-4 Three Rivers District Meet Day 1,13,Discus,1,0,9,113-08
11241389,Payge Cuthbertson,11,226984,2015-05-13,6A-4 Three Rivers District Meet Day 1,32,Javelin,1,0,2,130-09
6444324,Calahan Crawford,10,226984,2015-05-13,6A-4 Three Rivers District Meet Day 1,32,Javelin,1,0,7,117-04
29290187,Shelby Moran,9,226984,2015-05-13,6A-4 Three Rivers District Meet Day 1,32,Javelin,1,0,14,96-02
6444351,Helena Elkins,10,226984,2015-05-13,6A-4 Three Rivers District Meet Day 1,27,High Jump,1,0,9,4-06.00
7855331,Rachel Sorum,9,226984,2015-05-13,6A-4 Three Rivers District Meet Day 1,27,High Jump,1,0,9,4-06.00
7855299,Sophia Harnew-Spradley,9,226984,2015-05-13,6A-4 Three Rivers District Meet Day 1,27,High Jump,1,0,13,4-04.00
5215975,Kyle Homer,11,226984,2015-05-13,6A-4 Three Rivers District Meet Day 1,16,Pole Vault,1,0,7,11-00.00
7855282,Gage Cornett,11,226984,2015-05-13,6A-4 Three Rivers District Meet Day 1,16,Pole Vault,1,0,10,10-06.00
7271787,Payton Churilla,9,226984,2015-05-13,6A-4 Three Rivers District Meet Day 1,16,Pole Vault,1,0,12,10-00.00
3949161,Mikala Otto,12,226984,2015-05-13,6A-4 Three Rivers District Meet Day 1,35,Long Jump,1,0,3,17-01.50
7855268,Megan Allen,9,226984,2015-05-13,6A-4 Three Rivers District Meet Day 1,35,Long Jump,1,0,14,14-04.50
5845400,Emma Rivas,10,226984,2015-05-13,6A-4 Three Rivers District Meet Day 1,35,Long Jump,1,0,15,14-03.75
3949131,Emily Johansen,12,226983,2015-05-15,6A-4 Three Rivers District Meet Day 2,19,100 Meters,0,0,5,13.16a
5376682,Joshua Moats,12,226983,2015-05-15,6A-4 Three Rivers District Meet Day 2,5,1500 Meters,0,0,13,4:21.47a
4677694,Drew Peters,11,226983,2015-05-15,6A-4 Three Rivers District Meet Day 2,5,1500 Meters,0,0,14,4:23.38a
4677705,Ryan Chidlaw,11,226983,2015-05-15,6A-4 Three Rivers District Meet Day 2,5,1500 Meters,0,0,18,4:27.88a
3607366,Madison Budge,12,226983,2015-05-15,6A-4 Three Rivers District Meet Day 2,23,1500 Meters,0,0,8,5:01.60a
6444472,Lindy Voss,10,226983,2015-05-15,6A-4 Three Rivers District Meet Day 2,23,1500 Meters,0,0,11,5:06.73a
5376682,Joshua Moats,12,226983,2015-05-15,6A-4 Three Rivers District Meet Day 2,6,3000 Meters,0,0,7,9:18.70a
4677694,Drew Peters,11,226983,2015-05-15,6A-4 Three Rivers District Meet Day 2,6,3000 Meters,0,0,13,9:41.63a
5845359,Henry Rummerfield,10,226983,2015-05-15,6A-4 Three Rivers District Meet Day 2,6,3000 Meters,0,0,17,9:51.06a
3607366,Madison Budge,12,226983,2015-05-15,6A-4 Three Rivers District Meet Day 2,24,3000 Meters,0,0,4,11:04.27a
6444472,Lindy Voss,10,226983,2015-05-15,6A-4 Three Rivers District Meet Day 2,24,3000 Meters,0,0,9,11:16.47a
5139475,Kelly Roth,11,226983,2015-05-15,6A-4 Three Rivers District Meet Day 2,24,3000 Meters,0,0,18,11:56.22a
3607379,Rebekah Quaglio,12,226983,2015-05-15,6A-4 Three Rivers District Meet Day 2,28,100m Hurdles,0,0,3,16.01a
7855303,Jack Hollin,12,226983,2015-05-15,6A-4 Three Rivers District Meet Day 2,7,4x100 Relay,0,1,7,45.70a
5139307,Ryan Milligan,11,226983,2015-05-15,6A-4 Three Rivers District Meet Day 2,7,4x100 Relay,0,1,7,45.70a
6444575,Kameron Price,10,226983,2015-05-15,6A-4 Three Rivers District Meet Day 2,7,4x100 Relay,0,1,7,45.70a
5325135,Mason Rivers,12,226983,2015-05-15,6A-4 Three Rivers District Meet Day 2,7,4x100 Relay,0,1,7,45.70a
3949131,Emily Johansen,12,226983,2015-05-15,6A-4 Three Rivers District Meet Day 2,25,4x100 Relay,0,1,4,50.90a
7855317,Abigail Masley,11,226983,2015-05-15,6A-4 Three Rivers District Meet Day 2,25,4x100 Relay,0,1,4,50.90a
3949161,Mikala Otto,12,226983,2015-05-15,6A-4 Three Rivers District Meet Day 2,25,4x100 Relay,0,1,4,50.90a
3607379,Rebekah Quaglio,12,226983,2015-05-15,6A-4 Three Rivers District Meet Day 2,25,4x100 Relay,0,1,4,50.90a
5139188,Matt Brooks,12,226983,2015-05-15,6A-4 Three Rivers District Meet Day 2,8,4x400 Relay,0,1,6,3:32.31a
5139250,Keaton Flannery,11,226983,2015-05-15,6A-4 Three Rivers District Meet Day 2,8,4x400 Relay,0,1,6,3:32.31a
7855303,Jack Hollin,12,226983,2015-05-15,6A-4 Three Rivers District Meet Day 2,8,4x400 Relay,0,1,6,3:32.31a
5139341,Brandon Thompson,11,226983,2015-05-15,6A-4 Three Rivers District Meet Day 2,8,4x400 Relay,0,1,6,3:32.31a
6444573,Brady Pierce,10,226983,2015-05-15,6A-4 Three Rivers District Meet Day 2,12,Shot Put,1,0,18,33-11.50
29290187,Shelby Moran,9,226983,2015-05-15,6A-4 Three Rivers District Meet Day 2,30,Shot Put,1,0,3,37-11.00
3949170,Avery Pierce,12,226983,2015-05-15,6A-4 Three Rivers District Meet Day 2,30,Shot Put,1,0,12,31-07.00
6444324,Calahan Crawford,10,226983,2015-05-15,6A-4 Three Rivers District Meet Day 2,30,Shot Put,1,0,15,30-04.00
6444573,Brady Pierce,10,226983,2015-05-15,6A-4 Three Rivers District Meet Day 2,13,Discus,1,0,4,123-07
6444582,Garrett Schweigert,10,226983,2015-05-15,6A-4 Three Rivers District Meet Day 2,13,Discus,1,0,9,113-08
29290187,Shelby Moran,9,226983,2015-05-15,6A-4 Three Rivers District Meet Day 2,31,Discus,1,0,2,134-11
3949170,Avery Pierce,12,226983,2015-05-15,6A-4 Three Rivers District Meet Day 2,31,Discus,1,0,5,115-08
11241389,Payge Cuthbertson,11,226983,2015-05-15,6A-4 Three Rivers District Meet Day 2,31,Discus,1,0,6,105-10
6444586,Tristan Watts,10,226983,2015-05-15,6A-4 Three Rivers District Meet Day 2,14,Javelin,1,0,12,137-10
5139287,Quentin Kelley,11,226983,2015-05-15,6A-4 Three Rivers District Meet Day 2,14,Javelin,1,0,17,129-04
11241389,Payge Cuthbertson,11,226983,2015-05-15,6A-4 Three Rivers District Meet Day 2,32,Javelin,1,0,2,130-09
6444324,Calahan Crawford,10,226983,2015-05-15,6A-4 Three Rivers District Meet Day 2,32,Javelin,1,0,7,117-04
29290187,Shelby Moran,9,226983,2015-05-15,6A-4 Three Rivers District Meet Day 2,32,Javelin,1,0,14,96-02
5139305,Ben Milligan,12,226983,2015-05-15,6A-4 Three Rivers District Meet Day 2,9,High Jump,1,0,1,6-08.00
3948937,Connor Carraher,12,226983,2015-05-15,6A-4 Three Rivers District Meet Day 2,9,High Jump,1,0,9,5-08.00
7855331,Rachel Sorum,9,226983,2015-05-15,6A-4 Three Rivers District Meet Day 2,27,High Jump,1,0,9,4-06.00
6444351,Helena Elkins,10,226983,2015-05-15,6A-4 Three Rivers District Meet Day 2,27,High Jump,1,0,9,4-06.00
7855299,Sophia Harnew-Spradley,9,226983,2015-05-15,6A-4 Three Rivers District Meet Day 2,27,High Jump,1,0,13,4-04.00
5215975,Kyle Homer,11,226983,2015-05-15,6A-4 Three Rivers District Meet Day 2,16,Pole Vault,1,0,7,11-00.00
7855282,Gage Cornett,11,226983,2015-05-15,6A-4 Three Rivers District Meet Day 2,16,Pole Vault,1,0,10,10-06.00
7271787,Payton Churilla,9,226983,2015-05-15,6A-4 Three Rivers District Meet Day 2,16,Pole Vault,1,0,12,10-00.00
6591794,Kamry Milne,11,226983,2015-05-15,6A-4 Three Rivers District Meet Day 2,34,Pole Vault,1,0,13,8-00.00
6444343,Kaylee Christensen,10,226983,2015-05-15,6A-4 Three Rivers District Meet Day 2,34,Pole Vault,1,0,15,7-06.00
3949161,Mikala Otto,12,226983,2015-05-15,6A-4 Three Rivers District Meet Day 2,35,Long Jump,1,0,3,17-01.50
7855268,Megan Allen,9,226983,2015-05-15,6A-4 Three Rivers District Meet Day 2,35,Long Jump,1,0,14,14-04.50
5845400,Emma Rivas,10,226983,2015-05-15,6A-4 Three Rivers District Meet Day 2,35,Long Jump,1,0,15,14-03.75
3948937,Connor Carraher,12,226983,2015-05-15,6A-4 Three Rivers District Meet Day 2,18,Triple Jump,1,0,3,42-01.25
7855303,Jack Hollin,12,226983,2015-05-15,6A-4 Three Rivers District Meet Day 2,18,Triple Jump,1,0,9,38-03.75
3949161,Mikala Otto,12,226983,2015-05-15,6A-4 Three Rivers District Meet Day 2,36,Triple Jump,1,0,3,35-01.75
7855268,Megan Allen,9,226983,2015-05-15,6A-4 Three Rivers District Meet Day 2,36,Triple Jump,1,0,15,29-00.25
9402901,Kian Coleman-Lopez,10,251668,2016-05-06,TRL Novice District Championship,1,100 Meters,0,0,24,12.30a
5139336,Noah Shellans,12,251668,2016-05-06,TRL Novice District Championship,1,100 Meters,0,0,26,12.32a
7855307,Jacob Irish,11,251668,2016-05-06,TRL Novice District Championship,1,100 Meters,0,0,38,12.46a
8627302,Dallin Brueggeman,9,251668,2016-05-06,TRL Novice District Championship,1,100 Meters,0,0,44,12.55a
7855325,Anthony Reiter,11,251668,2016-05-06,TRL Novice District Championship,1,100 Meters,0,0,51,12.69a
9402891,Harrison Gregory,9,251668,2016-05-06,TRL Novice District Championship,1,100 Meters,0,0,52,12.70a
9402890,Colton Gangl,10,251668,2016-05-06,TRL Novice District Championship,1,100 Meters,0,0,53,12.71a
9402915,Greg Potter,9,251668,2016-05-06,TRL Novice District Championship,1,100 Meters,0,0,60,12.77a
6444586,Tristan Watts,11,251668,2016-05-06,TRL Novice District Championship,1,100 Meters,0,0,60,12.80a
9402881,Joshua Bowcut,11,251668,2016-05-06,TRL Novice District Championship,1,100 Meters,0,0,61,12.80a
8078450,Tyler Thompson,9,251668,2016-05-06,TRL Novice District Championship,1,100 Meters,0,0,63,12.82a
7855321,Jesse Paschall,10,251668,2016-05-06,TRL Novice District Championship,1,100 Meters,0,0,65,12.85a
6797279,Austin Cornett,9,251668,2016-05-06,TRL Novice District Championship,1,100 Meters,0,0,69,12.98a
9402917,Deitrich Reiter,9,251668,2016-05-06,TRL Novice District Championship,1,100 Meters,0,0,74,13.06a
9402913,Riley Paschall,9,251668,2016-05-06,TRL Novice District Championship,1,100 Meters,0,0,79,13.21a
9402892,Ethan Heironimus,9,251668,2016-05-06,TRL Novice District Championship,1,100 Meters,0,0,81,13.28a
9402902,Ryan Lusk,9,251668,2016-05-06,TRL Novice District Championship,1,100 Meters,0,0,91,13.60a
9402900,Ethan Lopez,9,251668,2016-05-06,TRL Novice District Championship,1,100 Meters,0,0,94,13.88a
9402888,Mitchell Foster,9,251668,2016-05-06,TRL Novice District Championship,1,100 Meters,0,0,98,14.06a
9402925,Zhenya Tilley,9,251668,2016-05-06,TRL Novice District Championship,1,100 Meters,0,0,99,14.22a
9402908,Noah Munn,11,251668,2016-05-06,TRL Novice District Championship,1,100 Meters,0,0,100,14.27a
9402931,Adam Wilson,10,251668,2016-05-06,TRL Novice District Championship,1,100 Meters,0,0,104,16.31a
9402880,Marco Bintoro,9,251668,2016-05-06,TRL Novice District Championship,1,100 Meters,0,0,108,23.76a
6797341,Jenny Peterson,9,251668,2016-05-06,TRL Novice District Championship,19,100 Meters,0,0,14,13.93a
6797337,Carolyn Pearce,9,251668,2016-05-06,TRL Novice District Championship,19,100 Meters,0,0,15,13.99a
9402855,Nokio Duncan,9,251668,2016-05-06,TRL Novice District Championship,19,100 Meters,0,0,20,14.05a
6797322,Brynn Masters,9,251668,2016-05-06,TRL Novice District Championship,19,100 Meters,0,0,49,15.16a
7855294,Joseph Gaylord,12,251668,2016-05-06,TRL Novice District Championship,2,200 Meters,0,0,21,25.37a
5139336,Noah Shellans,12,251668,2016-05-06,TRL Novice District Championship,2,200 Meters,0,0,23,25.54a
7855307,Jacob Irish,11,251668,2016-05-06,TRL Novice District Championship,2,200 Meters,0,0,27,25.67a
7855295,McKinley Gillum,10,251668,2016-05-06,TRL Novice District Championship,2,200 Meters,0,0,33,25.77a
7855325,Anthony Reiter,11,251668,2016-05-06,TRL Novice District Championship,2,200 Meters,0,0,37,26.01a
8627302,Dallin Brueggeman,9,251668,2016-05-06,TRL Novice District Championship,2,200 Meters,0,0,38,26.09a
9402890,Colton Gangl,10,251668,2016-05-06,TRL Novice District Championship,2,200 Meters,0,0,41,26.14a
5845345,Justin Cotten,11,251668,2016-05-06,TRL Novice District Championship,2,200 Meters,0,0,50,26.63a
8078450,Tyler Thompson,9,251668,2016-05-06,TRL Novice District Championship,2,200 Meters,0,0,54,26.84a
9402917,Deitrich Reiter,9,251668,2016-05-06,TRL Novice District Championship,2,200 Meters,0,0,58,26.97a
9402892,Ethan Heironimus,9,251668,2016-05-06,TRL Novice District Championship,2,200 Meters,0,0,69,27.82a
9402925,Zhenya Tilley,9,251668,2016-05-06,TRL Novice District Championship,2,200 Meters,0,0,75,28.93a
9402858,Jenna Funk,9,251668,2016-05-06,TRL Novice District Championship,20,200 Meters,0,0,9,28.50a
6797337,Carolyn Pearce,9,251668,2016-05-06,TRL Novice District Championship,20,200 Meters,0,0,16,28.84a
6797341,Jenny Peterson,9,251668,2016-05-06,TRL Novice District Championship,20,200 Meters,0,0,17,28.93a
9402855,Nokio Duncan,9,251668,2016-05-06,TRL Novice District Championship,20,200 Meters,0,0,24,29.54a
7855278,Jen Cameron,12,251668,2016-05-06,TRL Novice District Championship,20,200 Meters,0,0,25,29.55a
7855294,Joseph Gaylord,12,251668,2016-05-06,TRL Novice District Championship,3,400 Meters,0,0,7,57.76a
5845345,Justin Cotten,11,251668,2016-05-06,TRL Novice District Championship,3,400 Meters,0,0,14,1:01.57a
9402858,Jenna Funk,9,251668,2016-05-06,TRL Novice District Championship,21,400 Meters,0,0,5,1:06.50a
8697841,Emily Boynton,9,251668,2016-05-06,TRL Novice District Championship,21,400 Meters,0,0,8,1:08.28a
9402854,Alyssa Dillree,9,251668,2016-05-06,TRL Novice District Championship,21,400 Meters,0,0,9,1:11.94a
5845348,Noah Czerwinski,11,251668,2016-05-06,TRL Novice District Championship,4,800 Meters,0,0,3,2:13.31a
6444539,Peter Bigelow,11,251668,2016-05-06,TRL Novice District Championship,4,800 Meters,0,0,5,2:14.68a
8627313,Trevor Widell,10,251668,2016-05-06,TRL Novice District Championship,4,800 Meters,0,0,6,2:14.83a
7855314,Ben LaFave,12,251668,2016-05-06,TRL Novice District Championship,4,800 Meters,0,0,9,2:15.84a
7398252,Halen Jolley,12,251668,2016-05-06,TRL Novice District Championship,4,800 Meters,0,0,19,2:22.84a
6444589,Joe Windheim,11,251668,2016-05-06,TRL Novice District Championship,4,800 Meters,0,0,26,2:24.81a
7855283,Andy Craig,10,251668,2016-05-06,TRL Novice District Championship,4,800 Meters,0,0,35,2:28.40a
7271796,Alex Roe,10,251668,2016-05-06,TRL Novice District Championship,4,800 Meters,0,0,37,2:30.53a
9402859,Paige Hamm,10,251668,2016-05-06,TRL Novice District Championship,22,800 Meters,0,0,2,2:39.01a
9402848,Jennifer Christensen,9,251668,2016-05-06,TRL Novice District Championship,22,800 Meters,0,0,13,2:47.49a
4677624,Kathleen Resch,12,251668,2016-05-06,TRL Novice District Championship,22,800 Meters,0,0,23,2:55.79a
6797310,Baylee Huggins,9,251668,2016-05-06,TRL Novice District Championship,22,800 Meters,0,0,25,2:58.34a
7855287,Kalli Dorwart,10,251668,2016-05-06,TRL Novice District Championship,22,800 Meters,0,0,26,2:58.81a
7271802,Gracie Hollin,10,251668,2016-05-06,TRL Novice District Championship,22,800 Meters,0,0,37,3:05.45a
8627371,Desiree Craig,12,251668,2016-05-06,TRL Novice District Championship,22,800 Meters,0,0,39,3:05.86a
7855275,Sarah Bonomo,11,251668,2016-05-06,TRL Novice District Championship,22,800 Meters,0,0,40,3:06.00a
5845403,Alyssa Sanders,12,251668,2016-05-06,TRL Novice District Championship,22,800 Meters,0,0,42,3:12.60a
7271799,Delaney Chase,10,251668,2016-05-06,TRL Novice District Championship,22,800 Meters,0,0,43,3:16.70a
7855330,Maddie Smith,10,251668,2016-05-06,TRL Novice District Championship,22,800 Meters,0,0,46,3:21.60a
7495329,Lily Starling,9,251668,2016-05-06,TRL Novice District Championship,22,800 Meters,0,0,49,3:39.80a
9402845,Alayne Anderson,10,251668,2016-05-06,TRL Novice District Championship,22,800 Meters,0,0,51,3:47.00a
5845348,Noah Czerwinski,11,251668,2016-05-06,TRL Novice District Championship,5,1500 Meters,0,0,5,4:34.72a
15865704,Henry Giles,9,251668,2016-05-06,TRL Novice District Championship,5,1500 Meters,0,0,19,4:46.49a
6797288,Isaac Evans,9,251668,2016-05-06,TRL Novice District Championship,5,1500 Meters,0,0,32,4:57.16a
8627313,Trevor Widell,10,251668,2016-05-06,TRL Novice District Championship,5,1500 Meters,0,0,47,5:04.39a
5893327,Garrett Allen,11,251668,2016-05-06,TRL Novice District Championship,5,1500 Meters,0,0,57,5:09.16a
8627304,Haden Munson,9,251668,2016-05-06,TRL Novice District Championship,5,1500 Meters,0,0,70,5:12.85a
6797277,Jacob Cluff,9,251668,2016-05-06,TRL Novice District Championship,5,1500 Meters,0,0,80,5:19.26a
7855289,Alec Engel,11,251668,2016-05-06,TRL Novice District Championship,5,1500 Meters,0,0,85,5:22.08a
8627312,Ryan Shoepe,9,251668,2016-05-06,TRL Novice District Championship,5,1500 Meters,0,0,98,5:59.57a
9402848,Jennifer Christensen,9,251668,2016-05-06,TRL Novice District Championship,23,1500 Meters,0,0,16,5:48.35a
5845390,Mary Smith,11,251668,2016-05-06,TRL Novice District Championship,23,1500 Meters,0,0,19,5:49.53a
6797343,Allison Pierce,9,251668,2016-05-06,TRL Novice District Championship,23,1500 Meters,0,0,22,5:53.00a
4677624,Kathleen Resch,12,251668,2016-05-06,TRL Novice District Championship,23,1500 Meters,0,0,29,6:02.58a
7495328,Dayna Dixon,9,251668,2016-05-06,TRL Novice District Championship,23,1500 Meters,0,0,33,6:07.99a
8627374,Sarah Duckering,9,251668,2016-05-06,TRL Novice District Championship,23,1500 Meters,0,0,40,6:12.92a
7271802,Gracie Hollin,10,251668,2016-05-06,TRL Novice District Championship,23,1500 Meters,0,0,41,6:13.46a
5845403,Alyssa Sanders,12,251668,2016-05-06,TRL Novice District Championship,23,1500 Meters,0,0,47,6:30.62a
7855338,Kris Walsh,10,251668,2016-05-06,TRL Novice District Championship,23,1500 Meters,0,0,50,6:38.82a
8078421,Ashley Ma,9,251668,2016-05-06,TRL Novice District Championship,23,1500 Meters,0,0,52,6:42.23a
7271786,Connor Byeman,12,251668,2016-05-06,TRL Novice District Championship,6,3000 Meters,0,0,11,10:38.03a
15865704,Henry Giles,9,251668,2016-05-06,TRL Novice District Championship,6,3000 Meters,0,0,14,10:44.22a
7271793,Tanis Leach,10,251668,2016-05-06,TRL Novice District Championship,6,3000 Meters,0,0,18,10:53.06a
7398260,Bailey Wickham,10,251668,2016-05-06,TRL Novice District Championship,6,3000 Meters,0,0,26,11:26.82a
5893327,Garrett Allen,11,251668,2016-05-06,TRL Novice District Championship,6,3000 Meters,0,0,27,11:28.58a
7855289,Alec Engel,11,251668,2016-05-06,TRL Novice District Championship,6,3000 Meters,0,0,31,11:59.78a
8627358,Esperanza Mexicano,10,251668,2016-05-06,TRL Novice District Championship,24,3000 Meters,0,0,11,13:39.69a
7271806,Kyle Meidinger,11,251668,2016-05-06,TRL Novice District Championship,10,110m Hurdles,0,0,6,18.40a
6797279,Austin Cornett,9,251668,2016-05-06,TRL Novice District Championship,10,110m Hurdles,0,0,7,18.70a
6797327,Joshua Milligan,9,251668,2016-05-06,TRL Novice District Championship,10,110m Hurdles,0,0,11,19.61a
9402929,Clayton Wengert,9,251668,2016-05-06,TRL Novice District Championship,10,110m Hurdles,0,0,12,20.44a
9402933,Jacob Zweig,11,251668,2016-05-06,TRL Novice District Championship,10,110m Hurdles,0,0,15,21.27a
6797327,Joshua Milligan,9,251668,2016-05-06,TRL Novice District Championship,11,300m Hurdles,0,0,9,50.85a
9402929,Clayton Wengert,9,251668,2016-05-06,TRL Novice District Championship,11,300m Hurdles,0,0,12,55.40a
8627302,Dallin Brueggeman,9,251668,2016-05-06,TRL Novice District Championship,7,4x100 Relay,0,1,10,50.51a
6797279,Austin Cornett,9,251668,2016-05-06,TRL Novice District Championship,7,4x100 Relay,0,1,10,50.51a
9402887,Joshua Farner,9,251668,2016-05-06,TRL Novice District Championship,7,4x100 Relay,0,1,10,50.51a
9402917,Deitrich Reiter,9,251668,2016-05-06,TRL Novice District Championship,7,4x100 Relay,0,1,10,50.51a
9402858,Jenna Funk,9,251668,2016-05-06,TRL Novice District Championship,25,4x100 Relay,0,1,6,54.58a
6797341,Jenny Peterson,9,251668,2016-05-06,TRL Novice District Championship,25,4x100 Relay,0,1,6,54.58a
6797337,Carolyn Pearce,9,251668,2016-05-06,TRL Novice District Championship,25,4x100 Relay,0,1,6,54.58a
9402855,Nokio Duncan,9,251668,2016-05-06,TRL Novice District Championship,25,4x100 Relay,0,1,6,54.58a
9402899,Noah LaFave,11,251668,2016-05-06,TRL Novice District Championship,8,4x400 Relay,0,1,4,3:52.78a
8627313,Trevor Widell,10,251668,2016-05-06,TRL Novice District Championship,8,4x400 Relay,0,1,4,3:52.78a
5845348,Noah Czerwinski,11,251668,2016-05-06,TRL Novice District Championship,8,4x400 Relay,0,1,4,3:52.78a
6444539,Peter Bigelow,11,251668,2016-05-06,TRL Novice District Championship,8,4x400 Relay,0,1,4,3:52.78a
7398252,Halen Jolley,12,251668,2016-05-06,TRL Novice District Championship,8,4x400 Relay,0,1,5,3:57.38a
7855314,Ben LaFave,12,251668,2016-05-06,TRL Novice District Championship,8,4x400 Relay,0,1,5,3:57.38a
7855294,Joseph Gaylord,12,251668,2016-05-06,TRL Novice District Championship,8,4x400 Relay,0,1,5,3:57.38a
5139336,Noah Shellans,12,251668,2016-05-06,TRL Novice District Championship,8,4x400 Relay,0,1,5,3:57.38a
8697841,Emily Boynton,9,251668,2016-05-06,TRL Novice District Championship,26,4x400 Relay,0,1,2,4:34.81a
7855278,Jen Cameron,12,251668,2016-05-06,TRL Novice District Championship,26,4x400 Relay,0,1,2,4:34.81a
9402858,Jenna Funk,9,251668,2016-05-06,TRL Novice District Championship,26,4x400 Relay,0,1,2,4:34.81a
6797337,Carolyn Pearce,9,251668,2016-05-06,TRL Novice District Championship,26,4x400 Relay,0,1,2,4:34.81a
9402881,Joshua Bowcut,11,251668,2016-05-06,TRL Novice District Championship,12,Shot Put,1,0,2,41-03.00
9402884,Carsen Christensen,10,251668,2016-05-06,TRL Novice District Championship,12,Shot Put,1,0,4,40-10.00
7855323,Charlie Pringle,11,251668,2016-05-06,TRL Novice District Championship,12,Shot Put,1,0,17,31-06.00
9402903,Ulises Martinez,12,251668,2016-05-06,TRL Novice District Championship,12,Shot Put,1,0,31,22-09.00
9402868,Lyndee Nikkila,11,251668,2016-05-06,TRL Novice District Championship,30,Shot Put,1,0,6,23-09.00
9402869,Stephanie Nikkila,11,251668,2016-05-06,TRL Novice District Championship,30,Shot Put,1,0,9,23-04.00
8627370,Maggie Klaus,11,251668,2016-05-06,TRL Novice District Championship,30,Shot Put,1,0,10,23-03.00
9402852,Megan Coday,9,251668,2016-05-06,TRL Novice District Championship,30,Shot Put,1,0,11,22-10.00
6797270,Avery Bergstrom,9,251668,2016-05-06,TRL Novice District Championship,30,Shot Put,1,0,11,22-10.00
8078457,Shania Walker,9,251668,2016-05-06,TRL Novice District Championship,30,Shot Put,1,0,13,21-11.00
9560727,Dagny Hadley,9,251668,2016-05-06,TRL Novice District Championship,30,Shot Put,1,0,14,21-06.00
9402854,Alyssa Dillree,9,251668,2016-05-06,TRL Novice District Championship,30,Shot Put,1,0,14,21-06.00
6797351,Elizabeth Schrepfer,9,251668,2016-05-06,TRL Novice District Championship,30,Shot Put,1,0,17,20-09.00
9402876,Angela Wallace,9,251668,2016-05-06,TRL Novice District Championship,30,Shot Put,1,0,25,18-06.00
9402844,Lilly Adams,9,251668,2016-05-06,TRL Novice District Championship,30,Shot Put,1,0,29,17-10.00
9402874,Delaney Smith,9,251668,2016-05-06,TRL Novice District Championship,30,Shot Put,1,0,30,17-02.00
7855313,Sophie Klaus,11,251668,2016-05-06,TRL Novice District Championship,30,Shot Put,1,0,31,15-01.00
7855319,Will Newberry,10,251668,2016-05-06,TRL Novice District Championship,13,Discus,1,0,4,104-02.00
9402903,Ulises Martinez,12,251668,2016-05-06,TRL Novice District Championship,13,Discus,1,0,35,55-04.00
8627370,Maggie Klaus,11,251668,2016-05-06,TRL Novice District Championship,31,Discus,1,0,7,68-08.00
9402869,Stephanie Nikkila,11,251668,2016-05-06,TRL Novice District Championship,31,Discus,1,0,8,67-11.00
9402852,Megan Coday,9,251668,2016-05-06,TRL Novice District Championship,31,Discus,1,0,10,66-06.00
6797341,Jenny Peterson,9,251668,2016-05-06,TRL Novice District Championship,31,Discus,1,0,12,64-02.00
6797310,Baylee Huggins,9,251668,2016-05-06,TRL Novice District Championship,31,Discus,1,0,18,61-01.00
9402868,Lyndee Nikkila,11,251668,2016-05-06,TRL Novice District Championship,31,Discus,1,0,25,56-10.00
6797270,Avery Bergstrom,9,251668,2016-05-06,TRL Novice District Championship,31,Discus,1,0,26,55-05.00
8627345,Emily Latwesen,9,251668,2016-05-06,TRL Novice District Championship,31,Discus,1,0,29,52-11.00
8078457,Shania Walker,9,251668,2016-05-06,TRL Novice District Championship,31,Discus,1,0,30,52-10.00
6797351,Elizabeth Schrepfer,9,251668,2016-05-06,TRL Novice District Championship,31,Discus,1,0,33,51-00.00
9402876,Angela Wallace,9,251668,2016-05-06,TRL Novice District Championship,31,Discus,1,0,39,45-03.00
9402874,Delaney Smith,9,251668,2016-05-06,TRL Novice District Championship,31,Discus,1,0,41,41-07.00
7855313,Sophie Klaus,11,251668,2016-05-06,TRL Novice District Championship,31,Discus,1,0,44,37-11.00
6444586,Tristan Watts,11,251668,2016-05-06,TRL Novice District Championship,14,Javelin,1,0,2,130-09.00
6797316,Ethan Kelley,9,251668,2016-05-06,TRL Novice District Championship,14,Javelin,1,0,3,124-09.00
9402884,Carsen Christensen,10,251668,2016-05-06,TRL Novice District Championship,14,Javelin,1,0,5,121-03.00
9402879,Carter Atkins,9,251668,2016-05-06,TRL Novice District Championship,14,Javelin,1,0,8,114-03.00
7855319,Will Newberry,10,251668,2016-05-06,TRL Novice District Championship,14,Javelin,1,0,9,113-10.00
8627302,Dallin Brueggeman,9,251668,2016-05-06,TRL Novice District Championship,14,Javelin,1,0,18,105-01.00
7855277,Jacob Buckner,11,251668,2016-05-06,TRL Novice District Championship,14,Javelin,1,0,19,102-10.00
7855323,Charlie Pringle,11,251668,2016-05-06,TRL Novice District Championship,14,Javelin,1,0,29,91-09.00
9402908,Noah Munn,11,251668,2016-05-06,TRL Novice District Championship,14,Javelin,1,0,29,91-09.00
9402881,Joshua Bowcut,11,251668,2016-05-06,TRL Novice District Championship,14,Javelin,1,0,38,79-02.00
9402886,Austin Emry,10,251668,2016-05-06,TRL Novice District Championship,14,Javelin,1,0,48,68-02.00
9402929,Clayton Wengert,9,251668,2016-05-06,TRL Novice District Championship,14,Javelin,1,0,53,62-02.00
9402868,Lyndee Nikkila,11,251668,2016-05-06,TRL Novice District Championship,32,Javelin,1,0,1,92-02.00
9402869,Stephanie Nikkila,11,251668,2016-05-06,TRL Novice District Championship,32,Javelin,1,0,2,90-03.00
9560727,Dagny Hadley,9,251668,2016-05-06,TRL Novice District Championship,32,Javelin,1,0,3,75-02.00
9402852,Megan Coday,9,251668,2016-05-06,TRL Novice District Championship,32,Javelin,1,0,4,69-08.00
6797270,Avery Bergstrom,9,251668,2016-05-06,TRL Novice District Championship,32,Javelin,1,0,8,57-00.00
9402844,Lilly Adams,9,251668,2016-05-06,TRL Novice District Championship,32,Javelin,1,0,9,54-04.00
8078457,Shania Walker,9,251668,2016-05-06,TRL Novice District Championship,32,Javelin,1,0,10,52-03.00
9402874,Delaney Smith,9,251668,2016-05-06,TRL Novice District Championship,32,Javelin,1,0,17,36-09.00
9536715,Jameson Angelel,11,251668,2016-05-06,TRL Novice District Championship,9,High Jump,1,0,5,5-04.00
9402901,Kian Coleman-Lopez,10,251668,2016-05-06,TRL Novice District Championship,9,High Jump,1,0,7,5-02.00
6797316,Ethan Kelley,9,251668,2016-05-06,TRL Novice District Championship,9,High Jump,1,0,9,5-00.00
9402898,Levi Klockars,10,251668,2016-05-06,TRL Novice District Championship,9,High Jump,1,0,9,5-00.00
9402924,Cyrus Swihart,10,251668,2016-05-06,TRL Novice District Championship,9,High Jump,1,0,15,4-10.00
6797327,Joshua Milligan,9,251668,2016-05-06,TRL Novice District Championship,9,High Jump,1,0,15,4-10.00
7271786,Connor Byeman,12,251668,2016-05-06,TRL Novice District Championship,9,High Jump,1,0,15,4-10.00
6797318,Nicholas Koronko,10,251668,2016-05-06,TRL Novice District Championship,9,High Jump,1,0,19,4-08.00
6444552,Seth Dummer,11,251668,2016-05-06,TRL Novice District Championship,16,Pole Vault,1,0,2,9-06.00
6797271,Eric Bergstrom,9,251668,2016-05-06,TRL Novice District Championship,16,Pole Vault,1,0,16,8-00.00
9402891,Harrison Gregory,9,251668,2016-05-06,TRL Novice District Championship,16,Pole Vault,1,0,20,8-00.00
9402872,Kolleen Peters,9,251668,2016-05-06,TRL Novice District Championship,34,Pole Vault,1,0,5,7-00.00
9402853,Brenna Cosio,10,251668,2016-05-06,TRL Novice District Championship,34,Pole Vault,1,0,11,6-00.00
9402924,Cyrus Swihart,10,251668,2016-05-06,TRL Novice District Championship,17,Long Jump,1,0,3,17-10.50
6797279,Austin Cornett,9,251668,2016-05-06,TRL Novice District Championship,17,Long Jump,1,0,10,16-08.25
9402915,Greg Potter,9,251668,2016-05-06,TRL Novice District Championship,17,Long Jump,1,0,13,16-05.00
9402899,Noah LaFave,11,251668,2016-05-06,TRL Novice District Championship,17,Long Jump,1,0,19,16-00.50
9536715,Jameson Angelel,11,251668,2016-05-06,TRL Novice District Championship,17,Long Jump,1,0,24,15-08.00
9402910,Justin Ngo,9,251668,2016-05-06,TRL Novice District Championship,17,Long Jump,1,0,30,14-04.75
6797318,Nicholas Koronko,10,251668,2016-05-06,TRL Novice District Championship,17,Long Jump,1,0,32,13-08.00
9402892,Ethan Heironimus,9,251668,2016-05-06,TRL Novice District Championship,17,Long Jump,1,0,36,13-04.00
9402908,Noah Munn,11,251668,2016-05-06,TRL Novice District Championship,17,Long Jump,1,0,37,12-10.50
9402925,Zhenya Tilley,9,251668,2016-05-06,TRL Novice District Championship,17,Long Jump,1,0,39,11-02.50
9402855,Nokio Duncan,9,251668,2016-05-06,TRL Novice District Championship,35,Long Jump,1,0,2,14-11.50
6797316,Ethan Kelley,9,251668,2016-05-06,TRL Novice District Championship,18,Triple Jump,1,0,8,34-08.50
9402899,Noah LaFave,11,251668,2016-05-06,TRL Novice District Championship,18,Triple Jump,1,0,11,33-00.00
5139250,Keaton Flannery,12,251667,2016-05-13,6A-4 TRL District Championship Day 2,3,400 Meters,0,0,5,51.63a
5139341,Brandon Thompson,12,251667,2016-05-13,6A-4 TRL District Championship Day 2,3,400 Meters,0,0,6,51.98a
6797360,Addison Tanuvasa,9,251667,2016-05-13,6A-4 TRL District Championship Day 2,21,400 Meters,0,0,6,1:01.21a
6797366,Alexandra Verkamp,9,251667,2016-05-13,6A-4 TRL District Championship Day 2,22,800 Meters,0,0,3,2:19.55a
4677694,Drew Peters,12,251667,2016-05-13,6A-4 TRL District Championship Day 2,5,1500 Meters,0,0,13,4:19.90a
7855281,Nicholas Clark,11,251667,2016-05-13,6A-4 TRL District Championship Day 2,5,1500 Meters,0,0,20,4:39.86a
4677705,Ryan Chidlaw,12,251667,2016-05-13,6A-4 TRL District Championship Day 2,5,1500 Meters,0,0,22,4:42.97a
6444472,Lindy Voss,11,251667,2016-05-13,6A-4 TRL District Championship Day 2,23,1500 Meters,0,0,17,5:22.44a
9402870,Emily Pannell,9,251667,2016-05-13,6A-4 TRL District Championship Day 2,23,1500 Meters,0,0,22,5:30.80a
9402846,Jacqueline Angelel,9,251667,2016-05-13,6A-4 TRL District Championship Day 2,23,1500 Meters,0,0,24,5:45.67a
4677694,Drew Peters,12,251667,2016-05-13,6A-4 TRL District Championship Day 2,6,3000 Meters,0,0,9,9:19.38a
5845359,Henry Rummerfield,11,251667,2016-05-13,6A-4 TRL District Championship Day 2,6,3000 Meters,0,0,18,10:02.64a
6444567,Cam Moats,11,251667,2016-05-13,6A-4 TRL District Championship Day 2,6,3000 Meters,0,0,21,10:31.94a
6444472,Lindy Voss,11,251667,2016-05-13,6A-4 TRL District Championship Day 2,24,3000 Meters,0,0,18,11:46.46a
5139475,Kelly Roth,12,251667,2016-05-13,6A-4 TRL District Championship Day 2,24,3000 Meters,0,0,20,11:57.22a
9402846,Jacqueline Angelel,9,251667,2016-05-13,6A-4 TRL District Championship Day 2,24,3000 Meters,0,0,22,12:36.82a
7855316,Andrew Mabry,10,251667,2016-05-13,6A-4 TRL District Championship Day 2,7,4x100 Relay,0,1,6,45.27a
9402897,Michael Klapp,9,251667,2016-05-13,6A-4 TRL District Championship Day 2,7,4x100 Relay,0,1,6,45.27a
6444575,Kameron Price,11,251667,2016-05-13,6A-4 TRL District Championship Day 2,7,4x100 Relay,0,1,6,45.27a
9402907,David Morris,11,251667,2016-05-13,6A-4 TRL District Championship Day 2,7,4x100 Relay,0,1,6,45.27a
9402873,Angelina Ramos,9,251667,2016-05-13,6A-4 TRL District Championship Day 2,25,4x100 Relay,0,1,9,53.21a
9402856,Abby Eisenbeiss,9,251667,2016-05-13,6A-4 TRL District Championship Day 2,25,4x100 Relay,0,1,9,53.21a
7855317,Abigail Masley,12,251667,2016-05-13,6A-4 TRL District Championship Day 2,25,4x100 Relay,0,1,9,53.21a
9402850,Danielle Clem,9,251667,2016-05-13,6A-4 TRL District Championship Day 2,25,4x100 Relay,0,1,9,53.21a
7855316,Andrew Mabry,10,251667,2016-05-13,6A-4 TRL District Championship Day 2,8,4x400 Relay,0,1,4,3:30.57a
7293530,Josh Quaglio,10,251667,2016-05-13,6A-4 TRL District Championship Day 2,8,4x400 Relay,0,1,4,3:30.57a
5139341,Brandon Thompson,12,251667,2016-05-13,6A-4 TRL District Championship Day 2,8,4x400 Relay,0,1,4,3:30.57a
5139250,Keaton Flannery,12,251667,2016-05-13,6A-4 TRL District Championship Day 2,8,4x400 Relay,0,1,4,3:30.57a
9402873,Angelina Ramos,9,251667,2016-05-13,6A-4 TRL District Championship Day 2,26,4x400 Relay,0,1,6,4:07.94a
9402856,Abby Eisenbeiss,9,251667,2016-05-13,6A-4 TRL District Championship Day 2,26,4x400 Relay,0,1,6,4:07.94a
6797360,Addison Tanuvasa,9,251667,2016-05-13,6A-4 TRL District Championship Day 2,26,4x400 Relay,0,1,6,4:07.94a
6797366,Alexandra Verkamp,9,251667,2016-05-13,6A-4 TRL District Championship Day 2,26,4x400 Relay,0,1,6,4:07.94a
7855284,Jayden Cuthbertson,10,251667,2016-05-13,6A-4 TRL District Championship Day 2,12,Shot Put,1,0,8,42-10.50
6444573,Brady Pierce,11,251667,2016-05-13,6A-4 TRL District Championship Day 2,12,Shot Put,1,0,9,42-10.00
29290187,Shelby Moran,10,251667,2016-05-13,6A-4 TRL District Championship Day 2,30,Shot Put,1,0,3,39-11.00
7271803,Clair Johnson,10,251667,2016-05-13,6A-4 TRL District Championship Day 2,30,Shot Put,1,0,4,36-08.00
6444324,Calahan Crawford,11,251667,2016-05-13,6A-4 TRL District Championship Day 2,30,Shot Put,1,0,14,30-11.50
6444582,Garrett Schweigert,11,251667,2016-05-13,6A-4 TRL District Championship Day 2,13,Discus,1,0,3,136-10
6444573,Brady Pierce,11,251667,2016-05-13,6A-4 TRL District Championship Day 2,13,Discus,1,0,5,132-04
7855284,Jayden Cuthbertson,10,251667,2016-05-13,6A-4 TRL District Championship Day 2,13,Discus,1,0,12,103-06
29290187,Shelby Moran,10,251667,2016-05-13,6A-4 TRL District Championship Day 2,31,Discus,1,0,1,156-02
11241389,Payge Cuthbertson,12,251667,2016-05-13,6A-4 TRL District Championship Day 2,31,Discus,1,0,6,112-00
7271803,Clair Johnson,10,251667,2016-05-13,6A-4 TRL District Championship Day 2,31,Discus,1,0,20,75-01
8108516,Josh Jakubowski,11,251667,2016-05-13,6A-4 TRL District Championship Day 2,14,Javelin,1,0,6,148-04
5139287,Quentin Kelley,12,251667,2016-05-13,6A-4 TRL District Championship Day 2,14,Javelin,1,0,7,145-11
6444555,Wesley Farner,11,251667,2016-05-13,6A-4 TRL District Championship Day 2,14,Javelin,1,0,12,131-10
11241389,Payge Cuthbertson,12,251667,2016-05-13,6A-4 TRL District Championship Day 2,32,Javelin,1,0,1,146-08
6444324,Calahan Crawford,11,251667,2016-05-13,6A-4 TRL District Championship Day 2,32,Javelin,1,0,4,121-07
29290187,Shelby Moran,10,251667,2016-05-13,6A-4 TRL District Championship Day 2,32,Javelin,1,0,17,88-08
4677699,Jared Hawk,12,251667,2016-05-13,6A-4 TRL District Championship Day 2,9,High Jump,1,0,12,5-04.00
6797328,Mary Milne,9,251667,2016-05-13,6A-4 TRL District Championship Day 2,27,High Jump,1,0,6,4-10.00
7855331,Rachel Sorum,10,251667,2016-05-13,6A-4 TRL District Championship Day 2,27,High Jump,1,0,10,4-08.00
7855299,Sophia Harnew-Spradley,10,251667,2016-05-13,6A-4 TRL District Championship Day 2,27,High Jump,1,0,11,4-08.00
5215975,Kyle Homer,12,251667,2016-05-13,6A-4 TRL District Championship Day 2,16,Pole Vault,1,0,3,12-00.00
7271787,Payton Churilla,10,251667,2016-05-13,6A-4 TRL District Championship Day 2,16,Pole Vault,1,0,5,12-00.00
7855333,Dylan Stamback,10,251667,2016-05-13,6A-4 TRL District Championship Day 2,16,Pole Vault,1,0,7,11-06.00
6797304,Alice Hall,9,251667,2016-05-13,6A-4 TRL District Championship Day 2,34,Pole Vault,1,0,10,8-06.00
7855304,Kayla Homer,10,251667,2016-05-13,6A-4 TRL District Championship Day 2,34,Pole Vault,1,0,12,7-06.00
6444575,Kameron Price,11,251667,2016-05-13,6A-4 TRL District Championship Day 2,17,Long Jump,1,0,10,19-07.75
4677699,Jared Hawk,12,251667,2016-05-13,6A-4 TRL District Championship Day 2,17,Long Jump,1,0,19,16-09.75
7664199,Paige Block,9,251667,2016-05-13,6A-4 TRL District Championship Day 2,35,Long Jump,1,0,9,14-11.25
8627322,Clare Faber,11,251667,2016-05-13,6A-4 TRL District Championship Day 2,35,Long Jump,1,0,12,14-04.00
7855268,Megan Allen,10,251667,2016-05-13,6A-4 TRL District Championship Day 2,35,Long Jump,1,0,18,13-10.75
7855298,Billy Hale,10,251667,2016-05-13,6A-4 TRL District Championship Day 2,18,Triple Jump,1,0,8,39-04.75
7855305,Cameron Huske,10,251667,2016-05-13,6A-4 TRL District Championship Day 2,18,Triple Jump,1,0,10,38-08.00
6797328,Mary Milne,9,251667,2016-05-13,6A-4 TRL District Championship Day 2,36,Triple Jump,1,0,6,34-00.00
8627322,Clare Faber,11,251667,2016-05-13,6A-4 TRL District Championship Day 2,36,Triple Jump,1,0,14,30-03.00
5845400,Emma Rivas,11,251667,2016-05-13,6A-4 TRL District Championship Day 2,36,Triple Jump,1,0,15,30-00.75
7855327,Jack Scypinski,11,298675,2017-05-05,TRL JV District Meet,1,100 Meters,0,0,17,12.40a
11093759,Jacob Mayfield,10,298675,2017-05-05,TRL JV District Meet,1,100 Meters,0,0,10,12.20
9402901,Kian Coleman-Lopez,11,298675,2017-05-05,TRL JV District Meet,1,100 Meters,0,0,13,12.30
11093761,Garrett McCullough,11,298675,2017-05-05,TRL JV District Meet,1,100 Meters,0,0,28,12.67a
8627302,Dallin Brueggeman,10,298675,2017-05-05,TRL JV District Meet,1,100 Meters,0,0,32,12.76a
11093748,Jamison Guerra,9,298675,2017-05-05,TRL JV District Meet,1,100 Meters,0,0,35,12.78a
9402890,Colton Gangl,11,298675,2017-05-05,TRL JV District Meet,1,100 Meters,0,0,37,12.81a
11253593,Tyler Roelle,11,298675,2017-05-05,TRL JV District Meet,1,100 Meters,0,0,38,12.93a
11093767,Jacob Reuter,10,298675,2017-05-05,TRL JV District Meet,1,100 Meters,0,0,40,12.97a
9402925,Zhenya Tilley,10,298675,2017-05-05,TRL JV District Meet,1,100 Meters,0,0,42,13.03a
9402917,Deitrich Reiter,10,298675,2017-05-05,TRL JV District Meet,1,100 Meters,0,0,49,13.21a
11093737,Andrew Clear,9,298675,2017-05-05,TRL JV District Meet,1,100 Meters,0,0,54,13.48a
11093777,Brian Tziu-Rojas,9,298675,2017-05-05,TRL JV District Meet,1,100 Meters,0,0,55,13.49a
11093780,Cade Yeldell,10,298675,2017-05-05,TRL JV District Meet,1,100 Meters,0,0,57,13.54a
9402913,Riley Paschall,10,298675,2017-05-05,TRL JV District Meet,1,100 Meters,0,0,58,13.59a
11093724,Sebastien Alexander,9,298675,2017-05-05,TRL JV District Meet,1,100 Meters,0,0,60,13.63a
11093768,Jessie Roberts,10,298675,2017-05-05,TRL JV District Meet,1,100 Meters,0,0,65,13.78a
8078450,Tyler Thompson,10,298675,2017-05-05,TRL JV District Meet,1,100 Meters,0,0,68,13.80a
11093733,Joey Buckner,10,298675,2017-05-05,TRL JV District Meet,1,100 Meters,0,0,70,13.82a
9402881,Joshua Bowcut,12,298675,2017-05-05,TRL JV District Meet,1,100 Meters,0,0,78,14.03a
9402898,Levi Klockars,11,298675,2017-05-05,TRL JV District Meet,1,100 Meters,0,0,79,14.06a
11093775,Dante Tarrant,9,298675,2017-05-05,TRL JV District Meet,1,100 Meters,0,0,81,14.12a
9402892,Ethan Heironimus,10,298675,2017-05-05,TRL JV District Meet,1,100 Meters,0,0,83,14.22a
11093750,Lucas Ho,9,298675,2017-05-05,TRL JV District Meet,1,100 Meters,0,0,84,14.23a
11093735,Cameron Burns,9,298675,2017-05-05,TRL JV District Meet,1,100 Meters,0,0,85,14.28a
11093725,Jarrett Alto,9,298675,2017-05-05,TRL JV District Meet,1,100 Meters,0,0,88,14.74a
10589484,Drake Gagner,9,298675,2017-05-05,TRL JV District Meet,1,100 Meters,0,0,89,14.81a
9402886,Austin Emry,11,298675,2017-05-05,TRL JV District Meet,1,100 Meters,0,0,91,14.87a
11093773,Seth Stoddart,10,298675,2017-05-05,TRL JV District Meet,1,100 Meters,0,0,92,15.08a
10395459,Jamae Stewart,10,298675,2017-05-05,TRL JV District Meet,19,100 Meters,0,0,21,14.51a
11093718,Lauren Swanson,9,298675,2017-05-05,TRL JV District Meet,19,100 Meters,0,0,24,14.55a
9402850,Danielle Clem,10,298675,2017-05-05,TRL JV District Meet,19,100 Meters,0,0,26,14.61a
11093715,Isabel Scholz,12,298675,2017-05-05,TRL JV District Meet,19,100 Meters,0,0,27,14.64a
11093682,Maddie Cluff,10,298675,2017-05-05,TRL JV District Meet,19,100 Meters,0,0,32,14.81a
11093709,Annika Pietzke,9,298675,2017-05-05,TRL JV District Meet,19,100 Meters,0,0,37,15.06a
6797322,Brynn Masters,10,298675,2017-05-05,TRL JV District Meet,19,100 Meters,0,0,49,15.69a
9402854,Alyssa Dillree,10,298675,2017-05-05,TRL JV District Meet,19,100 Meters,0,0,50,15.84a
11093679,Sarah Cassidy,10,298675,2017-05-05,TRL JV District Meet,19,100 Meters,0,0,53,15.99a
11093681,Alaina Clark,9,298675,2017-05-05,TRL JV District Meet,19,100 Meters,0,0,54,16.02a
11093675,Britney Botez,9,298675,2017-05-05,TRL JV District Meet,19,100 Meters,0,0,60,17.25a
11093704,Alejandra Moreno,11,298675,2017-05-05,TRL JV District Meet,19,100 Meters,0,0,62,17.52a
7855327,Jack Scypinski,11,298675,2017-05-05,TRL JV District Meet,2,200 Meters,0,0,4,24.54a
9402890,Colton Gangl,11,298675,2017-05-05,TRL JV District Meet,2,200 Meters,0,0,18,25.68a
9402891,Harrison Gregory,10,298675,2017-05-05,TRL JV District Meet,2,200 Meters,0,0,25,26.15a
8627302,Dallin Brueggeman,10,298675,2017-05-05,TRL JV District Meet,2,200 Meters,0,0,26,26.17a
11093759,Jacob Mayfield,10,298675,2017-05-05,TRL JV District Meet,2,200 Meters,0,0,28,26.23a
11093772,Isaac Savage,11,298675,2017-05-05,TRL JV District Meet,2,200 Meters,0,0,31,26.67a
9402917,Deitrich Reiter,10,298675,2017-05-05,TRL JV District Meet,2,200 Meters,0,0,37,26.79a
11093739,Garett Craig,9,298675,2017-05-05,TRL JV District Meet,2,200 Meters,0,0,40,27.14a
11093724,Sebastien Alexander,9,298675,2017-05-05,TRL JV District Meet,2,200 Meters,0,0,43,27.44a
9402925,Zhenya Tilley,10,298675,2017-05-05,TRL JV District Meet,2,200 Meters,0,0,48,27.85a
11093775,Dante Tarrant,9,298675,2017-05-05,TRL JV District Meet,2,200 Meters,0,0,49,27.87a
11093777,Brian Tziu-Rojas,9,298675,2017-05-05,TRL JV District Meet,2,200 Meters,0,0,51,27.91a
11093737,Andrew Clear,9,298675,2017-05-05,TRL JV District Meet,2,200 Meters,0,0,52,27.94a
8078450,Tyler Thompson,10,298675,2017-05-05,TRL JV District Meet,2,200 Meters,0,0,56,28.37a
9402892,Ethan Heironimus,10,298675,2017-05-05,TRL JV District Meet,2,200 Meters,0,0,57,28.46a
11093768,Jessie Roberts,10,298675,2017-05-05,TRL JV District Meet,2,200 Meters,0,0,59,28.69a
11093735,Cameron Burns,9,298675,2017-05-05,TRL JV District Meet,2,200 Meters,0,0,60,29.12a
11093744,Kaden Fuller,9,298675,2017-05-05,TRL JV District Meet,2,200 Meters,0,0,61,29.52a
10589484,Drake Gagner,9,298675,2017-05-05,TRL JV District Meet,2,200 Meters,0,0,62,29.72a
11093750,Lucas Ho,9,298675,2017-05-05,TRL JV District Meet,2,200 Meters,0,0,63,29.84a
11093725,Jarrett Alto,9,298675,2017-05-05,TRL JV District Meet,2,200 Meters,0,0,64,30.13a
11093702,Julia Leitzinger,9,298675,2017-05-05,TRL JV District Meet,20,200 Meters,0,0,3,28.70
11093718,Lauren Swanson,9,298675,2017-05-05,TRL JV District Meet,20,200 Meters,0,0,13,30.12a
6797337,Carolyn Pearce,10,298675,2017-05-05,TRL JV District Meet,20,200 Meters,0,0,18,31.01a
11093682,Maddie Cluff,10,298675,2017-05-05,TRL JV District Meet,20,200 Meters,0,0,21,31.43a
11093715,Isabel Scholz,12,298675,2017-05-05,TRL JV District Meet,20,200 Meters,0,0,28,32.24a
11093737,Andrew Clear,9,298675,2017-05-05,TRL JV District Meet,3,400 Meters,0,0,16,59.68a
5845345,Justin Cotten,12,298675,2017-05-05,TRL JV District Meet,3,400 Meters,0,0,23,1:01.41a
11093772,Isaac Savage,11,298675,2017-05-05,TRL JV District Meet,3,400 Meters,0,0,25,1:02.05a
11093744,Kaden Fuller,9,298675,2017-05-05,TRL JV District Meet,3,400 Meters,0,0,33,1:08.89a
6797337,Carolyn Pearce,10,298675,2017-05-05,TRL JV District Meet,21,400 Meters,0,0,3,1:08.70
10395459,Jamae Stewart,10,298675,2017-05-05,TRL JV District Meet,21,400 Meters,0,0,5,1:11.64a
9402854,Alyssa Dillree,10,298675,2017-05-05,TRL JV District Meet,21,400 Meters,0,0,8,1:13.60
9402894,Brandon Hughes,11,298675,2017-05-05,TRL JV District Meet,4,800 Meters,0,0,3,2:09.33a
7855281,Nicholas Clark,12,298675,2017-05-05,TRL JV District Meet,4,800 Meters,0,0,12,2:14.55a
11093756,Protas Lembetia,9,298675,2017-05-05,TRL JV District Meet,4,800 Meters,0,0,15,2:16.12a
10416203,Larson Johnson,9,298675,2017-05-05,TRL JV District Meet,4,800 Meters,0,0,23,2:20.59a
11093778,George Westover,9,298675,2017-05-05,TRL JV District Meet,4,800 Meters,0,0,28,2:24.64a
5845343,Tyler Christensen,9,298675,2017-05-05,TRL JV District Meet,4,800 Meters,0,0,34,2:27.20a
6797277,Jacob Cluff,10,298675,2017-05-05,TRL JV District Meet,4,800 Meters,0,0,37,2:27.99a
7855334,David Taylor-Kenny,12,298675,2017-05-05,TRL JV District Meet,4,800 Meters,0,0,38,2:28.39a
11093728,Spencer Baggaley,9,298675,2017-05-05,TRL JV District Meet,4,800 Meters,0,0,44,2:30.16a
11093723,Brady Agranoff,9,298675,2017-05-05,TRL JV District Meet,4,800 Meters,0,0,52,2:36.67a
11093779,Orion Wiebe,10,298675,2017-05-05,TRL JV District Meet,4,800 Meters,0,0,54,2:38.30a
11093727,Vrishank Angadi,9,298675,2017-05-05,TRL JV District Meet,4,800 Meters,0,0,55,2:38.58a
9402888,Mitchell Foster,10,298675,2017-05-05,TRL JV District Meet,4,800 Meters,0,0,62,2:49.49a
9402848,Jennifer Christensen,10,298675,2017-05-05,TRL JV District Meet,22,800 Meters,0,0,6,2:43.08a
9402856,Abby Eisenbeiss,10,298675,2017-05-05,TRL JV District Meet,22,800 Meters,0,0,7,2:43.81a
5845384,Emmy Hensley,12,298675,2017-05-05,TRL JV District Meet,22,800 Meters,0,0,14,2:47.92a
6797343,Allison Pierce,10,298675,2017-05-05,TRL JV District Meet,22,800 Meters,0,0,23,2:55.00a
10546031,Kylie Wickham,9,298675,2017-05-05,TRL JV District Meet,22,800 Meters,0,0,31,2:59.79a
11093685,Vanessa Diaz,10,298675,2017-05-05,TRL JV District Meet,22,800 Meters,0,0,38,3:08.48a
8078421,Ashley Ma,10,298675,2017-05-05,TRL JV District Meet,22,800 Meters,0,0,40,3:11.35a
7495329,Lily Starling,10,298675,2017-05-05,TRL JV District Meet,22,800 Meters,0,0,41,3:12.94a
8627345,Emily Latwesen,10,298675,2017-05-05,TRL JV District Meet,22,800 Meters,0,0,43,3:16.01a
7855275,Sarah Bonomo,12,298675,2017-05-05,TRL JV District Meet,22,800 Meters,0,0,45,3:17.14a
11093722,Connie Williamson,9,298675,2017-05-05,TRL JV District Meet,22,800 Meters,0,0,48,3:23.23a
7271799,Delaney Chase,11,298675,2017-05-05,TRL JV District Meet,22,800 Meters,0,0,49,3:27.42a
7855287,Kalli Dorwart,11,298675,2017-05-05,TRL JV District Meet,22,800 Meters,0,0,50,3:29.62a
7855330,Maddie Smith,11,298675,2017-05-05,TRL JV District Meet,22,800 Meters,0,0,53,3:32.87a
7855281,Nicholas Clark,12,298675,2017-05-05,TRL JV District Meet,5,1500 Meters,0,0,15,4:39.11a
9402894,Brandon Hughes,11,298675,2017-05-05,TRL JV District Meet,5,1500 Meters,0,0,18,4:40.80a
7271793,Tanis Leach,11,298675,2017-05-05,TRL JV District Meet,5,1500 Meters,0,0,26,4:43.97a
6797288,Isaac Evans,10,298675,2017-05-05,TRL JV District Meet,5,1500 Meters,0,0,29,4:45.47a
11093743,Ethan Fuller,9,298675,2017-05-05,TRL JV District Meet,5,1500 Meters,0,0,29,4:45.47a
11093778,George Westover,9,298675,2017-05-05,TRL JV District Meet,5,1500 Meters,0,0,31,4:46.21a
5845343,Tyler Christensen,9,298675,2017-05-05,TRL JV District Meet,5,1500 Meters,0,0,38,4:51.93a
10416203,Larson Johnson,9,298675,2017-05-05,TRL JV District Meet,5,1500 Meters,0,0,44,4:55.47a
6797271,Eric Bergstrom,10,298675,2017-05-05,TRL JV District Meet,5,1500 Meters,0,0,52,4:59.59a
11093728,Spencer Baggaley,9,298675,2017-05-05,TRL JV District Meet,5,1500 Meters,0,0,61,5:07.26a
6797277,Jacob Cluff,10,298675,2017-05-05,TRL JV District Meet,5,1500 Meters,0,0,66,5:09.58a
7855289,Alec Engel,12,298675,2017-05-05,TRL JV District Meet,5,1500 Meters,0,0,72,5:10.97a
11093723,Brady Agranoff,9,298675,2017-05-05,TRL JV District Meet,5,1500 Meters,0,0,73,5:11.22a
11093779,Orion Wiebe,10,298675,2017-05-05,TRL JV District Meet,5,1500 Meters,0,0,76,5:16.58a
11093736,Quinn Christensen,10,298675,2017-05-05,TRL JV District Meet,5,1500 Meters,0,0,78,5:17.92a
11093727,Vrishank Angadi,9,298675,2017-05-05,TRL JV District Meet,5,1500 Meters,0,0,79,5:18.08a
8627358,Esperanza Mexicano,11,298675,2017-05-05,TRL JV District Meet,23,1500 Meters,0,0,18,5:48.90
6797343,Allison Pierce,10,298675,2017-05-05,TRL JV District Meet,23,1500 Meters,0,0,24,6:00.30
7271802,Gracie Hollin,11,298675,2017-05-05,TRL JV District Meet,23,1500 Meters,0,0,25,6:02.20
5845384,Emmy Hensley,12,298675,2017-05-05,TRL JV District Meet,23,1500 Meters,0,0,28,6:03.70
11093712,Madisen Ramos,9,298675,2017-05-05,TRL JV District Meet,23,1500 Meters,0,0,29,6:04.70
10546031,Kylie Wickham,9,298675,2017-05-05,TRL JV District Meet,23,1500 Meters,0,0,34,6:13.80
7495329,Lily Starling,10,298675,2017-05-05,TRL JV District Meet,23,1500 Meters,0,0,38,6:18.90
11093685,Vanessa Diaz,10,298675,2017-05-05,TRL JV District Meet,23,1500 Meters,0,0,42,6:27.80
8078421,Ashley Ma,10,298675,2017-05-05,TRL JV District Meet,23,1500 Meters,0,0,46,6:31.50
10395457,Emma Simpson,10,298675,2017-05-05,TRL JV District Meet,23,1500 Meters,0,0,48,6:40.40
8627345,Emily Latwesen,10,298675,2017-05-05,TRL JV District Meet,23,1500 Meters,0,0,49,6:47.50
7271799,Delaney Chase,11,298675,2017-05-05,TRL JV District Meet,23,1500 Meters,0,0,50,6:50.50
11093722,Connie Williamson,9,298675,2017-05-05,TRL JV District Meet,23,1500 Meters,0,0,52,7:11.80
7271793,Tanis Leach,11,298675,2017-05-05,TRL JV District Meet,6,3000 Meters,0,0,8,10:02.70a
7398260,Bailey Wickham,11,298675,2017-05-05,TRL JV District Meet,6,3000 Meters,0,0,14,10:18.91a
5893327,Garrett Allen,12,298675,2017-05-05,TRL JV District Meet,6,3000 Meters,0,0,26,11:14.51a
7855334,David Taylor-Kenny,12,298675,2017-05-05,TRL JV District Meet,6,3000 Meters,0,0,28,11:20.52a
6444567,Cam Moats,12,298675,2017-05-05,TRL JV District Meet,6,3000 Meters,0,0,29,11:24.26a
8627358,Esperanza Mexicano,11,298675,2017-05-05,TRL JV District Meet,24,3000 Meters,0,0,11,12:47.28a
11093712,Madisen Ramos,9,298675,2017-05-05,TRL JV District Meet,24,3000 Meters,0,0,13,12:52.73a
11093709,Annika Pietzke,9,298675,2017-05-05,TRL JV District Meet,28,100m Hurdles,0,0,5,21.07a
11093690,Grace Gary,9,298675,2017-05-05,TRL JV District Meet,28,100m Hurdles,0,0,7,21.80a
11093677,Korynn Bowers,10,298675,2017-05-05,TRL JV District Meet,28,100m Hurdles,0,0,8,22.17a
11093675,Britney Botez,9,298675,2017-05-05,TRL JV District Meet,28,100m Hurdles,0,0,10,24.68a
6797350,Robert Schmidt,10,298675,2017-05-05,TRL JV District Meet,10,110m Hurdles,0,0,1,17.20a
11093738,Joe Conrow,9,298675,2017-05-05,TRL JV District Meet,10,110m Hurdles,0,0,8,19.31a
11093738,Joe Conrow,9,298675,2017-05-05,TRL JV District Meet,11,300m Hurdles,0,0,9,49.21a
11093748,Jamison Guerra,9,298675,2017-05-05,TRL JV District Meet,11,300m Hurdles,0,0,10,49.52a
11093709,Annika Pietzke,9,298675,2017-05-05,TRL JV District Meet,29,300m Hurdles,0,0,4,58.31a
11093675,Britney Botez,9,298675,2017-05-05,TRL JV District Meet,29,300m Hurdles,0,0,13,70.39a
9402890,Colton Gangl,11,298675,2017-05-05,TRL JV District Meet,7,4x100 Relay,0,1,6,48.50
11093761,Garrett McCullough,11,298675,2017-05-05,TRL JV District Meet,7,4x100 Relay,0,1,6,48.50
7855327,Jack Scypinski,11,298675,2017-05-05,TRL JV District Meet,7,4x100 Relay,0,1,6,48.50
11093759,Jacob Mayfield,10,298675,2017-05-05,TRL JV District Meet,7,4x100 Relay,0,1,6,48.50
11093715,Isabel Scholz,12,298675,2017-05-05,TRL JV District Meet,25,4x100 Relay,0,1,8,57.70
11093718,Lauren Swanson,9,298675,2017-05-05,TRL JV District Meet,25,4x100 Relay,0,1,8,57.70
9402856,Abby Eisenbeiss,10,298675,2017-05-05,TRL JV District Meet,25,4x100 Relay,0,1,8,57.70
9402850,Danielle Clem,10,298675,2017-05-05,TRL JV District Meet,25,4x100 Relay,0,1,8,57.70
11093738,Joe Conrow,9,298675,2017-05-05,TRL JV District Meet,8,4x400 Relay,0,1,7,4:06.63a
11093743,Ethan Fuller,9,298675,2017-05-05,TRL JV District Meet,8,4x400 Relay,0,1,7,4:06.63a
11093772,Isaac Savage,11,298675,2017-05-05,TRL JV District Meet,8,4x400 Relay,0,1,7,4:06.63a
11093748,Jamison Guerra,9,298675,2017-05-05,TRL JV District Meet,8,4x400 Relay,0,1,7,4:06.63a
9402892,Ethan Heironimus,10,298675,2017-05-05,TRL JV District Meet,8,4x400 Relay,0,1,9,4:12.35a
11093768,Jessie Roberts,10,298675,2017-05-05,TRL JV District Meet,8,4x400 Relay,0,1,9,4:12.35a
9402925,Zhenya Tilley,10,298675,2017-05-05,TRL JV District Meet,8,4x400 Relay,0,1,9,4:12.35a
11093737,Andrew Clear,9,298675,2017-05-05,TRL JV District Meet,8,4x400 Relay,0,1,9,4:12.35a
9402854,Alyssa Dillree,10,298675,2017-05-05,TRL JV District Meet,26,4x400 Relay,0,1,1,4:44.12a
11093718,Lauren Swanson,9,298675,2017-05-05,TRL JV District Meet,26,4x400 Relay,0,1,1,4:44.12a
9402856,Abby Eisenbeiss,10,298675,2017-05-05,TRL JV District Meet,26,4x400 Relay,0,1,1,4:44.12a
6797337,Carolyn Pearce,10,298675,2017-05-05,TRL JV District Meet,26,4x400 Relay,0,1,1,4:44.12a
9402881,Joshua Bowcut,12,298675,2017-05-05,TRL JV District Meet,12,Shot Put,1,0,2,41-08.50
11093774,Jace Sucher,11,298675,2017-05-05,TRL JV District Meet,12,Shot Put,1,0,4,38-00.00
7855277,Jacob Buckner,12,298675,2017-05-05,TRL JV District Meet,12,Shot Put,1,0,6,37-02.00
11093755,Mitchell Leach,11,298675,2017-05-05,TRL JV District Meet,12,Shot Put,1,0,8,34-01.00
9402893,Sebastian Heymann,10,298675,2017-05-05,TRL JV District Meet,12,Shot Put,1,0,9,34-00.00
9402904,Jakob McCreery,10,298675,2017-05-05,TRL JV District Meet,12,Shot Put,1,0,10,33-03.00
11093763,Keegan Nave,11,298675,2017-05-05,TRL JV District Meet,12,Shot Put,1,0,13,32-06.50
11093731,Justin Bishop,9,298675,2017-05-05,TRL JV District Meet,12,Shot Put,1,0,15,32-02.00
9402898,Levi Klockars,11,298675,2017-05-05,TRL JV District Meet,12,Shot Put,1,0,17,31-03.50
11093758,Daniel Matzinger,9,298675,2017-05-05,TRL JV District Meet,12,Shot Put,1,0,29,28-02.00
9402886,Austin Emry,11,298675,2017-05-05,TRL JV District Meet,12,Shot Put,1,0,30,27-11.50
11093764,Gavin Newman,9,298675,2017-05-05,TRL JV District Meet,12,Shot Put,1,0,33,26-01.50
11093742,Ryan Fillinger-Palotay,9,298675,2017-05-05,TRL JV District Meet,12,Shot Put,1,0,39,23-10.00
9402869,Stephanie Nikkila,12,298675,2017-05-05,TRL JV District Meet,30,Shot Put,1,0,1,29-05.00
11093677,Korynn Bowers,10,298675,2017-05-05,TRL JV District Meet,30,Shot Put,1,0,6,25-08.50
9402868,Lyndee Nikkila,12,298675,2017-05-05,TRL JV District Meet,30,Shot Put,1,0,7,25-07.00
11093687,Anna Dummer,9,298675,2017-05-05,TRL JV District Meet,30,Shot Put,1,0,17,22-11.00
8078457,Shania Walker,10,298675,2017-05-05,TRL JV District Meet,30,Shot Put,1,0,21,21-06.50
11093674,Kylie Booth,10,298675,2017-05-05,TRL JV District Meet,30,Shot Put,1,0,22,21-06.00
9402854,Alyssa Dillree,10,298675,2017-05-05,TRL JV District Meet,30,Shot Put,1,0,27,20-08.00
6797351,Elizabeth Schrepfer,10,298675,2017-05-05,TRL JV District Meet,30,Shot Put,1,0,28,20-01.50
9402874,Delaney Smith,10,298675,2017-05-05,TRL JV District Meet,30,Shot Put,1,0,34,18-00.00
11093694,Emma Hamilton,10,298675,2017-05-05,TRL JV District Meet,30,Shot Put,1,0,35,17-08.50
11093692,Elizabeth Haar,9,298675,2017-05-05,TRL JV District Meet,30,Shot Put,1,0,37,16-11.00
9402876,Angela Wallace,10,298675,2017-05-05,TRL JV District Meet,30,Shot Put,1,0,40,16-02.50
7855313,Sophie Klaus,12,298675,2017-05-05,TRL JV District Meet,30,Shot Put,1,0,42,14-11.00
9402904,Jakob McCreery,10,298675,2017-05-05,TRL JV District Meet,13,Discus,1,0,4,99-01
11093774,Jace Sucher,11,298675,2017-05-05,TRL JV District Meet,13,Discus,1,0,5,94-01
7855319,Will Newberry,11,298675,2017-05-05,TRL JV District Meet,13,Discus,1,0,7,88-00
11093763,Keegan Nave,11,298675,2017-05-05,TRL JV District Meet,13,Discus,1,0,19,79-04
11093731,Justin Bishop,9,298675,2017-05-05,TRL JV District Meet,13,Discus,1,0,20,78-00
9402893,Sebastian Heymann,10,298675,2017-05-05,TRL JV District Meet,13,Discus,1,0,22,75-10
11093758,Daniel Matzinger,9,298675,2017-05-05,TRL JV District Meet,13,Discus,1,0,27,62-10
11093764,Gavin Newman,9,298675,2017-05-05,TRL JV District Meet,13,Discus,1,0,29,62-05
10589484,Drake Gagner,9,298675,2017-05-05,TRL JV District Meet,13,Discus,1,0,30,56-06
11093766,Samuel Quaglio,9,298675,2017-05-05,TRL JV District Meet,13,Discus,1,0,34,55-08
11093742,Ryan Fillinger-Palotay,9,298675,2017-05-05,TRL JV District Meet,13,Discus,1,0,35,54-01
11093746,Jacob Gebhardt,9,298675,2017-05-05,TRL JV District Meet,13,Discus,1,0,37,50-09
11093725,Jarrett Alto,9,298675,2017-05-05,TRL JV District Meet,13,Discus,1,0,40,41-02
11093687,Anna Dummer,9,298675,2017-05-05,TRL JV District Meet,31,Discus,1,0,6,66-04
9402869,Stephanie Nikkila,12,298675,2017-05-05,TRL JV District Meet,31,Discus,1,0,13,61-06
11093697,Laikynn Holloway,10,298675,2017-05-05,TRL JV District Meet,31,Discus,1,0,19,54-09
9402868,Lyndee Nikkila,12,298675,2017-05-05,TRL JV District Meet,31,Discus,1,0,23,52-06
6797351,Elizabeth Schrepfer,10,298675,2017-05-05,TRL JV District Meet,31,Discus,1,0,29,48-10.50
11093694,Emma Hamilton,10,298675,2017-05-05,TRL JV District Meet,31,Discus,1,0,32,45-08
8078457,Shania Walker,10,298675,2017-05-05,TRL JV District Meet,31,Discus,1,0,34,44-10
11093692,Elizabeth Haar,9,298675,2017-05-05,TRL JV District Meet,31,Discus,1,0,35,43-08
9402874,Delaney Smith,10,298675,2017-05-05,TRL JV District Meet,31,Discus,1,0,36,43-00
7855313,Sophie Klaus,12,298675,2017-05-05,TRL JV District Meet,31,Discus,1,0,39,39-09
9402876,Angela Wallace,10,298675,2017-05-05,TRL JV District Meet,31,Discus,1,0,40,38-11
7855319,Will Newberry,11,298675,2017-05-05,TRL JV District Meet,14,Javelin,1,0,9,112-01
9402898,Levi Klockars,11,298675,2017-05-05,TRL JV District Meet,14,Javelin,1,0,13,109-01
11093746,Jacob Gebhardt,9,298675,2017-05-05,TRL JV District Meet,14,Javelin,1,0,15,107-05
11093774,Jace Sucher,11,298675,2017-05-05,TRL JV District Meet,14,Javelin,1,0,28,93-06
11093757,Arthur Loza,9,298675,2017-05-05,TRL JV District Meet,14,Javelin,1,0,29,92-11
7855277,Jacob Buckner,12,298675,2017-05-05,TRL JV District Meet,14,Javelin,1,0,31,92-06
11093755,Mitchell Leach,11,298675,2017-05-05,TRL JV District Meet,14,Javelin,1,0,32,91-09
11093733,Joey Buckner,10,298675,2017-05-05,TRL JV District Meet,14,Javelin,1,0,34,87-10
10589484,Drake Gagner,9,298675,2017-05-05,TRL JV District Meet,14,Javelin,1,0,36,86-02
11093763,Keegan Nave,11,298675,2017-05-05,TRL JV District Meet,14,Javelin,1,0,39,83-10
11093735,Cameron Burns,9,298675,2017-05-05,TRL JV District Meet,14,Javelin,1,0,42,78-07
11093742,Ryan Fillinger-Palotay,9,298675,2017-05-05,TRL JV District Meet,14,Javelin,1,0,54,61-10
11093768,Jessie Roberts,10,298675,2017-05-05,TRL JV District Meet,14,Javelin,1,0,55,55-11
11093730,Bryson Bewersdorff,9,298675,2017-05-05,TRL JV District Meet,14,Javelin,1,0,56,52-06
11093725,Jarrett Alto,9,298675,2017-05-05,TRL JV District Meet,14,Javelin,1,0,57,49-04
11093750,Lucas Ho,9,298675,2017-05-05,TRL JV District Meet,14,Javelin,1,0,58,43-11
11093677,Korynn Bowers,10,298675,2017-05-05,TRL JV District Meet,32,Javelin,1,0,2,90-08
9402869,Stephanie Nikkila,12,298675,2017-05-05,TRL JV District Meet,32,Javelin,1,0,4,80-03
9560727,Dagny Hadley,10,298675,2017-05-05,TRL JV District Meet,32,Javelin,1,0,5,79-01
11093702,Julia Leitzinger,9,298675,2017-05-05,TRL JV District Meet,32,Javelin,1,0,7,75-03
9402868,Lyndee Nikkila,12,298675,2017-05-05,TRL JV District Meet,32,Javelin,1,0,16,68-00
11093697,Laikynn Holloway,10,298675,2017-05-05,TRL JV District Meet,32,Javelin,1,0,18,65-09
11093708,Bailey Peters,9,298675,2017-05-05,TRL JV District Meet,32,Javelin,1,0,21,63-00
11093674,Kylie Booth,10,298675,2017-05-05,TRL JV District Meet,32,Javelin,1,0,22,61-09
8078457,Shania Walker,10,298675,2017-05-05,TRL JV District Meet,32,Javelin,1,0,31,52-07
11093681,Alaina Clark,9,298675,2017-05-05,TRL JV District Meet,32,Javelin,1,0,35,46-06
10333879,Lily Rader,9,298675,2017-05-05,TRL JV District Meet,32,Javelin,1,0,36,46-00
9402874,Delaney Smith,10,298675,2017-05-05,TRL JV District Meet,32,Javelin,1,0,37,45-04
11093710,Annah Pogodzinski,9,298675,2017-05-05,TRL JV District Meet,32,Javelin,1,0,41,39-10
11093692,Elizabeth Haar,9,298675,2017-05-05,TRL JV District Meet,32,Javelin,1,0,43,38-09
6797322,Brynn Masters,10,298675,2017-05-05,TRL JV District Meet,32,Javelin,1,0,44,37-01
9402876,Angela Wallace,10,298675,2017-05-05,TRL JV District Meet,32,Javelin,1,0,45,37-00
7855336,Joel Turner,11,298675,2017-05-05,TRL JV District Meet,9,High Jump,1,0,1,5-07.00
11093739,Garett Craig,9,298675,2017-05-05,TRL JV District Meet,9,High Jump,1,0,2,5-02.00
6444351,Helena Elkins,12,298675,2017-05-05,TRL JV District Meet,27,High Jump,1,0,1,4-08.00
11093702,Julia Leitzinger,9,298675,2017-05-05,TRL JV District Meet,27,High Jump,1,0,5,4-04.00
11093699,Kayma Konecny,9,298675,2017-05-05,TRL JV District Meet,27,High Jump,1,0,9,4-02.00
11093708,Bailey Peters,9,298675,2017-05-05,TRL JV District Meet,27,High Jump,1,0,16,4-00.00
11093681,Alaina Clark,9,298675,2017-05-05,TRL JV District Meet,27,High Jump,1,0,18,3-10.00
6797271,Eric Bergstrom,10,298675,2017-05-05,TRL JV District Meet,16,Pole Vault,1,0,2,9-00.00
9402891,Harrison Gregory,10,298675,2017-05-05,TRL JV District Meet,16,Pole Vault,1,0,5,8-06.00
11093753,Chad Johnson,9,298675,2017-05-05,TRL JV District Meet,16,Pole Vault,1,0,11,8-00.00
9402853,Brenna Cosio,11,298675,2017-05-05,TRL JV District Meet,34,Pole Vault,1,0,7,6-06.00
7855320,Heather Parker,11,298675,2017-05-05,TRL JV District Meet,34,Pole Vault,1,0,7,6-06.00
11093724,Sebastien Alexander,9,298675,2017-05-05,TRL JV District Meet,17,Long Jump,1,0,11,17-02.50
11253593,Tyler Roelle,11,298675,2017-05-05,TRL JV District Meet,17,Long Jump,1,0,13,16-11.00
9402901,Kian Coleman-Lopez,11,298675,2017-05-05,TRL JV District Meet,17,Long Jump,1,0,15,16-07.50
11093767,Jacob Reuter,10,298675,2017-05-05,TRL JV District Meet,17,Long Jump,1,0,25,15-09.75
11093738,Joe Conrow,9,298675,2017-05-05,TRL JV District Meet,17,Long Jump,1,0,28,15-08.50
11093748,Jamison Guerra,9,298675,2017-05-05,TRL JV District Meet,17,Long Jump,1,0,28,15-08.50
9402917,Deitrich Reiter,10,298675,2017-05-05,TRL JV District Meet,17,Long Jump,1,0,30,15-08.00
11093737,Andrew Clear,9,298675,2017-05-05,TRL JV District Meet,17,Long Jump,1,0,32,15-07.25
11093744,Kaden Fuller,9,298675,2017-05-05,TRL JV District Meet,17,Long Jump,1,0,35,15-02.00
11093757,Arthur Loza,9,298675,2017-05-05,TRL JV District Meet,17,Long Jump,1,0,46,13-07.00
11093777,Brian Tziu-Rojas,9,298675,2017-05-05,TRL JV District Meet,17,Long Jump,1,0,48,12-05.75
9402925,Zhenya Tilley,10,298675,2017-05-05,TRL JV District Meet,17,Long Jump,1,0,49,11-09.50
11093694,Emma Hamilton,10,298675,2017-05-05,TRL JV District Meet,35,Long Jump,1,0,11,14-00.00
11093674,Kylie Booth,10,298675,2017-05-05,TRL JV District Meet,35,Long Jump,1,0,33,12-00.00
11093679,Sarah Cassidy,10,298675,2017-05-05,TRL JV District Meet,35,Long Jump,1,0,38,11-03.00
11093704,Alejandra Moreno,11,298675,2017-05-05,TRL JV District Meet,35,Long Jump,1,0,41,10-05.00
11253593,Tyler Roelle,11,298675,2017-05-05,TRL JV District Meet,18,Triple Jump,1,0,4,36-00.75
11093679,Sarah Cassidy,10,298675,2017-05-05,TRL JV District Meet,36,Triple Jump,1,0,9,26-04.00
7855316,Andrew Mabry,,284328,2017-05-12,6A-4 TRL District Championship Day 2,3,400 Meters,0,0,7,54.86a
7293530,Josh Quaglio,,284328,2017-05-12,6A-4 TRL District Championship Day 2,4,800 Meters,0,0,7,2:05.93a
6797366,Alexandra Verkamp,,284328,2017-05-12,6A-4 TRL District Championship Day 2,22,800 Meters,0,0,6,2:23.25a
7293530,Josh Quaglio,,284328,2017-05-12,6A-4 TRL District Championship Day 2,5,1500 Meters,0,0,9,4:14.41a
15865704,Henry Giles,,284328,2017-05-12,6A-4 TRL District Championship Day 2,5,1500 Meters,0,0,10,4:17.56a
6797335,Thomas Osborne,,284328,2017-05-12,6A-4 TRL District Championship Day 2,5,1500 Meters,0,0,21,4:24.23a
11093676,Ava Boughey,,284328,2017-05-12,6A-4 TRL District Championship Day 2,23,1500 Meters,0,0,15,5:08.08a
11093720,Vanessa Van Winkle,,284328,2017-05-12,6A-4 TRL District Championship Day 2,23,1500 Meters,0,0,26,5:31.84a
9402846,Jacqueline Angelel,,284328,2017-05-12,6A-4 TRL District Championship Day 2,23,1500 Meters,0,0,27,5:37.77a
10395462,Jaron Homer,,284328,2017-05-12,6A-4 TRL District Championship Day 2,6,3000 Meters,0,0,12,9:26.66a
5845359,Henry Rummerfield,,284328,2017-05-12,6A-4 TRL District Championship Day 2,6,3000 Meters,0,0,17,9:37.01a
6797335,Thomas Osborne,,284328,2017-05-12,6A-4 TRL District Championship Day 2,6,3000 Meters,0,0,19,9:44.24a
6444472,Lindy Voss,,284328,2017-05-12,6A-4 TRL District Championship Day 2,24,3000 Meters,0,0,23,11:58.50a
9402846,Jacqueline Angelel,,284328,2017-05-12,6A-4 TRL District Championship Day 2,24,3000 Meters,0,0,25,12:30.98a
8627374,Sarah Duckering,,284328,2017-05-12,6A-4 TRL District Championship Day 2,24,3000 Meters,0,0,26,12:51.35a
11093707,Madi Pastores,,284328,2017-05-12,6A-4 TRL District Championship Day 2,28,100m Hurdles,0,0,8,17.82a
6797327,Joshua Milligan,,284328,2017-05-12,6A-4 TRL District Championship Day 2,10,110m Hurdles,0,0,7,16.60a
11093729,Connor Bentzley,11,284328,2017-05-12,6A-4 TRL District Championship Day 2,7,4x100 Relay,0,1,8,46.59a
11093740,Isaac Day,10,284328,2017-05-12,6A-4 TRL District Championship Day 2,7,4x100 Relay,0,1,8,46.59a
7855316,Andrew Mabry,11,284328,2017-05-12,6A-4 TRL District Championship Day 2,7,4x100 Relay,0,1,8,46.59a
9402897,Michael Klapp,10,284328,2017-05-12,6A-4 TRL District Championship Day 2,7,4x100 Relay,0,1,8,46.59a
11093683,Elizabeth Dahme,10,284328,2017-05-12,6A-4 TRL District Championship Day 2,25,4x100 Relay,0,1,6,51.80a
11093717,Mia Stallard,10,284328,2017-05-12,6A-4 TRL District Championship Day 2,25,4x100 Relay,0,1,6,51.80a
9402873,Angelina Ramos,10,284328,2017-05-12,6A-4 TRL District Championship Day 2,25,4x100 Relay,0,1,6,51.80a
11093703,Claire McGill,9,284328,2017-05-12,6A-4 TRL District Championship Day 2,25,4x100 Relay,0,1,6,51.80a
7293530,Josh Quaglio,11,284328,2017-05-12,6A-4 TRL District Championship Day 2,8,4x400 Relay,0,1,5,3:37.18a
10395461,Cameron Dandini,12,284328,2017-05-12,6A-4 TRL District Championship Day 2,8,4x400 Relay,0,1,5,3:37.18a
7855316,Andrew Mabry,11,284328,2017-05-12,6A-4 TRL District Championship Day 2,8,4x400 Relay,0,1,5,3:37.18a
9402897,Michael Klapp,10,284328,2017-05-12,6A-4 TRL District Championship Day 2,8,4x400 Relay,0,1,5,3:37.18a
8697841,Emily Boynton,10,284328,2017-05-12,6A-4 TRL District Championship Day 2,26,4x400 Relay,0,1,6,4:16.79a
11093717,Mia Stallard,10,284328,2017-05-12,6A-4 TRL District Championship Day 2,26,4x400 Relay,0,1,6,4:16.79a
9402873,Angelina Ramos,10,284328,2017-05-12,6A-4 TRL District Championship Day 2,26,4x400 Relay,0,1,6,4:16.79a
6797366,Alexandra Verkamp,10,284328,2017-05-12,6A-4 TRL District Championship Day 2,26,4x400 Relay,0,1,6,4:16.79a
6444573,Brady Pierce,,284328,2017-05-12,6A-4 TRL District Championship Day 2,12,Shot Put,1,0,1,48-05.50
9402884,Carsen Christensen,,284328,2017-05-12,6A-4 TRL District Championship Day 2,12,Shot Put,1,0,2,47-02.00
7855284,Jayden Cuthbertson,,284328,2017-05-12,6A-4 TRL District Championship Day 2,12,Shot Put,1,0,9,40-07.00
29290187,Shelby Moran,,284328,2017-05-12,6A-4 TRL District Championship Day 2,30,Shot Put,1,0,1,42-04.00
7271803,Clair Johnson,,284328,2017-05-12,6A-4 TRL District Championship Day 2,30,Shot Put,1,0,2,36-11.00
6444324,Calahan Crawford,,284328,2017-05-12,6A-4 TRL District Championship Day 2,30,Shot Put,1,0,7,33-09.25
6444573,Brady Pierce,,284328,2017-05-12,6A-4 TRL District Championship Day 2,13,Discus,1,0,3,141-00.00
6444582,Garrett Schweigert,,284328,2017-05-12,6A-4 TRL District Championship Day 2,13,Discus,1,0,4,128-07.00
7855284,Jayden Cuthbertson,,284328,2017-05-12,6A-4 TRL District Championship Day 2,13,Discus,1,0,11,117-05.00
29290187,Shelby Moran,,284328,2017-05-12,6A-4 TRL District Championship Day 2,31,Discus,1,0,1,156-02.00
8627370,Maggie Klaus,,284328,2017-05-12,6A-4 TRL District Championship Day 2,31,Discus,1,0,10,92-03.00
7271803,Clair Johnson,,284328,2017-05-12,6A-4 TRL District Championship Day 2,31,Discus,1,0,13,90-06.00
8108516,Josh Jakubowski,,284328,2017-05-12,6A-4 TRL District Championship Day 2,14,Javelin,1,0,7,145-08.00
6797316,Ethan Kelley,,284328,2017-05-12,6A-4 TRL District Championship Day 2,14,Javelin,1,0,13,137-08.00
9402884,Carsen Christensen,,284328,2017-05-12,6A-4 TRL District Championship Day 2,14,Javelin,1,0,21,111-00.00
6444324,Calahan Crawford,,284328,2017-05-12,6A-4 TRL District Championship Day 2,32,Javelin,1,0,1,134-09.00
6797304,Alice Hall,,284328,2017-05-12,6A-4 TRL District Championship Day 2,32,Javelin,1,0,7,109-08.00
9402871,Gillian Peden,,284328,2017-05-12,6A-4 TRL District Championship Day 2,32,Javelin,1,0,10,89-11.00
24268469,Miranda Irwin,,284328,2017-05-12,6A-4 TRL District Championship Day 2,32,Javelin,1,0,14,83-04.00
7855331,Rachel Sorum,,284328,2017-05-12,6A-4 TRL District Championship Day 2,27,High Jump,1,0,7,4-08.00
8627322,Clare Faber,,284328,2017-05-12,6A-4 TRL District Championship Day 2,27,High Jump,1,0,9,4-08.00
7855299,Sophia Harnew-Spradley,,284328,2017-05-12,6A-4 TRL District Championship Day 2,27,High Jump,1,0,10,4-06.00
7271787,Payton Churilla,,284328,2017-05-12,6A-4 TRL District Championship Day 2,16,Pole Vault,1,0,3,14-00.00
7855333,Dylan Stamback,,284328,2017-05-12,6A-4 TRL District Championship Day 2,16,Pole Vault,1,0,11,11-00.00
9402930,Lee Whitmore,,284328,2017-05-12,6A-4 TRL District Championship Day 2,16,Pole Vault,1,0,12,11-00.00
6797304,Alice Hall,,284328,2017-05-12,6A-4 TRL District Championship Day 2,34,Pole Vault,1,0,5,9-06.00
7855304,Kayla Homer,,284328,2017-05-12,6A-4 TRL District Championship Day 2,34,Pole Vault,1,0,8,8-00.00
11093683,Elizabeth Dahme,,284328,2017-05-12,6A-4 TRL District Championship Day 2,34,Pole Vault,1,0,9,7-06.00
11093781,Caleb Zatezalo,,284328,2017-05-12,6A-4 TRL District Championship Day 2,17,Long Jump,1,0,6,20-09.50
10531193,Samuel Findtner,,284328,2017-05-12,6A-4 TRL District Championship Day 2,17,Long Jump,1,0,12,19-02.50
9402924,Cyrus Swihart,,284328,2017-05-12,6A-4 TRL District Championship Day 2,17,Long Jump,1,0,15,18-07.50
11093707,Madi Pastores,,284328,2017-05-12,6A-4 TRL District Championship Day 2,35,Long Jump,1,0,9,16-01.25
5845400,Emma Rivas,,284328,2017-05-12,6A-4 TRL District Championship Day 2,35,Long Jump,1,0,16,14-10.00
7664199,Paige Block,,284328,2017-05-12,6A-4 TRL District Championship Day 2,35,Long Jump,1,0,20,13-10.00
24268469,Miranda Irwin,,284328,2017-05-12,6A-4 TRL District Championship Day 2,35,Long Jump,1,0,21,13-05.50
7855298,Billy Hale,,284328,2017-05-12,6A-4 TRL District Championship Day 2,18,Triple Jump,1,0,6,41-07.75
10531193,Samuel Findtner,,284328,2017-05-12,6A-4 TRL District Championship Day 2,18,Triple Jump,1,0,10,38-09.25
11093781,Caleb Zatezalo,,284328,2017-05-12,6A-4 TRL District Championship Day 2,18,Triple Jump,1,0,15,36-07.75
8627322,Clare Faber,,284328,2017-05-12,6A-4 TRL District Championship Day 2,36,Triple Jump,1,0,18,30-05.00
5845400,Emma Rivas,,284328,2017-05-12,6A-4 TRL District Championship Day 2,36,Triple Jump,1,0,21,29-04.75
11093740,Isaac Day,11,344974,2018-05-04,TRL JV District Meet at Tualatin HS,1,100 Meters,0,0,3,12.03a
7855295,McKinley Gillum,12,344974,2018-05-04,TRL JV District Meet at Tualatin HS,1,100 Meters,0,0,17,12.33a
9402899,Noah LaFave,12,344974,2018-05-04,TRL JV District Meet at Tualatin HS,1,100 Meters,0,0,18,12.48a
12942490,Jackson Hughes,9,344974,2018-05-04,TRL JV District Meet at Tualatin HS,1,100 Meters,0,0,20,12.52a
9402887,Joshua Farner,11,344974,2018-05-04,TRL JV District Meet at Tualatin HS,1,100 Meters,0,0,22,12.58a
12942504,Jacob Pollock,9,344974,2018-05-04,TRL JV District Meet at Tualatin HS,1,100 Meters,0,0,28,12.72a
12942474,Michael Antrim,11,344974,2018-05-04,TRL JV District Meet at Tualatin HS,1,100 Meters,0,0,31,12.84a
11093768,Jessie Roberts,11,344974,2018-05-04,TRL JV District Meet at Tualatin HS,1,100 Meters,0,0,36,12.90a
12174476,Aidan Roos,10,344974,2018-05-04,TRL JV District Meet at Tualatin HS,1,100 Meters,0,0,37,12.91a
11093775,Dante Tarrant,10,344974,2018-05-04,TRL JV District Meet at Tualatin HS,1,100 Meters,0,0,38,12.93a
12942494,Alex Lang,9,344974,2018-05-04,TRL JV District Meet at Tualatin HS,1,100 Meters,0,0,40,12.97a
9402892,Ethan Heironimus,11,344974,2018-05-04,TRL JV District Meet at Tualatin HS,1,100 Meters,0,0,41,12.98a
9402925,Zhenya Tilley,11,344974,2018-05-04,TRL JV District Meet at Tualatin HS,1,100 Meters,0,0,42,13.00a
12942510,Austin Scott,11,344974,2018-05-04,TRL JV District Meet at Tualatin HS,1,100 Meters,0,0,44,13.03a
11093744,Kaden Fuller,10,344974,2018-05-04,TRL JV District Meet at Tualatin HS,1,100 Meters,0,0,46,13.06a
12942496,David Ma,9,344974,2018-05-04,TRL JV District Meet at Tualatin HS,1,100 Meters,0,0,57,13.28a
12942508,Tayz Rurak,9,344974,2018-05-04,TRL JV District Meet at Tualatin HS,1,100 Meters,0,0,60,13.34a
9402915,Greg Potter,11,344974,2018-05-04,TRL JV District Meet at Tualatin HS,1,100 Meters,0,0,62,13.41a
12942488,Baylor Hampton,9,344974,2018-05-04,TRL JV District Meet at Tualatin HS,1,100 Meters,0,0,64,13.47a
12942497,Landon McCabe,9,344974,2018-05-04,TRL JV District Meet at Tualatin HS,1,100 Meters,0,0,66,13.51a
12942519,Jordan Thompson,9,344974,2018-05-04,TRL JV District Meet at Tualatin HS,1,100 Meters,0,0,68,13.60a
12942516,Michael Stephens,9,344974,2018-05-04,TRL JV District Meet at Tualatin HS,1,100 Meters,0,0,77,14.53a
12942527,Braedon Zwingli,12,344974,2018-05-04,TRL JV District Meet at Tualatin HS,1,100 Meters,0,0,80,14.98a
12942526,Matthew Yohe,9,344974,2018-05-04,TRL JV District Meet at Tualatin HS,1,100 Meters,0,0,82,15.25a
12942470,Anna Weber,9,344974,2018-05-04,TRL JV District Meet at Tualatin HS,19,100 Meters,0,0,13,14.17a
12942467,Elizabeth Stoddart,9,344974,2018-05-04,TRL JV District Meet at Tualatin HS,19,100 Meters,0,0,19,14.27a
12942431,Mckenzie Abiley,9,344974,2018-05-04,TRL JV District Meet at Tualatin HS,19,100 Meters,0,0,28,14.52a
12942446,Lara Gonzalez,9,344974,2018-05-04,TRL JV District Meet at Tualatin HS,19,100 Meters,0,0,29,14.58a
12942457,Victoria Mexicano,9,344974,2018-05-04,TRL JV District Meet at Tualatin HS,19,100 Meters,0,0,30,14.62a
12942438,Nichole Duckering,9,344974,2018-05-04,TRL JV District Meet at Tualatin HS,19,100 Meters,0,0,44,15.27a
11093709,Annika Pietzke,10,344974,2018-05-04,TRL JV District Meet at Tualatin HS,19,100 Meters,0,0,45,15.33a
12942448,Chloe Hales,9,344974,2018-05-04,TRL JV District Meet at Tualatin HS,19,100 Meters,0,0,47,15.35a
12942468,Marisa Tavera,9,344974,2018-05-04,TRL JV District Meet at Tualatin HS,19,100 Meters,0,0,53,15.52a
12942465,Breanna Sotelo,12,344974,2018-05-04,TRL JV District Meet at Tualatin HS,19,100 Meters,0,0,64,18.60a
11093740,Isaac Day,11,344974,2018-05-04,TRL JV District Meet at Tualatin HS,2,200 Meters,0,0,1,24.29a
12942490,Jackson Hughes,9,344974,2018-05-04,TRL JV District Meet at Tualatin HS,2,200 Meters,0,0,10,25.11a
12942504,Jacob Pollock,9,344974,2018-05-04,TRL JV District Meet at Tualatin HS,2,200 Meters,0,0,22,26.06a
9402892,Ethan Heironimus,11,344974,2018-05-04,TRL JV District Meet at Tualatin HS,2,200 Meters,0,0,30,26.55a
11093768,Jessie Roberts,11,344974,2018-05-04,TRL JV District Meet at Tualatin HS,2,200 Meters,0,0,35,26.81a
12942488,Baylor Hampton,9,344974,2018-05-04,TRL JV District Meet at Tualatin HS,2,200 Meters,0,0,40,27.05a
12942489,John Henry,9,344974,2018-05-04,TRL JV District Meet at Tualatin HS,2,200 Meters,0,0,41,27.07a
12942508,Tayz Rurak,9,344974,2018-05-04,TRL JV District Meet at Tualatin HS,2,200 Meters,0,0,43,27.15a
12174476,Aidan Roos,10,344974,2018-05-04,TRL JV District Meet at Tualatin HS,2,200 Meters,0,0,48,27.40a
11093757,Arthur Loza,10,344974,2018-05-04,TRL JV District Meet at Tualatin HS,2,200 Meters,0,0,50,27.50a
12942519,Jordan Thompson,9,344974,2018-05-04,TRL JV District Meet at Tualatin HS,2,200 Meters,0,0,52,27.77a
12258214,RJ Rice,9,344974,2018-05-04,TRL JV District Meet at Tualatin HS,2,200 Meters,0,0,60,28.53a
12942476,Danny Becerril Pena,10,344974,2018-05-04,TRL JV District Meet at Tualatin HS,2,200 Meters,0,0,62,29.73a
12942431,Mckenzie Abiley,9,344974,2018-05-04,TRL JV District Meet at Tualatin HS,20,200 Meters,0,0,16,30.11a
12942467,Elizabeth Stoddart,9,344974,2018-05-04,TRL JV District Meet at Tualatin HS,20,200 Meters,0,0,18,30.29a
12942441,Hannah Ettelstein,9,344974,2018-05-04,TRL JV District Meet at Tualatin HS,20,200 Meters,0,0,23,30.98a
12942470,Anna Weber,9,344974,2018-05-04,TRL JV District Meet at Tualatin HS,20,200 Meters,0,0,35,32.18a
12942438,Nichole Duckering,9,344974,2018-05-04,TRL JV District Meet at Tualatin HS,20,200 Meters,0,0,35,32.18a
12942448,Chloe Hales,9,344974,2018-05-04,TRL JV District Meet at Tualatin HS,20,200 Meters,0,0,37,32.24a
12942468,Marisa Tavera,9,344974,2018-05-04,TRL JV District Meet at Tualatin HS,20,200 Meters,0,0,40,32.62a
12942446,Lara Gonzalez,9,344974,2018-05-04,TRL JV District Meet at Tualatin HS,20,200 Meters,0,0,42,32.68a
12942457,Victoria Mexicano,9,344974,2018-05-04,TRL JV District Meet at Tualatin HS,20,200 Meters,0,0,43,32.95a
12942465,Breanna Sotelo,12,344974,2018-05-04,TRL JV District Meet at Tualatin HS,20,200 Meters,0,0,50,39.39a
9402890,Colton Gangl,12,344974,2018-05-04,TRL JV District Meet at Tualatin HS,3,400 Meters,0,0,2,56.06a
12942525,Jacob Williams,9,344974,2018-05-04,TRL JV District Meet at Tualatin HS,3,400 Meters,0,0,11,57.68a
12942510,Austin Scott,11,344974,2018-05-04,TRL JV District Meet at Tualatin HS,3,400 Meters,0,0,14,58.15
9402892,Ethan Heironimus,11,344974,2018-05-04,TRL JV District Meet at Tualatin HS,3,400 Meters,0,0,19,58.57a
11093772,Isaac Savage,12,344974,2018-05-04,TRL JV District Meet at Tualatin HS,3,400 Meters,0,0,21,58.95a
12942489,John Henry,9,344974,2018-05-04,TRL JV District Meet at Tualatin HS,3,400 Meters,0,0,25,59.64a
12942519,Jordan Thompson,9,344974,2018-05-04,TRL JV District Meet at Tualatin HS,3,400 Meters,0,0,29,1:01.00a
12942477,Ethan Cluff,9,344974,2018-05-04,TRL JV District Meet at Tualatin HS,3,400 Meters,0,0,30,1:01.24a
12174476,Aidan Roos,10,344974,2018-05-04,TRL JV District Meet at Tualatin HS,3,400 Meters,0,0,31,1:01.36
11093775,Dante Tarrant,10,344974,2018-05-04,TRL JV District Meet at Tualatin HS,3,400 Meters,0,0,33,1:03.65a
7855340,Gavin Williams,12,344974,2018-05-04,TRL JV District Meet at Tualatin HS,3,400 Meters,0,0,35,1:08.77a
11093690,Grace Gary,10,344974,2018-05-04,TRL JV District Meet at Tualatin HS,21,400 Meters,0,0,12,1:12.66a
12942441,Hannah Ettelstein,9,344974,2018-05-04,TRL JV District Meet at Tualatin HS,21,400 Meters,0,0,14,1:13.52a
12942518,Jacob Thompson,9,344974,2018-05-04,TRL JV District Meet at Tualatin HS,4,800 Meters,0,0,4,2:07.81a
11093778,George Westover,10,344974,2018-05-04,TRL JV District Meet at Tualatin HS,4,800 Meters,0,0,6,2:09.78a
11093728,Spencer Baggaley,10,344974,2018-05-04,TRL JV District Meet at Tualatin HS,4,800 Meters,0,0,7,2:09.87a
10416203,Larson Johnson,10,344974,2018-05-04,TRL JV District Meet at Tualatin HS,4,800 Meters,0,0,9,2:11.25a
12942509,Isaac Sanabria Jr.,10,344974,2018-05-04,TRL JV District Meet at Tualatin HS,4,800 Meters,0,0,13,2:13.15a
5845343,Tyler Christensen,10,344974,2018-05-04,TRL JV District Meet at Tualatin HS,4,800 Meters,0,0,14,2:13.20a
11461072,Daniel Gomez,9,344974,2018-05-04,TRL JV District Meet at Tualatin HS,4,800 Meters,0,0,15,2:13.24a
12942512,Gavin Smith,10,344974,2018-05-04,TRL JV District Meet at Tualatin HS,4,800 Meters,0,0,16,2:13.84a
11093736,Quinn Christensen,11,344974,2018-05-04,TRL JV District Meet at Tualatin HS,4,800 Meters,0,0,34,2:25.16a
12942496,David Ma,9,344974,2018-05-04,TRL JV District Meet at Tualatin HS,4,800 Meters,0,0,42,2:26.95a
12942521,Kevin VandenHoek,9,344974,2018-05-04,TRL JV District Meet at Tualatin HS,4,800 Meters,0,0,43,2:28.28a
11093750,Lucas Ho,10,344974,2018-05-04,TRL JV District Meet at Tualatin HS,4,800 Meters,0,0,48,2:36.86a
11569515,Ethan Pierce,9,344974,2018-05-04,TRL JV District Meet at Tualatin HS,4,800 Meters,0,0,52,2:39.68a
7855340,Gavin Williams,12,344974,2018-05-04,TRL JV District Meet at Tualatin HS,4,800 Meters,0,0,53,2:41.10a
8078447,Jacob Teats,9,344974,2018-05-04,TRL JV District Meet at Tualatin HS,4,800 Meters,0,0,55,2:43.13a
8697841,Emily Boynton,11,344974,2018-05-04,TRL JV District Meet at Tualatin HS,22,800 Meters,0,0,9,2:43.60a
9402848,Jennifer Christensen,11,344974,2018-05-04,TRL JV District Meet at Tualatin HS,22,800 Meters,0,0,10,2:44.28a
10395459,Jamae Stewart,11,344974,2018-05-04,TRL JV District Meet at Tualatin HS,22,800 Meters,0,0,13,2:45.36a
6797343,Allison Pierce,11,344974,2018-05-04,TRL JV District Meet at Tualatin HS,22,800 Meters,0,0,20,2:52.12a
12174462,Ally Johnson,11,344974,2018-05-04,TRL JV District Meet at Tualatin HS,22,800 Meters,0,0,26,2:56.15a
8078391,Elise Evans,9,344974,2018-05-04,TRL JV District Meet at Tualatin HS,22,800 Meters,0,0,27,2:57.05a
7855287,Kalli Dorwart,12,344974,2018-05-04,TRL JV District Meet at Tualatin HS,22,800 Meters,0,0,29,2:58.43a
12942469,Mikayla Waldrop,11,344974,2018-05-04,TRL JV District Meet at Tualatin HS,22,800 Meters,0,0,35,3:04.05a
7495329,Lily Starling,11,344974,2018-05-04,TRL JV District Meet at Tualatin HS,22,800 Meters,0,0,37,3:07.63a
11093722,Connie Williamson,10,344974,2018-05-04,TRL JV District Meet at Tualatin HS,22,800 Meters,0,0,39,3:12.41a
9736770,Cambria Hagfeldt,9,344974,2018-05-04,TRL JV District Meet at Tualatin HS,22,800 Meters,0,0,41,3:13.15a
10395457,Emma Simpson,11,344974,2018-05-04,TRL JV District Meet at Tualatin HS,22,800 Meters,0,0,42,3:20.02a
12942518,Jacob Thompson,9,344974,2018-05-04,TRL JV District Meet at Tualatin HS,5,1500 Meters,0,0,2,4:24.29a
11093778,George Westover,10,344974,2018-05-04,TRL JV District Meet at Tualatin HS,5,1500 Meters,0,0,5,4:26.49a
12942509,Isaac Sanabria Jr.,10,344974,2018-05-04,TRL JV District Meet at Tualatin HS,5,1500 Meters,0,0,10,4:35.95a
11461072,Daniel Gomez,9,344974,2018-05-04,TRL JV District Meet at Tualatin HS,5,1500 Meters,0,0,19,4:39.39a
11093728,Spencer Baggaley,10,344974,2018-05-04,TRL JV District Meet at Tualatin HS,5,1500 Meters,0,0,22,4:40.50a
5845343,Tyler Christensen,10,344974,2018-05-04,TRL JV District Meet at Tualatin HS,5,1500 Meters,0,0,24,4:40.79a
10416203,Larson Johnson,10,344974,2018-05-04,TRL JV District Meet at Tualatin HS,5,1500 Meters,0,0,26,4:42.37a
12942512,Gavin Smith,10,344974,2018-05-04,TRL JV District Meet at Tualatin HS,5,1500 Meters,0,0,29,4:45.90
11093756,Protas Lembetia,10,344974,2018-05-04,TRL JV District Meet at Tualatin HS,5,1500 Meters,0,0,35,4:48.65a
6797277,Jacob Cluff,11,344974,2018-05-04,TRL JV District Meet at Tualatin HS,5,1500 Meters,0,0,36,4:48.80
11093736,Quinn Christensen,11,344974,2018-05-04,TRL JV District Meet at Tualatin HS,5,1500 Meters,0,0,40,4:51.30a
12942521,Kevin VandenHoek,9,344974,2018-05-04,TRL JV District Meet at Tualatin HS,5,1500 Meters,0,0,69,5:06.59a
11569515,Ethan Pierce,9,344974,2018-05-04,TRL JV District Meet at Tualatin HS,5,1500 Meters,0,0,87,5:32.87a
11093750,Lucas Ho,10,344974,2018-05-04,TRL JV District Meet at Tualatin HS,5,1500 Meters,0,0,88,5:32.91a
12258213,Wes Karper,9,344974,2018-05-04,TRL JV District Meet at Tualatin HS,5,1500 Meters,0,0,94,5:50.08a
11461393,Kari Eddington,9,344974,2018-05-04,TRL JV District Meet at Tualatin HS,23,1500 Meters,0,0,12,5:38.82a
9402848,Jennifer Christensen,11,344974,2018-05-04,TRL JV District Meet at Tualatin HS,23,1500 Meters,0,0,13,5:39.39a
6797343,Allison Pierce,11,344974,2018-05-04,TRL JV District Meet at Tualatin HS,23,1500 Meters,0,0,24,5:51.46a
7495328,Dayna Dixon,11,344974,2018-05-04,TRL JV District Meet at Tualatin HS,23,1500 Meters,0,0,25,5:51.50a
12174462,Ally Johnson,11,344974,2018-05-04,TRL JV District Meet at Tualatin HS,23,1500 Meters,0,0,32,5:57.35a
12942445,Camryn Fox,12,344974,2018-05-04,TRL JV District Meet at Tualatin HS,23,1500 Meters,0,0,33,5:57.44a
8078391,Elise Evans,9,344974,2018-05-04,TRL JV District Meet at Tualatin HS,23,1500 Meters,0,0,34,5:59.22a
9402846,Jacqueline Angelel,11,344974,2018-05-04,TRL JV District Meet at Tualatin HS,23,1500 Meters,0,0,39,6:05.35a
7495329,Lily Starling,11,344974,2018-05-04,TRL JV District Meet at Tualatin HS,23,1500 Meters,0,0,42,6:06.05a
11093712,Madisen Ramos,10,344974,2018-05-04,TRL JV District Meet at Tualatin HS,23,1500 Meters,0,0,45,6:11.38a
8078402,Ainsley Holloway,9,344974,2018-05-04,TRL JV District Meet at Tualatin HS,23,1500 Meters,0,0,47,6:12.12a
10395459,Jamae Stewart,11,344974,2018-05-04,TRL JV District Meet at Tualatin HS,23,1500 Meters,0,0,48,6:12.94a
11093722,Connie Williamson,10,344974,2018-05-04,TRL JV District Meet at Tualatin HS,23,1500 Meters,0,0,52,6:17.40a
8627345,Emily Latwesen,11,344974,2018-05-04,TRL JV District Meet at Tualatin HS,23,1500 Meters,0,0,59,7:04.08a
10395457,Emma Simpson,11,344974,2018-05-04,TRL JV District Meet at Tualatin HS,23,1500 Meters,0,0,60,7:04.87a
7271793,Tanis Leach,12,344974,2018-05-04,TRL JV District Meet at Tualatin HS,6,3000 Meters,0,0,10,10:08.40
11461393,Kari Eddington,9,344974,2018-05-04,TRL JV District Meet at Tualatin HS,24,3000 Meters,0,0,5,12:00.06
9402846,Jacqueline Angelel,11,344974,2018-05-04,TRL JV District Meet at Tualatin HS,24,3000 Meters,0,0,9,12:20.24
11093712,Madisen Ramos,10,344974,2018-05-04,TRL JV District Meet at Tualatin HS,24,3000 Meters,0,0,15,12:32.21
7495328,Dayna Dixon,11,344974,2018-05-04,TRL JV District Meet at Tualatin HS,24,3000 Meters,0,0,16,12:52.02
12942438,Nichole Duckering,9,344974,2018-05-04,TRL JV District Meet at Tualatin HS,28,100m Hurdles,0,0,10,20.17a
12942467,Elizabeth Stoddart,9,344974,2018-05-04,TRL JV District Meet at Tualatin HS,28,100m Hurdles,0,0,15,21.13a
11093690,Grace Gary,10,344974,2018-05-04,TRL JV District Meet at Tualatin HS,28,100m Hurdles,0,0,20,22.66a
12942494,Alex Lang,9,344974,2018-05-04,TRL JV District Meet at Tualatin HS,10,110m Hurdles,0,0,4,18.37a
12942526,Matthew Yohe,9,344974,2018-05-04,TRL JV District Meet at Tualatin HS,10,110m Hurdles,0,0,12,24.05a
11093691,Alyssa Gregory,10,344974,2018-05-04,TRL JV District Meet at Tualatin HS,29,300m Hurdles,0,0,2,54.40
11093690,Grace Gary,10,344974,2018-05-04,TRL JV District Meet at Tualatin HS,29,300m Hurdles,0,0,10,58.62
12942525,Jacob Williams,9,344974,2018-05-04,TRL JV District Meet at Tualatin HS,7,4x100 Relay,0,1,4,48.22a
12942504,Jacob Pollock,9,344974,2018-05-04,TRL JV District Meet at Tualatin HS,7,4x100 Relay,0,1,4,48.22a
12942489,John Henry,9,344974,2018-05-04,TRL JV District Meet at Tualatin HS,7,4x100 Relay,0,1,4,48.22a
12942490,Jackson Hughes,9,344974,2018-05-04,TRL JV District Meet at Tualatin HS,7,4x100 Relay,0,1,4,48.22a
12258214,RJ Rice,9,344974,2018-05-04,TRL JV District Meet at Tualatin HS,7,4x100 Relay,0,1,6,49.99a
11093772,Isaac Savage,12,344974,2018-05-04,TRL JV District Meet at Tualatin HS,7,4x100 Relay,0,1,6,49.99a
9402887,Joshua Farner,11,344974,2018-05-04,TRL JV District Meet at Tualatin HS,7,4x100 Relay,0,1,6,49.99a
12942510,Austin Scott,11,344974,2018-05-04,TRL JV District Meet at Tualatin HS,7,4x100 Relay,0,1,6,49.99a
12942457,Victoria Mexicano,9,344974,2018-05-04,TRL JV District Meet at Tualatin HS,25,4x100 Relay,0,1,9,58.54a
12942448,Chloe Hales,9,344974,2018-05-04,TRL JV District Meet at Tualatin HS,25,4x100 Relay,0,1,9,58.54a
12942468,Marisa Tavera,9,344974,2018-05-04,TRL JV District Meet at Tualatin HS,25,4x100 Relay,0,1,9,58.54a
12942431,Mckenzie Abiley,9,344974,2018-05-04,TRL JV District Meet at Tualatin HS,25,4x100 Relay,0,1,9,58.54a
12942488,Baylor Hampton,9,344974,2018-05-04,TRL JV District Meet at Tualatin HS,8,4x400 Relay,0,1,7,3:54.16
12942490,Jackson Hughes,9,344974,2018-05-04,TRL JV District Meet at Tualatin HS,8,4x400 Relay,0,1,7,3:54.16
12942489,John Henry,9,344974,2018-05-04,TRL JV District Meet at Tualatin HS,8,4x400 Relay,0,1,7,3:54.16
12942496,David Ma,9,344974,2018-05-04,TRL JV District Meet at Tualatin HS,8,4x400 Relay,0,1,7,3:54.16
9402892,Ethan Heironimus,11,344974,2018-05-04,TRL JV District Meet at Tualatin HS,8,4x400 Relay,0,1,9,3:55.72
9402925,Zhenya Tilley,11,344974,2018-05-04,TRL JV District Meet at Tualatin HS,8,4x400 Relay,0,1,9,3:55.72
12942510,Austin Scott,11,344974,2018-05-04,TRL JV District Meet at Tualatin HS,8,4x400 Relay,0,1,9,3:55.72
11093768,Jessie Roberts,11,344974,2018-05-04,TRL JV District Meet at Tualatin HS,8,4x400 Relay,0,1,9,3:55.72
11093772,Isaac Savage,12,344974,2018-05-04,TRL JV District Meet at Tualatin HS,8,4x400 Relay,0,1,10,3:58.50
12233349,Jacob Chung,11,344974,2018-05-04,TRL JV District Meet at Tualatin HS,8,4x400 Relay,0,1,10,3:58.50
12942518,Jacob Thompson,9,344974,2018-05-04,TRL JV District Meet at Tualatin HS,8,4x400 Relay,0,1,10,3:58.50
9402928,Dillon Walker,12,344974,2018-05-04,TRL JV District Meet at Tualatin HS,8,4x400 Relay,0,1,10,3:58.50
12942431,Mckenzie Abiley,9,344974,2018-05-04,TRL JV District Meet at Tualatin HS,26,4x400 Relay,0,1,4,4:36.68
8697841,Emily Boynton,11,344974,2018-05-04,TRL JV District Meet at Tualatin HS,26,4x400 Relay,0,1,4,4:36.68
11093691,Alyssa Gregory,10,344974,2018-05-04,TRL JV District Meet at Tualatin HS,26,4x400 Relay,0,1,4,4:36.68
10395459,Jamae Stewart,11,344974,2018-05-04,TRL JV District Meet at Tualatin HS,26,4x400 Relay,0,1,4,4:36.68
9402879,Carter Atkins,11,344974,2018-05-04,TRL JV District Meet at Tualatin HS,12,Shot Put,1,0,1,39-07.50
9402904,Jakob McCreery,11,344974,2018-05-04,TRL JV District Meet at Tualatin HS,12,Shot Put,1,0,4,37-08.50
9402893,Sebastian Heymann,11,344974,2018-05-04,TRL JV District Meet at Tualatin HS,12,Shot Put,1,0,8,36-03.00
12942474,Michael Antrim,11,344974,2018-05-04,TRL JV District Meet at Tualatin HS,12,Shot Put,1,0,9,35-04.00
11093755,Mitchell Leach,12,344974,2018-05-04,TRL JV District Meet at Tualatin HS,12,Shot Put,1,0,10,35-03.25
11093739,Garett Craig,10,344974,2018-05-04,TRL JV District Meet at Tualatin HS,12,Shot Put,1,0,11,34-04.50
11093731,Justin Bishop,10,344974,2018-05-04,TRL JV District Meet at Tualatin HS,12,Shot Put,1,0,12,34-02.50
11093747,Sterling Goldstein,12,344974,2018-05-04,TRL JV District Meet at Tualatin HS,12,Shot Put,1,0,14,33-05.00
11093764,Gavin Newman,10,344974,2018-05-04,TRL JV District Meet at Tualatin HS,12,Shot Put,1,0,32,27-09.00
9402925,Zhenya Tilley,11,344974,2018-05-04,TRL JV District Meet at Tualatin HS,12,Shot Put,1,0,34,27-07.00
12942460,Hailey Richmond,9,344974,2018-05-04,TRL JV District Meet at Tualatin HS,30,Shot Put,1,0,4,27-02.00
11093687,Anna Dummer,10,344974,2018-05-04,TRL JV District Meet at Tualatin HS,30,Shot Put,1,0,6,26-01.50
12942444,Sofia Flowers,9,344974,2018-05-04,TRL JV District Meet at Tualatin HS,30,Shot Put,1,0,9,25-01.00
12942440,Aubrey Duricka,9,344974,2018-05-04,TRL JV District Meet at Tualatin HS,30,Shot Put,1,0,20,21-03.00
12942463,Guisel Rodriguez,9,344974,2018-05-04,TRL JV District Meet at Tualatin HS,30,Shot Put,1,0,23,21-01.00
12942462,Alexis Robbins,9,344974,2018-05-04,TRL JV District Meet at Tualatin HS,30,Shot Put,1,0,26,20-08.50
8078402,Ainsley Holloway,9,344974,2018-05-04,TRL JV District Meet at Tualatin HS,30,Shot Put,1,0,27,19-05.00
9402904,Jakob McCreery,11,344974,2018-05-04,TRL JV District Meet at Tualatin HS,13,Discus,1,0,2,109-08.50
11093731,Justin Bishop,10,344974,2018-05-04,TRL JV District Meet at Tualatin HS,13,Discus,1,0,3,106-07
11093739,Garett Craig,10,344974,2018-05-04,TRL JV District Meet at Tualatin HS,13,Discus,1,0,5,100-00
9402879,Carter Atkins,11,344974,2018-05-04,TRL JV District Meet at Tualatin HS,13,Discus,1,0,8,98-07.50
9402893,Sebastian Heymann,11,344974,2018-05-04,TRL JV District Meet at Tualatin HS,13,Discus,1,0,10,92-10
12942474,Michael Antrim,11,344974,2018-05-04,TRL JV District Meet at Tualatin HS,13,Discus,1,0,12,90-04
11093725,Jarrett Alto,10,344974,2018-05-04,TRL JV District Meet at Tualatin HS,13,Discus,1,0,37,69-00
11093746,Jacob Gebhardt,10,344974,2018-05-04,TRL JV District Meet at Tualatin HS,13,Discus,1,0,39,67-05
11093764,Gavin Newman,10,344974,2018-05-04,TRL JV District Meet at Tualatin HS,13,Discus,1,0,40,67-03
12942475,Dane Baysinger,10,344974,2018-05-04,TRL JV District Meet at Tualatin HS,13,Discus,1,0,44,63-07.50
9402929,Clayton Wengert,11,344974,2018-05-04,TRL JV District Meet at Tualatin HS,13,Discus,1,0,45,62-11
11093735,Cameron Burns,10,344974,2018-05-04,TRL JV District Meet at Tualatin HS,13,Discus,1,0,48,60-10
12942524,Keenan Wengert,9,344974,2018-05-04,TRL JV District Meet at Tualatin HS,13,Discus,1,0,51,56-00
10589484,Drake Gagner,10,344974,2018-05-04,TRL JV District Meet at Tualatin HS,13,Discus,1,0,52,55-11
12942503,Daniel Patel,10,344974,2018-05-04,TRL JV District Meet at Tualatin HS,13,Discus,1,0,55,52-04
11093687,Anna Dummer,10,344974,2018-05-04,TRL JV District Meet at Tualatin HS,31,Discus,1,0,1,82-03.50
12942460,Hailey Richmond,9,344974,2018-05-04,TRL JV District Meet at Tualatin HS,31,Discus,1,0,4,72-11
12942463,Guisel Rodriguez,9,344974,2018-05-04,TRL JV District Meet at Tualatin HS,31,Discus,1,0,12,63-02
12942444,Sofia Flowers,9,344974,2018-05-04,TRL JV District Meet at Tualatin HS,31,Discus,1,0,14,61-10
12942440,Aubrey Duricka,9,344974,2018-05-04,TRL JV District Meet at Tualatin HS,31,Discus,1,0,26,46-06
12942461,Emily Rizzo,9,344974,2018-05-04,TRL JV District Meet at Tualatin HS,31,Discus,1,0,28,44-09
12942433,Haylee Bowcut,11,344974,2018-05-04,TRL JV District Meet at Tualatin HS,31,Discus,1,0,31,38-02
12942466,Kaitlyn Starling,9,344974,2018-05-04,TRL JV District Meet at Tualatin HS,31,Discus,1,0,33,30-00.50
12942452,Lilah Keebler,11,344974,2018-05-04,TRL JV District Meet at Tualatin HS,31,Discus,1,0,34,25-10
9402887,Joshua Farner,11,344974,2018-05-04,TRL JV District Meet at Tualatin HS,14,Javelin,1,0,1,135-05
9402879,Carter Atkins,11,344974,2018-05-04,TRL JV District Meet at Tualatin HS,14,Javelin,1,0,2,127-07
11093746,Jacob Gebhardt,10,344974,2018-05-04,TRL JV District Meet at Tualatin HS,14,Javelin,1,0,11,117-11
11093747,Sterling Goldstein,12,344974,2018-05-04,TRL JV District Meet at Tualatin HS,14,Javelin,1,0,12,116-09
11093730,Bryson Bewersdorff,10,344974,2018-05-04,TRL JV District Meet at Tualatin HS,14,Javelin,1,0,17,107-10
9402929,Clayton Wengert,11,344974,2018-05-04,TRL JV District Meet at Tualatin HS,14,Javelin,1,0,22,102-08
7855295,McKinley Gillum,12,344974,2018-05-04,TRL JV District Meet at Tualatin HS,14,Javelin,1,0,27,98-08
12942515,Ethan Staubach,9,344974,2018-05-04,TRL JV District Meet at Tualatin HS,14,Javelin,1,0,29,97-07
12942487,Spencer Hall,9,344974,2018-05-04,TRL JV District Meet at Tualatin HS,14,Javelin,1,0,30,96-10
11093757,Arthur Loza,10,344974,2018-05-04,TRL JV District Meet at Tualatin HS,14,Javelin,1,0,30,96-10
11093755,Mitchell Leach,12,344974,2018-05-04,TRL JV District Meet at Tualatin HS,14,Javelin,1,0,32,95-03
11093735,Cameron Burns,10,344974,2018-05-04,TRL JV District Meet at Tualatin HS,14,Javelin,1,0,37,90-06
12942477,Ethan Cluff,9,344974,2018-05-04,TRL JV District Meet at Tualatin HS,14,Javelin,1,0,39,89-00
11093725,Jarrett Alto,10,344974,2018-05-04,TRL JV District Meet at Tualatin HS,14,Javelin,1,0,42,86-03
12942476,Danny Becerril Pena,10,344974,2018-05-04,TRL JV District Meet at Tualatin HS,14,Javelin,1,0,46,79-09
10589484,Drake Gagner,10,344974,2018-05-04,TRL JV District Meet at Tualatin HS,14,Javelin,1,0,47,79-08
12942503,Daniel Patel,10,344974,2018-05-04,TRL JV District Meet at Tualatin HS,14,Javelin,1,0,52,70-08
12942475,Dane Baysinger,10,344974,2018-05-04,TRL JV District Meet at Tualatin HS,14,Javelin,1,0,54,69-00
12258214,RJ Rice,9,344974,2018-05-04,TRL JV District Meet at Tualatin HS,14,Javelin,1,0,58,64-10
12942516,Michael Stephens,9,344974,2018-05-04,TRL JV District Meet at Tualatin HS,14,Javelin,1,0,59,64-06
12942478,Maximus Conant,10,344974,2018-05-04,TRL JV District Meet at Tualatin HS,14,Javelin,1,0,63,62-08
12942527,Braedon Zwingli,12,344974,2018-05-04,TRL JV District Meet at Tualatin HS,14,Javelin,1,0,66,59-06
12942524,Keenan Wengert,9,344974,2018-05-04,TRL JV District Meet at Tualatin HS,14,Javelin,1,0,68,58-09
11093691,Alyssa Gregory,10,344974,2018-05-04,TRL JV District Meet at Tualatin HS,32,Javelin,1,0,3,83-09
12942460,Hailey Richmond,9,344974,2018-05-04,TRL JV District Meet at Tualatin HS,32,Javelin,1,0,10,71-05
12942469,Mikayla Waldrop,11,344974,2018-05-04,TRL JV District Meet at Tualatin HS,32,Javelin,1,0,17,58-09
12942462,Alexis Robbins,9,344974,2018-05-04,TRL JV District Meet at Tualatin HS,32,Javelin,1,0,20,56-04
12942444,Sofia Flowers,9,344974,2018-05-04,TRL JV District Meet at Tualatin HS,32,Javelin,1,0,21,55-07
12942433,Haylee Bowcut,11,344974,2018-05-04,TRL JV District Meet at Tualatin HS,32,Javelin,1,0,28,50-09
8078402,Ainsley Holloway,9,344974,2018-05-04,TRL JV District Meet at Tualatin HS,32,Javelin,1,0,29,50-02
12942461,Emily Rizzo,9,344974,2018-05-04,TRL JV District Meet at Tualatin HS,32,Javelin,1,0,40,36-07
12942466,Kaitlyn Starling,9,344974,2018-05-04,TRL JV District Meet at Tualatin HS,32,Javelin,1,0,42,32-10
12942465,Breanna Sotelo,12,344974,2018-05-04,TRL JV District Meet at Tualatin HS,32,Javelin,1,0,44,28-09
12942452,Lilah Keebler,11,344974,2018-05-04,TRL JV District Meet at Tualatin HS,32,Javelin,1,0,45,25-04
12942520,Jax Tober,9,344974,2018-05-04,TRL JV District Meet at Tualatin HS,9,High Jump,1,0,17,4-10.00
11093739,Garett Craig,10,344974,2018-05-04,TRL JV District Meet at Tualatin HS,9,High Jump,1,0,17,4-10.00
11093699,Kayma Konecny,10,344974,2018-05-04,TRL JV District Meet at Tualatin HS,27,High Jump,1,0,4,4-02.00
12942525,Jacob Williams,9,344974,2018-05-04,TRL JV District Meet at Tualatin HS,16,Pole Vault,1,0,5,10-00.00
12942523,Ethan Voss,9,344974,2018-05-04,TRL JV District Meet at Tualatin HS,16,Pole Vault,1,0,7,9-00.00
12942520,Jax Tober,9,344974,2018-05-04,TRL JV District Meet at Tualatin HS,16,Pole Vault,1,0,16,8-00.00
9402899,Noah LaFave,12,344974,2018-05-04,TRL JV District Meet at Tualatin HS,16,Pole Vault,1,0,16,8-00.00
11093709,Annika Pietzke,10,344974,2018-05-04,TRL JV District Meet at Tualatin HS,34,Pole Vault,1,0,10,6-06.00
11093724,Sebastien Alexander,10,344974,2018-05-04,TRL JV District Meet at Tualatin HS,17,Long Jump,1,0,1,20-02.00
11093744,Kaden Fuller,10,344974,2018-05-04,TRL JV District Meet at Tualatin HS,17,Long Jump,1,0,25,16-04.00
12942494,Alex Lang,9,344974,2018-05-04,TRL JV District Meet at Tualatin HS,17,Long Jump,1,0,25,16-04.00
11093772,Isaac Savage,12,344974,2018-05-04,TRL JV District Meet at Tualatin HS,17,Long Jump,1,0,31,15-10.75
11093757,Arthur Loza,10,344974,2018-05-04,TRL JV District Meet at Tualatin HS,17,Long Jump,1,0,36,15-04.00
11093775,Dante Tarrant,10,344974,2018-05-04,TRL JV District Meet at Tualatin HS,17,Long Jump,1,0,39,15-01.00
9402915,Greg Potter,11,344974,2018-05-04,TRL JV District Meet at Tualatin HS,17,Long Jump,1,0,39,15-01.00
11093679,Sarah Cassidy,11,344974,2018-05-04,TRL JV District Meet at Tualatin HS,35,Long Jump,1,0,29,11-06.00
11093679,Sarah Cassidy,11,344974,2018-05-04,TRL JV District Meet at Tualatin HS,36,Triple Jump,1,0,5,25-11.00
24197674,Caleb Hagan,10,318038,2018-05-09,6A-4 TRL District Championship Day 1,1,100 Meters,0,0,2,11.04a
19278427,Nora Hagan,9,318038,2018-05-09,6A-4 TRL District Championship Day 1,19,100 Meters,0,0,2,12.57a
24197674,Caleb Hagan,10,318038,2018-05-09,6A-4 TRL District Championship Day 1,2,200 Meters,0,0,2,22.19a
19278427,Nora Hagan,9,318038,2018-05-09,6A-4 TRL District Championship Day 1,20,200 Meters,0,0,3,25.23a
11093703,Claire McGill,10,318038,2018-05-09,6A-4 TRL District Championship Day 1,20,200 Meters,0,0,6,26.59a
7855316,Andrew Mabry,12,318038,2018-05-09,6A-4 TRL District Championship Day 1,3,400 Meters,0,0,3,50.92a
12942511,Ryan Scroggin,11,318038,2018-05-09,6A-4 TRL District Championship Day 1,3,400 Meters,0,0,8,53.34a
6797335,Thomas Osborne,10,318038,2018-05-09,6A-4 TRL District Championship Day 1,4,800 Meters,0,0,6,2:02.70a
6797366,Alexandra Verkamp,11,318038,2018-05-09,6A-4 TRL District Championship Day 1,22,800 Meters,0,0,5,2:24.40a
11093676,Ava Boughey,10,318038,2018-05-09,6A-4 TRL District Championship Day 1,22,800 Meters,0,0,6,2:25.72a
15865704,Henry Giles,11,318038,2018-05-09,6A-4 TRL District Championship Day 1,5,1500 Meters,0,0,2,4:00.58a
6797335,Thomas Osborne,10,318038,2018-05-09,6A-4 TRL District Championship Day 1,5,1500 Meters,0,0,7,4:09.93a
10395462,Jaron Homer,10,318038,2018-05-09,6A-4 TRL District Championship Day 1,5,1500 Meters,0,0,23,4:39.12a
11093676,Ava Boughey,10,318038,2018-05-09,6A-4 TRL District Championship Day 1,23,1500 Meters,0,0,15,5:06.35a
11093720,Vanessa Van Winkle,10,318038,2018-05-09,6A-4 TRL District Championship Day 1,23,1500 Meters,0,0,19,5:12.56a
12807431,Brooke Smith,9,318038,2018-05-09,6A-4 TRL District Championship Day 1,23,1500 Meters,0,0,21,5:21.85a
15865704,Henry Giles,11,318038,2018-05-09,6A-4 TRL District Championship Day 1,6,3000 Meters,0,0,1,8:41.41a
10395462,Jaron Homer,10,318038,2018-05-09,6A-4 TRL District Championship Day 1,6,3000 Meters,0,0,4,9:00.94a
12807385,Ismael Alvares,9,318038,2018-05-09,6A-4 TRL District Championship Day 1,6,3000 Meters,0,0,11,9:20.19a
12807431,Brooke Smith,9,318038,2018-05-09,6A-4 TRL District Championship Day 1,24,3000 Meters,0,0,15,11:30.27a
11093720,Vanessa Van Winkle,10,318038,2018-05-09,6A-4 TRL District Championship Day 1,24,3000 Meters,0,0,16,11:31.39a
12942458,Maia Oliver,9,318038,2018-05-09,6A-4 TRL District Championship Day 1,24,3000 Meters,0,0,19,11:47.28a
8627303,Dylan Blue,11,318038,2018-05-09,6A-4 TRL District Championship Day 1,10,110m Hurdles,0,0,3,15.57a
6797327,Joshua Milligan,11,318038,2018-05-09,6A-4 TRL District Championship Day 1,10,110m Hurdles,0,0,4,15.74a
9402897,Michael Klapp,11,318038,2018-05-09,6A-4 TRL District Championship Day 1,11,300m Hurdles,0,0,4,40.81a
8627303,Dylan Blue,11,318038,2018-05-09,6A-4 TRL District Championship Day 1,11,300m Hurdles,0,0,7,41.42a
19519262,Joley Sproul,9,318038,2018-05-09,6A-4 TRL District Championship Day 1,29,300m Hurdles,0,0,4,47.39a
7855316,Andrew Mabry,12,318038,2018-05-09,6A-4 TRL District Championship Day 1,7,4x100 Relay,0,1,3,45.09a
12942500,Micah Muller,11,318038,2018-05-09,6A-4 TRL District Championship Day 1,7,4x100 Relay,0,1,3,45.09a
12942511,Ryan Scroggin,11,318038,2018-05-09,6A-4 TRL District Championship Day 1,7,4x100 Relay,0,1,3,45.09a
11093740,Isaac Day,11,318038,2018-05-09,6A-4 TRL District Championship Day 1,7,4x100 Relay,0,1,3,45.09a
12942511,Ryan Scroggin,11,318038,2018-05-09,6A-4 TRL District Championship Day 1,8,4x400 Relay,0,1,4,3:29.86a
7293530,Josh Quaglio,12,318038,2018-05-09,6A-4 TRL District Championship Day 1,8,4x400 Relay,0,1,4,3:29.86a
9402897,Michael Klapp,11,318038,2018-05-09,6A-4 TRL District Championship Day 1,8,4x400 Relay,0,1,4,3:29.86a
7855316,Andrew Mabry,12,318038,2018-05-09,6A-4 TRL District Championship Day 1,8,4x400 Relay,0,1,4,3:29.86a
19519262,Joley Sproul,9,318038,2018-05-09,6A-4 TRL District Championship Day 1,26,4x400 Relay,0,1,4,4:07.20a
6797366,Alexandra Verkamp,11,318038,2018-05-09,6A-4 TRL District Championship Day 1,26,4x400 Relay,0,1,4,4:07.20a
12942472,Kylah Williams,9,318038,2018-05-09,6A-4 TRL District Championship Day 1,26,4x400 Relay,0,1,4,4:07.20a
19278427,Nora Hagan,9,318038,2018-05-09,6A-4 TRL District Championship Day 1,26,4x400 Relay,0,1,4,4:07.20a
9402884,Carsen Christensen,12,318038,2018-05-09,6A-4 TRL District Championship Day 1,12,Shot Put,1,0,1,53-10.00
19293144,Noah Culbertson,9,318038,2018-05-09,6A-4 TRL District Championship Day 1,12,Shot Put,1,0,4,49-03.25
7855284,Jayden Cuthbertson,12,318038,2018-05-09,6A-4 TRL District Championship Day 1,12,Shot Put,1,0,9,43-09.50
29290187,Shelby Moran,12,318038,2018-05-09,6A-4 TRL District Championship Day 1,30,Shot Put,1,0,1,43-04.25
7271803,Clair Johnson,12,318038,2018-05-09,6A-4 TRL District Championship Day 1,30,Shot Put,1,0,2,38-08.75
11093677,Korynn Bowers,11,318038,2018-05-09,6A-4 TRL District Championship Day 1,30,Shot Put,1,0,17,27-07.75
19293144,Noah Culbertson,9,318038,2018-05-09,6A-4 TRL District Championship Day 1,13,Discus,1,0,6,128-11.50
7855284,Jayden Cuthbertson,12,318038,2018-05-09,6A-4 TRL District Championship Day 1,13,Discus,1,0,7,127-11
12942481,Bryan Cuthbertson,9,318038,2018-05-09,6A-4 TRL District Championship Day 1,13,Discus,1,0,8,124-00
29290187,Shelby Moran,12,318038,2018-05-09,6A-4 TRL District Championship Day 1,31,Discus,1,0,1,179-07.50
7271803,Clair Johnson,12,318038,2018-05-09,6A-4 TRL District Championship Day 1,31,Discus,1,0,8,99-06
11093677,Korynn Bowers,11,318038,2018-05-09,6A-4 TRL District Championship Day 1,31,Discus,1,0,18,76-01
6797316,Ethan Kelley,11,318038,2018-05-09,6A-4 TRL District Championship Day 1,14,Javelin,1,0,5,161-00
19931767,Asher Krauel,9,318038,2018-05-09,6A-4 TRL District Championship Day 1,14,Javelin,1,0,12,143-06
12942481,Bryan Cuthbertson,9,318038,2018-05-09,6A-4 TRL District Championship Day 1,14,Javelin,1,0,15,141-08
6797304,Alice Hall,11,318038,2018-05-09,6A-4 TRL District Championship Day 1,32,Javelin,1,0,6,108-04
11093677,Korynn Bowers,11,318038,2018-05-09,6A-4 TRL District Championship Day 1,32,Javelin,1,0,10,86-03.50
12942453,Taryn Kelley,9,318038,2018-05-09,6A-4 TRL District Championship Day 1,32,Javelin,1,0,13,83-06
7855336,Joel Turner,12,318038,2018-05-09,6A-4 TRL District Championship Day 1,9,High Jump,1,0,7,5-10.00
7855298,Billy Hale,12,318038,2018-05-09,6A-4 TRL District Championship Day 1,9,High Jump,1,0,8,5-08.00
6797279,Austin Cornett,11,318038,2018-05-09,6A-4 TRL District Championship Day 1,9,High Jump,1,0,12,5-06.00
12942435,Samantha Christensen,9,318038,2018-05-09,6A-4 TRL District Championship Day 1,27,High Jump,1,0,3,5-00.00
19519262,Joley Sproul,9,318038,2018-05-09,6A-4 TRL District Championship Day 1,27,High Jump,1,0,8,4-10.00
7855299,Sophia Harnew-Spradley,12,318038,2018-05-09,6A-4 TRL District Championship Day 1,27,High Jump,1,0,16,4-06.00
7271787,Payton Churilla,12,318038,2018-05-09,6A-4 TRL District Championship Day 1,16,Pole Vault,1,0,5,13-09.00
7855333,Dylan Stamback,12,318038,2018-05-09,6A-4 TRL District Championship Day 1,16,Pole Vault,1,0,11,11-00.00
6797304,Alice Hall,11,318038,2018-05-09,6A-4 TRL District Championship Day 1,34,Pole Vault,1,0,5,8-08.00
12942471,Madilynn Whitmore,9,318038,2018-05-09,6A-4 TRL District Championship Day 1,34,Pole Vault,1,0,9,8-02.00
7855304,Kayla Homer,12,318038,2018-05-09,6A-4 TRL District Championship Day 1,34,Pole Vault,1,0,11,7-08.00
10531193,Samuel Findtner,10,318038,2018-05-09,6A-4 TRL District Championship Day 1,17,Long Jump,1,0,6,20-03.75
11093781,Caleb Zatezalo,10,318038,2018-05-09,6A-4 TRL District Championship Day 1,17,Long Jump,1,0,9,19-09.00
11093748,Jamison Guerra,10,318038,2018-05-09,6A-4 TRL District Championship Day 1,17,Long Jump,1,0,15,18-07.00
11093707,Madi Pastores,11,318038,2018-05-09,6A-4 TRL District Championship Day 1,35,Long Jump,1,0,17,14-10.25
11093694,Emma Hamilton,11,318038,2018-05-09,6A-4 TRL District Championship Day 1,35,Long Jump,1,0,21,14-02.75
7664199,Paige Block,11,318038,2018-05-09,6A-4 TRL District Championship Day 1,35,Long Jump,1,0,24,13-09.00
10531193,Samuel Findtner,10,318038,2018-05-09,6A-4 TRL District Championship Day 1,18,Triple Jump,1,0,4,42-05.00
11253593,Tyler Roelle,12,318038,2018-05-09,6A-4 TRL District Championship Day 1,18,Triple Jump,1,0,10,38-09.75
12942435,Samantha Christensen,9,318038,2018-05-09,6A-4 TRL District Championship Day 1,36,Triple Jump,1,0,10,32-05.75
11093694,Emma Hamilton,11,318038,2018-05-09,6A-4 TRL District Championship Day 1,36,Triple Jump,1,0,11,32-01.25
11093702,Julia Leitzinger,10,318038,2018-05-09,6A-4 TRL District Championship Day 1,36,Triple Jump,1,0,16,30-07.50
24197674,Caleb Hagan,10,318039,2018-05-11,6A-4 TRL District Championship Day 2,1,100 Meters,0,0,2,11.04a
19278427,Nora Hagan,9,318039,2018-05-11,6A-4 TRL District Championship Day 2,19,100 Meters,0,0,2,12.57a
24197674,Caleb Hagan,10,318039,2018-05-11,6A-4 TRL District Championship Day 2,2,200 Meters,0,0,2,22.19a
19278427,Nora Hagan,9,318039,2018-05-11,6A-4 TRL District Championship Day 2,20,200 Meters,0,0,3,25.23a
11093703,Claire McGill,10,318039,2018-05-11,6A-4 TRL District Championship Day 2,20,200 Meters,0,0,6,26.59a
7855316,Andrew Mabry,12,318039,2018-05-11,6A-4 TRL District Championship Day 2,3,400 Meters,0,0,3,50.92a
12942511,Ryan Scroggin,11,318039,2018-05-11,6A-4 TRL District Championship Day 2,3,400 Meters,0,0,8,53.34a
6797335,Thomas Osborne,10,318039,2018-05-11,6A-4 TRL District Championship Day 2,4,800 Meters,0,0,6,2:02.70a
6797366,Alexandra Verkamp,11,318039,2018-05-11,6A-4 TRL District Championship Day 2,22,800 Meters,0,0,5,2:24.40a
11093676,Ava Boughey,10,318039,2018-05-11,6A-4 TRL District Championship Day 2,22,800 Meters,0,0,6,2:25.72a
15865704,Henry Giles,11,318039,2018-05-11,6A-4 TRL District Championship Day 2,5,1500 Meters,0,0,2,4:00.58a
6797335,Thomas Osborne,10,318039,2018-05-11,6A-4 TRL District Championship Day 2,5,1500 Meters,0,0,7,4:09.93a
10395462,Jaron Homer,10,318039,2018-05-11,6A-4 TRL District Championship Day 2,5,1500 Meters,0,0,23,4:39.12a
11093676,Ava Boughey,10,318039,2018-05-11,6A-4 TRL District Championship Day 2,23,1500 Meters,0,0,15,5:06.35a
11093720,Vanessa Van Winkle,10,318039,2018-05-11,6A-4 TRL District Championship Day 2,23,1500 Meters,0,0,19,5:12.56a
12807431,Brooke Smith,9,318039,2018-05-11,6A-4 TRL District Championship Day 2,23,1500 Meters,0,0,21,5:21.85a
15865704,Henry Giles,11,318039,2018-05-11,6A-4 TRL District Championship Day 2,6,3000 Meters,0,0,1,8:41.41a
10395462,Jaron Homer,10,318039,2018-05-11,6A-4 TRL District Championship Day 2,6,3000 Meters,0,0,4,9:00.94a
12807385,Ismael Alvares,9,318039,2018-05-11,6A-4 TRL District Championship Day 2,6,3000 Meters,0,0,11,9:20.19a
12807431,Brooke Smith,9,318039,2018-05-11,6A-4 TRL District Championship Day 2,24,3000 Meters,0,0,15,11:30.27a
11093720,Vanessa Van Winkle,10,318039,2018-05-11,6A-4 TRL District Championship Day 2,24,3000 Meters,0,0,16,11:31.39a
12942458,Maia Oliver,9,318039,2018-05-11,6A-4 TRL District Championship Day 2,24,3000 Meters,0,0,19,11:47.28a
8627303,Dylan Blue,11,318039,2018-05-11,6A-4 TRL District Championship Day 2,10,110m Hurdles,0,0,3,15.57a
6797327,Joshua Milligan,11,318039,2018-05-11,6A-4 TRL District Championship Day 2,10,110m Hurdles,0,0,4,15.74a
9402897,Michael Klapp,11,318039,2018-05-11,6A-4 TRL District Championship Day 2,11,300m Hurdles,0,0,4,40.81a
8627303,Dylan Blue,11,318039,2018-05-11,6A-4 TRL District Championship Day 2,11,300m Hurdles,0,0,7,41.42a
19519262,Joley Sproul,9,318039,2018-05-11,6A-4 TRL District Championship Day 2,29,300m Hurdles,0,0,4,47.39a
7855316,Andrew Mabry,12,318039,2018-05-11,6A-4 TRL District Championship Day 2,7,4x100 Relay,0,1,3,45.09a
12942500,Micah Muller,11,318039,2018-05-11,6A-4 TRL District Championship Day 2,7,4x100 Relay,0,1,3,45.09a
12942511,Ryan Scroggin,11,318039,2018-05-11,6A-4 TRL District Championship Day 2,7,4x100 Relay,0,1,3,45.09a
24197674,Caleb Hagan,10,318039,2018-05-11,6A-4 TRL District Championship Day 2,7,4x100 Relay,0,1,3,45.09a
12942511,Ryan Scroggin,11,318039,2018-05-11,6A-4 TRL District Championship Day 2,8,4x400 Relay,0,1,4,3:29.86a
7293530,Josh Quaglio,12,318039,2018-05-11,6A-4 TRL District Championship Day 2,8,4x400 Relay,0,1,4,3:29.86a
9402897,Michael Klapp,11,318039,2018-05-11,6A-4 TRL District Championship Day 2,8,4x400 Relay,0,1,4,3:29.86a
7855316,Andrew Mabry,12,318039,2018-05-11,6A-4 TRL District Championship Day 2,8,4x400 Relay,0,1,4,3:29.86a
19519262,Joley Sproul,9,318039,2018-05-11,6A-4 TRL District Championship Day 2,26,4x400 Relay,0,1,4,4:07.20a
6797366,Alexandra Verkamp,11,318039,2018-05-11,6A-4 TRL District Championship Day 2,26,4x400 Relay,0,1,4,4:07.20a
12942472,Kylah Williams,9,318039,2018-05-11,6A-4 TRL District Championship Day 2,26,4x400 Relay,0,1,4,4:07.20a
19278427,Nora Hagan,9,318039,2018-05-11,6A-4 TRL District Championship Day 2,26,4x400 Relay,0,1,4,4:07.20a
9402884,Carsen Christensen,12,318039,2018-05-11,6A-4 TRL District Championship Day 2,12,Shot Put,1,0,1,53-10.00
19293144,Noah Culbertson,9,318039,2018-05-11,6A-4 TRL District Championship Day 2,12,Shot Put,1,0,4,49-03.25
7855284,Jayden Cuthbertson,12,318039,2018-05-11,6A-4 TRL District Championship Day 2,12,Shot Put,1,0,9,43-09.50
29290187,Shelby Moran,12,318039,2018-05-11,6A-4 TRL District Championship Day 2,30,Shot Put,1,0,1,43-04.25
7271803,Clair Johnson,12,318039,2018-05-11,6A-4 TRL District Championship Day 2,30,Shot Put,1,0,2,38-08.75
11093677,Korynn Bowers,11,318039,2018-05-11,6A-4 TRL District Championship Day 2,30,Shot Put,1,0,17,27-07.75
19293144,Noah Culbertson,9,318039,2018-05-11,6A-4 TRL District Championship Day 2,13,Discus,1,0,6,128-11.50
7855284,Jayden Cuthbertson,12,318039,2018-05-11,6A-4 TRL District Championship Day 2,13,Discus,1,0,7,127-11
12942481,Bryan Cuthbertson,9,318039,2018-05-11,6A-4 TRL District Championship Day 2,13,Discus,1,0,8,124-00
29290187,Shelby Moran,12,318039,2018-05-11,6A-4 TRL District Championship Day 2,31,Discus,1,0,1,179-07.50
7271803,Clair Johnson,12,318039,2018-05-11,6A-4 TRL District Championship Day 2,31,Discus,1,0,8,99-06
11093677,Korynn Bowers,11,318039,2018-05-11,6A-4 TRL District Championship Day 2,31,Discus,1,0,18,76-01
6797316,Ethan Kelley,11,318039,2018-05-11,6A-4 TRL District Championship Day 2,14,Javelin,1,0,5,161-00
19931767,Asher Krauel,9,318039,2018-05-11,6A-4 TRL District Championship Day 2,14,Javelin,1,0,12,143-06
12942481,Bryan Cuthbertson,9,318039,2018-05-11,6A-4 TRL District Championship Day 2,14,Javelin,1,0,15,141-08
6797304,Alice Hall,11,318039,2018-05-11,6A-4 TRL District Championship Day 2,32,Javelin,1,0,6,108-04
11093677,Korynn Bowers,11,318039,2018-05-11,6A-4 TRL District Championship Day 2,32,Javelin,1,0,10,86-03.50
12942453,Taryn Kelley,9,318039,2018-05-11,6A-4 TRL District Championship Day 2,32,Javelin,1,0,13,83-06
7855336,Joel Turner,12,318039,2018-05-11,6A-4 TRL District Championship Day 2,9,High Jump,1,0,7,5-10.00
7855298,Billy Hale,12,318039,2018-05-11,6A-4 TRL District Championship Day 2,9,High Jump,1,0,8,5-08.00
6797279,Austin Cornett,11,318039,2018-05-11,6A-4 TRL District Championship Day 2,9,High Jump,1,0,12,5-06.00
12942435,Samantha Christensen,9,318039,2018-05-11,6A-4 TRL District Championship Day 2,27,High Jump,1,0,3,5-00.00
19519262,Joley Sproul,9,318039,2018-05-11,6A-4 TRL District Championship Day 2,27,High Jump,1,0,8,4-10.00
7855299,Sophia Harnew-Spradley,12,318039,2018-05-11,6A-4 TRL District Championship Day 2,27,High Jump,1,0,16,4-06.00
7271787,Payton Churilla,12,318039,2018-05-11,6A-4 TRL District Championship Day 2,16,Pole Vault,1,0,5,13-09.00
7855333,Dylan Stamback,12,318039,2018-05-11,6A-4 TRL District Championship Day 2,16,Pole Vault,1,0,11,11-00.00
6797304,Alice Hall,11,318039,2018-05-11,6A-4 TRL District Championship Day 2,34,Pole Vault,1,0,5,8-08.00
12942471,Madilynn Whitmore,9,318039,2018-05-11,6A-4 TRL District Championship Day 2,34,Pole Vault,1,0,9,8-02.00
7855304,Kayla Homer,12,318039,2018-05-11,6A-4 TRL District Championship Day 2,34,Pole Vault,1,0,11,7-08.00
10531193,Samuel Findtner,10,318039,2018-05-11,6A-4 TRL District Championship Day 2,17,Long Jump,1,0,6,20-03.75
11093781,Caleb Zatezalo,10,318039,2018-05-11,6A-4 TRL District Championship Day 2,17,Long Jump,1,0,9,19-09.00
11093748,Jamison Guerra,10,318039,2018-05-11,6A-4 TRL District Championship Day 2,17,Long Jump,1,0,15,18-07.00
11093707,Madi Pastores,11,318039,2018-05-11,6A-4 TRL District Championship Day 2,35,Long Jump,1,0,17,14-10.25
11093694,Emma Hamilton,11,318039,2018-05-11,6A-4 TRL District Championship Day 2,35,Long Jump,1,0,21,14-02.75
7664199,Paige Block,11,318039,2018-05-11,6A-4 TRL District Championship Day 2,35,Long Jump,1,0,24,13-09.00
10531193,Samuel Findtner,10,318039,2018-05-11,6A-4 TRL District Championship Day 2,18,Triple Jump,1,0,4,42-05.00
11253593,Tyler Roelle,12,318039,2018-05-11,6A-4 TRL District Championship Day 2,18,Triple Jump,1,0,10,38-09.75
12942435,Samantha Christensen,9,318039,2018-05-11,6A-4 TRL District Championship Day 2,36,Triple Jump,1,0,10,32-05.75
11093694,Emma Hamilton,11,318039,2018-05-11,6A-4 TRL District Championship Day 2,36,Triple Jump,1,0,11,32-01.25
11093702,Julia Leitzinger,10,318039,2018-05-11,6A-4 TRL District Championship Day 2,36,Triple Jump,1,0,16,30-07.50
24197674,Caleb Hagan,10,318299,2018-05-19,OSAA 6A State Championships,1,100 Meters,0,0,6,10.92a
24197674,Caleb Hagan,10,318299,2018-05-19,OSAA 6A State Championships,2,200 Meters,0,0,5,22.09a
19278427,Nora Hagan,9,318299,2018-05-19,OSAA 6A State Championships,20,200 Meters,0,0,7,25.61a
15865704,Henry Giles,11,318299,2018-05-19,OSAA 6A State Championships,5,1500 Meters,0,0,11,4:03.99a
15865704,Henry Giles,11,318299,2018-05-19,OSAA 6A State Championships,6,3000 Meters,0,0,7,8:43.42a
9402884,Carsen Christensen,12,318299,2018-05-19,OSAA 6A State Championships,12,Shot Put,1,0,4,52-09.00
19293144,Noah Culbertson,9,318299,2018-05-19,OSAA 6A State Championships,12,Shot Put,1,0,5,51-04.50
29290187,Shelby Moran,12,318299,2018-05-19,OSAA 6A State Championships,30,Shot Put,1,0,1,42-11.00
7271803,Clair Johnson,12,318299,2018-05-19,OSAA 6A State Championships,30,Shot Put,1,0,9,38-11.00
29290187,Shelby Moran,12,318299,2018-05-19,OSAA 6A State Championships,31,Discus,1,0,1,165-06
7271787,Payton Churilla,12,318299,2018-05-19,OSAA 6A State Championships,16,Pole Vault,1,0,3,13-06.00
24197674,Caleb Hagan,11,351052,2019-05-17,6A-3 Pacific League District Championships,1,100 Meters,0,0,1,10.82a
12942514,Carson Stamback,10,351052,2019-05-17,6A-3 Pacific League District Championships,1,100 Meters,0,0,8,11.76a
19278427,Nora Hagan,10,351052,2019-05-17,6A-3 Pacific League District Championships,19,100 Meters,0,0,1,12.55a
11093703,Claire McGill,11,351052,2019-05-17,6A-3 Pacific League District Championships,19,100 Meters,0,0,4,12.98a
24197674,Caleb Hagan,11,351052,2019-05-17,6A-3 Pacific League District Championships,2,200 Meters,0,0,1,21.66a
19278427,Nora Hagan,10,351052,2019-05-17,6A-3 Pacific League District Championships,20,200 Meters,0,0,1,25.79a
11093703,Claire McGill,11,351052,2019-05-17,6A-3 Pacific League District Championships,20,200 Meters,0,0,2,26.65a
11093770,Matthew Roelle,11,351052,2019-05-17,6A-3 Pacific League District Championships,3,400 Meters,0,0,5,53.45a
12942472,Kylah Williams,10,351052,2019-05-17,6A-3 Pacific League District Championships,21,400 Meters,0,0,5,1:02.42a
14579048,Anne Sandilands,10,351052,2019-05-17,6A-3 Pacific League District Championships,21,400 Meters,0,0,8,1:03.79a
21732121,Ethan Sturdivant,9,351052,2019-05-17,6A-3 Pacific League District Championships,4,800 Meters,0,0,1,2:00.80a
6797335,Thomas Osborne,11,351052,2019-05-17,6A-3 Pacific League District Championships,4,800 Meters,0,0,3,2:03.78a
6797366,Alexandra Verkamp,12,351052,2019-05-17,6A-3 Pacific League District Championships,22,800 Meters,0,0,3,2:20.70a
14579049,Jane Sandilands,10,351052,2019-05-17,6A-3 Pacific League District Championships,22,800 Meters,0,0,5,2:25.90a
11461393,Kari Eddington,10,351052,2019-05-17,6A-3 Pacific League District Championships,22,800 Meters,0,0,6,2:26.86a
15865704,Henry Giles,12,351052,2019-05-17,6A-3 Pacific League District Championships,5,1500 Meters,0,0,3,4:06.78a
6797335,Thomas Osborne,11,351052,2019-05-17,6A-3 Pacific League District Championships,5,1500 Meters,0,0,4,4:08.94a
12807385,Ismael Alvares,10,351052,2019-05-17,6A-3 Pacific League District Championships,5,1500 Meters,0,0,5,4:11.79a
11461393,Kari Eddington,10,351052,2019-05-17,6A-3 Pacific League District Championships,23,1500 Meters,0,0,4,5:02.67a
14579025,Taylor Card,9,351052,2019-05-17,6A-3 Pacific League District Championships,23,1500 Meters,0,0,6,5:08.72a
11093720,Vanessa Van Winkle,11,351052,2019-05-17,6A-3 Pacific League District Championships,23,1500 Meters,0,0,13,5:28.10a
15865704,Henry Giles,12,351052,2019-05-17,6A-3 Pacific League District Championships,6,3000 Meters,0,0,3,8:45.12a
12807385,Ismael Alvares,10,351052,2019-05-17,6A-3 Pacific League District Championships,6,3000 Meters,0,0,4,9:02.92a
23965628,James Crabtree,9,351052,2019-05-17,6A-3 Pacific League District Championships,6,3000 Meters,0,0,8,9:25.19a
14579025,Taylor Card,9,351052,2019-05-17,6A-3 Pacific League District Championships,24,3000 Meters,0,0,3,11:05.24a
9402846,Jacqueline Angelel,12,351052,2019-05-17,6A-3 Pacific League District Championships,24,3000 Meters,0,0,7,11:41.64a
12807431,Brooke Smith,10,351052,2019-05-17,6A-3 Pacific League District Championships,24,3000 Meters,0,0,12,12:24.03a
19519262,Joley Sproul,10,351052,2019-05-17,6A-3 Pacific League District Championships,28,100m Hurdles,0,0,4,16.59a
19293221,Hailey Blue,10,351052,2019-05-17,6A-3 Pacific League District Championships,28,100m Hurdles,0,0,8,17.59a
8627303,Dylan Blue,12,351052,2019-05-17,6A-3 Pacific League District Championships,10,110m Hurdles,0,0,2,15.48a
6797350,Robert Schmidt,12,351052,2019-05-17,6A-3 Pacific League District Championships,10,110m Hurdles,0,0,3,15.88a
12942494,Alex Lang,10,351052,2019-05-17,6A-3 Pacific League District Championships,10,110m Hurdles,0,0,4,16.57a
9402897,Michael Klapp,12,351052,2019-05-17,6A-3 Pacific League District Championships,11,300m Hurdles,0,0,2,40.07a
8627303,Dylan Blue,12,351052,2019-05-17,6A-3 Pacific League District Championships,11,300m Hurdles,0,0,3,41.07a
6797350,Robert Schmidt,12,351052,2019-05-17,6A-3 Pacific League District Championships,11,300m Hurdles,0,0,7,43.66a
19519262,Joley Sproul,10,351052,2019-05-17,6A-3 Pacific League District Championships,29,300m Hurdles,0,0,3,46.66a
24268469,Miranda Irwin,11,351052,2019-05-17,6A-3 Pacific League District Championships,29,300m Hurdles,0,0,5,48.96a
19293221,Hailey Blue,10,351052,2019-05-17,6A-3 Pacific League District Championships,29,300m Hurdles,0,0,7,50.16a
14579063,Kyle Hattig,9,351052,2019-05-17,6A-3 Pacific League District Championships,7,4x100 Relay,0,1,6,45.72a
12942490,Jackson Hughes,10,351052,2019-05-17,6A-3 Pacific League District Championships,7,4x100 Relay,0,1,6,45.72a
11093770,Matthew Roelle,11,351052,2019-05-17,6A-3 Pacific League District Championships,7,4x100 Relay,0,1,6,45.72a
12942514,Carson Stamback,10,351052,2019-05-17,6A-3 Pacific League District Championships,7,4x100 Relay,0,1,6,45.72a
14579050,Ellie Schmidt,9,351052,2019-05-17,6A-3 Pacific League District Championships,25,4x100 Relay,0,1,3,50.94a
11093703,Claire McGill,11,351052,2019-05-17,6A-3 Pacific League District Championships,25,4x100 Relay,0,1,3,50.94a
14579031,Amanda Gribble,9,351052,2019-05-17,6A-3 Pacific League District Championships,25,4x100 Relay,0,1,3,50.94a
12942467,Elizabeth Stoddart,10,351052,2019-05-17,6A-3 Pacific League District Championships,25,4x100 Relay,0,1,3,50.94a
11093770,Matthew Roelle,11,351052,2019-05-17,6A-3 Pacific League District Championships,8,4x400 Relay,0,1,1,3:27.48a
21732121,Ethan Sturdivant,9,351052,2019-05-17,6A-3 Pacific League District Championships,8,4x400 Relay,0,1,1,3:27.48a
9402897,Michael Klapp,12,351052,2019-05-17,6A-3 Pacific League District Championships,8,4x400 Relay,0,1,1,3:27.48a
24197674,Caleb Hagan,11,351052,2019-05-17,6A-3 Pacific League District Championships,8,4x400 Relay,0,1,1,3:27.48a
19278427,Nora Hagan,10,351052,2019-05-17,6A-3 Pacific League District Championships,26,4x400 Relay,0,1,3,4:09.25a
6797366,Alexandra Verkamp,12,351052,2019-05-17,6A-3 Pacific League District Championships,26,4x400 Relay,0,1,3,4:09.25a
12942472,Kylah Williams,10,351052,2019-05-17,6A-3 Pacific League District Championships,26,4x400 Relay,0,1,3,4:09.25a
19519262,Joley Sproul,10,351052,2019-05-17,6A-3 Pacific League District Championships,26,4x400 Relay,0,1,3,4:09.25a
12942481,Bryan Cuthbertson,10,351052,2019-05-17,6A-3 Pacific League District Championships,12,Shot Put,1,0,1,56-09.00
19293144,Noah Culbertson,10,351052,2019-05-17,6A-3 Pacific League District Championships,12,Shot Put,1,0,2,54-00.75
11093739,Garett Craig,11,351052,2019-05-17,6A-3 Pacific League District Championships,12,Shot Put,1,0,18,35-06.50
11093677,Korynn Bowers,12,351052,2019-05-17,6A-3 Pacific League District Championships,30,Shot Put,1,0,2,34-10.00
14579038,Tali Kozma,9,351052,2019-05-17,6A-3 Pacific League District Championships,30,Shot Put,1,0,4,33-06.50
12942460,Hailey Richmond,10,351052,2019-05-17,6A-3 Pacific League District Championships,30,Shot Put,1,0,9,30-00.50
12942481,Bryan Cuthbertson,10,351052,2019-05-17,6A-3 Pacific League District Championships,13,Discus,1,0,1,149-05
19293144,Noah Culbertson,10,351052,2019-05-17,6A-3 Pacific League District Championships,13,Discus,1,0,3,144-06
11093766,Samuel Quaglio,11,351052,2019-05-17,6A-3 Pacific League District Championships,13,Discus,1,0,9,118-08
11093677,Korynn Bowers,12,351052,2019-05-17,6A-3 Pacific League District Championships,31,Discus,1,0,7,101-10
11093687,Anna Dummer,11,351052,2019-05-17,6A-3 Pacific League District Championships,31,Discus,1,0,9,96-00
19931767,Asher Krauel,10,351052,2019-05-17,6A-3 Pacific League District Championships,14,Javelin,1,0,2,182-10
6797316,Ethan Kelley,12,351052,2019-05-17,6A-3 Pacific League District Championships,14,Javelin,1,0,5,173-07
12942481,Bryan Cuthbertson,10,351052,2019-05-17,6A-3 Pacific League District Championships,14,Javelin,1,0,6,158-03
12942453,Taryn Kelley,10,351052,2019-05-17,6A-3 Pacific League District Championships,32,Javelin,1,0,5,106-00
11093677,Korynn Bowers,12,351052,2019-05-17,6A-3 Pacific League District Championships,32,Javelin,1,0,8,95-07
11093702,Julia Leitzinger,11,351052,2019-05-17,6A-3 Pacific League District Championships,32,Javelin,1,0,10,89-10
14579061,Christopher Gallinger-Long,9,351052,2019-05-17,6A-3 Pacific League District Championships,9,High Jump,1,0,5,5-06.00
19391022,Max Ashour,10,351052,2019-05-17,6A-3 Pacific League District Championships,9,High Jump,1,0,11,5-06.00
12942435,Samantha Christensen,10,351052,2019-05-17,6A-3 Pacific League District Championships,27,High Jump,1,0,5,4-10.00
19519262,Joley Sproul,10,351052,2019-05-17,6A-3 Pacific League District Championships,27,High Jump,1,0,7,4-08.00
14579035,Kasia Jacobson,11,351052,2019-05-17,6A-3 Pacific League District Championships,27,High Jump,1,0,9,4-04.00
12942523,Ethan Voss,10,351052,2019-05-17,6A-3 Pacific League District Championships,16,Pole Vault,1,0,12,10-03.00
14579061,Christopher Gallinger-Long,9,351052,2019-05-17,6A-3 Pacific League District Championships,16,Pole Vault,1,0,13,10-03.00
11093683,Elizabeth Dahme,12,351052,2019-05-17,6A-3 Pacific League District Championships,34,Pole Vault,1,0,4,7-09.00
14579054,Ashley Woody,10,351052,2019-05-17,6A-3 Pacific League District Championships,34,Pole Vault,1,0,6,7-09.00
10531193,Samuel Findtner,11,351052,2019-05-17,6A-3 Pacific League District Championships,17,Long Jump,1,0,4,19-08.25
14579065,Davyon Sanders,9,351052,2019-05-17,6A-3 Pacific League District Championships,17,Long Jump,1,0,8,18-10.50
12942490,Jackson Hughes,10,351052,2019-05-17,6A-3 Pacific League District Championships,17,Long Jump,1,0,13,18-05.50
11093702,Julia Leitzinger,11,351052,2019-05-17,6A-3 Pacific League District Championships,35,Long Jump,1,0,4,15-08.25
7664199,Paige Block,12,351052,2019-05-17,6A-3 Pacific League District Championships,35,Long Jump,1,0,11,14-04.00
10531193,Samuel Findtner,11,351052,2019-05-17,6A-3 Pacific League District Championships,18,Triple Jump,1,0,2,41-10.00
8627303,Dylan Blue,12,351052,2019-05-17,6A-3 Pacific League District Championships,18,Triple Jump,1,0,6,41-02.25
6879754,James Day,10,351052,2019-05-17,6A-3 Pacific League District Championships,18,Triple Jump,1,0,8,40-01.25
12942435,Samantha Christensen,10,351052,2019-05-17,6A-3 Pacific League District Championships,36,Triple Jump,1,0,5,33-01.00
19293221,Hailey Blue,10,351052,2019-05-17,6A-3 Pacific League District Championships,36,Triple Jump,1,0,6,32-09.00
11093702,Julia Leitzinger,11,351052,2019-05-17,6A-3 Pacific League District Championships,36,Triple Jump,1,0,10,31-08.00
24197674,Caleb Hagan,11,350528,2019-05-25,OSAA 6A State Championships,1,100 Meters,0,0,1,10.66a
19278427,Nora Hagan,10,350528,2019-05-25,OSAA 6A State Championships,19,100 Meters,0,0,8,12.50a
24197674,Caleb Hagan,11,350528,2019-05-25,OSAA 6A State Championships,2,200 Meters,0,0,1,21.68a
21732121,Ethan Sturdivant,9,350528,2019-05-25,OSAA 6A State Championships,4,800 Meters,0,0,6,1:56.79a
19519262,Joley Sproul,10,350528,2019-05-25,OSAA 6A State Championships,29,300m Hurdles,0,0,6,46.91a
3251258,Charles Verkamp,10,350528,2019-05-25,OSAA 6A State Championships,8,4x400 Relay,0,1,16,3:32.12a
11093770,Matthew Roelle,11,350528,2019-05-25,OSAA 6A State Championships,8,4x400 Relay,0,1,16,3:32.12a
8627303,Dylan Blue,12,350528,2019-05-25,OSAA 6A State Championships,8,4x400 Relay,0,1,16,3:32.12a
9402897,Michael Klapp,12,350528,2019-05-25,OSAA 6A State Championships,8,4x400 Relay,0,1,16,3:32.12a
12942481,Bryan Cuthbertson,10,350528,2019-05-25,OSAA 6A State Championships,12,Shot Put,1,0,2,55-10.75
19293144,Noah Culbertson,10,350528,2019-05-25,OSAA 6A State Championships,12,Shot Put,1,0,3,52-09.50
11093677,Korynn Bowers,12,350528,2019-05-25,OSAA 6A State Championships,30,Shot Put,1,0,16,32-11.00
12942481,Bryan Cuthbertson,10,350528,2019-05-25,OSAA 6A State Championships,13,Discus,1,0,2,164-09
19293144,Noah Culbertson,10,350528,2019-05-25,OSAA 6A State Championships,13,Discus,1,0,9,140-02
19931767,Asher Krauel,10,350528,2019-05-25,OSAA 6A State Championships,14,Javelin,1,0,7,174-05
10531193,Samuel Findtner,11,350528,2019-05-25,OSAA 6A State Championships,18,Triple Jump,1,0,12,41-11.50
16565226,Josiah Dorsey,10,421207,2021-05-14,Pacific League JV District,1,100 Meters,0,0,1,12.12a
18053115,Camden Wallis,10,421207,2021-05-14,Pacific League JV District,1,100 Meters,0,0,2,12.35a
27152880,Jaden Will,9,421207,2021-05-14,Pacific League JV District,1,100 Meters,0,0,5,12.45a
16565278,Brady Smith,11,421207,2021-05-14,Pacific League JV District,1,100 Meters,0,0,20,13.34a
18064557,Jorge Apodaca,10,421207,2021-05-14,Pacific League JV District,1,100 Meters,0,0,21,13.36a
14579071,Joshua Patel,11,421207,2021-05-14,Pacific League JV District,1,100 Meters,0,0,22,13.41a
16565215,Trevor Cherry,10,421207,2021-05-14,Pacific League JV District,1,100 Meters,0,0,24,13.83a
18053110,Luke Richardson,10,421207,2021-05-14,Pacific League JV District,1,100 Meters,0,0,35,15.28a
18053104,Teagan Gorretta,11,421207,2021-05-14,Pacific League JV District,19,100 Meters,0,0,1,13.61a
17366097,Bryn Lahart,9,421207,2021-05-14,Pacific League JV District,19,100 Meters,0,0,5,14.19a
15079477,Brynn Sands,9,421207,2021-05-14,Pacific League JV District,19,100 Meters,0,0,7,14.42a
15090625,Kaitlin Romig,9,421207,2021-05-14,Pacific League JV District,19,100 Meters,0,0,14,14.91a
17366092,Rachel Burgi,9,421207,2021-05-14,Pacific League JV District,19,100 Meters,0,0,16,15.16a
10426594,Elizabeth Belanger,10,421207,2021-05-14,Pacific League JV District,19,100 Meters,0,0,19,15.57a
18053105,Elliandra Will,9,421207,2021-05-14,Pacific League JV District,19,100 Meters,0,0,30,16.51a
18053115,Camden Wallis,10,421207,2021-05-14,Pacific League JV District,2,200 Meters,0,0,1,24.87a
27152880,Jaden Will,9,421207,2021-05-14,Pacific League JV District,2,200 Meters,0,0,7,26.41a
16565226,Josiah Dorsey,10,421207,2021-05-14,Pacific League JV District,2,200 Meters,0,0,10,26.83a
16565198,Shawn Baldwin,10,421207,2021-05-14,Pacific League JV District,2,200 Meters,0,0,14,27.34a
18064557,Jorge Apodaca,10,421207,2021-05-14,Pacific League JV District,2,200 Meters,0,0,15,27.87a
16565215,Trevor Cherry,10,421207,2021-05-14,Pacific League JV District,2,200 Meters,0,0,17,29.21a
18053110,Luke Richardson,10,421207,2021-05-14,Pacific League JV District,2,200 Meters,0,0,24,33.06a
18053104,Teagan Gorretta,11,421207,2021-05-14,Pacific League JV District,20,200 Meters,0,0,1,28.55a
15079477,Brynn Sands,9,421207,2021-05-14,Pacific League JV District,20,200 Meters,0,0,7,31.49a
15090625,Kaitlin Romig,9,421207,2021-05-14,Pacific League JV District,20,200 Meters,0,0,13,33.20a
18053105,Elliandra Will,9,421207,2021-05-14,Pacific League JV District,20,200 Meters,0,0,23,36.52a
11815241,Tyson Pierce,9,421207,2021-05-14,Pacific League JV District,3,400 Meters,0,0,1,1:00.95a
15085654,Braden Stroup,9,421207,2021-05-14,Pacific League JV District,3,400 Meters,0,0,3,1:05.73a
12942518,Jacob Thompson,12,421207,2021-05-14,Pacific League JV District,4,800 Meters,0,0,1,2:12.27a
10426603,Josh Knutson,10,421207,2021-05-14,Pacific League JV District,4,800 Meters,0,0,2,2:15.08a
16012343,Evan Oliver,9,421207,2021-05-14,Pacific League JV District,4,800 Meters,0,0,4,2:28.16a
18796385,Drew Le,9,421207,2021-05-14,Pacific League JV District,4,800 Meters,0,0,5,2:28.95a
12922689,Zachary Gilmor,9,421207,2021-05-14,Pacific League JV District,4,800 Meters,0,0,7,2:31.32a
15085626,Rilyn Blanchard,10,421207,2021-05-14,Pacific League JV District,22,800 Meters,0,0,1,2:34.45a
8779098,Jane Westover,11,421207,2021-05-14,Pacific League JV District,22,800 Meters,0,0,2,2:40.79a
17366085,Grace Bittner,9,421207,2021-05-14,Pacific League JV District,22,800 Meters,0,0,3,2:47.01a
9713486,Ava Grunow,11,421207,2021-05-14,Pacific League JV District,22,800 Meters,0,0,4,2:53.30a
12942458,Maia Oliver,12,421207,2021-05-14,Pacific League JV District,22,800 Meters,0,0,5,2:53.34a
11815222,Avery Davis,9,421207,2021-05-14,Pacific League JV District,22,800 Meters,0,0,6,2:59.63a
17366105,Madeline Littleton,9,421207,2021-05-14,Pacific League JV District,22,800 Meters,0,0,9,3:08.05a
12942518,Jacob Thompson,12,421207,2021-05-14,Pacific League JV District,5,1500 Meters,0,0,1,4:32.77a
18796385,Drew Le,9,421207,2021-05-14,Pacific League JV District,5,1500 Meters,0,0,3,4:58.05a
11569497,Samuel Baehler,11,421207,2021-05-14,Pacific League JV District,5,1500 Meters,0,0,5,5:04.34a
16012343,Evan Oliver,9,421207,2021-05-14,Pacific League JV District,5,1500 Meters,0,0,6,5:05.05a
12922689,Zachary Gilmor,9,421207,2021-05-14,Pacific League JV District,5,1500 Meters,0,0,8,5:12.22a
18064557,Jorge Apodaca,10,421207,2021-05-14,Pacific League JV District,5,1500 Meters,0,0,12,5:26.32a
8779098,Jane Westover,11,421207,2021-05-14,Pacific League JV District,23,1500 Meters,0,0,1,5:26.33a
9713486,Ava Grunow,11,421207,2021-05-14,Pacific League JV District,23,1500 Meters,0,0,2,5:32.14a
12942458,Maia Oliver,12,421207,2021-05-14,Pacific League JV District,23,1500 Meters,0,0,3,5:41.34a
11815222,Avery Davis,9,421207,2021-05-14,Pacific League JV District,23,1500 Meters,0,0,4,6:06.27a
17366105,Madeline Littleton,9,421207,2021-05-14,Pacific League JV District,23,1500 Meters,0,0,6,6:18.20a
11815231,Jack Chidester,9,421207,2021-05-14,Pacific League JV District,6,3000 Meters,0,0,1,10:19.02a
19220514,Lukas Valdez,9,421207,2021-05-14,Pacific League JV District,6,3000 Meters,0,0,2,10:36.28a
13937488,Keith Allen,11,421207,2021-05-14,Pacific League JV District,6,3000 Meters,0,0,3,10:44.38a
17366097,Bryn Lahart,9,421207,2021-05-14,Pacific League JV District,28,100m Hurdles,0,0,1,18.93a
17366085,Grace Bittner,9,421207,2021-05-14,Pacific League JV District,28,100m Hurdles,0,0,3,20.03a
17366092,Rachel Burgi,9,421207,2021-05-14,Pacific League JV District,28,100m Hurdles,0,0,4,21.98a
18064557,Jorge Apodaca,10,421207,2021-05-14,Pacific League JV District,10,110m Hurdles,0,0,1,21.88a
18053112,Andrew Thayer,11,421207,2021-05-14,Pacific League JV District,11,300m Hurdles,0,0,1,48.88a
16565226,Josiah Dorsey,10,421207,2021-05-14,Pacific League JV District,7,4x100 Relay,0,1,1,47.62a
13260088,Lucas Badouli,9,421207,2021-05-14,Pacific League JV District,7,4x100 Relay,0,1,1,47.62a
27152880,Jaden Will,9,421207,2021-05-14,Pacific League JV District,7,4x100 Relay,0,1,1,47.62a
18053115,Camden Wallis,10,421207,2021-05-14,Pacific League JV District,7,4x100 Relay,0,1,1,47.62a
15090625,Kaitlin Romig,9,421207,2021-05-14,Pacific League JV District,25,4x100 Relay,0,1,2,56.56a
17366097,Bryn Lahart,9,421207,2021-05-14,Pacific League JV District,25,4x100 Relay,0,1,2,56.56a
15079477,Brynn Sands,9,421207,2021-05-14,Pacific League JV District,25,4x100 Relay,0,1,2,56.56a
18053104,Teagan Gorretta,11,421207,2021-05-14,Pacific League JV District,25,4x100 Relay,0,1,2,56.56a
11569497,Samuel Baehler,11,421207,2021-05-14,Pacific League JV District,8,4x400 Relay,0,1,1,3:56.31a
11815241,Tyson Pierce,9,421207,2021-05-14,Pacific League JV District,8,4x400 Relay,0,1,1,3:56.31a
10426603,Josh Knutson,10,421207,2021-05-14,Pacific League JV District,8,4x400 Relay,0,1,1,3:56.31a
12942518,Jacob Thompson,12,421207,2021-05-14,Pacific League JV District,8,4x400 Relay,0,1,1,3:56.31a
8779098,Jane Westover,11,421207,2021-05-14,Pacific League JV District,26,4x400 Relay,0,1,1,4:46.49a
17366085,Grace Bittner,9,421207,2021-05-14,Pacific League JV District,26,4x400 Relay,0,1,1,4:46.49a
10426594,Elizabeth Belanger,10,421207,2021-05-14,Pacific League JV District,26,4x400 Relay,0,1,1,4:46.49a
18053104,Teagan Gorretta,11,421207,2021-05-14,Pacific League JV District,26,4x400 Relay,0,1,1,4:46.49a
11815222,Avery Davis,9,421207,2021-05-14,Pacific League JV District,26,4x400 Relay,0,1,4,5:13.38a
17366105,Madeline Littleton,9,421207,2021-05-14,Pacific League JV District,26,4x400 Relay,0,1,4,5:13.38a
9713486,Ava Grunow,11,421207,2021-05-14,Pacific League JV District,26,4x400 Relay,0,1,4,5:13.38a
12942458,Maia Oliver,12,421207,2021-05-14,Pacific League JV District,26,4x400 Relay,0,1,4,5:13.38a
16565231,Nathan Fillinger,10,421207,2021-05-14,Pacific League JV District,12,Shot Put,1,0,2,34-01.50
12922710,Brayden Klostreich,9,421207,2021-05-14,Pacific League JV District,12,Shot Put,1,0,7,28-09.00
13260094,Oscar Mabry,9,421207,2021-05-14,Pacific League JV District,12,Shot Put,1,0,8,28-06.00
18053111,Dawson Roos,10,421207,2021-05-14,Pacific League JV District,12,Shot Put,1,0,11,27-03.50
18053107,Brody Hermanson,9,421207,2021-05-14,Pacific League JV District,12,Shot Put,1,0,18,23-11.00
17366211,Lukas Vaught,9,421207,2021-05-14,Pacific League JV District,12,Shot Put,1,0,22,21-02.00
12922710,Brayden Klostreich,9,421207,2021-05-14,Pacific League JV District,13,Discus,1,0,1,107-04
15079336,Hunter Williams,10,421207,2021-05-14,Pacific League JV District,13,Discus,1,0,2,99-09
18053111,Dawson Roos,10,421207,2021-05-14,Pacific League JV District,13,Discus,1,0,3,97-03
14579062,Alex Haslip,11,421207,2021-05-14,Pacific League JV District,13,Discus,1,0,4,94-01
13260094,Oscar Mabry,9,421207,2021-05-14,Pacific League JV District,13,Discus,1,0,7,86-03
16565231,Nathan Fillinger,10,421207,2021-05-14,Pacific League JV District,13,Discus,1,0,9,84-11
18053107,Brody Hermanson,9,421207,2021-05-14,Pacific League JV District,13,Discus,1,0,24,60-03
17642449,Talia Walsh,9,421207,2021-05-14,Pacific League JV District,31,Discus,1,0,6,35-03
18053112,Andrew Thayer,11,421207,2021-05-14,Pacific League JV District,14,Javelin,1,0,6,104-03
15079336,Hunter Williams,10,421207,2021-05-14,Pacific League JV District,14,Javelin,1,0,7,102-07
12922710,Brayden Klostreich,9,421207,2021-05-14,Pacific League JV District,14,Javelin,1,0,8,101-05
18053111,Dawson Roos,10,421207,2021-05-14,Pacific League JV District,14,Javelin,1,0,17,83-10
13260094,Oscar Mabry,9,421207,2021-05-14,Pacific League JV District,14,Javelin,1,0,19,77-01
17366211,Lukas Vaught,9,421207,2021-05-14,Pacific League JV District,14,Javelin,1,0,22,74-03
18053107,Brody Hermanson,9,421207,2021-05-14,Pacific League JV District,14,Javelin,1,0,28,55-07
14579039,Kylie Kramer,12,421207,2021-05-14,Pacific League JV District,32,Javelin,1,0,3,81-02
17642449,Talia Walsh,9,421207,2021-05-14,Pacific League JV District,32,Javelin,1,0,16,34-05
15085654,Braden Stroup,9,421207,2021-05-14,Pacific League JV District,16,Pole Vault,1,0,1,9-00.00
18053115,Camden Wallis,10,421207,2021-05-14,Pacific League JV District,17,Long Jump,1,0,2,18-05.00
18053112,Andrew Thayer,11,421207,2021-05-14,Pacific League JV District,17,Long Jump,1,0,4,16-10.25
14579071,Joshua Patel,11,421207,2021-05-14,Pacific League JV District,17,Long Jump,1,0,7,15-09.25
16565198,Shawn Baldwin,10,421207,2021-05-14,Pacific League JV District,17,Long Jump,1,0,8,15-07.00
16565215,Trevor Cherry,10,421207,2021-05-14,Pacific League JV District,17,Long Jump,1,0,11,14-04.00
12922722,Mac Sander,9,421207,2021-05-14,Pacific League JV District,17,Long Jump,1,0,13,13-05.00
10426594,Elizabeth Belanger,10,421207,2021-05-14,Pacific League JV District,35,Long Jump,1,0,3,12-06.00
26979611,Dylon Lovely,10,425164,2021-05-19,Pacific Conference Championships,1,100 Meters,0,0,4,11.57a
14579063,Kyle Hattig,11,425164,2021-05-19,Pacific Conference Championships,1,100 Meters,0,0,5,11.58a
16097471,Jalen Cole,11,425164,2021-05-19,Pacific Conference Championships,1,100 Meters,0,0,6,11.83a
14579031,Amanda Gribble,11,425164,2021-05-19,Pacific Conference Championships,19,100 Meters,0,0,3,13.37a
3251258,Charles Verkamp,12,425164,2021-05-19,Pacific Conference Championships,2,200 Meters,0,0,3,23.21a
14579063,Kyle Hattig,11,425164,2021-05-19,Pacific Conference Championships,2,200 Meters,0,0,4,23.53a
26979611,Dylon Lovely,10,425164,2021-05-19,Pacific Conference Championships,2,200 Meters,0,0,5,23.75a
12922327,McKenzie Milton,9,425164,2021-05-19,Pacific Conference Championships,20,200 Meters,0,0,1,27.49a
14579031,Amanda Gribble,11,425164,2021-05-19,Pacific Conference Championships,20,200 Meters,0,0,2,28.02a
14579040,Ella Lahart,11,425164,2021-05-19,Pacific Conference Championships,20,200 Meters,0,0,6,28.71a
3251258,Charles Verkamp,12,425164,2021-05-19,Pacific Conference Championships,3,400 Meters,0,0,1,51.12a
22897470,Oisin McEvoy,9,425164,2021-05-19,Pacific Conference Championships,3,400 Meters,0,0,7,54.37a
11569515,Ethan Pierce,12,425164,2021-05-19,Pacific Conference Championships,3,400 Meters,0,0,8,54.86a
12922327,McKenzie Milton,9,425164,2021-05-19,Pacific Conference Championships,21,400 Meters,0,0,1,1:03.56a
11815228,Grace Johnson,10,425164,2021-05-19,Pacific Conference Championships,21,400 Meters,0,0,2,1:03.76a
15085615,Morgan Foster,9,425164,2021-05-19,Pacific Conference Championships,21,400 Meters,0,0,7,1:08.08a
21732121,Ethan Sturdivant,11,425164,2021-05-19,Pacific Conference Championships,4,800 Meters,0,0,1,1:58.09a
13937493,Kai Evonuk,11,425164,2021-05-19,Pacific Conference Championships,4,800 Meters,0,0,4,2:02.56a
12942482,Jase Derry,12,425164,2021-05-19,Pacific Conference Championships,4,800 Meters,0,0,5,2:03.81a
14579025,Taylor Card,11,425164,2021-05-19,Pacific Conference Championships,22,800 Meters,0,0,2,2:25.36a
17102032,Sophie Biegel,11,425164,2021-05-19,Pacific Conference Championships,22,800 Meters,0,0,3,2:29.42a
26645716,Heidi Gill,9,425164,2021-05-19,Pacific Conference Championships,22,800 Meters,0,0,5,2:30.30a
23965628,James Crabtree,11,425164,2021-05-19,Pacific Conference Championships,5,1500 Meters,0,0,1,4:03.31a
12807385,Ismael Alvares,12,425164,2021-05-19,Pacific Conference Championships,5,1500 Meters,0,0,5,4:08.29a
12307368,Matthew Peppmeier,12,425164,2021-05-19,Pacific Conference Championships,5,1500 Meters,0,0,11,4:24.43a
15206153,Nancy Biegel,11,425164,2021-05-19,Pacific Conference Championships,23,1500 Meters,0,0,1,4:50.50a
17102032,Sophie Biegel,11,425164,2021-05-19,Pacific Conference Championships,23,1500 Meters,0,0,4,5:03.07a
17103009,Georgia Hicken,11,425164,2021-05-19,Pacific Conference Championships,23,1500 Meters,0,0,6,5:14.54a
23930907,Jeffery Rogers,11,425164,2021-05-19,Pacific Conference Championships,6,3000 Meters,0,0,1,8:51.85a
12807385,Ismael Alvares,12,425164,2021-05-19,Pacific Conference Championships,6,3000 Meters,0,0,4,8:59.27a
17096982,Liam Cloward,11,425164,2021-05-19,Pacific Conference Championships,6,3000 Meters,0,0,5,9:24.15a
11461393,Kari Eddington,12,425164,2021-05-19,Pacific Conference Championships,24,3000 Meters,0,0,1,10:44.62a
17103009,Georgia Hicken,11,425164,2021-05-19,Pacific Conference Championships,24,3000 Meters,0,0,3,11:08.19a
14579025,Taylor Card,11,425164,2021-05-19,Pacific Conference Championships,24,3000 Meters,0,0,4,11:09.98a
19519262,Joley Sproul,12,425164,2021-05-19,Pacific Conference Championships,28,100m Hurdles,0,0,1,15.70a
19293221,Hailey Blue,12,425164,2021-05-19,Pacific Conference Championships,28,100m Hurdles,0,0,2,16.78a
16565343,Macy Cutsforth,10,425164,2021-05-19,Pacific Conference Championships,28,100m Hurdles,0,0,5,18.07a
14636750,Hayden Finn,12,425164,2021-05-19,Pacific Conference Championships,10,110m Hurdles,0,0,1,15.68a
18817437,Nicholas Zaubi,10,425164,2021-05-19,Pacific Conference Championships,10,110m Hurdles,0,0,4,16.56a
19391022,Max Ashour,12,425164,2021-05-19,Pacific Conference Championships,11,300m Hurdles,0,0,2,42.48a
14636750,Hayden Finn,12,425164,2021-05-19,Pacific Conference Championships,11,300m Hurdles,0,0,4,45.13a
18817437,Nicholas Zaubi,10,425164,2021-05-19,Pacific Conference Championships,11,300m Hurdles,0,0,5,45.45a
19519262,Joley Sproul,12,425164,2021-05-19,Pacific Conference Championships,29,300m Hurdles,0,0,1,46.25a
26946898,Katie Rice-Whittingham,9,425164,2021-05-19,Pacific Conference Championships,29,300m Hurdles,0,0,2,49.07a
16097471,Jalen Cole,11,425164,2021-05-19,Pacific Conference Championships,7,4x100 Relay,0,1,3,46.09a
26979611,Dylon Lovely,10,425164,2021-05-19,Pacific Conference Championships,7,4x100 Relay,0,1,3,46.09a
15085644,Ayo Kayode-Popoola,10,425164,2021-05-19,Pacific Conference Championships,7,4x100 Relay,0,1,3,46.09a
14579063,Kyle Hattig,11,425164,2021-05-19,Pacific Conference Championships,7,4x100 Relay,0,1,3,46.09a
14579040,Ella Lahart,11,425164,2021-05-19,Pacific Conference Championships,25,4x100 Relay,0,1,2,51.95a
15085616,Peyton Foster,9,425164,2021-05-19,Pacific Conference Championships,25,4x100 Relay,0,1,2,51.95a
14579031,Amanda Gribble,11,425164,2021-05-19,Pacific Conference Championships,25,4x100 Relay,0,1,2,51.95a
21821453,Faith Laursen,10,425164,2021-05-19,Pacific Conference Championships,25,4x100 Relay,0,1,2,51.95a
11569503,Luke Day,10,425164,2021-05-19,Pacific Conference Championships,8,4x400 Relay,0,1,3,3:40.96a
12942482,Jase Derry,12,425164,2021-05-19,Pacific Conference Championships,8,4x400 Relay,0,1,3,3:40.96a
22897470,Oisin McEvoy,9,425164,2021-05-19,Pacific Conference Championships,8,4x400 Relay,0,1,3,3:40.96a
11569515,Ethan Pierce,12,425164,2021-05-19,Pacific Conference Championships,8,4x400 Relay,0,1,3,3:40.96a
14579040,Ella Lahart,11,425164,2021-05-19,Pacific Conference Championships,26,4x400 Relay,0,1,3,4:27.71a
14579025,Taylor Card,11,425164,2021-05-19,Pacific Conference Championships,26,4x400 Relay,0,1,3,4:27.71a
15085615,Morgan Foster,9,425164,2021-05-19,Pacific Conference Championships,26,4x400 Relay,0,1,3,4:27.71a
11815228,Grace Johnson,10,425164,2021-05-19,Pacific Conference Championships,26,4x400 Relay,0,1,3,4:27.71a
19293144,Noah Culbertson,12,425164,2021-05-19,Pacific Conference Championships,12,Shot Put,1,0,1,60-00.00
12942481,Bryan Cuthbertson,12,425164,2021-05-19,Pacific Conference Championships,12,Shot Put,1,0,2,50-05.00
15079373,Kai Bennett,9,425164,2021-05-19,Pacific Conference Championships,12,Shot Put,1,0,9,37-08.00
14579038,Tali Kozma,11,425164,2021-05-19,Pacific Conference Championships,30,Shot Put,1,0,2,34-02.00
12942444,Sofia Flowers,12,425164,2021-05-19,Pacific Conference Championships,30,Shot Put,1,0,6,31-01.00
14579054,Ashley Woody,12,425164,2021-05-19,Pacific Conference Championships,30,Shot Put,1,0,8,29-06.50
19293144,Noah Culbertson,12,425164,2021-05-19,Pacific Conference Championships,13,Discus,1,0,1,176-03
24069846,Austin Milton,10,425164,2021-05-19,Pacific Conference Championships,13,Discus,1,0,3,127-08
15079373,Kai Bennett,9,425164,2021-05-19,Pacific Conference Championships,13,Discus,1,0,9,99-09
14579038,Tali Kozma,11,425164,2021-05-19,Pacific Conference Championships,31,Discus,1,0,2,99-09
12942444,Sofia Flowers,12,425164,2021-05-19,Pacific Conference Championships,31,Discus,1,0,7,85-06
14579054,Ashley Woody,12,425164,2021-05-19,Pacific Conference Championships,31,Discus,1,0,8,83-10
24069846,Austin Milton,10,425164,2021-05-19,Pacific Conference Championships,14,Javelin,1,0,1,195-04
19931767,Asher Krauel,12,425164,2021-05-19,Pacific Conference Championships,14,Javelin,1,0,2,190-05
14579062,Alex Haslip,11,425164,2021-05-19,Pacific Conference Championships,14,Javelin,1,0,6,124-03
14579038,Tali Kozma,11,425164,2021-05-19,Pacific Conference Championships,32,Javelin,1,0,5,93-10
12922327,McKenzie Milton,9,425164,2021-05-19,Pacific Conference Championships,32,Javelin,1,0,9,84-04
14579054,Ashley Woody,12,425164,2021-05-19,Pacific Conference Championships,32,Javelin,1,0,12,73-09
3251258,Charles Verkamp,12,425164,2021-05-19,Pacific Conference Championships,9,High Jump,1,0,2,5-10.00
14579065,Davyon Sanders,11,425164,2021-05-19,Pacific Conference Championships,9,High Jump,1,0,3,5-10.00
19391022,Max Ashour,12,425164,2021-05-19,Pacific Conference Championships,9,High Jump,1,0,4,5-10.00
19519262,Joley Sproul,12,425164,2021-05-19,Pacific Conference Championships,27,High Jump,1,0,1,5-01.00
26946898,Katie Rice-Whittingham,9,425164,2021-05-19,Pacific Conference Championships,27,High Jump,1,0,5,4-08.00
14579061,Christopher Gallinger-Long,11,425164,2021-05-19,Pacific Conference Championships,16,Pole Vault,1,0,1,13-00.00
14579085,Austin Zimbrick,11,425164,2021-05-19,Pacific Conference Championships,16,Pole Vault,1,0,3,11-00.00
21821453,Faith Laursen,10,425164,2021-05-19,Pacific Conference Championships,34,Pole Vault,1,0,2,9-00.00
14579054,Ashley Woody,12,425164,2021-05-19,Pacific Conference Championships,34,Pole Vault,1,0,3,8-09.00
14579065,Davyon Sanders,11,425164,2021-05-19,Pacific Conference Championships,17,Long Jump,1,0,3,20-07.75
26946898,Katie Rice-Whittingham,9,425164,2021-05-19,Pacific Conference Championships,35,Long Jump,1,0,1,16-05.00
6879754,James Day,12,425164,2021-05-19,Pacific Conference Championships,18,Triple Jump,1,0,4,38-11.25
14636750,Hayden Finn,12,425164,2021-05-19,Pacific Conference Championships,18,Triple Jump,1,0,6,38-00.50
19293221,Hailey Blue,12,425164,2021-05-19,Pacific Conference Championships,36,Triple Jump,1,0,1,33-04.25
3251258,Charles Verkamp,12,422850,2021-05-22,2021 Oregon 6A Track and Field State Championships,3,400 Meters,0,0,7,50.93a
21732121,Ethan Sturdivant,11,422850,2021-05-22,2021 Oregon 6A Track and Field State Championships,4,800 Meters,0,0,6,1:58.98a
11461393,Kari Eddington,12,422850,2021-05-22,2021 Oregon 6A Track and Field State Championships,22,800 Meters,0,0,8,2:21.91a
23930907,Jeffery Rogers,11,422850,2021-05-22,2021 Oregon 6A Track and Field State Championships,5,1500 Meters,0,0,7,3:54.34a
11461393,Kari Eddington,12,422850,2021-05-22,2021 Oregon 6A Track and Field State Championships,23,1500 Meters,0,0,12,4:47.92a
23930907,Jeffery Rogers,11,422850,2021-05-22,2021 Oregon 6A Track and Field State Championships,6,3000 Meters,0,0,4,8:26.59a
23965628,James Crabtree,11,422850,2021-05-22,2021 Oregon 6A Track and Field State Championships,6,3000 Meters,0,0,10,8:32.14a
15206153,Nancy Biegel,11,422850,2021-05-22,2021 Oregon 6A Track and Field State Championships,24,3000 Meters,0,0,6,10:17.43a
19519262,Joley Sproul,12,422850,2021-05-22,2021 Oregon 6A Track and Field State Championships,28,100m Hurdles,0,0,3,15.58a
19519262,Joley Sproul,12,422850,2021-05-22,2021 Oregon 6A Track and Field State Championships,29,300m Hurdles,0,0,3,45.45a
14579065,Davyon Sanders,11,422850,2021-05-22,2021 Oregon 6A Track and Field State Championships,8,4x400 Relay,0,1,2,3:23.78a
23930907,Jeffery Rogers,11,422850,2021-05-22,2021 Oregon 6A Track and Field State Championships,8,4x400 Relay,0,1,2,3:23.78a
3251258,Charles Verkamp,12,422850,2021-05-22,2021 Oregon 6A Track and Field State Championships,8,4x400 Relay,0,1,2,3:23.78a
21732121,Ethan Sturdivant,11,422850,2021-05-22,2021 Oregon 6A Track and Field State Championships,8,4x400 Relay,0,1,2,3:23.78a
12922327,McKenzie Milton,9,422850,2021-05-22,2021 Oregon 6A Track and Field State Championships,26,4x400 Relay,0,1,14,4:11.26a
11815228,Grace Johnson,10,422850,2021-05-22,2021 Oregon 6A Track and Field State Championships,26,4x400 Relay,0,1,14,4:11.26a
26946898,Katie Rice-Whittingham,9,422850,2021-05-22,2021 Oregon 6A Track and Field State Championships,26,4x400 Relay,0,1,14,4:11.26a
19519262,Joley Sproul,12,422850,2021-05-22,2021 Oregon 6A Track and Field State Championships,26,4x400 Relay,0,1,14,4:11.26a
19293144,Noah Culbertson,12,422850,2021-05-22,2021 Oregon 6A Track and Field State Championships,12,Shot Put,1,0,1,61-09.00
12942481,Bryan Cuthbertson,12,422850,2021-05-22,2021 Oregon 6A Track and Field State Championships,12,Shot Put,1,0,4,49-02.50
14579038,Tali Kozma,11,422850,2021-05-22,2021 Oregon 6A Track and Field State Championships,30,Shot Put,1,0,11,33-01.00
19293144,Noah Culbertson,12,422850,2021-05-22,2021 Oregon 6A Track and Field State Championships,13,Discus,1,0,2,154-04
24069846,Austin Milton,10,422850,2021-05-22,2021 Oregon 6A Track and Field State Championships,13,Discus,1,0,11,127-00
19931767,Asher Krauel,12,422850,2021-05-22,2021 Oregon 6A Track and Field State Championships,14,Javelin,1,0,1,198-07
24069846,Austin Milton,10,422850,2021-05-22,2021 Oregon 6A Track and Field State Championships,14,Javelin,1,0,3,189-09
14579065,Davyon Sanders,11,422850,2021-05-22,2021 Oregon 6A Track and Field State Championships,9,High Jump,1,0,2,6-02.00
14579061,Christopher Gallinger-Long,11,422850,2021-05-22,2021 Oregon 6A Track and Field State Championships,16,Pole Vault,1,0,5,13-00.00
21821453,Faith Laursen,10,422850,2021-05-22,2021 Oregon 6A Track and Field State Championships,34,Pole Vault,1,0,11,9-00.00
14579065,Davyon Sanders,11,422850,2021-05-22,2021 Oregon 6A Track and Field State Championships,17,Long Jump,1,0,6,21-03.50
26946898,Katie Rice-Whittingham,9,422850,2021-05-22,2021 Oregon 6A Track and Field State Championships,35,Long Jump,1,0,8,16-03.00
14636750,Hayden Finn,12,422850,2021-05-22,2021 Oregon 6A Track and Field State Championships,18,Triple Jump,1,0,12,39-06.00
19293221,Hailey Blue,12,422850,2021-05-22,2021 Oregon 6A Track and Field State Championships,36,Triple Jump,1,0,14,31-10.00
30168654,Andrew Waletich,9,443181,2022-05-06,Pacific League JV District Championship,1,100 Meters,0,0,1,12.05a
27152880,Jaden Will,10,443181,2022-05-06,Pacific League JV District Championship,1,100 Meters,0,0,2,12.17a
19610545,Tyler Leyshock,10,443181,2022-05-06,Pacific League JV District Championship,1,100 Meters,0,0,6,12.42a
19610432,Layton Walter,9,443181,2022-05-06,Pacific League JV District Championship,1,100 Meters,0,0,8,12.50a
19610541,Ojani Gray,10,443181,2022-05-06,Pacific League JV District Championship,1,100 Meters,0,0,12,12.60a
18053112,Andrew Thayer,12,443181,2022-05-06,Pacific League JV District Championship,1,100 Meters,0,0,14,12.63a
11815229,Grant Golda,11,443181,2022-05-06,Pacific League JV District Championship,1,100 Meters,0,0,20,12.80a
19610544,Kaleo Hall,10,443181,2022-05-06,Pacific League JV District Championship,1,100 Meters,0,0,23,12.87a
19610552,Noah Sandhu,10,443181,2022-05-06,Pacific League JV District Championship,1,100 Meters,0,0,25,12.95a
19610422,Treyson Eddleman,9,443181,2022-05-06,Pacific League JV District Championship,1,100 Meters,0,0,26,12.97a
18053106,Caleb Chung,10,443181,2022-05-06,Pacific League JV District Championship,1,100 Meters,0,0,32,13.09a
19610420,Finn Decker,9,443181,2022-05-06,Pacific League JV District Championship,1,100 Meters,0,0,38,13.22a
19610542,Brock Gregory,12,443181,2022-05-06,Pacific League JV District Championship,1,100 Meters,0,0,41,13.34a
19653817,Tristen Cleveland,9,443181,2022-05-06,Pacific League JV District Championship,1,100 Meters,0,0,45,13.46a
19610418,Mohammad Ashour,9,443181,2022-05-06,Pacific League JV District Championship,1,100 Meters,0,0,46,13.49a
16565215,Trevor Cherry,11,443181,2022-05-06,Pacific League JV District Championship,1,100 Meters,0,0,55,13.84a
19610417,Ethan Anderson,9,443181,2022-05-06,Pacific League JV District Championship,1,100 Meters,0,0,63,14.27a
19610425,Gavin Fuchs,9,443181,2022-05-06,Pacific League JV District Championship,1,100 Meters,0,0,66,14.42a
16565212,Tyler Carter,11,443181,2022-05-06,Pacific League JV District Championship,1,100 Meters,0,0,75,14.98a
18817424,Juliet Yoo,9,443181,2022-05-06,Pacific League JV District Championship,19,100 Meters,0,0,5,14.47a
15090625,Kaitlin Romig,10,443181,2022-05-06,Pacific League JV District Championship,19,100 Meters,0,0,7,14.76a
15079477,Brynn Sands,10,443181,2022-05-06,Pacific League JV District Championship,19,100 Meters,0,0,10,14.85a
19610400,Anaya Dorsey,9,443181,2022-05-06,Pacific League JV District Championship,19,100 Meters,0,0,16,15.04a
17366092,Rachel Burgi,10,443181,2022-05-06,Pacific League JV District Championship,19,100 Meters,0,0,17,15.23a
19610413,Jasmine Spurling,9,443181,2022-05-06,Pacific League JV District Championship,19,100 Meters,0,0,18,15.28a
19610403,Claire Kershner,9,443181,2022-05-06,Pacific League JV District Championship,19,100 Meters,0,0,32,15.91a
18837751,Allison Sturdivant,12,443181,2022-05-06,Pacific League JV District Championship,19,100 Meters,0,0,42,16.50a
19610538,Macy Wright,10,443181,2022-05-06,Pacific League JV District Championship,19,100 Meters,0,0,46,16.88a
19610398,Mae Christensen,9,443181,2022-05-06,Pacific League JV District Championship,19,100 Meters,0,0,51,17.28a
27152880,Jaden Will,10,443181,2022-05-06,Pacific League JV District Championship,2,200 Meters,0,0,1,24.82a
30168654,Andrew Waletich,9,443181,2022-05-06,Pacific League JV District Championship,2,200 Meters,0,0,2,24.94a
19610545,Tyler Leyshock,10,443181,2022-05-06,Pacific League JV District Championship,2,200 Meters,0,0,4,25.08a
11815241,Tyson Pierce,10,443181,2022-05-06,Pacific League JV District Championship,2,200 Meters,0,0,5,25.36a
11815229,Grant Golda,11,443181,2022-05-06,Pacific League JV District Championship,2,200 Meters,0,0,8,25.83a
19610432,Layton Walter,9,443181,2022-05-06,Pacific League JV District Championship,2,200 Meters,0,0,11,26.06a
19610422,Treyson Eddleman,9,443181,2022-05-06,Pacific League JV District Championship,2,200 Meters,0,0,14,26.31a
19679390,Benjamin Everhart,9,443181,2022-05-06,Pacific League JV District Championship,2,200 Meters,0,0,21,26.79a
11569497,Samuel Baehler,12,443181,2022-05-06,Pacific League JV District Championship,2,200 Meters,0,0,30,27.29a
19610552,Noah Sandhu,10,443181,2022-05-06,Pacific League JV District Championship,2,200 Meters,0,0,32,27.38a
19610420,Finn Decker,9,443181,2022-05-06,Pacific League JV District Championship,2,200 Meters,0,0,40,28.06a
18053106,Caleb Chung,10,443181,2022-05-06,Pacific League JV District Championship,2,200 Meters,0,0,48,28.66a
16565212,Tyler Carter,11,443181,2022-05-06,Pacific League JV District Championship,2,200 Meters,0,0,62,31.80a
18817424,Juliet Yoo,9,443181,2022-05-06,Pacific League JV District Championship,20,200 Meters,0,0,3,31.39a
19610535,Celia Penny,10,443181,2022-05-06,Pacific League JV District Championship,20,200 Meters,0,0,5,31.73a
19010593,Ilana Savage,9,443181,2022-05-06,Pacific League JV District Championship,20,200 Meters,0,0,8,32.21a
15090625,Kaitlin Romig,10,443181,2022-05-06,Pacific League JV District Championship,20,200 Meters,0,0,13,32.64a
11815241,Tyson Pierce,10,443181,2022-05-06,Pacific League JV District Championship,3,400 Meters,0,0,1,54.43a
19679390,Benjamin Everhart,9,443181,2022-05-06,Pacific League JV District Championship,3,400 Meters,0,0,5,57.85a
19610542,Brock Gregory,12,443181,2022-05-06,Pacific League JV District Championship,3,400 Meters,0,0,9,1:00.77a
16565215,Trevor Cherry,11,443181,2022-05-06,Pacific League JV District Championship,3,400 Meters,0,0,14,1:09.68a
14185105,Annie Westover,9,443181,2022-05-06,Pacific League JV District Championship,21,400 Meters,0,0,1,1:10.65a
18364189,Ava Oliveros,9,443181,2022-05-06,Pacific League JV District Championship,21,400 Meters,0,0,3,1:19.65a
17642449,Talia Walsh,10,443181,2022-05-06,Pacific League JV District Championship,21,400 Meters,0,0,4,1:44.75a
10426603,Josh Knutson,11,443181,2022-05-06,Pacific League JV District Championship,4,800 Meters,0,0,1,2:11.05a
19610553,Ryan Dunn,10,443181,2022-05-06,Pacific League JV District Championship,4,800 Meters,0,0,6,2:24.34a
16012343,Evan Oliver,10,443181,2022-05-06,Pacific League JV District Championship,4,800 Meters,0,0,7,2:24.75a
17103009,Georgia Hicken,12,443181,2022-05-06,Pacific League JV District Championship,22,800 Meters,0,0,1,2:31.80a
15085626,Rilyn Blanchard,11,443181,2022-05-06,Pacific League JV District Championship,22,800 Meters,0,0,2,2:35.66a
11461168,Jandika Borden,11,443181,2022-05-06,Pacific League JV District Championship,22,800 Meters,0,0,3,2:41.50a
8779098,Jane Westover,12,443181,2022-05-06,Pacific League JV District Championship,22,800 Meters,0,0,4,2:43.08a
17366085,Grace Bittner,10,443181,2022-05-06,Pacific League JV District Championship,22,800 Meters,0,0,6,2:50.21a
11569468,Kaitlyn Baggaley,11,443181,2022-05-06,Pacific League JV District Championship,22,800 Meters,0,0,9,3:00.14a
10426596,Audrey Grunow,11,443181,2022-05-06,Pacific League JV District Championship,22,800 Meters,0,0,13,3:05.32a
15079507,Lily Fairman,11,443181,2022-05-06,Pacific League JV District Championship,22,800 Meters,0,0,14,3:05.58a
17366105,Madeline Littleton,10,443181,2022-05-06,Pacific League JV District Championship,22,800 Meters,0,0,15,3:10.35a
30194568,Dylan Weniger,9,443181,2022-05-06,Pacific League JV District Championship,5,1500 Meters,0,0,1,4:28.15a
19220514,Lukas Valdez,10,443181,2022-05-06,Pacific League JV District Championship,5,1500 Meters,0,0,2,4:34.33a
18817433,Victor McAuley,9,443181,2022-05-06,Pacific League JV District Championship,5,1500 Meters,0,0,3,4:38.68a
12400283,Reid Falcon,11,443181,2022-05-06,Pacific League JV District Championship,5,1500 Meters,0,0,4,4:42.36a
18817428,Alex Farnum,9,443181,2022-05-06,Pacific League JV District Championship,5,1500 Meters,0,0,5,4:47.91a
11569497,Samuel Baehler,12,443181,2022-05-06,Pacific League JV District Championship,5,1500 Meters,0,0,7,4:53.07a
16012343,Evan Oliver,10,443181,2022-05-06,Pacific League JV District Championship,5,1500 Meters,0,0,8,4:53.71a
18999829,Gaven Curtis,11,443181,2022-05-06,Pacific League JV District Championship,5,1500 Meters,0,0,16,5:03.92a
18817426,Jordan Burke,9,443181,2022-05-06,Pacific League JV District Championship,5,1500 Meters,0,0,18,5:05.89a
18817427,McCabe Comer,9,443181,2022-05-06,Pacific League JV District Championship,5,1500 Meters,0,0,20,5:06.72a
18817435,Jack Weggeland,9,443181,2022-05-06,Pacific League JV District Championship,5,1500 Meters,0,0,25,5:15.14a
19743868,Joe Comer,9,443181,2022-05-06,Pacific League JV District Championship,5,1500 Meters,0,0,36,5:55.85a
19169545,Joshua Anchinga,9,443181,2022-05-06,Pacific League JV District Championship,5,1500 Meters,0,0,40,6:04.04a
18817419,Keegan Mortier,9,443181,2022-05-06,Pacific League JV District Championship,5,1500 Meters,0,0,41,6:13.55a
18122775,Ridlee Derry,9,443181,2022-05-06,Pacific League JV District Championship,23,1500 Meters,0,0,1,5:25.62a
11461168,Jandika Borden,11,443181,2022-05-06,Pacific League JV District Championship,23,1500 Meters,0,0,2,5:27.40a
8779098,Jane Westover,12,443181,2022-05-06,Pacific League JV District Championship,23,1500 Meters,0,0,3,5:29.35a
8296913,Margaret Pannell,10,443181,2022-05-06,Pacific League JV District Championship,23,1500 Meters,0,0,5,5:48.79a
11569468,Kaitlyn Baggaley,11,443181,2022-05-06,Pacific League JV District Championship,23,1500 Meters,0,0,7,6:00.93a
18817421,Audrey Segura,9,443181,2022-05-06,Pacific League JV District Championship,23,1500 Meters,0,0,8,6:12.73a
17366105,Madeline Littleton,10,443181,2022-05-06,Pacific League JV District Championship,23,1500 Meters,0,0,10,6:14.40a
18817242,Sophia Bushman,9,443181,2022-05-06,Pacific League JV District Championship,23,1500 Meters,0,0,11,6:17.27a
18817423,Ella Wright,9,443181,2022-05-06,Pacific League JV District Championship,23,1500 Meters,0,0,17,6:44.59a
30194568,Dylan Weniger,9,443181,2022-05-06,Pacific League JV District Championship,6,3000 Meters,0,0,1,9:41.84a
19220514,Lukas Valdez,10,443181,2022-05-06,Pacific League JV District Championship,6,3000 Meters,0,0,2,9:49.30a
11815231,Jack Chidester,10,443181,2022-05-06,Pacific League JV District Championship,6,3000 Meters,0,0,3,9:57.24a
18817433,Victor McAuley,9,443181,2022-05-06,Pacific League JV District Championship,6,3000 Meters,0,0,4,10:04.07a
18817428,Alex Farnum,9,443181,2022-05-06,Pacific League JV District Championship,6,3000 Meters,0,0,6,10:14.60a
14185115,Kurt Eddington,10,443181,2022-05-06,Pacific League JV District Championship,6,3000 Meters,0,0,7,10:23.31a
18817426,Jordan Burke,9,443181,2022-05-06,Pacific League JV District Championship,6,3000 Meters,0,0,10,10:58.33a
18817435,Jack Weggeland,9,443181,2022-05-06,Pacific League JV District Championship,6,3000 Meters,0,0,14,11:15.00a
18817419,Keegan Mortier,9,443181,2022-05-06,Pacific League JV District Championship,6,3000 Meters,0,0,22,13:11.14a
18817431,Barret Grimm,9,443181,2022-05-06,Pacific League JV District Championship,6,3000 Meters,0,0,24,13:47.22a
8296913,Margaret Pannell,10,443181,2022-05-06,Pacific League JV District Championship,24,3000 Meters,0,0,1,12:43.84a
15079507,Lily Fairman,11,443181,2022-05-06,Pacific League JV District Championship,24,3000 Meters,0,0,3,13:21.25a
18817242,Sophia Bushman,9,443181,2022-05-06,Pacific League JV District Championship,24,3000 Meters,0,0,5,13:41.35a
18817421,Audrey Segura,9,443181,2022-05-06,Pacific League JV District Championship,24,3000 Meters,0,0,6,14:57.34a
18053112,Andrew Thayer,12,443181,2022-05-06,Pacific League JV District Championship,11,300m Hurdles,0,0,1,47.49a
17366085,Grace Bittner,10,443181,2022-05-06,Pacific League JV District Championship,29,300m Hurdles,0,0,4,1:01.11a
27152880,Jaden Will,10,443181,2022-05-06,Pacific League JV District Championship,7,4x100 Relay,0,1,2,47.08a
19610432,Layton Walter,9,443181,2022-05-06,Pacific League JV District Championship,7,4x100 Relay,0,1,2,47.08a
11815229,Grant Golda,11,443181,2022-05-06,Pacific League JV District Championship,7,4x100 Relay,0,1,2,47.08a
30168654,Andrew Waletich,9,443181,2022-05-06,Pacific League JV District Championship,7,4x100 Relay,0,1,2,47.08a
19610541,Ojani Gray,10,443181,2022-05-06,Pacific League JV District Championship,7,4x100 Relay,0,1,3,47.19a
19610543,Cody Hall,12,443181,2022-05-06,Pacific League JV District Championship,7,4x100 Relay,0,1,3,47.19a
19610544,Kaleo Hall,10,443181,2022-05-06,Pacific League JV District Championship,7,4x100 Relay,0,1,3,47.19a
19610422,Treyson Eddleman,9,443181,2022-05-06,Pacific League JV District Championship,7,4x100 Relay,0,1,3,47.19a
13260088,Lucas Badouli,10,443181,2022-05-06,Pacific League JV District Championship,7,4x100 Relay,0,1,10,53.48a
16565212,Tyler Carter,11,443181,2022-05-06,Pacific League JV District Championship,7,4x100 Relay,0,1,10,53.48a
16565215,Trevor Cherry,11,443181,2022-05-06,Pacific League JV District Championship,7,4x100 Relay,0,1,10,53.48a
18053106,Caleb Chung,10,443181,2022-05-06,Pacific League JV District Championship,7,4x100 Relay,0,1,10,53.48a
15090625,Kaitlin Romig,10,443181,2022-05-06,Pacific League JV District Championship,25,4x100 Relay,0,1,2,57.50a
15079477,Brynn Sands,10,443181,2022-05-06,Pacific League JV District Championship,25,4x100 Relay,0,1,2,57.50a
19610535,Celia Penny,10,443181,2022-05-06,Pacific League JV District Championship,25,4x100 Relay,0,1,2,57.50a
17366092,Rachel Burgi,10,443181,2022-05-06,Pacific League JV District Championship,25,4x100 Relay,0,1,2,57.50a
19010593,Ilana Savage,9,443181,2022-05-06,Pacific League JV District Championship,25,4x100 Relay,0,1,5,1:00.43a
19610408,June Pease,9,443181,2022-05-06,Pacific League JV District Championship,25,4x100 Relay,0,1,5,1:00.43a
19610538,Macy Wright,10,443181,2022-05-06,Pacific League JV District Championship,25,4x100 Relay,0,1,5,1:00.43a
19610413,Jasmine Spurling,9,443181,2022-05-06,Pacific League JV District Championship,25,4x100 Relay,0,1,5,1:00.43a
12400283,Reid Falcon,11,443181,2022-05-06,Pacific League JV District Championship,8,4x400 Relay,0,1,2,3:59.06a
11815241,Tyson Pierce,10,443181,2022-05-06,Pacific League JV District Championship,8,4x400 Relay,0,1,2,3:59.06a
16012343,Evan Oliver,10,443181,2022-05-06,Pacific League JV District Championship,8,4x400 Relay,0,1,2,3:59.06a
19610553,Ryan Dunn,10,443181,2022-05-06,Pacific League JV District Championship,8,4x400 Relay,0,1,2,3:59.06a
18053111,Dawson Roos,11,443181,2022-05-06,Pacific League JV District Championship,12,Shot Put,1,0,4,33' 5
14579082,Keegan Steindorf,12,443181,2022-05-06,Pacific League JV District Championship,12,Shot Put,1,0,6,31' 9
20274887,Tristan Muller,11,443181,2022-05-06,Pacific League JV District Championship,12,Shot Put,1,0,15,27' 6.5
19679389,Noah Hendrickson,9,443181,2022-05-06,Pacific League JV District Championship,12,Shot Put,1,0,17,27' 3
18053107,Brody Hermanson,10,443181,2022-05-06,Pacific League JV District Championship,12,Shot Put,1,0,21,25' 7
19610408,June Pease,9,443181,2022-05-06,Pacific League JV District Championship,30,Shot Put,1,0,3,23' 8.5
19610414,Charlotte Vargas,9,443181,2022-05-06,Pacific League JV District Championship,30,Shot Put,1,0,10,20' 0.5
19610396,Georgina Burgess,9,443181,2022-05-06,Pacific League JV District Championship,30,Shot Put,1,0,12,19' 6
19610529,Karis De Pue,10,443181,2022-05-06,Pacific League JV District Championship,30,Shot Put,1,0,15,17' 6
19610551,Jayden Santibanez,10,443181,2022-05-06,Pacific League JV District Championship,30,Shot Put,1,0,16,17' 3
17642449,Talia Walsh,10,443181,2022-05-06,Pacific League JV District Championship,30,Shot Put,1,0,17,17' 3
19610395,Bekah Anderson,9,443181,2022-05-06,Pacific League JV District Championship,30,Shot Put,1,0,23,13' 0
18857492,Danica Montgomery,10,443181,2022-05-06,Pacific League JV District Championship,30,Shot Put,1,0,24,11' 0
14579082,Keegan Steindorf,12,443181,2022-05-06,Pacific League JV District Championship,13,Discus,1,0,2,100' 5
19610550,Cutler Redman,10,443181,2022-05-06,Pacific League JV District Championship,13,Discus,1,0,3,96' 7
19610430,Bridger Schaffer,9,443181,2022-05-06,Pacific League JV District Championship,13,Discus,1,0,6,88' 11
13260094,Oscar Mabry,10,443181,2022-05-06,Pacific League JV District Championship,13,Discus,1,0,8,86' 6
18053107,Brody Hermanson,10,443181,2022-05-06,Pacific League JV District Championship,13,Discus,1,0,14,79' 7
19040616,Ezra Syska,11,443181,2022-05-06,Pacific League JV District Championship,13,Discus,1,0,19,74' 9
18053111,Dawson Roos,11,443181,2022-05-06,Pacific League JV District Championship,13,Discus,1,0,20,74' 8
20274887,Tristan Muller,11,443181,2022-05-06,Pacific League JV District Championship,13,Discus,1,0,21,73' 6
18817425,Brayden Buelt,9,443181,2022-05-06,Pacific League JV District Championship,13,Discus,1,0,32,53' 7
19610414,Charlotte Vargas,9,443181,2022-05-06,Pacific League JV District Championship,31,Discus,1,0,5,63' 11
19610529,Karis De Pue,10,443181,2022-05-06,Pacific League JV District Championship,31,Discus,1,0,16,48' 7
19610396,Georgina Burgess,9,443181,2022-05-06,Pacific League JV District Championship,31,Discus,1,0,19,44' 3
19610395,Bekah Anderson,9,443181,2022-05-06,Pacific League JV District Championship,31,Discus,1,0,20,42' 11
18857492,Danica Montgomery,10,443181,2022-05-06,Pacific League JV District Championship,31,Discus,1,0,21,40' 7
17642449,Talia Walsh,10,443181,2022-05-06,Pacific League JV District Championship,31,Discus,1,0,22,40' 6
19610551,Jayden Santibanez,10,443181,2022-05-06,Pacific League JV District Championship,31,Discus,1,0,25,35' 1
19610546,Nolan Manning,12,443181,2022-05-06,Pacific League JV District Championship,14,Javelin,1,0,1,124' 4
14579082,Keegan Steindorf,12,443181,2022-05-06,Pacific League JV District Championship,14,Javelin,1,0,4,103' 3
18053111,Dawson Roos,11,443181,2022-05-06,Pacific League JV District Championship,14,Javelin,1,0,7,97' 8
13260094,Oscar Mabry,10,443181,2022-05-06,Pacific League JV District Championship,14,Javelin,1,0,9,95' 5
19610550,Cutler Redman,10,443181,2022-05-06,Pacific League JV District Championship,14,Javelin,1,0,10,91' 10
17366211,Lukas Vaught,10,443181,2022-05-06,Pacific League JV District Championship,14,Javelin,1,0,17,86' 3
18817425,Brayden Buelt,9,443181,2022-05-06,Pacific League JV District Championship,14,Javelin,1,0,25,71' 4
19610430,Bridger Schaffer,9,443181,2022-05-06,Pacific League JV District Championship,14,Javelin,1,0,28,70' 8
19040616,Ezra Syska,11,443181,2022-05-06,Pacific League JV District Championship,14,Javelin,1,0,32,66' 11
18817423,Ella Wright,9,443181,2022-05-06,Pacific League JV District Championship,32,Javelin,1,0,8,63' 4
19610412,Makena Spanks,9,443181,2022-05-06,Pacific League JV District Championship,32,Javelin,1,0,9,61' 9
8296913,Margaret Pannell,10,443181,2022-05-06,Pacific League JV District Championship,32,Javelin,1,0,13,53' 10
19610408,June Pease,9,443181,2022-05-06,Pacific League JV District Championship,32,Javelin,1,0,14,51' 6
19610529,Karis De Pue,10,443181,2022-05-06,Pacific League JV District Championship,32,Javelin,1,0,23,41' 5
17642449,Talia Walsh,10,443181,2022-05-06,Pacific League JV District Championship,32,Javelin,1,0,24,39' 1
19610395,Bekah Anderson,9,443181,2022-05-06,Pacific League JV District Championship,32,Javelin,1,0,25,38' 5
19610398,Mae Christensen,9,443181,2022-05-06,Pacific League JV District Championship,32,Javelin,1,0,27,35' 5
19610396,Georgina Burgess,9,443181,2022-05-06,Pacific League JV District Championship,32,Javelin,1,0,28,33' 0
19610551,Jayden Santibanez,10,443181,2022-05-06,Pacific League JV District Championship,32,Javelin,1,0,29,30' 0
19610541,Ojani Gray,10,443181,2022-05-06,Pacific League JV District Championship,9,High Jump,1,0,2,4' 10
19610418,Mohammad Ashour,9,443181,2022-05-06,Pacific League JV District Championship,9,High Jump,1,0,10,4' 4
18053106,Caleb Chung,10,443181,2022-05-06,Pacific League JV District Championship,16,Pole Vault,1,0,2,9' 0
19610428,Allen Kaden Moore,9,443181,2022-05-06,Pacific League JV District Championship,16,Pole Vault,1,0,3,8' 6
19610406,Amarys Martinez,9,443181,2022-05-06,Pacific League JV District Championship,34,Pole Vault,1,0,2,6' 6
19610402,Addison Hodgen,9,443181,2022-05-06,Pacific League JV District Championship,34,Pole Vault,1,0,3,6' 0
19610545,Tyler Leyshock,10,443181,2022-05-06,Pacific League JV District Championship,17,Long Jump,1,0,5,17' 2
19653817,Tristen Cleveland,9,443181,2022-05-06,Pacific League JV District Championship,17,Long Jump,1,0,12,16' 0.5
10614841,Josiah Pagel,12,443181,2022-05-06,Pacific League JV District Championship,17,Long Jump,1,0,17,15' 4.5
15090625,Kaitlin Romig,10,443181,2022-05-06,Pacific League JV District Championship,35,Long Jump,1,0,1,14' 0.25
15079477,Brynn Sands,10,443181,2022-05-06,Pacific League JV District Championship,35,Long Jump,1,0,3,13' 2
19610413,Jasmine Spurling,9,443181,2022-05-06,Pacific League JV District Championship,35,Long Jump,1,0,6,12' 11.5
19610535,Celia Penny,10,443181,2022-05-06,Pacific League JV District Championship,35,Long Jump,1,0,14,11' 10.5
18837751,Allison Sturdivant,12,443181,2022-05-06,Pacific League JV District Championship,35,Long Jump,1,0,17,11' 2
19610408,June Pease,9,443181,2022-05-06,Pacific League JV District Championship,35,Long Jump,1,0,18,11' 1
10614841,Josiah Pagel,12,443181,2022-05-06,Pacific League JV District Championship,18,Triple Jump,1,0,1,34' 9
15079477,Brynn Sands,10,443181,2022-05-06,Pacific League JV District Championship,36,Triple Jump,1,0,1,27' 1.25
26979611,Dylon Lovely,11,443184,2022-05-12,6A-3 Pacific Conference Championships,1,100 Meters,0,0,1,11.26a
16565226,Josiah Dorsey,11,443184,2022-05-12,6A-3 Pacific Conference Championships,1,100 Meters,0,0,5,11.63a
16097471,Jalen Cole,12,443184,2022-05-12,6A-3 Pacific Conference Championships,1,100 Meters,0,0,6,11.80a
11461508,Katelyn Morris,11,443184,2022-05-12,6A-3 Pacific Conference Championships,19,100 Meters,0,0,3,13.02a
14579031,Amanda Gribble,12,443184,2022-05-12,6A-3 Pacific Conference Championships,19,100 Meters,0,0,4,13.21a
14579028,Macy DeMeyer,12,443184,2022-05-12,6A-3 Pacific Conference Championships,19,100 Meters,0,0,6,13.34a
26979611,Dylon Lovely,11,443184,2022-05-12,6A-3 Pacific Conference Championships,2,200 Meters,0,0,2,23.16a
22897470,Oisin McEvoy,10,443184,2022-05-12,6A-3 Pacific Conference Championships,2,200 Meters,0,0,8,24.16a
11461508,Katelyn Morris,11,443184,2022-05-12,6A-3 Pacific Conference Championships,20,200 Meters,0,0,2,27.15a
14579031,Amanda Gribble,12,443184,2022-05-12,6A-3 Pacific Conference Championships,20,200 Meters,0,0,4,27.81a
12922327,McKenzie Milton,10,443184,2022-05-12,6A-3 Pacific Conference Championships,20,200 Meters,0,0,6,27.99a
14579065,Davyon Sanders,12,443184,2022-05-12,6A-3 Pacific Conference Championships,3,400 Meters,0,0,1,51.24a
22897470,Oisin McEvoy,10,443184,2022-05-12,6A-3 Pacific Conference Championships,3,400 Meters,0,0,2,51.86a
13260096,Evan Morris,10,443184,2022-05-12,6A-3 Pacific Conference Championships,3,400 Meters,0,0,4,52.67a
11815228,Grace Johnson,11,443184,2022-05-12,6A-3 Pacific Conference Championships,21,400 Meters,0,0,1,1:02.34a
12922327,McKenzie Milton,10,443184,2022-05-12,6A-3 Pacific Conference Championships,21,400 Meters,0,0,4,1:03.37a
15085615,Morgan Foster,10,443184,2022-05-12,6A-3 Pacific Conference Championships,21,400 Meters,0,0,7,1:04.01a
23930907,Jeffery Rogers,12,443184,2022-05-12,6A-3 Pacific Conference Championships,4,800 Meters,0,0,1,1:57.88a
21732121,Ethan Sturdivant,12,443184,2022-05-12,6A-3 Pacific Conference Championships,4,800 Meters,0,0,2,1:58.79a
13937493,Kai Evonuk,12,443184,2022-05-12,6A-3 Pacific Conference Championships,4,800 Meters,0,0,6,2:01.13a
30959281,Anna Grunow,9,443184,2022-05-12,6A-3 Pacific Conference Championships,22,800 Meters,0,0,3,2:25.64a
29728487,Senoya Bugher,9,443184,2022-05-12,6A-3 Pacific Conference Championships,22,800 Meters,0,0,4,2:27.34a
26645716,Heidi Gill,10,443184,2022-05-12,6A-3 Pacific Conference Championships,22,800 Meters,0,0,6,2:31.10a
23965628,James Crabtree,12,443184,2022-05-12,6A-3 Pacific Conference Championships,5,1500 Meters,0,0,1,3:58.50a
13937488,Keith Allen,12,443184,2022-05-12,6A-3 Pacific Conference Championships,5,1500 Meters,0,0,10,4:19.02a
11569503,Luke Day,11,443184,2022-05-12,6A-3 Pacific Conference Championships,5,1500 Meters,0,0,12,4:24.83a
15206153,Nancy Biegel,12,443184,2022-05-12,6A-3 Pacific Conference Championships,23,1500 Meters,0,0,2,4:50.66a
30959281,Anna Grunow,9,443184,2022-05-12,6A-3 Pacific Conference Championships,23,1500 Meters,0,0,3,4:53.55a
17102032,Sophie Biegel,12,443184,2022-05-12,6A-3 Pacific Conference Championships,23,1500 Meters,0,0,4,4:57.25a
23965628,James Crabtree,12,443184,2022-05-12,6A-3 Pacific Conference Championships,6,3000 Meters,0,0,1,8:38.48a
13937488,Keith Allen,12,443184,2022-05-12,6A-3 Pacific Conference Championships,6,3000 Meters,0,0,6,9:13.06a
17096982,Liam Cloward,12,443184,2022-05-12,6A-3 Pacific Conference Championships,6,3000 Meters,0,0,7,9:14.13a
15206153,Nancy Biegel,12,443184,2022-05-12,6A-3 Pacific Conference Championships,24,3000 Meters,0,0,2,10:27.79a
29728487,Senoya Bugher,9,443184,2022-05-12,6A-3 Pacific Conference Championships,24,3000 Meters,0,0,3,11:01.59a
18857468,Kenzie Kosik,11,443184,2022-05-12,6A-3 Pacific Conference Championships,24,3000 Meters,0,0,4,11:01.85a
26946898,Katie Rice-Whittingham,10,443184,2022-05-12,6A-3 Pacific Conference Championships,28,100m Hurdles,0,0,2,17.16a
18817437,Nicholas Zaubi,11,443184,2022-05-12,6A-3 Pacific Conference Championships,10,110m Hurdles,0,0,1,16.57a
13260101,Ryker Wolvers,10,443184,2022-05-12,6A-3 Pacific Conference Championships,10,110m Hurdles,0,0,2,16.79a
18817437,Nicholas Zaubi,11,443184,2022-05-12,6A-3 Pacific Conference Championships,11,300m Hurdles,0,0,2,43.49a
13260101,Ryker Wolvers,10,443184,2022-05-12,6A-3 Pacific Conference Championships,11,300m Hurdles,0,0,8,52.72a
26946898,Katie Rice-Whittingham,10,443184,2022-05-12,6A-3 Pacific Conference Championships,29,300m Hurdles,0,0,2,47.97a
19610401,Ava Gaggini,9,443184,2022-05-12,6A-3 Pacific Conference Championships,29,300m Hurdles,0,0,6,52.63a
19610407,Montana Parker,9,443184,2022-05-12,6A-3 Pacific Conference Championships,29,300m Hurdles,0,0,7,58.23a
14579028,Macy DeMeyer,12,443184,2022-05-12,6A-3 Pacific Conference Championships,25,4x100 Relay,0,1,1,50.81a
15085616,Peyton Foster,10,443184,2022-05-12,6A-3 Pacific Conference Championships,25,4x100 Relay,0,1,1,50.81a
14579031,Amanda Gribble,12,443184,2022-05-12,6A-3 Pacific Conference Championships,25,4x100 Relay,0,1,1,50.81a
11461508,Katelyn Morris,11,443184,2022-05-12,6A-3 Pacific Conference Championships,25,4x100 Relay,0,1,1,50.81a
14579065,Davyon Sanders,12,443184,2022-05-12,6A-3 Pacific Conference Championships,8,4x400 Relay,0,1,1,3:29.13a
23930907,Jeffery Rogers,12,443184,2022-05-12,6A-3 Pacific Conference Championships,8,4x400 Relay,0,1,1,3:29.13a
13260096,Evan Morris,10,443184,2022-05-12,6A-3 Pacific Conference Championships,8,4x400 Relay,0,1,1,3:29.13a
21732121,Ethan Sturdivant,12,443184,2022-05-12,6A-3 Pacific Conference Championships,8,4x400 Relay,0,1,1,3:29.13a
15085615,Morgan Foster,10,443184,2022-05-12,6A-3 Pacific Conference Championships,26,4x400 Relay,0,1,2,4:14.33a
12922327,McKenzie Milton,10,443184,2022-05-12,6A-3 Pacific Conference Championships,26,4x400 Relay,0,1,2,4:14.33a
11815228,Grace Johnson,11,443184,2022-05-12,6A-3 Pacific Conference Championships,26,4x400 Relay,0,1,2,4:14.33a
18053104,Teagan Gorretta,12,443184,2022-05-12,6A-3 Pacific Conference Championships,26,4x400 Relay,0,1,2,4:14.33a
19610427,Suliasi Laulaupeaalu,9,443184,2022-05-12,6A-3 Pacific Conference Championships,12,Shot Put,1,0,1,45' 8
16565231,Nathan Fillinger,11,443184,2022-05-12,6A-3 Pacific Conference Championships,12,Shot Put,1,0,5,40' 1.25
19652774,Lance Tyler,11,443184,2022-05-12,6A-3 Pacific Conference Championships,12,Shot Put,1,0,14,32' 5.75
14579038,Tali Kozma,12,443184,2022-05-12,6A-3 Pacific Conference Championships,30,Shot Put,1,0,1,35' 2
19610397,Peyton Carkin,9,443184,2022-05-12,6A-3 Pacific Conference Championships,30,Shot Put,1,0,13,24' 7
27402542,Brytlin Cuthbertson,9,443184,2022-05-12,6A-3 Pacific Conference Championships,30,Shot Put,1,0,16,22' 10.75
24069846,Austin Milton,11,443184,2022-05-12,6A-3 Pacific Conference Championships,13,Discus,1,0,1,135' 1
12922710,Brayden Klostreich,10,443184,2022-05-12,6A-3 Pacific Conference Championships,13,Discus,1,0,11,103' 11
19610426,Sheppard Kilkenny,9,443184,2022-05-12,6A-3 Pacific Conference Championships,13,Discus,1,0,17,79' 11
14579038,Tali Kozma,12,443184,2022-05-12,6A-3 Pacific Conference Championships,31,Discus,1,0,2,113' 11
27402542,Brytlin Cuthbertson,9,443184,2022-05-12,6A-3 Pacific Conference Championships,31,Discus,1,0,9,83' 3
16565389,Hailey Woody,11,443184,2022-05-12,6A-3 Pacific Conference Championships,31,Discus,1,0,15,69' 3
24069846,Austin Milton,11,443184,2022-05-12,6A-3 Pacific Conference Championships,14,Javelin,1,0,2,174' 3
14579062,Alex Haslip,12,443184,2022-05-12,6A-3 Pacific Conference Championships,14,Javelin,1,0,5,141' 6
19610426,Sheppard Kilkenny,9,443184,2022-05-12,6A-3 Pacific Conference Championships,14,Javelin,1,0,10,127' 2
14185126,Amira Whitson,9,443184,2022-05-12,6A-3 Pacific Conference Championships,32,Javelin,1,0,3,101' 2
19610536,Stella Watson,10,443184,2022-05-12,6A-3 Pacific Conference Championships,32,Javelin,1,0,8,87' 11
12922327,McKenzie Milton,10,443184,2022-05-12,6A-3 Pacific Conference Championships,32,Javelin,1,0,11,85' 0
14579065,Davyon Sanders,12,443184,2022-05-12,6A-3 Pacific Conference Championships,9,High Jump,1,0,1,6' 0
19610556,Nolen Scott,10,443184,2022-05-12,6A-3 Pacific Conference Championships,9,High Jump,1,0,5,5' 4
30372717,Reese Eckard,9,443184,2022-05-12,6A-3 Pacific Conference Championships,27,High Jump,1,0,3,4' 10
19610411,Ayla Shimp,9,443184,2022-05-12,6A-3 Pacific Conference Championships,27,High Jump,1,0,4,4' 8
14185126,Amira Whitson,9,443184,2022-05-12,6A-3 Pacific Conference Championships,27,High Jump,1,0,5,4' 8
14579061,Christopher Gallinger-Long,12,443184,2022-05-12,6A-3 Pacific Conference Championships,16,Pole Vault,1,0,1,14' 0
16565364,Sydney Tasker,11,443184,2022-05-12,6A-3 Pacific Conference Championships,34,Pole Vault,1,0,2,8' 6
14579065,Davyon Sanders,12,443184,2022-05-12,6A-3 Pacific Conference Championships,17,Long Jump,1,0,3,21' 3
19610548,Jacob Miller,10,443184,2022-05-12,6A-3 Pacific Conference Championships,17,Long Jump,1,0,8,18' 5.25
26946898,Katie Rice-Whittingham,10,443184,2022-05-12,6A-3 Pacific Conference Championships,35,Long Jump,1,0,1,17' 0.75
13260160,Ava Paul,10,443184,2022-05-12,6A-3 Pacific Conference Championships,35,Long Jump,1,0,6,14' 6.75
19610415,Gentry Vargas,9,443184,2022-05-12,6A-3 Pacific Conference Championships,35,Long Jump,1,0,12,13' 7.75
19610556,Nolen Scott,10,443184,2022-05-12,6A-3 Pacific Conference Championships,18,Triple Jump,1,0,4,41' 0
13260096,Evan Morris,10,443184,2022-05-12,6A-3 Pacific Conference Championships,18,Triple Jump,1,0,5,40' 7
11569517,Ulisses Rodriguez,11,443184,2022-05-12,6A-3 Pacific Conference Championships,18,Triple Jump,1,0,6,38' 4.25
14185126,Amira Whitson,9,443184,2022-05-12,6A-3 Pacific Conference Championships,36,Triple Jump,1,0,3,31' 8.75
33327376,Mari Evonuk,10,443184,2022-05-12,6A-3 Pacific Conference Championships,36,Triple Jump,1,0,5,31' 5
13260160,Ava Paul,10,443184,2022-05-12,6A-3 Pacific Conference Championships,36,Triple Jump,1,0,7,30' 4.5
23930907,Jeffery Rogers,12,448461,2022-05-21,OSAA 6A State Championships,4,800 Meters,0,0,4,1:55.12a
23965628,James Crabtree,12,448461,2022-05-21,OSAA 6A State Championships,5,1500 Meters,0,0,7,3:53.82a
15206153,Nancy Biegel,12,448461,2022-05-21,OSAA 6A State Championships,23,1500 Meters,0,0,16,4:56.61a
23965628,James Crabtree,12,448461,2022-05-21,OSAA 6A State Championships,6,3000 Meters,0,0,6,8:17.10a
15206153,Nancy Biegel,12,448461,2022-05-21,OSAA 6A State Championships,24,3000 Meters,0,0,15,10:38.92a
14579065,Davyon Sanders,12,448461,2022-05-21,OSAA 6A State Championships,8,4x400 Relay,0,1,7,3:26.47a
23930907,Jeffery Rogers,12,448461,2022-05-21,OSAA 6A State Championships,8,4x400 Relay,0,1,7,3:26.47a
23965628,James Crabtree,12,448461,2022-05-21,OSAA 6A State Championships,8,4x400 Relay,0,1,7,3:26.47a
21732121,Ethan Sturdivant,12,448461,2022-05-21,OSAA 6A State Championships,8,4x400 Relay,0,1,7,3:26.47a
15085615,Morgan Foster,10,448461,2022-05-21,OSAA 6A State Championships,26,4x400 Relay,0,1,16,4:16.85a
12922327,McKenzie Milton,10,448461,2022-05-21,OSAA 6A State Championships,26,4x400 Relay,0,1,16,4:16.85a
11815228,Grace Johnson,11,448461,2022-05-21,OSAA 6A State Championships,26,4x400 Relay,0,1,16,4:16.85a
18053104,Teagan Gorretta,12,448461,2022-05-21,OSAA 6A State Championships,26,4x400 Relay,0,1,16,4:16.85a
19610427,Suliasi Laulaupeaalu,9,448461,2022-05-21,OSAA 6A State Championships,12,Shot Put,1,0,16,41-10.75
14579038,Tali Kozma,12,448461,2022-05-21,OSAA 6A State Championships,30,Shot Put,1,0,8,35-11.25
24069846,Austin Milton,11,448461,2022-05-21,OSAA 6A State Championships,13,Discus,1,0,8,141-03
14579038,Tali Kozma,12,448461,2022-05-21,OSAA 6A State Championships,31,Discus,1,0,9,115-05
24069846,Austin Milton,11,448461,2022-05-21,OSAA 6A State Championships,14,Javelin,1,0,3,186-01
14579065,Davyon Sanders,12,448461,2022-05-21,OSAA 6A State Championships,9,High Jump,1,0,5,6-02.00
14579061,Christopher Gallinger-Long,12,448461,2022-05-21,OSAA 6A State Championships,16,Pole Vault,1,0,3,14-09.00
14579065,Davyon Sanders,12,448461,2022-05-21,OSAA 6A State Championships,17,Long Jump,1,0,9,20-06.50
26946898,Katie Rice-Whittingham,10,448461,2022-05-21,OSAA 6A State Championships,35,Long Jump,1,0,10,16-06.75
16565226,Josiah Dorsey,12,480335,2023-05-12,Pacific JV District Championships,1,100 Meters,0,0,1,11.59a
22081333,Brody Black,9,480335,2023-05-12,Pacific JV District Championships,1,100 Meters,0,0,2,11.77a
19610432,Layton Walter,10,480335,2023-05-12,Pacific JV District Championships,1,100 Meters,0,0,3,11.84a
27152880,Jaden Will,11,480335,2023-05-12,Pacific JV District Championships,1,100 Meters,0,0,5,11.88a
22081342,Juan De La O,11,480335,2023-05-12,Pacific JV District Championships,1,100 Meters,0,0,6,12.00a
22081368,Jayden Morris,9,480335,2023-05-12,Pacific JV District Championships,1,100 Meters,0,0,7,12.02a
22308118,Aidan Cvitkovich,10,480335,2023-05-12,Pacific JV District Championships,1,100 Meters,0,0,10,12.19a
22081362,Garrett Kane,11,480335,2023-05-12,Pacific JV District Championships,1,100 Meters,0,0,11,12.19a
13260088,Lucas Badouli,11,480335,2023-05-12,Pacific JV District Championships,1,100 Meters,0,0,20,12.43a
22081351,Wyatt Ferguson,10,480335,2023-05-12,Pacific JV District Championships,1,100 Meters,0,0,33,12.66a
22081385,Talan Spitler,11,480335,2023-05-12,Pacific JV District Championships,1,100 Meters,0,0,34,12.68a
22081388,Matthew Wetter,11,480335,2023-05-12,Pacific JV District Championships,1,100 Meters,0,0,42,12.86a
19610550,Cutler Redman,11,480335,2023-05-12,Pacific JV District Championships,1,100 Meters,0,0,44,12.90a
22081376,Parker Roderick,9,480335,2023-05-12,Pacific JV District Championships,1,100 Meters,0,0,47,12.94a
22141544,Daniel Bravo,,480335,2023-05-12,Pacific JV District Championships,1,100 Meters,0,0,50,12.99a
22081374,Michael Rivera,10,480335,2023-05-12,Pacific JV District Championships,1,100 Meters,0,0,67,13.25a
22081339,Brandon Colli,9,480335,2023-05-12,Pacific JV District Championships,1,100 Meters,0,0,70,13.37a
22081357,Kadin Hess,10,480335,2023-05-12,Pacific JV District Championships,1,100 Meters,0,0,71,13.40a
22081373,Carson Pulver,9,480335,2023-05-12,Pacific JV District Championships,1,100 Meters,0,0,83,13.89a
16565215,Trevor Cherry,12,480335,2023-05-12,Pacific JV District Championships,1,100 Meters,0,0,86,13.94a
22081380,Logan Schreiner,11,480335,2023-05-12,Pacific JV District Championships,1,100 Meters,0,0,93,14.17a
22081379,Shaurya Saxena,10,480335,2023-05-12,Pacific JV District Championships,1,100 Meters,0,0,94,14.19a
19610407,Montana Parker,10,480335,2023-05-12,Pacific JV District Championships,19,100 Meters,0,0,1,13.84a
22081327,Katelyn Werle,9,480335,2023-05-12,Pacific JV District Championships,19,100 Meters,0,0,2,13.96a
19343152,Kate Hales,10,480335,2023-05-12,Pacific JV District Championships,19,100 Meters,0,0,9,14.43a
22081321,Vivian La,9,480335,2023-05-12,Pacific JV District Championships,19,100 Meters,0,0,10,14.46a
18817424,Juliet Yoo,10,480335,2023-05-12,Pacific JV District Championships,19,100 Meters,0,0,18,14.81a
19010593,Ilana Savage,10,480335,2023-05-12,Pacific JV District Championships,19,100 Meters,0,0,23,15.06a
22081322,Audrey Marples,9,480335,2023-05-12,Pacific JV District Championships,19,100 Meters,0,0,45,16.43a
19610432,Layton Walter,10,480335,2023-05-12,Pacific JV District Championships,2,200 Meters,0,0,1,24.07a
27152880,Jaden Will,11,480335,2023-05-12,Pacific JV District Championships,2,200 Meters,0,0,3,24.24a
22081391,Jayden Wright,9,480335,2023-05-12,Pacific JV District Championships,2,200 Meters,0,0,4,24.26a
22081333,Brody Black,9,480335,2023-05-12,Pacific JV District Championships,2,200 Meters,0,0,5,24.31a
22081342,Juan De La O,11,480335,2023-05-12,Pacific JV District Championships,2,200 Meters,0,0,8,24.81a
16565226,Josiah Dorsey,12,480335,2023-05-12,Pacific JV District Championships,2,200 Meters,0,0,10,25.22a
22081362,Garrett Kane,11,480335,2023-05-12,Pacific JV District Championships,2,200 Meters,0,0,12,25.28a
22081351,Wyatt Ferguson,10,480335,2023-05-12,Pacific JV District Championships,2,200 Meters,0,0,17,25.63a
19610425,Gavin Fuchs,10,480335,2023-05-12,Pacific JV District Championships,2,200 Meters,0,0,37,26.33a
22141544,Daniel Bravo,,480335,2023-05-12,Pacific JV District Championships,2,200 Meters,0,0,41,26.67a
22081339,Brandon Colli,9,480335,2023-05-12,Pacific JV District Championships,2,200 Meters,0,0,44,26.72a
22081385,Talan Spitler,11,480335,2023-05-12,Pacific JV District Championships,2,200 Meters,0,0,46,26.77a
22081357,Kadin Hess,10,480335,2023-05-12,Pacific JV District Championships,2,200 Meters,0,0,56,27.47a
16565215,Trevor Cherry,12,480335,2023-05-12,Pacific JV District Championships,2,200 Meters,0,0,68,28.25a
22081379,Shaurya Saxena,10,480335,2023-05-12,Pacific JV District Championships,2,200 Meters,0,0,76,29.23a
22081373,Carson Pulver,9,480335,2023-05-12,Pacific JV District Championships,2,200 Meters,0,0,84,30.46a
16565212,Tyler Carter,12,480335,2023-05-12,Pacific JV District Championships,2,200 Meters,0,0,86,31.33a
19343152,Kate Hales,10,480335,2023-05-12,Pacific JV District Championships,20,200 Meters,0,0,6,29.74a
22081321,Vivian La,9,480335,2023-05-12,Pacific JV District Championships,20,200 Meters,0,0,8,30.00a
18817424,Juliet Yoo,10,480335,2023-05-12,Pacific JV District Championships,20,200 Meters,0,0,11,30.14a
19010593,Ilana Savage,10,480335,2023-05-12,Pacific JV District Championships,20,200 Meters,0,0,14,30.73a
22081322,Audrey Marples,9,480335,2023-05-12,Pacific JV District Championships,20,200 Meters,0,0,37,33.58a
22081391,Jayden Wright,9,480335,2023-05-12,Pacific JV District Championships,3,400 Meters,0,0,1,53.03a
13260088,Lucas Badouli,11,480335,2023-05-12,Pacific JV District Championships,3,400 Meters,0,0,9,57.47a
22081344,Joshua Dicks,9,480335,2023-05-12,Pacific JV District Championships,3,400 Meters,0,0,11,57.94a
22081339,Brandon Colli,9,480335,2023-05-12,Pacific JV District Championships,3,400 Meters,0,0,18,59.61a
13260104,Riley Hamilton,12,480335,2023-05-12,Pacific JV District Championships,3,400 Meters,0,0,21,1:00.45a
22081345,Ethan Douglass,10,480335,2023-05-12,Pacific JV District Championships,3,400 Meters,0,0,26,1:02.14a
16565212,Tyler Carter,12,480335,2023-05-12,Pacific JV District Championships,3,400 Meters,0,0,30,1:08.77a
19610407,Montana Parker,10,480335,2023-05-12,Pacific JV District Championships,21,400 Meters,0,0,1,1:07.12a
16012343,Evan Oliver,11,480335,2023-05-12,Pacific JV District Championships,4,800 Meters,0,0,6,2:14.95a
22081350,Ian Evans,9,480335,2023-05-12,Pacific JV District Championships,4,800 Meters,0,0,7,2:19.38a
18817433,Victor McAuley,10,480335,2023-05-12,Pacific JV District Championships,4,800 Meters,0,0,11,2:21.12a
16012289,Braden Stein,9,480335,2023-05-12,Pacific JV District Championships,4,800 Meters,0,0,12,2:21.35a
22081386,Dominic Swanson,11,480335,2023-05-12,Pacific JV District Championships,4,800 Meters,0,0,19,2:29.68a
21164440,Eric Weber,9,480335,2023-05-12,Pacific JV District Championships,4,800 Meters,0,0,29,2:36.51a
30340934,Carter Allen,9,480335,2023-05-12,Pacific JV District Championships,4,800 Meters,0,0,32,2:42.82a
11461168,Jandika Borden,12,480335,2023-05-12,Pacific JV District Championships,22,800 Meters,0,0,1,2:41.82a
17481428,Riley Kliever,9,480335,2023-05-12,Pacific JV District Championships,22,800 Meters,0,0,2,2:50.56a
32970141,Sofia Minera-Burrola,9,480335,2023-05-12,Pacific JV District Championships,22,800 Meters,0,0,4,2:53.37a
18817242,Sophia Bushman,10,480335,2023-05-12,Pacific JV District Championships,22,800 Meters,0,0,9,3:04.93a
21123435,Emma Chan,9,480335,2023-05-12,Pacific JV District Championships,22,800 Meters,0,0,10,3:08.30a
17366105,Madeline Littleton,11,480335,2023-05-12,Pacific JV District Championships,22,800 Meters,0,0,14,3:15.39a
22081323,Reina Najjar,9,480335,2023-05-12,Pacific JV District Championships,22,800 Meters,0,0,16,3:20.60a
18817428,Alex Farnum,10,480335,2023-05-12,Pacific JV District Championships,5,1500 Meters,0,0,1,4:26.29a
18817433,Victor McAuley,10,480335,2023-05-12,Pacific JV District Championships,5,1500 Meters,0,0,3,4:34.38a
30340957,Spencer Rasmussen,9,480335,2023-05-12,Pacific JV District Championships,5,1500 Meters,0,0,8,4:43.39a
29845177,Abel Schwanz,10,480335,2023-05-12,Pacific JV District Championships,5,1500 Meters,0,0,14,4:49.85a
22081350,Ian Evans,9,480335,2023-05-12,Pacific JV District Championships,5,1500 Meters,0,0,22,5:05.73a
18817419,Keegan Mortier,10,480335,2023-05-12,Pacific JV District Championships,5,1500 Meters,0,0,29,5:30.15a
30340934,Carter Allen,9,480335,2023-05-12,Pacific JV District Championships,5,1500 Meters,0,0,33,5:33.29a
21164440,Eric Weber,9,480335,2023-05-12,Pacific JV District Championships,5,1500 Meters,0,0,34,5:34.54a
17481428,Riley Kliever,9,480335,2023-05-12,Pacific JV District Championships,23,1500 Meters,0,0,1,5:46.71a
32970141,Sofia Minera-Burrola,9,480335,2023-05-12,Pacific JV District Championships,23,1500 Meters,0,0,2,5:55.78a
15079507,Lily Fairman,12,480335,2023-05-12,Pacific JV District Championships,23,1500 Meters,0,0,4,6:07.93a
21123435,Emma Chan,9,480335,2023-05-12,Pacific JV District Championships,23,1500 Meters,0,0,8,6:22.77a
18817242,Sophia Bushman,10,480335,2023-05-12,Pacific JV District Championships,23,1500 Meters,0,0,12,6:28.00a
18817423,Ella Wright,10,480335,2023-05-12,Pacific JV District Championships,23,1500 Meters,0,0,13,6:29.17a
17366105,Madeline Littleton,11,480335,2023-05-12,Pacific JV District Championships,23,1500 Meters,0,0,14,6:30.24a
14185115,Kurt Eddington,11,480335,2023-05-12,Pacific JV District Championships,6,3000 Meters,0,0,1,9:56.35a
18817435,Jack Weggeland,10,480335,2023-05-12,Pacific JV District Championships,6,3000 Meters,0,0,2,10:16.62a
30340957,Spencer Rasmussen,9,480335,2023-05-12,Pacific JV District Championships,6,3000 Meters,0,0,3,10:19.39a
18999829,Gaven Curtis,12,480335,2023-05-12,Pacific JV District Championships,6,3000 Meters,0,0,13,10:47.71a
21164419,Ethan Davis,11,480335,2023-05-12,Pacific JV District Championships,6,3000 Meters,0,0,16,11:09.21a
18817419,Keegan Mortier,10,480335,2023-05-12,Pacific JV District Championships,6,3000 Meters,0,0,22,12:07.88a
30367506,Grace Sappenfield,9,480335,2023-05-12,Pacific JV District Championships,24,3000 Meters,0,0,1,11:57.84a
11569468,Kaitlyn Baggaley,12,480335,2023-05-12,Pacific JV District Championships,24,3000 Meters,0,0,2,12:39.57a
11461168,Jandika Borden,12,480335,2023-05-12,Pacific JV District Championships,24,3000 Meters,0,0,3,13:13.55a
15079507,Lily Fairman,12,480335,2023-05-12,Pacific JV District Championships,24,3000 Meters,0,0,4,13:25.76a
22081327,Katelyn Werle,9,480335,2023-05-12,Pacific JV District Championships,28,100m Hurdles,0,0,1,17.82a
22081342,Juan De La O,11,480335,2023-05-12,Pacific JV District Championships,10,110m Hurdles,0,0,4,19.57a
22081361,Josiah Jones,9,480335,2023-05-12,Pacific JV District Championships,10,110m Hurdles,0,0,6,20.91a
22081356,Jackson Henderson,9,480335,2023-05-12,Pacific JV District Championships,11,300m Hurdles,0,0,8,58.89a
22081347,Samuel Duricka,9,480335,2023-05-12,Pacific JV District Championships,11,300m Hurdles,0,0,9,58.93a
19610407,Montana Parker,10,480335,2023-05-12,Pacific JV District Championships,29,300m Hurdles,0,0,2,55.05a
27152880,Jaden Will,11,480335,2023-05-12,Pacific JV District Championships,7,4x100 Relay,0,1,2,46.84a
19610432,Layton Walter,10,480335,2023-05-12,Pacific JV District Championships,7,4x100 Relay,0,1,2,46.84a
22081333,Brody Black,9,480335,2023-05-12,Pacific JV District Championships,7,4x100 Relay,0,1,2,46.84a
16565226,Josiah Dorsey,12,480335,2023-05-12,Pacific JV District Championships,7,4x100 Relay,0,1,2,46.84a
22081351,Wyatt Ferguson,10,480335,2023-05-12,Pacific JV District Championships,7,4x100 Relay,0,1,5,47.95a
22081388,Matthew Wetter,11,480335,2023-05-12,Pacific JV District Championships,7,4x100 Relay,0,1,5,47.95a
19610548,Jacob Miller,11,480335,2023-05-12,Pacific JV District Championships,7,4x100 Relay,0,1,5,47.95a
22081368,Jayden Morris,9,480335,2023-05-12,Pacific JV District Championships,7,4x100 Relay,0,1,5,47.95a
22081391,Jayden Wright,9,480335,2023-05-12,Pacific JV District Championships,8,4x400 Relay,0,1,5,3:55.02a
22081344,Joshua Dicks,9,480335,2023-05-12,Pacific JV District Championships,8,4x400 Relay,0,1,5,3:55.02a
13260088,Lucas Badouli,11,480335,2023-05-12,Pacific JV District Championships,8,4x400 Relay,0,1,5,3:55.02a
22308118,Aidan Cvitkovich,10,480335,2023-05-12,Pacific JV District Championships,8,4x400 Relay,0,1,5,3:55.02a
16012343,Evan Oliver,11,480335,2023-05-12,Pacific JV District Championships,8,4x400 Relay,0,1,8,4:04.71a
18817428,Alex Farnum,10,480335,2023-05-12,Pacific JV District Championships,8,4x400 Relay,0,1,8,4:04.71a
18817433,Victor McAuley,10,480335,2023-05-12,Pacific JV District Championships,8,4x400 Relay,0,1,8,4:04.71a
29845177,Abel Schwanz,10,480335,2023-05-12,Pacific JV District Championships,8,4x400 Relay,0,1,8,4:04.71a
18053111,Dawson Roos,12,480335,2023-05-12,Pacific JV District Championships,12,Shot Put,1,0,1,41' 2.75
11815229,Grant Golda,12,480335,2023-05-12,Pacific JV District Championships,12,Shot Put,1,0,5,33' 11.25
22081363,Tristan Kieser,11,480335,2023-05-12,Pacific JV District Championships,12,Shot Put,1,0,6,33' 10
13260104,Riley Hamilton,12,480335,2023-05-12,Pacific JV District Championships,12,Shot Put,1,0,7,33' 2.25
24776685,Tanner Smith,9,480335,2023-05-12,Pacific JV District Championships,12,Shot Put,1,0,10,32' 5
16565226,Josiah Dorsey,12,480335,2023-05-12,Pacific JV District Championships,12,Shot Put,1,0,15,31' 1
12922710,Brayden Klostreich,11,480335,2023-05-12,Pacific JV District Championships,12,Shot Put,1,0,18,30' 7.75
22135722,Robert Cleveland,11,480335,2023-05-12,Pacific JV District Championships,12,Shot Put,1,0,22,29' 10.5
19610550,Cutler Redman,11,480335,2023-05-12,Pacific JV District Championships,12,Shot Put,1,0,25,29' 5
18053107,Brody Hermanson,11,480335,2023-05-12,Pacific JV District Championships,12,Shot Put,1,0,27,29' 1.25
22081380,Logan Schreiner,11,480335,2023-05-12,Pacific JV District Championships,12,Shot Put,1,0,34,27' 6.5
22081365,Payton MacDonald,9,480335,2023-05-12,Pacific JV District Championships,12,Shot Put,1,0,45,24' 3
22082015,Victor Elias-Lopez,11,480335,2023-05-12,Pacific JV District Championships,12,Shot Put,1,0,48,23' 6
19610408,June Pease,10,480335,2023-05-12,Pacific JV District Championships,30,Shot Put,1,0,1,25' 7.5
19610396,Georgina Burgess,10,480335,2023-05-12,Pacific JV District Championships,30,Shot Put,1,0,3,24' 2
22081372,Rileigh Petty,10,480335,2023-05-12,Pacific JV District Championships,30,Shot Put,1,0,6,22' 9.75
18857492,Danica Montgomery,11,480335,2023-05-12,Pacific JV District Championships,30,Shot Put,1,0,19,19' 8.75
19610551,Jayden Santibanez,11,480335,2023-05-12,Pacific JV District Championships,30,Shot Put,1,0,20,19' 7.75
19610398,Mae Christensen,10,480335,2023-05-12,Pacific JV District Championships,30,Shot Put,1,0,23,18' 4.5
18053111,Dawson Roos,12,480335,2023-05-12,Pacific JV District Championships,13,Discus,1,0,2,106' 8
12922710,Brayden Klostreich,11,480335,2023-05-12,Pacific JV District Championships,13,Discus,1,0,3,104' 11
13260104,Riley Hamilton,12,480335,2023-05-12,Pacific JV District Championships,13,Discus,1,0,5,98' 2
22081363,Tristan Kieser,11,480335,2023-05-12,Pacific JV District Championships,13,Discus,1,0,6,97' 7
18053107,Brody Hermanson,11,480335,2023-05-12,Pacific JV District Championships,13,Discus,1,0,8,94' 4
24776685,Tanner Smith,9,480335,2023-05-12,Pacific JV District Championships,13,Discus,1,0,15,85' 7
11815229,Grant Golda,12,480335,2023-05-12,Pacific JV District Championships,13,Discus,1,0,17,84' 5
22135722,Robert Cleveland,11,480335,2023-05-12,Pacific JV District Championships,13,Discus,1,0,28,72' 7
19040616,Ezra Syska,12,480335,2023-05-12,Pacific JV District Championships,13,Discus,1,0,29,72' 6
18817425,Brayden Buelt,10,480335,2023-05-12,Pacific JV District Championships,13,Discus,1,0,34,70' 1
22081380,Logan Schreiner,11,480335,2023-05-12,Pacific JV District Championships,13,Discus,1,0,47,58' 4
19610408,June Pease,10,480335,2023-05-12,Pacific JV District Championships,31,Discus,1,0,1,80' 2
22081372,Rileigh Petty,10,480335,2023-05-12,Pacific JV District Championships,31,Discus,1,0,14,56' 8
19610396,Georgina Burgess,10,480335,2023-05-12,Pacific JV District Championships,31,Discus,1,0,19,52' 0
19610398,Mae Christensen,10,480335,2023-05-12,Pacific JV District Championships,31,Discus,1,0,23,47' 1
10426594,Elizabeth Belanger,12,480335,2023-05-12,Pacific JV District Championships,31,Discus,1,0,28,44' 4
18857492,Danica Montgomery,11,480335,2023-05-12,Pacific JV District Championships,31,Discus,1,0,31,41' 7
22081388,Matthew Wetter,11,480335,2023-05-12,Pacific JV District Championships,14,Javelin,1,0,2,123' 11
19610550,Cutler Redman,11,480335,2023-05-12,Pacific JV District Championships,14,Javelin,1,0,3,121' 4
18053111,Dawson Roos,12,480335,2023-05-12,Pacific JV District Championships,14,Javelin,1,0,4,119' 5
22081342,Juan De La O,11,480335,2023-05-12,Pacific JV District Championships,14,Javelin,1,0,9,111' 6
13260104,Riley Hamilton,12,480335,2023-05-12,Pacific JV District Championships,14,Javelin,1,0,20,93' 6
22081369,Ethan Morris,9,480335,2023-05-12,Pacific JV District Championships,14,Javelin,1,0,23,91' 9
22081365,Payton MacDonald,9,480335,2023-05-12,Pacific JV District Championships,14,Javelin,1,0,24,91' 4
19610425,Gavin Fuchs,10,480335,2023-05-12,Pacific JV District Championships,14,Javelin,1,0,28,87' 4
12922710,Brayden Klostreich,11,480335,2023-05-12,Pacific JV District Championships,14,Javelin,1,0,30,85' 10
24776685,Tanner Smith,9,480335,2023-05-12,Pacific JV District Championships,14,Javelin,1,0,31,85' 3
22082015,Victor Elias-Lopez,11,480335,2023-05-12,Pacific JV District Championships,14,Javelin,1,0,35,82' 7
18817425,Brayden Buelt,10,480335,2023-05-12,Pacific JV District Championships,14,Javelin,1,0,37,79' 10
22135722,Robert Cleveland,11,480335,2023-05-12,Pacific JV District Championships,14,Javelin,1,0,39,79' 5
17366211,Lukas Vaught,11,480335,2023-05-12,Pacific JV District Championships,14,Javelin,1,0,40,79' 2
19040616,Ezra Syska,12,480335,2023-05-12,Pacific JV District Championships,14,Javelin,1,0,51,73' 9
22081374,Michael Rivera,10,480335,2023-05-12,Pacific JV District Championships,14,Javelin,1,0,58,67' 9
22081372,Rileigh Petty,10,480335,2023-05-12,Pacific JV District Championships,32,Javelin,1,0,8,69' 6
19610412,Makena Spanks,10,480335,2023-05-12,Pacific JV District Championships,32,Javelin,1,0,13,58' 0
10426594,Elizabeth Belanger,12,480335,2023-05-12,Pacific JV District Championships,32,Javelin,1,0,14,57' 1
19610551,Jayden Santibanez,11,480335,2023-05-12,Pacific JV District Championships,32,Javelin,1,0,21,42' 4
19610408,June Pease,10,480335,2023-05-12,Pacific JV District Championships,32,Javelin,1,0,24,39' 3
18857492,Danica Montgomery,11,480335,2023-05-12,Pacific JV District Championships,32,Javelin,1,0,30,25' 2
22081389,Noah Williams,10,480335,2023-05-12,Pacific JV District Championships,9,High Jump,1,0,3,5' 2
22081332,Kincade Bishop,11,480335,2023-05-12,Pacific JV District Championships,9,High Jump,1,0,5,5' 2
16012289,Braden Stein,9,480335,2023-05-12,Pacific JV District Championships,9,High Jump,1,0,8,5' 0
22081366,Johnathan Mckay,10,480335,2023-05-12,Pacific JV District Championships,9,High Jump,1,0,12,4' 10
19653817,Tristen Cleveland,10,480335,2023-05-12,Pacific JV District Championships,9,High Jump,1,0,19,4' 8
22105260,Sean O'Neal,11,480335,2023-05-12,Pacific JV District Championships,16,Pole Vault,1,0,15,7' 0
19610406,Amarys Martinez,10,480335,2023-05-12,Pacific JV District Championships,34,Pole Vault,1,0,2,7' 0
19610548,Jacob Miller,11,480335,2023-05-12,Pacific JV District Championships,17,Long Jump,1,0,1,18' 1.75
22081362,Garrett Kane,11,480335,2023-05-12,Pacific JV District Championships,17,Long Jump,1,0,6,17' 2.5
22081366,Johnathan Mckay,10,480335,2023-05-12,Pacific JV District Championships,17,Long Jump,1,0,7,16' 10.5
22081389,Noah Williams,10,480335,2023-05-12,Pacific JV District Championships,17,Long Jump,1,0,17,16' 0
19653817,Tristen Cleveland,10,480335,2023-05-12,Pacific JV District Championships,17,Long Jump,1,0,22,15' 8.5
18817433,Victor McAuley,10,480335,2023-05-12,Pacific JV District Championships,17,Long Jump,1,0,31,15' 1.5
22105260,Sean O'Neal,11,480335,2023-05-12,Pacific JV District Championships,17,Long Jump,1,0,46,13' 3.75
16565215,Trevor Cherry,12,480335,2023-05-12,Pacific JV District Championships,17,Long Jump,1,0,48,12' 6
19610406,Amarys Martinez,10,480335,2023-05-12,Pacific JV District Championships,35,Long Jump,1,0,9,12' 2
10426594,Elizabeth Belanger,12,480335,2023-05-12,Pacific JV District Championships,35,Long Jump,1,0,11,11' 11.5
19610548,Jacob Miller,11,480335,2023-05-12,Pacific JV District Championships,18,Triple Jump,1,0,5,34' 8.75
26979611,Dylon Lovely,12,480334,2023-05-19,6A-3 Pacific Conference Championships,1,100 Meters,0,0,1,10.98a
19610541,Ojani Gray,11,480334,2023-05-19,6A-3 Pacific Conference Championships,1,100 Meters,0,0,4,11.19a
22081314,Addison Cutsforth,9,480334,2023-05-19,6A-3 Pacific Conference Championships,19,100 Meters,0,0,5,12.93a
22081319,Brooklyn Jones,9,480334,2023-05-19,6A-3 Pacific Conference Championships,19,100 Meters,0,0,7,13.33a
30168654,Andrew Waletich,10,480334,2023-05-19,6A-3 Pacific Conference Championships,2,200 Meters,0,0,5,22.85a
13260096,Evan Morris,11,480334,2023-05-19,6A-3 Pacific Conference Championships,2,200 Meters,0,0,7,23.18a
22897470,Oisin McEvoy,11,480334,2023-05-19,6A-3 Pacific Conference Championships,2,200 Meters,0,0,8,23.41a
11569495,Ella Weathers,12,480334,2023-05-19,6A-3 Pacific Conference Championships,20,200 Meters,0,0,3,25.57a
12922327,McKenzie Milton,11,480334,2023-05-19,6A-3 Pacific Conference Championships,20,200 Meters,0,0,4,26.58a
22897470,Oisin McEvoy,11,480334,2023-05-19,6A-3 Pacific Conference Championships,3,400 Meters,0,0,2,49.45a
13260096,Evan Morris,11,480334,2023-05-19,6A-3 Pacific Conference Championships,3,400 Meters,0,0,3,50.17a
12922689,Zachary Gilmor,11,480334,2023-05-19,6A-3 Pacific Conference Championships,3,400 Meters,0,0,4,51.23a
11569495,Ella Weathers,12,480334,2023-05-19,6A-3 Pacific Conference Championships,21,400 Meters,0,0,2,58.47a
12922327,McKenzie Milton,11,480334,2023-05-19,6A-3 Pacific Conference Championships,21,400 Meters,0,0,3,1:00.85a
15085615,Morgan Foster,11,480334,2023-05-19,6A-3 Pacific Conference Championships,21,400 Meters,0,0,6,1:02.53a
11569503,Luke Day,12,480334,2023-05-19,6A-3 Pacific Conference Championships,4,800 Meters,0,0,4,1:59.29a
18122775,Ridlee Derry,10,480334,2023-05-19,6A-3 Pacific Conference Championships,22,800 Meters,0,0,6,2:32.01a
16012411,Morgan Gill,9,480334,2023-05-19,6A-3 Pacific Conference Championships,22,800 Meters,0,0,7,2:32.07a
11815231,Jack Chidester,11,480334,2023-05-19,6A-3 Pacific Conference Championships,5,1500 Meters,0,0,13,4:19.42a
30194568,Dylan Weniger,10,480334,2023-05-19,6A-3 Pacific Conference Championships,5,1500 Meters,0,0,15,4:23.46a
19220514,Lukas Valdez,11,480334,2023-05-19,6A-3 Pacific Conference Championships,5,1500 Meters,0,0,16,4:25.86a
30959281,Anna Grunow,10,480334,2023-05-19,6A-3 Pacific Conference Championships,23,1500 Meters,0,0,1,4:51.57a
26645716,Heidi Gill,11,480334,2023-05-19,6A-3 Pacific Conference Championships,23,1500 Meters,0,0,3,4:53.55a
29728487,Senoya Bugher,10,480334,2023-05-19,6A-3 Pacific Conference Championships,23,1500 Meters,0,0,4,4:59.64a
11815231,Jack Chidester,11,480334,2023-05-19,6A-3 Pacific Conference Championships,6,3000 Meters,0,0,12,9:17.10a
12400283,Reid Falcon,12,480334,2023-05-19,6A-3 Pacific Conference Championships,6,3000 Meters,0,0,15,9:41.66a
30194568,Dylan Weniger,10,480334,2023-05-19,6A-3 Pacific Conference Championships,6,3000 Meters,0,0,16,9:44.36a
30959281,Anna Grunow,10,480334,2023-05-19,6A-3 Pacific Conference Championships,24,3000 Meters,0,0,1,10:40.69a
29728487,Senoya Bugher,10,480334,2023-05-19,6A-3 Pacific Conference Championships,24,3000 Meters,0,0,2,10:46.29a
26645716,Heidi Gill,11,480334,2023-05-19,6A-3 Pacific Conference Championships,24,3000 Meters,0,0,3,10:51.65a
22081325,Alexis Russell,9,480334,2023-05-19,6A-3 Pacific Conference Championships,28,100m Hurdles,0,0,5,17.53a
18817437,Nicholas Zaubi,12,480334,2023-05-19,6A-3 Pacific Conference Championships,10,110m Hurdles,0,0,1,15.68a
13260101,Ryker Wolvers,11,480334,2023-05-19,6A-3 Pacific Conference Championships,10,110m Hurdles,0,0,2,16.38a
13260101,Ryker Wolvers,11,480334,2023-05-19,6A-3 Pacific Conference Championships,11,300m Hurdles,0,0,3,42.02a
18817437,Nicholas Zaubi,12,480334,2023-05-19,6A-3 Pacific Conference Championships,11,300m Hurdles,0,0,5,42.64a
26946898,Katie Rice-Whittingham,11,480334,2023-05-19,6A-3 Pacific Conference Championships,29,300m Hurdles,0,0,3,47.81a
19610401,Ava Gaggini,10,480334,2023-05-19,6A-3 Pacific Conference Championships,29,300m Hurdles,0,0,4,48.71a
11569495,Ella Weathers,12,480334,2023-05-19,6A-3 Pacific Conference Championships,25,4x100 Relay,0,1,1,49.82a
15085616,Peyton Foster,11,480334,2023-05-19,6A-3 Pacific Conference Championships,25,4x100 Relay,0,1,1,49.82a
22081314,Addison Cutsforth,9,480334,2023-05-19,6A-3 Pacific Conference Championships,25,4x100 Relay,0,1,1,49.82a
22081319,Brooklyn Jones,9,480334,2023-05-19,6A-3 Pacific Conference Championships,25,4x100 Relay,0,1,1,49.82a
12922689,Zachary Gilmor,11,480334,2023-05-19,6A-3 Pacific Conference Championships,8,4x400 Relay,0,1,3,3:25.25a
22897470,Oisin McEvoy,11,480334,2023-05-19,6A-3 Pacific Conference Championships,8,4x400 Relay,0,1,3,3:25.25a
11815241,Tyson Pierce,11,480334,2023-05-19,6A-3 Pacific Conference Championships,8,4x400 Relay,0,1,3,3:25.25a
13260096,Evan Morris,11,480334,2023-05-19,6A-3 Pacific Conference Championships,8,4x400 Relay,0,1,3,3:25.25a
15085615,Morgan Foster,11,480334,2023-05-19,6A-3 Pacific Conference Championships,26,4x400 Relay,0,1,2,4:04.05a
12922327,McKenzie Milton,11,480334,2023-05-19,6A-3 Pacific Conference Championships,26,4x400 Relay,0,1,2,4:04.05a
22081316,Caroline Fischer,9,480334,2023-05-19,6A-3 Pacific Conference Championships,26,4x400 Relay,0,1,2,4:04.05a
11569495,Ella Weathers,12,480334,2023-05-19,6A-3 Pacific Conference Championships,26,4x400 Relay,0,1,2,4:04.05a
19610427,Suliasi Laulaupeaalu,10,480334,2023-05-19,6A-3 Pacific Conference Championships,12,Shot Put,1,0,4,43' 3.5
24069846,Austin Milton,12,480334,2023-05-19,6A-3 Pacific Conference Championships,12,Shot Put,1,0,7,41' 3.75
16565231,Nathan Fillinger,12,480334,2023-05-19,6A-3 Pacific Conference Championships,12,Shot Put,1,0,9,39' 5
26946898,Katie Rice-Whittingham,11,480334,2023-05-19,6A-3 Pacific Conference Championships,30,Shot Put,1,0,11,27' 1.25
22081320,Caitlin Kirkpatrick,12,480334,2023-05-19,6A-3 Pacific Conference Championships,30,Shot Put,1,0,13,27' 0.5
27402542,Brytlin Cuthbertson,10,480334,2023-05-19,6A-3 Pacific Conference Championships,30,Shot Put,1,0,15,26' 5
24069846,Austin Milton,12,480334,2023-05-19,6A-3 Pacific Conference Championships,13,Discus,1,0,1,148' 7
22081341,Blake Davis,12,480334,2023-05-19,6A-3 Pacific Conference Championships,13,Discus,1,0,6,114' 10
19610427,Suliasi Laulaupeaalu,10,480334,2023-05-19,6A-3 Pacific Conference Championships,13,Discus,1,0,11,99' 8
27402542,Brytlin Cuthbertson,10,480334,2023-05-19,6A-3 Pacific Conference Championships,31,Discus,1,0,1,106' 1
14185126,Amira Whitson,10,480334,2023-05-19,6A-3 Pacific Conference Championships,31,Discus,1,0,7,90' 5
19610414,Charlotte Vargas,10,480334,2023-05-19,6A-3 Pacific Conference Championships,31,Discus,1,0,8,89' 5
24069846,Austin Milton,12,480334,2023-05-19,6A-3 Pacific Conference Championships,14,Javelin,1,0,1,194' 3
27420164,Drew Smith,11,480334,2023-05-19,6A-3 Pacific Conference Championships,14,Javelin,1,0,2,172' 4
14185126,Amira Whitson,10,480334,2023-05-19,6A-3 Pacific Conference Championships,32,Javelin,1,0,1,107' 6
12922327,McKenzie Milton,11,480334,2023-05-19,6A-3 Pacific Conference Championships,32,Javelin,1,0,3,104' 5
27402542,Brytlin Cuthbertson,10,480334,2023-05-19,6A-3 Pacific Conference Championships,32,Javelin,1,0,15,72' 4
22081353,Jonah Furino,9,480334,2023-05-19,6A-3 Pacific Conference Championships,9,High Jump,1,0,3,5' 7
19610545,Tyler Leyshock,11,480334,2023-05-19,6A-3 Pacific Conference Championships,9,High Jump,1,0,9,5' 5
19610544,Kaleo Hall,11,480334,2023-05-19,6A-3 Pacific Conference Championships,9,High Jump,1,0,11,5' 5
33327376,Mari Evonuk,11,480334,2023-05-19,6A-3 Pacific Conference Championships,27,High Jump,1,0,1,5' 2
30372717,Reese Eckard,10,480334,2023-05-19,6A-3 Pacific Conference Championships,27,High Jump,1,0,2,5' 2
14185126,Amira Whitson,10,480334,2023-05-19,6A-3 Pacific Conference Championships,27,High Jump,1,0,3,4' 10
22081346,Steven Duricka,11,480334,2023-05-19,6A-3 Pacific Conference Championships,16,Pole Vault,1,0,4,11' 9
19610428,Allen Kaden Moore,10,480334,2023-05-19,6A-3 Pacific Conference Championships,16,Pole Vault,1,0,8,9' 9
22081354,Alexander Gallinger-Long,9,480334,2023-05-19,6A-3 Pacific Conference Championships,16,Pole Vault,1,0,13,8' 9
19610545,Tyler Leyshock,11,480334,2023-05-19,6A-3 Pacific Conference Championships,17,Long Jump,1,0,10,18' 11.5
18053115,Camden Wallis,12,480334,2023-05-19,6A-3 Pacific Conference Championships,17,Long Jump,1,0,15,17' 8
26979611,Dylon Lovely,12,480334,2023-05-19,6A-3 Pacific Conference Championships,17,Long Jump,1,0,16,17' 6.5
26946898,Katie Rice-Whittingham,11,480334,2023-05-19,6A-3 Pacific Conference Championships,35,Long Jump,1,0,2,16' 2.5
13260160,Ava Paul,11,480334,2023-05-19,6A-3 Pacific Conference Championships,35,Long Jump,1,0,6,15' 1
15079477,Brynn Sands,11,480334,2023-05-19,6A-3 Pacific Conference Championships,35,Long Jump,1,0,14,13' 10.75
13260096,Evan Morris,11,480334,2023-05-19,6A-3 Pacific Conference Championships,18,Triple Jump,1,0,2,41' 11.5
19610545,Tyler Leyshock,11,480334,2023-05-19,6A-3 Pacific Conference Championships,18,Triple Jump,1,0,8,39' 2
11569517,Ulisses Rodriguez,12,480334,2023-05-19,6A-3 Pacific Conference Championships,18,Triple Jump,1,0,11,38' 0.5
14185126,Amira Whitson,10,480334,2023-05-19,6A-3 Pacific Conference Championships,36,Triple Jump,1,0,1,34' 10.5
13260160,Ava Paul,11,480334,2023-05-19,6A-3 Pacific Conference Championships,36,Triple Jump,1,0,3,33' 7
33327376,Mari Evonuk,11,480334,2023-05-19,6A-3 Pacific Conference Championships,36,Triple Jump,1,0,8,31' 2.75
13260096,Evan Morris,11,487460,2023-05-27,OSAA 6A State Championships,3,400 Meters,0,0,5,50.59a
22897470,Oisin McEvoy,11,487460,2023-05-27,OSAA 6A State Championships,3,400 Meters,0,0,7,50.85a
11569495,Ella Weathers,12,487460,2023-05-27,OSAA 6A State Championships,21,400 Meters,0,0,5,58.07a
30959281,Anna Grunow,10,487460,2023-05-27,OSAA 6A State Championships,23,1500 Meters,0,0,10,4:45.24a
30959281,Anna Grunow,10,487460,2023-05-27,OSAA 6A State Championships,24,3000 Meters,0,0,10,10:27.99a
29728487,Senoya Bugher,10,487460,2023-05-27,OSAA 6A State Championships,24,3000 Meters,0,0,14,10:46.14a
11569495,Ella Weathers,12,487460,2023-05-27,OSAA 6A State Championships,25,4x100 Relay,0,1,14,50.19a
15085616,Peyton Foster,11,487460,2023-05-27,OSAA 6A State Championships,25,4x100 Relay,0,1,14,50.19a
22081314,Addison Cutsforth,9,487460,2023-05-27,OSAA 6A State Championships,25,4x100 Relay,0,1,14,50.19a
22081319,Brooklyn Jones,9,487460,2023-05-27,OSAA 6A State Championships,25,4x100 Relay,0,1,14,50.19a
15085615,Morgan Foster,11,487460,2023-05-27,OSAA 6A State Championships,26,4x400 Relay,0,1,9,4:03.73a
12922327,McKenzie Milton,11,487460,2023-05-27,OSAA 6A State Championships,26,4x400 Relay,0,1,9,4:03.73a
22081316,Caroline Fischer,9,487460,2023-05-27,OSAA 6A State Championships,26,4x400 Relay,0,1,9,4:03.73a
11569495,Ella Weathers,12,487460,2023-05-27,OSAA 6A State Championships,26,4x400 Relay,0,1,9,4:03.73a
24069846,Austin Milton,12,487460,2023-05-27,OSAA 6A State Championships,13,Discus,1,0,5,43.93m
27402542,Brytlin Cuthbertson,10,487460,2023-05-27,OSAA 6A State Championships,31,Discus,1,0,10,32.36m
24069846,Austin Milton,12,487460,2023-05-27,OSAA 6A State Championships,14,Javelin,1,0,1,58.89m
27420164,Drew Smith,11,487460,2023-05-27,OSAA 6A State Championships,14,Javelin,1,0,4,53.21m
14185126,Amira Whitson,10,487460,2023-05-27,OSAA 6A State Championships,32,Javelin,1,0,11,33.55m
30372717,Reese Eckard,10,487460,2023-05-27,OSAA 6A State Championships,27,High Jump,1,0,10,1.57m
33327376,Mari Evonuk,11,487460,2023-05-27,OSAA 6A State Championships,27,High Jump,1,0,13,1.52m
14185126,Amira Whitson,10,487460,2023-05-27,OSAA 6A State Championships,27,High Jump,1,0,13,1.52m
26946898,Katie Rice-Whittingham,11,487460,2023-05-27,OSAA 6A State Championships,35,Long Jump,1,0,16,4.55m
13260096,Evan Morris,11,487460,2023-05-27,OSAA 6A State Championships,18,Triple Jump,1,0,4,13.17m
14185126,Amira Whitson,10,487460,2023-05-27,OSAA 6A State Championships,36,Triple Jump,1,0,15,9.95m
27152880,Jaden Will,12,521592,2024-05-03,Pacific Conference JV Districts,1,100 Meters,0,0,1,11.84a
21164419,Ethan Davis,12,521592,2024-05-03,Pacific Conference JV Districts,1,100 Meters,0,0,3,11.95a
24673822,Alex Szklarz,11,521592,2024-05-03,Pacific Conference JV Districts,1,100 Meters,0,0,4,12.11a
13260088,Lucas Badouli,12,521592,2024-05-03,Pacific Conference JV Districts,1,100 Meters,0,0,8,12.22a
22081362,Garrett Kane,12,521592,2024-05-03,Pacific Conference JV Districts,1,100 Meters,0,0,9,12.25a
22081342,Juan De La O,12,521592,2024-05-03,Pacific Conference JV Districts,1,100 Meters,0,0,12,12.34a
22081333,Brody Black,10,521592,2024-05-03,Pacific Conference JV Districts,1,100 Meters,0,0,13,12.36a
22081351,Wyatt Ferguson,11,521592,2024-05-03,Pacific Conference JV Districts,1,100 Meters,0,0,14,12.40a
22081388,Matthew Wetter,12,521592,2024-05-03,Pacific Conference JV Districts,1,100 Meters,0,0,21,12.69a
22081385,Talan Spitler,12,521592,2024-05-03,Pacific Conference JV Districts,1,100 Meters,0,0,24,12.73a
18122804,Roman Vazquez,9,521592,2024-05-03,Pacific Conference JV Districts,1,100 Meters,0,0,27,12.77a
22604385,Jacob Easterly,9,521592,2024-05-03,Pacific Conference JV Districts,1,100 Meters,0,0,28,12.78a
18122783,Branson Bamforth,9,521592,2024-05-03,Pacific Conference JV Districts,1,100 Meters,0,0,36,12.86a
24761759,Ivan Batllia,9,521592,2024-05-03,Pacific Conference JV Districts,1,100 Meters,0,0,40,12.94a
19610550,Cutler Redman,12,521592,2024-05-03,Pacific Conference JV Districts,1,100 Meters,0,0,44,13.00a
24652024,Archer Eckard,9,521592,2024-05-03,Pacific Conference JV Districts,1,100 Meters,0,0,50,13.12a
24630758,Bodhi Welsh,9,521592,2024-05-03,Pacific Conference JV Districts,1,100 Meters,0,0,53,13.14a
20014878,Jameson Jepson,9,521592,2024-05-03,Pacific Conference JV Districts,1,100 Meters,0,0,56,13.19a
22081356,Jackson Henderson,10,521592,2024-05-03,Pacific Conference JV Districts,1,100 Meters,0,0,69,13.54a
22081380,Logan Schreiner,12,521592,2024-05-03,Pacific Conference JV Districts,1,100 Meters,0,0,70,13.55a
17366211,Lukas Vaught,12,521592,2024-05-03,Pacific Conference JV Districts,1,100 Meters,0,0,89,13.91a
22081379,Shaurya Saxena,11,521592,2024-05-03,Pacific Conference JV Districts,1,100 Meters,0,0,104,14.29a
24549566,Landon Hartmann,11,521592,2024-05-03,Pacific Conference JV Districts,1,100 Meters,0,0,111,14.39a
25094290,Wyatt Tarter,9,521592,2024-05-03,Pacific Conference JV Districts,1,100 Meters,0,0,116,14.63a
22081327,Katelyn Werle,10,521592,2024-05-03,Pacific Conference JV Districts,19,100 Meters,0,0,1,13.59a
30497121,Allison Burnett,9,521592,2024-05-03,Pacific Conference JV Districts,19,100 Meters,0,0,3,13.88a
9133029,Petra Hagan,9,521592,2024-05-03,Pacific Conference JV Districts,19,100 Meters,0,0,8,14.21a
22188148,Caroline Fischer,10,521592,2024-05-03,Pacific Conference JV Districts,19,100 Meters,0,0,10,14.39a
20014982,Nevaeh Mattson,9,521592,2024-05-03,Pacific Conference JV Districts,19,100 Meters,0,0,12,14.56a
18122764,Breanna Werle,9,521592,2024-05-03,Pacific Conference JV Districts,19,100 Meters,0,0,13,14.57a
24626215,Makaila Crawford,9,521592,2024-05-03,Pacific Conference JV Districts,19,100 Meters,0,0,20,14.76a
18817424,Juliet Yoo,11,521592,2024-05-03,Pacific Conference JV Districts,19,100 Meters,0,0,23,14.82a
19010593,Ilana Savage,11,521592,2024-05-03,Pacific Conference JV Districts,19,100 Meters,0,0,34,15.06a
22568213,Brynley Phelps,9,521592,2024-05-03,Pacific Conference JV Districts,19,100 Meters,0,0,39,15.31a
27152880,Jaden Will,12,521592,2024-05-03,Pacific Conference JV Districts,2,200 Meters,0,0,2,24.33a
22081362,Garrett Kane,12,521592,2024-05-03,Pacific Conference JV Districts,2,200 Meters,0,0,7,25.03a
24673822,Alex Szklarz,11,521592,2024-05-03,Pacific Conference JV Districts,2,200 Meters,0,0,8,25.04a
22308118,Aidan Cvitkovich,11,521592,2024-05-03,Pacific Conference JV Districts,2,200 Meters,0,0,10,25.27a
22081351,Wyatt Ferguson,11,521592,2024-05-03,Pacific Conference JV Districts,2,200 Meters,0,0,14,25.59a
24651820,Brandon Arreguin,10,521592,2024-05-03,Pacific Conference JV Districts,2,200 Meters,0,0,24,26.01a
22081345,Ethan Douglass,11,521592,2024-05-03,Pacific Conference JV Districts,2,200 Meters,0,0,26,26.13a
18122804,Roman Vazquez,9,521592,2024-05-03,Pacific Conference JV Districts,2,200 Meters,0,0,29,26.24a
22604385,Jacob Easterly,9,521592,2024-05-03,Pacific Conference JV Districts,2,200 Meters,0,0,38,26.80a
18122783,Branson Bamforth,9,521592,2024-05-03,Pacific Conference JV Districts,2,200 Meters,0,0,40,26.81a
22081344,Joshua Dicks,10,521592,2024-05-03,Pacific Conference JV Districts,2,200 Meters,0,0,42,26.89a
24761759,Ivan Batllia,9,521592,2024-05-03,Pacific Conference JV Districts,2,200 Meters,0,0,43,26.98a
22081356,Jackson Henderson,10,521592,2024-05-03,Pacific Conference JV Districts,2,200 Meters,0,0,50,27.32a
22081339,Brandon Colli,10,521592,2024-05-03,Pacific Conference JV Districts,2,200 Meters,0,0,52,27.36a
24788683,Jack Anaya,9,521592,2024-05-03,Pacific Conference JV Districts,2,200 Meters,0,0,53,27.39a
24652024,Archer Eckard,9,521592,2024-05-03,Pacific Conference JV Districts,2,200 Meters,0,0,57,27.50a
24549566,Landon Hartmann,11,521592,2024-05-03,Pacific Conference JV Districts,2,200 Meters,0,0,87,30.00a
25094290,Wyatt Tarter,9,521592,2024-05-03,Pacific Conference JV Districts,2,200 Meters,0,0,103,32.08a
30497121,Allison Burnett,9,521592,2024-05-03,Pacific Conference JV Districts,20,200 Meters,0,0,1,28.60a
11815225,Carolyn Horner,12,521592,2024-05-03,Pacific Conference JV Districts,20,200 Meters,0,0,3,29.03a
22188148,Caroline Fischer,10,521592,2024-05-03,Pacific Conference JV Districts,20,200 Meters,0,0,5,29.36a
9133029,Petra Hagan,9,521592,2024-05-03,Pacific Conference JV Districts,20,200 Meters,0,0,7,29.46a
20014982,Nevaeh Mattson,9,521592,2024-05-03,Pacific Conference JV Districts,20,200 Meters,0,0,10,30.06a
24626215,Makaila Crawford,9,521592,2024-05-03,Pacific Conference JV Districts,20,200 Meters,0,0,18,31.12a
18817424,Juliet Yoo,11,521592,2024-05-03,Pacific Conference JV Districts,20,200 Meters,0,0,21,31.24a
22568213,Brynley Phelps,9,521592,2024-05-03,Pacific Conference JV Districts,20,200 Meters,0,0,24,31.77a
19010593,Ilana Savage,11,521592,2024-05-03,Pacific Conference JV Districts,20,200 Meters,0,0,29,32.57a
11592131,Blake Dunn,10,521592,2024-05-03,Pacific Conference JV Districts,3,400 Meters,0,0,2,54.54a
22081344,Joshua Dicks,10,521592,2024-05-03,Pacific Conference JV Districts,3,400 Meters,0,0,10,57.17a
22081345,Ethan Douglass,11,521592,2024-05-03,Pacific Conference JV Districts,3,400 Meters,0,0,12,57.24a
24788683,Jack Anaya,9,521592,2024-05-03,Pacific Conference JV Districts,3,400 Meters,0,0,13,58.34a
22308118,Aidan Cvitkovich,11,521592,2024-05-03,Pacific Conference JV Districts,3,400 Meters,0,0,14,58.39a
24651820,Brandon Arreguin,10,521592,2024-05-03,Pacific Conference JV Districts,3,400 Meters,0,0,17,58.93a
18122784,Caden Burnett,9,521592,2024-05-03,Pacific Conference JV Districts,3,400 Meters,0,0,20,59.75a
22081339,Brandon Colli,10,521592,2024-05-03,Pacific Conference JV Districts,3,400 Meters,0,0,23,1:01.22a
30497121,Allison Burnett,9,521592,2024-05-03,Pacific Conference JV Districts,21,400 Meters,0,0,1,1:04.93a
11815225,Carolyn Horner,12,521592,2024-05-03,Pacific Conference JV Districts,21,400 Meters,0,0,2,1:05.19a
15085615,Morgan Foster,12,521592,2024-05-03,Pacific Conference JV Districts,21,400 Meters,0,0,3,1:05.74a
16012289,Braden Stein,10,521592,2024-05-03,Pacific Conference JV Districts,4,800 Meters,0,0,1,2:08.81a
30340950,Blake Horner,9,521592,2024-05-03,Pacific Conference JV Districts,4,800 Meters,0,0,2,2:09.38a
21164419,Ethan Davis,12,521592,2024-05-03,Pacific Conference JV Districts,4,800 Meters,0,0,3,2:13.70a
16012343,Evan Oliver,12,521592,2024-05-03,Pacific Conference JV Districts,4,800 Meters,0,0,5,2:14.01a
30340934,Carter Allen,10,521592,2024-05-03,Pacific Conference JV Districts,4,800 Meters,0,0,10,2:21.53a
18122784,Caden Burnett,9,521592,2024-05-03,Pacific Conference JV Districts,4,800 Meters,0,0,14,2:26.32a
23621663,Conner Petty,9,521592,2024-05-03,Pacific Conference JV Districts,4,800 Meters,0,0,17,2:27.89a
22081386,Dominic Swanson,12,521592,2024-05-03,Pacific Conference JV Districts,4,800 Meters,0,0,18,2:28.61a
30305974,Jonah Campbell,11,521592,2024-05-03,Pacific Conference JV Districts,4,800 Meters,0,0,19,2:28.66a
30340962,Carter Shepherd,9,521592,2024-05-03,Pacific Conference JV Districts,4,800 Meters,0,0,21,2:30.62a
21164440,Eric Weber,10,521592,2024-05-03,Pacific Conference JV Districts,4,800 Meters,0,0,31,2:37.48a
21164428,Aiden Hannon,10,521592,2024-05-03,Pacific Conference JV Districts,4,800 Meters,0,0,34,2:46.07a
24652287,Dominick Weckerly,10,521592,2024-05-03,Pacific Conference JV Districts,4,800 Meters,0,0,35,2:46.86a
24714340,Mark Albright,9,521592,2024-05-03,Pacific Conference JV Districts,4,800 Meters,0,0,42,3:17.51a
17481428,Riley Kliever,10,521592,2024-05-03,Pacific Conference JV Districts,22,800 Meters,0,0,1,2:44.00a
8296913,Margaret Pannell,12,521592,2024-05-03,Pacific Conference JV Districts,22,800 Meters,0,0,2,2:46.25a
30367522,Hayden Shimp,9,521592,2024-05-03,Pacific Conference JV Districts,22,800 Meters,0,0,3,2:51.81a
30959304,Merrill Humphrey,9,521592,2024-05-03,Pacific Conference JV Districts,22,800 Meters,0,0,6,3:01.28a
32970141,Sofia Minera-Burrola,10,521592,2024-05-03,Pacific Conference JV Districts,22,800 Meters,0,0,7,3:02.16a
24617380,Ashlynn Davis,9,521592,2024-05-03,Pacific Conference JV Districts,22,800 Meters,0,0,12,3:09.88a
17366105,Madeline Littleton,12,521592,2024-05-03,Pacific Conference JV Districts,22,800 Meters,0,0,14,3:11.79a
18817433,Victor McAuley,11,521592,2024-05-03,Pacific Conference JV Districts,5,1500 Meters,0,0,2,4:32.66a
18817435,Jack Weggeland,11,521592,2024-05-03,Pacific Conference JV Districts,5,1500 Meters,0,0,4,4:40.22a
30340962,Carter Shepherd,9,521592,2024-05-03,Pacific Conference JV Districts,5,1500 Meters,0,0,8,4:44.67a
30340943,Joel Eddington,9,521592,2024-05-03,Pacific Conference JV Districts,5,1500 Meters,0,0,9,4:49.32a
18122785,Chad Dunn,9,521592,2024-05-03,Pacific Conference JV Districts,5,1500 Meters,0,0,12,4:52.11a
23621663,Conner Petty,9,521592,2024-05-03,Pacific Conference JV Districts,5,1500 Meters,0,0,14,4:53.46a
30305974,Jonah Campbell,11,521592,2024-05-03,Pacific Conference JV Districts,5,1500 Meters,0,0,16,4:56.74a
18817428,Alex Farnum,11,521592,2024-05-03,Pacific Conference JV Districts,5,1500 Meters,0,0,20,4:57.56a
22081386,Dominic Swanson,12,521592,2024-05-03,Pacific Conference JV Districts,5,1500 Meters,0,0,21,4:57.72a
18817419,Keegan Mortier,11,521592,2024-05-03,Pacific Conference JV Districts,5,1500 Meters,0,0,35,5:12.14a
21164440,Eric Weber,10,521592,2024-05-03,Pacific Conference JV Districts,5,1500 Meters,0,0,37,5:14.83a
21164428,Aiden Hannon,10,521592,2024-05-03,Pacific Conference JV Districts,5,1500 Meters,0,0,41,5:26.09a
24652287,Dominick Weckerly,10,521592,2024-05-03,Pacific Conference JV Districts,5,1500 Meters,0,0,47,5:55.36a
30367506,Grace Sappenfield,10,521592,2024-05-03,Pacific Conference JV Districts,23,1500 Meters,0,0,1,5:21.90a
17481428,Riley Kliever,10,521592,2024-05-03,Pacific Conference JV Districts,23,1500 Meters,0,0,2,5:22.88a
30959304,Merrill Humphrey,9,521592,2024-05-03,Pacific Conference JV Districts,23,1500 Meters,0,0,3,5:53.97a
32970141,Sofia Minera-Burrola,10,521592,2024-05-03,Pacific Conference JV Districts,23,1500 Meters,0,0,7,6:15.03a
17366105,Madeline Littleton,12,521592,2024-05-03,Pacific Conference JV Districts,23,1500 Meters,0,0,9,6:22.83a
24617380,Ashlynn Davis,9,521592,2024-05-03,Pacific Conference JV Districts,23,1500 Meters,0,0,10,6:35.55a
30340957,Spencer Rasmussen,10,521592,2024-05-03,Pacific Conference JV Districts,6,3000 Meters,0,0,1,9:28.31a
29845177,Abel Schwanz,11,521592,2024-05-03,Pacific Conference JV Districts,6,3000 Meters,0,0,3,9:38.69a
30340947,Brady Edinger,9,521592,2024-05-03,Pacific Conference JV Districts,6,3000 Meters,0,0,4,9:42.30a
18817435,Jack Weggeland,11,521592,2024-05-03,Pacific Conference JV Districts,6,3000 Meters,0,0,7,9:53.12a
18817433,Victor McAuley,11,521592,2024-05-03,Pacific Conference JV Districts,6,3000 Meters,0,0,8,9:55.14a
30340951,Davis Malan,10,521592,2024-05-03,Pacific Conference JV Districts,6,3000 Meters,0,0,19,10:49.24a
18817419,Keegan Mortier,11,521592,2024-05-03,Pacific Conference JV Districts,6,3000 Meters,0,0,29,11:18.29a
23621628,Arthur Chapman,9,521592,2024-05-03,Pacific Conference JV Districts,6,3000 Meters,0,0,36,11:56.46a
30367506,Grace Sappenfield,10,521592,2024-05-03,Pacific Conference JV Districts,24,3000 Meters,0,0,1,11:18.84a
30523249,Emma Norman,9,521592,2024-05-03,Pacific Conference JV Districts,24,3000 Meters,0,0,3,12:33.72a
22081327,Katelyn Werle,10,521592,2024-05-03,Pacific Conference JV Districts,28,100m Hurdles,0,0,1,18.43a
18122764,Breanna Werle,9,521592,2024-05-03,Pacific Conference JV Districts,28,100m Hurdles,0,0,7,20.21a
22081361,Josiah Jones,10,521592,2024-05-03,Pacific Conference JV Districts,10,110m Hurdles,0,0,2,19.58a
22081347,Samuel Duricka,10,521592,2024-05-03,Pacific Conference JV Districts,10,110m Hurdles,0,0,7,22.27a
22081361,Josiah Jones,10,521592,2024-05-03,Pacific Conference JV Districts,11,300m Hurdles,0,0,6,52.19a
17366211,Lukas Vaught,12,521592,2024-05-03,Pacific Conference JV Districts,11,300m Hurdles,0,0,7,1:03.16a
22081347,Samuel Duricka,10,521592,2024-05-03,Pacific Conference JV Districts,11,300m Hurdles,0,0,8,1:04.70a
22081327,Katelyn Werle,10,521592,2024-05-03,Pacific Conference JV Districts,29,300m Hurdles,0,0,1,54.17a
18122764,Breanna Werle,9,521592,2024-05-03,Pacific Conference JV Districts,29,300m Hurdles,0,0,5,59.33a
22081333,Brody Black,10,521592,2024-05-03,Pacific Conference JV Districts,7,4x100 Relay,0,1,1,45.56a
22081362,Garrett Kane,12,521592,2024-05-03,Pacific Conference JV Districts,7,4x100 Relay,0,1,1,45.56a
24673822,Alex Szklarz,11,521592,2024-05-03,Pacific Conference JV Districts,7,4x100 Relay,0,1,1,45.56a
27152880,Jaden Will,12,521592,2024-05-03,Pacific Conference JV Districts,7,4x100 Relay,0,1,1,45.56a
12942498,Kaiden Meidinger*,12,521592,2024-05-03,Pacific Conference JV Districts,532,Mixed 4x100 Relay,0,1,1,1:07.15a
18817423,Ella Wright,11,521592,2024-05-03,Pacific Conference JV Districts,532,Mixed 4x100 Relay,0,1,1,1:07.15a
19610539,Michael Caronna,12,521592,2024-05-03,Pacific Conference JV Districts,532,Mixed 4x100 Relay,0,1,1,1:07.15a
30340950,Blake Horner,9,521592,2024-05-03,Pacific Conference JV Districts,8,4x400 Relay,0,1,2,3:54.49a
18817428,Alex Farnum,11,521592,2024-05-03,Pacific Conference JV Districts,8,4x400 Relay,0,1,2,3:54.49a
16012343,Evan Oliver,12,521592,2024-05-03,Pacific Conference JV Districts,8,4x400 Relay,0,1,2,3:54.49a
21164419,Ethan Davis,12,521592,2024-05-03,Pacific Conference JV Districts,8,4x400 Relay,0,1,2,3:54.49a
22081339,Brandon Colli,10,521592,2024-05-03,Pacific Conference JV Districts,8,4x400 Relay,0,1,3,3:57.63a
22081344,Joshua Dicks,10,521592,2024-05-03,Pacific Conference JV Districts,8,4x400 Relay,0,1,3,3:57.63a
11592131,Blake Dunn,10,521592,2024-05-03,Pacific Conference JV Districts,8,4x400 Relay,0,1,3,3:57.63a
22081356,Jackson Henderson,10,521592,2024-05-03,Pacific Conference JV Districts,8,4x400 Relay,0,1,3,3:57.63a
24711694,Skylar Randleman Galvan,12,521592,2024-05-03,Pacific Conference JV Districts,12,Shot Put,1,0,2,11.74m
22006058,Tristan Kieser,12,521592,2024-05-03,Pacific Conference JV Districts,12,Shot Put,1,0,12,9.97m
22135722,Robert Cleveland,12,521592,2024-05-03,Pacific Conference JV Districts,12,Shot Put,1,0,15,9.62m
18053107,Brody Hermanson,12,521592,2024-05-03,Pacific Conference JV Districts,12,Shot Put,1,0,25,9.10m
24622011,Jaymes Stutesman,11,521592,2024-05-03,Pacific Conference JV Districts,12,Shot Put,1,0,34,8.58m
12942498,Kaiden Meidinger*,12,521592,2024-05-03,Pacific Conference JV Districts,12,Shot Put,1,0,1,6.17m
19610539,Michael Caronna,12,521592,2024-05-03,Pacific Conference JV Districts,12,Shot Put,1,0,2,5.72m
30497054,Bella Ponce,9,521592,2024-05-03,Pacific Conference JV Districts,30,Shot Put,1,0,4,7.40m
24618052,Gloria Kimungui,9,521592,2024-05-03,Pacific Conference JV Districts,30,Shot Put,1,0,26,5.16m
24973692,Cheroly Banful,12,521592,2024-05-03,Pacific Conference JV Districts,30,Shot Put,1,0,1,5.00m
19610550,Cutler Redman,12,521592,2024-05-03,Pacific Conference JV Districts,13,Discus,1,0,3,32.32m
22006058,Tristan Kieser,12,521592,2024-05-03,Pacific Conference JV Districts,13,Discus,1,0,4,32.30m
18053107,Brody Hermanson,12,521592,2024-05-03,Pacific Conference JV Districts,13,Discus,1,0,5,30.83m
22135722,Robert Cleveland,12,521592,2024-05-03,Pacific Conference JV Districts,13,Discus,1,0,17,23.64m
22081380,Logan Schreiner,12,521592,2024-05-03,Pacific Conference JV Districts,13,Discus,1,0,23,22.59m
19169545,Joshua Anchinga,11,521592,2024-05-03,Pacific Conference JV Districts,13,Discus,1,0,48,17.68m
30497054,Bella Ponce,9,521592,2024-05-03,Pacific Conference JV Districts,31,Discus,1,0,7,18.18m
15115811,Kallina Borden,9,521592,2024-05-03,Pacific Conference JV Districts,31,Discus,1,0,9,17.98m
19610395,Bekah Anderson,11,521592,2024-05-03,Pacific Conference JV Districts,31,Discus,1,0,20,15.24m
24618052,Gloria Kimungui,9,521592,2024-05-03,Pacific Conference JV Districts,31,Discus,1,0,29,12.84m
19610550,Cutler Redman,12,521592,2024-05-03,Pacific Conference JV Districts,14,Javelin,1,0,1,37.69m
24622011,Jaymes Stutesman,11,521592,2024-05-03,Pacific Conference JV Districts,14,Javelin,1,0,3,35.82m
19610418,Mohammad Ashour,11,521592,2024-05-03,Pacific Conference JV Districts,14,Javelin,1,0,10,30.74m
18122804,Roman Vazquez,9,521592,2024-05-03,Pacific Conference JV Districts,14,Javelin,1,0,13,29.91m
21417791,Ammon Escobar,9,521592,2024-05-03,Pacific Conference JV Districts,14,Javelin,1,0,18,28.12m
30340962,Carter Shepherd,9,521592,2024-05-03,Pacific Conference JV Districts,14,Javelin,1,0,19,27.36m
19169545,Joshua Anchinga,11,521592,2024-05-03,Pacific Conference JV Districts,14,Javelin,1,0,43,22.42m
17366211,Lukas Vaught,12,521592,2024-05-03,Pacific Conference JV Districts,14,Javelin,1,0,46,21.90m
22081380,Logan Schreiner,12,521592,2024-05-03,Pacific Conference JV Districts,14,Javelin,1,0,49,20.84m
19610539,Michael Caronna,12,521592,2024-05-03,Pacific Conference JV Districts,14,Javelin,1,0,1,16.98m
12942498,Kaiden Meidinger*,12,521592,2024-05-03,Pacific Conference JV Districts,14,Javelin,1,0,2,15.01m
20014982,Nevaeh Mattson,9,521592,2024-05-03,Pacific Conference JV Districts,32,Javelin,1,0,5,21.97m
15115811,Kallina Borden,9,521592,2024-05-03,Pacific Conference JV Districts,32,Javelin,1,0,11,19.75m
22568213,Brynley Phelps,9,521592,2024-05-03,Pacific Conference JV Districts,32,Javelin,1,0,15,17.79m
19610395,Bekah Anderson,11,521592,2024-05-03,Pacific Conference JV Districts,32,Javelin,1,0,38,10.82m
24618052,Gloria Kimungui,9,521592,2024-05-03,Pacific Conference JV Districts,32,Javelin,1,0,40,9.34m
24973692,Cheroly Banful,12,521592,2024-05-03,Pacific Conference JV Districts,32,Javelin,1,0,1,6.90m
22081332,Kincade Bishop,12,521592,2024-05-03,Pacific Conference JV Districts,9,High Jump,1,0,3,1.58m
24620727,Tarek Abdellatif,11,521592,2024-05-03,Pacific Conference JV Districts,9,High Jump,1,0,5,1.49m
18817429,Aiden Garrison,11,521592,2024-05-03,Pacific Conference JV Districts,9,High Jump,1,0,6,1.49m
30340950,Blake Horner,9,521592,2024-05-03,Pacific Conference JV Districts,9,High Jump,1,0,8,1.43m
30367522,Hayden Shimp,9,521592,2024-05-03,Pacific Conference JV Districts,27,High Jump,1,0,1,1.42m
26127650,Jazlyn Rose,9,521592,2024-05-03,Pacific Conference JV Districts,27,High Jump,1,0,5,1.22m
9682693,Lyla Valdez,9,521592,2024-05-03,Pacific Conference JV Districts,27,High Jump,1,0,7,1.22m
22567998,Ava Grant,9,521592,2024-05-03,Pacific Conference JV Districts,27,High Jump,1,0,10,1.17m
24544011,Alexander Osborn,10,521592,2024-05-03,Pacific Conference JV Districts,16,Pole Vault,1,0,6,2.29m
22105260,Sean O'Neal,12,521592,2024-05-03,Pacific Conference JV Districts,16,Pole Vault,1,0,6,2.29m
13260088,Lucas Badouli,12,521592,2024-05-03,Pacific Conference JV Districts,17,Long Jump,1,0,6,5.26m
24652232,Abram Perez,9,521592,2024-05-03,Pacific Conference JV Districts,17,Long Jump,1,0,15,4.93m
22081332,Kincade Bishop,12,521592,2024-05-03,Pacific Conference JV Districts,17,Long Jump,1,0,39,4.32m
22105260,Sean O'Neal,12,521592,2024-05-03,Pacific Conference JV Districts,17,Long Jump,1,0,42,4.06m
22567998,Ava Grant,9,521592,2024-05-03,Pacific Conference JV Districts,35,Long Jump,1,0,3,4.19m
24443505,Malia Evonuk,9,521592,2024-05-03,Pacific Conference JV Districts,35,Long Jump,1,0,15,3.76m
24443505,Malia Evonuk,9,521592,2024-05-03,Pacific Conference JV Districts,36,Triple Jump,1,0,1,9.65m
26127650,Jazlyn Rose,9,521592,2024-05-03,Pacific Conference JV Districts,36,Triple Jump,1,0,8,8.15m
22897470,Oisin McEvoy,12,529693,2024-05-09,6A-3 Pacific Conference Championships,1,100 Meters,0,0,1,10.75a
19610541,Ojani Gray,12,529693,2024-05-09,6A-3 Pacific Conference Championships,1,100 Meters,0,0,2,10.87a
12922689,Zachary Gilmor,12,529693,2024-05-09,6A-3 Pacific Conference Championships,1,100 Meters,0,0,7,11.16a
22081319,Brooklyn Jones,10,529693,2024-05-09,6A-3 Pacific Conference Championships,19,100 Meters,0,0,7,13.02a
22081314,Addison Cutsforth,10,529693,2024-05-09,6A-3 Pacific Conference Championships,19,100 Meters,0,0,8,13.04a
30168654,Andrew Waletich,11,529693,2024-05-09,6A-3 Pacific Conference Championships,2,200 Meters,0,0,3,22.02a
22897470,Oisin McEvoy,12,529693,2024-05-09,6A-3 Pacific Conference Championships,2,200 Meters,0,0,4,22.34a
19610541,Ojani Gray,12,529693,2024-05-09,6A-3 Pacific Conference Championships,2,200 Meters,0,0,5,22.55a
12922327,McKenzie Milton,12,529693,2024-05-09,6A-3 Pacific Conference Championships,20,200 Meters,0,0,4,25.93a
22081314,Addison Cutsforth,10,529693,2024-05-09,6A-3 Pacific Conference Championships,20,200 Meters,0,0,7,26.70a
30168654,Andrew Waletich,11,529693,2024-05-09,6A-3 Pacific Conference Championships,3,400 Meters,0,0,1,48.46a
22081391,Jayden Wright,10,529693,2024-05-09,6A-3 Pacific Conference Championships,3,400 Meters,0,0,7,52.99a
12922327,McKenzie Milton,12,529693,2024-05-09,6A-3 Pacific Conference Championships,21,400 Meters,0,0,3,58.90a
19610415,Gentry Vargas,11,529693,2024-05-09,6A-3 Pacific Conference Championships,21,400 Meters,0,0,5,1:02.54a
18587334,Paiton Miller,11,529693,2024-05-09,6A-3 Pacific Conference Championships,21,400 Meters,0,0,7,1:04.15a
11815231,Jack Chidester,12,529693,2024-05-09,6A-3 Pacific Conference Championships,4,800 Meters,0,0,6,2:02.81a
19610553,Ryan Dunn,12,529693,2024-05-09,6A-3 Pacific Conference Championships,4,800 Meters,0,0,7,2:03.80a
30367518,Evylee Bugher,9,529693,2024-05-09,6A-3 Pacific Conference Championships,22,800 Meters,0,0,2,2:17.36a
29728487,Senoya Bugher,11,529693,2024-05-09,6A-3 Pacific Conference Championships,22,800 Meters,0,0,5,2:23.05a
26645716,Heidi Gill,12,529693,2024-05-09,6A-3 Pacific Conference Championships,22,800 Meters,0,0,6,2:26.94a
30194568,Dylan Weniger,11,529693,2024-05-09,6A-3 Pacific Conference Championships,5,1500 Meters,0,0,1,4:01.53a
11815231,Jack Chidester,12,529693,2024-05-09,6A-3 Pacific Conference Championships,5,1500 Meters,0,0,8,4:17.04a
19220514,Lukas Valdez,12,529693,2024-05-09,6A-3 Pacific Conference Championships,5,1500 Meters,0,0,12,4:21.91a
30367518,Evylee Bugher,9,529693,2024-05-09,6A-3 Pacific Conference Championships,23,1500 Meters,0,0,1,4:51.32a
30367521,Tyler Thomas,9,529693,2024-05-09,6A-3 Pacific Conference Championships,23,1500 Meters,0,0,2,4:51.51a
30959281,Anna Grunow,11,529693,2024-05-09,6A-3 Pacific Conference Championships,23,1500 Meters,0,0,5,5:04.97a
30194568,Dylan Weniger,11,529693,2024-05-09,6A-3 Pacific Conference Championships,6,3000 Meters,0,0,1,8:27.43a
14185115,Kurt Eddington,12,529693,2024-05-09,6A-3 Pacific Conference Championships,6,3000 Meters,0,0,6,9:13.92a
17586188,Kole Norman,9,529693,2024-05-09,6A-3 Pacific Conference Championships,6,3000 Meters,0,0,7,9:16.00a
30959281,Anna Grunow,11,529693,2024-05-09,6A-3 Pacific Conference Championships,24,3000 Meters,0,0,1,10:32.58a
30367521,Tyler Thomas,9,529693,2024-05-09,6A-3 Pacific Conference Championships,24,3000 Meters,0,0,2,10:34.16a
29728487,Senoya Bugher,11,529693,2024-05-09,6A-3 Pacific Conference Championships,24,3000 Meters,0,0,4,10:50.51a
22081325,Alexis Russell,10,529693,2024-05-09,6A-3 Pacific Conference Championships,28,100m Hurdles,0,0,4,16.68a
19610401,Ava Gaggini,11,529693,2024-05-09,6A-3 Pacific Conference Championships,28,100m Hurdles,0,0,6,16.97a
13260101,Ryker Wolvers,12,529693,2024-05-09,6A-3 Pacific Conference Championships,10,110m Hurdles,0,0,2,15.32a
24652072,Grant Fischer,12,529693,2024-05-09,6A-3 Pacific Conference Championships,10,110m Hurdles,0,0,7,16.33a
13260101,Ryker Wolvers,12,529693,2024-05-09,6A-3 Pacific Conference Championships,11,300m Hurdles,0,0,2,40.13a
24652072,Grant Fischer,12,529693,2024-05-09,6A-3 Pacific Conference Championships,11,300m Hurdles,0,0,7,42.42a
22081325,Alexis Russell,10,529693,2024-05-09,6A-3 Pacific Conference Championships,29,300m Hurdles,0,0,3,47.93a
26946898,Katie Rice-Whittingham,12,529693,2024-05-09,6A-3 Pacific Conference Championships,29,300m Hurdles,0,0,4,48.58a
19610401,Ava Gaggini,11,529693,2024-05-09,6A-3 Pacific Conference Championships,29,300m Hurdles,0,0,6,49.59a
30168654,Andrew Waletich,11,529693,2024-05-09,6A-3 Pacific Conference Championships,7,4x100 Relay,0,1,1,42.31a
13260096,Evan Morris,12,529693,2024-05-09,6A-3 Pacific Conference Championships,7,4x100 Relay,0,1,1,42.31a
22897470,Oisin McEvoy,12,529693,2024-05-09,6A-3 Pacific Conference Championships,7,4x100 Relay,0,1,1,42.31a
19610541,Ojani Gray,12,529693,2024-05-09,6A-3 Pacific Conference Championships,7,4x100 Relay,0,1,1,42.31a
12922327,McKenzie Milton,12,529693,2024-05-09,6A-3 Pacific Conference Championships,25,4x100 Relay,0,1,2,49.75a
15085616,Peyton Foster,12,529693,2024-05-09,6A-3 Pacific Conference Championships,25,4x100 Relay,0,1,2,49.75a
22081314,Addison Cutsforth,10,529693,2024-05-09,6A-3 Pacific Conference Championships,25,4x100 Relay,0,1,2,49.75a
22081319,Brooklyn Jones,10,529693,2024-05-09,6A-3 Pacific Conference Championships,25,4x100 Relay,0,1,2,49.75a
19610415,Gentry Vargas,11,529693,2024-05-09,6A-3 Pacific Conference Championships,26,4x400 Relay,0,1,2,4:03.34a
30367518,Evylee Bugher,9,529693,2024-05-09,6A-3 Pacific Conference Championships,26,4x400 Relay,0,1,2,4:03.34a
22081314,Addison Cutsforth,10,529693,2024-05-09,6A-3 Pacific Conference Championships,26,4x400 Relay,0,1,2,4:03.34a
12922327,McKenzie Milton,12,529693,2024-05-09,6A-3 Pacific Conference Championships,26,4x400 Relay,0,1,2,4:03.34a
12922710,Brayden Klostreich,12,529693,2024-05-09,6A-3 Pacific Conference Championships,12,Shot Put,1,0,7,12.16m
18122796,Levi Klostreich,9,529693,2024-05-09,6A-3 Pacific Conference Championships,12,Shot Put,1,0,11,11.38m
19610426,Sheppard Kilkenny,11,529693,2024-05-09,6A-3 Pacific Conference Championships,12,Shot Put,1,0,15,10.70m
14185126,Amira Whitson,11,529693,2024-05-09,6A-3 Pacific Conference Championships,30,Shot Put,1,0,2,9.68m
26946898,Katie Rice-Whittingham,12,529693,2024-05-09,6A-3 Pacific Conference Championships,30,Shot Put,1,0,6,9.23m
27402542,Brytlin Cuthbertson,11,529693,2024-05-09,6A-3 Pacific Conference Championships,30,Shot Put,1,0,15,7.96m
18122796,Levi Klostreich,9,529693,2024-05-09,6A-3 Pacific Conference Championships,13,Discus,1,0,5,37.09m
12922710,Brayden Klostreich,12,529693,2024-05-09,6A-3 Pacific Conference Championships,13,Discus,1,0,9,35.30m
24776685,Tanner Smith,10,529693,2024-05-09,6A-3 Pacific Conference Championships,13,Discus,1,0,10,35.00m
27402542,Brytlin Cuthbertson,11,529693,2024-05-09,6A-3 Pacific Conference Championships,31,Discus,1,0,1,33.52m
19610414,Charlotte Vargas,11,529693,2024-05-09,6A-3 Pacific Conference Championships,31,Discus,1,0,7,28.36m
30495062,Emma Vodrup,9,529693,2024-05-09,6A-3 Pacific Conference Championships,31,Discus,1,0,12,24.17m
27420164,Drew Smith,12,529693,2024-05-09,6A-3 Pacific Conference Championships,14,Javelin,1,0,1,55.86m
24617804,Josiah Busby,12,529693,2024-05-09,6A-3 Pacific Conference Championships,14,Javelin,1,0,8,44.15m
19610426,Sheppard Kilkenny,11,529693,2024-05-09,6A-3 Pacific Conference Championships,14,Javelin,1,0,10,43.28m
14185126,Amira Whitson,11,529693,2024-05-09,6A-3 Pacific Conference Championships,32,Javelin,1,0,2,35.71m
30495062,Emma Vodrup,9,529693,2024-05-09,6A-3 Pacific Conference Championships,32,Javelin,1,0,7,29.53m
30367518,Evylee Bugher,9,529693,2024-05-09,6A-3 Pacific Conference Championships,32,Javelin,1,0,10,28.49m
24652029,Ethan Eckard,12,529693,2024-05-09,6A-3 Pacific Conference Championships,9,High Jump,1,0,3,1.75m
24616954,Caden Mikulak,11,529693,2024-05-09,6A-3 Pacific Conference Championships,9,High Jump,1,0,4,1.75m
19610545,Tyler Leyshock,12,529693,2024-05-09,6A-3 Pacific Conference Championships,9,High Jump,1,0,10,1.60m
33327376,Mari Evonuk,12,529693,2024-05-09,6A-3 Pacific Conference Championships,27,High Jump,1,0,1,1.57m
30372717,Reese Eckard,11,529693,2024-05-09,6A-3 Pacific Conference Championships,27,High Jump,1,0,3,1.52m
14185126,Amira Whitson,11,529693,2024-05-09,6A-3 Pacific Conference Championships,27,High Jump,1,0,3,1.52m
22081346,Steven Duricka,12,529693,2024-05-09,6A-3 Pacific Conference Championships,16,Pole Vault,1,0,6,3.57m
18053106,Caleb Chung,12,529693,2024-05-09,6A-3 Pacific Conference Championships,16,Pole Vault,1,0,12,3.12m
22081354,Alexander Gallinger-Long,10,529693,2024-05-09,6A-3 Pacific Conference Championships,16,Pole Vault,1,0,16,2.82m
23622510,Siyi Liang,9,529693,2024-05-09,6A-3 Pacific Conference Championships,34,Pole Vault,1,0,9,2.15m
15115810,Nittaya Bates,9,529693,2024-05-09,6A-3 Pacific Conference Championships,34,Pole Vault,1,0,14,2.00m
13260096,Evan Morris,12,529693,2024-05-09,6A-3 Pacific Conference Championships,17,Long Jump,1,0,1,6.42m
13046784,Jaylan Moore,12,529693,2024-05-09,6A-3 Pacific Conference Championships,17,Long Jump,1,0,4,6.24m
16685117,Braedon Motland,9,529693,2024-05-09,6A-3 Pacific Conference Championships,17,Long Jump,1,0,10,5.50m
26946898,Katie Rice-Whittingham,12,529693,2024-05-09,6A-3 Pacific Conference Championships,35,Long Jump,1,0,2,4.96m
13260160,Ava Paul,12,529693,2024-05-09,6A-3 Pacific Conference Championships,35,Long Jump,1,0,10,4.41m
15079477,Brynn Sands,12,529693,2024-05-09,6A-3 Pacific Conference Championships,35,Long Jump,1,0,13,4.14m
13260096,Evan Morris,12,529693,2024-05-09,6A-3 Pacific Conference Championships,18,Triple Jump,1,0,1,13.51m
13046784,Jaylan Moore,12,529693,2024-05-09,6A-3 Pacific Conference Championships,18,Triple Jump,1,0,2,13.35m
24616954,Caden Mikulak,11,529693,2024-05-09,6A-3 Pacific Conference Championships,18,Triple Jump,1,0,4,12.34m
14185126,Amira Whitson,11,529693,2024-05-09,6A-3 Pacific Conference Championships,36,Triple Jump,1,0,2,10.64m
13260160,Ava Paul,12,529693,2024-05-09,6A-3 Pacific Conference Championships,36,Triple Jump,1,0,6,10.22m
33327376,Mari Evonuk,12,529693,2024-05-09,6A-3 Pacific Conference Championships,36,Triple Jump,1,0,7,9.97m
22897470,Oisin McEvoy,12,520151,2024-05-18, OSAA 6A State Championships,1,100 Meters,0,0,8,11.21a
30168654,Andrew Waletich,11,520151,2024-05-18, OSAA 6A State Championships,2,200 Meters,0,0,6,22.39a
30168654,Andrew Waletich,11,520151,2024-05-18, OSAA 6A State Championships,3,400 Meters,0,0,1,48.49a
30194568,Dylan Weniger,11,520151,2024-05-18, OSAA 6A State Championships,5,1500 Meters,0,0,4,3:56.66a
24178317,Matthew Wroblewski,10,520151,2024-05-18, OSAA 6A State Championships,5,1500 Meters,0,0,16,4:06.26a
30367518,Evylee Bugher,9,520151,2024-05-18, OSAA 6A State Championships,23,1500 Meters,0,0,14,4:54.09a
30367521,Tyler Thomas,9,520151,2024-05-18, OSAA 6A State Championships,23,1500 Meters,0,0,15,4:56.76a
30194568,Dylan Weniger,11,520151,2024-05-18, OSAA 6A State Championships,6,3000 Meters,0,0,7,8:25.95a
24178317,Matthew Wroblewski,10,520151,2024-05-18, OSAA 6A State Championships,6,3000 Meters,0,0,8,8:26.43a
30367521,Tyler Thomas,9,520151,2024-05-18, OSAA 6A State Championships,24,3000 Meters,0,0,17,10:38.93a
30959281,Anna Grunow,11,520151,2024-05-18, OSAA 6A State Championships,24,3000 Meters,0,0,18,10:52.31a
13260101,Ryker Wolvers,12,520151,2024-05-18, OSAA 6A State Championships,10,110m Hurdles,0,0,8,15.35a
13260101,Ryker Wolvers,12,520151,2024-05-18, OSAA 6A State Championships,11,300m Hurdles,0,0,4,39.98a
30168654,Andrew Waletich,11,520151,2024-05-18, OSAA 6A State Championships,7,4x100 Relay,0,1,6,42.45a
13260096,Evan Morris,12,520151,2024-05-18, OSAA 6A State Championships,7,4x100 Relay,0,1,6,42.45a
22897470,Oisin McEvoy,12,520151,2024-05-18, OSAA 6A State Championships,7,4x100 Relay,0,1,6,42.45a
19610541,Ojani Gray,12,520151,2024-05-18, OSAA 6A State Championships,7,4x100 Relay,0,1,6,42.45a
12922327,McKenzie Milton,12,520151,2024-05-18, OSAA 6A State Championships,25,4x100 Relay,0,1,14,50.16a
15085616,Peyton Foster,12,520151,2024-05-18, OSAA 6A State Championships,25,4x100 Relay,0,1,14,50.16a
22081314,Addison Cutsforth,10,520151,2024-05-18, OSAA 6A State Championships,25,4x100 Relay,0,1,14,50.16a
22081319,Brooklyn Jones,10,520151,2024-05-18, OSAA 6A State Championships,25,4x100 Relay,0,1,14,50.16a
19610415,Gentry Vargas,11,520151,2024-05-18, OSAA 6A State Championships,26,4x400 Relay,0,1,4,4:00.66a
30367518,Evylee Bugher,9,520151,2024-05-18, OSAA 6A State Championships,26,4x400 Relay,0,1,4,4:00.66a
22081314,Addison Cutsforth,10,520151,2024-05-18, OSAA 6A State Championships,26,4x400 Relay,0,1,4,4:00.66a
12922327,McKenzie Milton,12,520151,2024-05-18, OSAA 6A State Championships,26,4x400 Relay,0,1,4,4:00.66a
14185126,Amira Whitson,11,520151,2024-05-18, OSAA 6A State Championships,30,Shot Put,1,0,14,9.36m
27402542,Brytlin Cuthbertson,11,520151,2024-05-18, OSAA 6A State Championships,31,Discus,1,0,14,28.98m
27420164,Drew Smith,12,520151,2024-05-18, OSAA 6A State Championships,14,Javelin,1,0,1,60.27m
14185126,Amira Whitson,11,520151,2024-05-18, OSAA 6A State Championships,32,Javelin,1,0,3,38.92m
33327376,Mari Evonuk,12,520151,2024-05-18, OSAA 6A State Championships,27,High Jump,1,0,4,1.60m
30372717,Reese Eckard,11,520151,2024-05-18, OSAA 6A State Championships,27,High Jump,1,0,7,1.52m
26946898,Katie Rice-Whittingham,12,520151,2024-05-18, OSAA 6A State Championships,35,Long Jump,1,0,13,4.84m
13046784,Jaylan Moore,12,520151,2024-05-18, OSAA 6A State Championships,18,Triple Jump,1,0,4,13.23m
13260096,Evan Morris,12,520151,2024-05-18, OSAA 6A State Championships,18,Triple Jump,1,0,8,12.96m
14185126,Amira Whitson,11,520151,2024-05-18, OSAA 6A State Championships,36,Triple Jump,1,0,14,10.02m
27638586,Parker Sleeman,9,570663,2025-05-16,Pacific League JV Districts,1,100 Meters,0,0,3,12.09a
22081345,Ethan Douglass,12,570663,2025-05-16,Pacific League JV Districts,1,100 Meters,0,0,4,12.17a
20012929,Adithya Thothala,9,570663,2025-05-16,Pacific League JV Districts,1,100 Meters,0,0,29,12.57a
24761759,Ivan Batllia,10,570663,2025-05-16,Pacific League JV Districts,1,100 Meters,0,0,32,12.62a
22604385,Jacob Easterly,10,570663,2025-05-16,Pacific League JV Districts,1,100 Meters,0,0,38,12.70a
27638343,Jacob Leicht,10,570663,2025-05-16,Pacific League JV Districts,1,100 Meters,0,0,55,12.91a
18122803,Gavin Vargas,10,570663,2025-05-16,Pacific League JV Districts,1,100 Meters,0,0,60,12.99a
20012743,Carlos Gomez,9,570663,2025-05-16,Pacific League JV Districts,1,100 Meters,0,0,64,13.10a
27638488,Malachi McClellan,12,570663,2025-05-16,Pacific League JV Districts,1,100 Meters,0,0,78,13.36a
25094290,Wyatt Tarter,10,570663,2025-05-16,Pacific League JV Districts,1,100 Meters,0,0,82,13.39a
27456666,Bradley Caldwell,9,570663,2025-05-16,Pacific League JV Districts,1,100 Meters,0,0,85,13.52a
27638557,Jayden Perez,9,570663,2025-05-16,Pacific League JV Districts,1,100 Meters,0,0,106,14.08a
24973707,Aaron Dube,11,570663,2025-05-16,Pacific League JV Districts,1,100 Meters,0,0,122,21.64a
27638346,Mason Lucero,9,570663,2025-05-16,Pacific League JV Districts,1,100 Meters,0,0,123,24.99a
27456372,Jacob Blaser,11,570663,2025-05-16,Pacific League JV Districts,1,100 Meters,0,0,124,25.16a
24973681,Nicholas Videtich,10,570663,2025-05-16,Pacific League JV Districts,1,100 Meters,0,0,125,33.27a
25215565,Sophie Cooper,9,570663,2025-05-16,Pacific League JV Districts,19,100 Meters,0,0,2,13.60a
18122764,Breanna Werle,10,570663,2025-05-16,Pacific League JV Districts,19,100 Meters,0,0,11,14.16a
18817424,Juliet Yoo,12,570663,2025-05-16,Pacific League JV Districts,19,100 Meters,0,0,15,14.49a
32970141,Sofia Minera-Burrola,11,570663,2025-05-16,Pacific League JV Districts,19,100 Meters,0,0,18,14.71a
27637407,Augusta Bollmann,12,570663,2025-05-16,Pacific League JV Districts,19,100 Meters,0,0,31,15.05a
20012831,Zoe Hays,9,570663,2025-05-16,Pacific League JV Districts,19,100 Meters,0,0,40,15.24a
19010593,Ilana Savage,12,570663,2025-05-16,Pacific League JV Districts,19,100 Meters,0,0,49,15.54a
27378863,Kaylee Marshall,9,570663,2025-05-16,Pacific League JV Districts,19,100 Meters,0,0,58,15.86a
27637406,Malia Plaster,10,570663,2025-05-16,Pacific League JV Districts,19,100 Meters,0,0,73,17.15a
27637416,Kiara Hafen,11,570663,2025-05-16,Pacific League JV Districts,19,100 Meters,0,0,75,17.43a
27637422,Sophia Kelley,9,570663,2025-05-16,Pacific League JV Districts,19,100 Meters,0,0,79,18.20a
27804412,Sofia Tavera,10,570663,2025-05-16,Pacific League JV Districts,19,100 Meters,0,0,82,25.82a
27638586,Parker Sleeman,9,570663,2025-05-16,Pacific League JV Districts,2,200 Meters,0,0,2,24.20a
22081345,Ethan Douglass,12,570663,2025-05-16,Pacific League JV Districts,2,200 Meters,0,0,4,24.77a
24651820,Brandon Arreguin,11,570663,2025-05-16,Pacific League JV Districts,2,200 Meters,0,0,8,24.90a
22081356,Jackson Henderson,11,570663,2025-05-16,Pacific League JV Districts,2,200 Meters,0,0,17,25.30a
22604385,Jacob Easterly,10,570663,2025-05-16,Pacific League JV Districts,2,200 Meters,0,0,26,25.69a
24630758,Bodhi Welsh,10,570663,2025-05-16,Pacific League JV Districts,2,200 Meters,0,0,28,25.72a
18122820,Andrew Sten,11,570663,2025-05-16,Pacific League JV Districts,2,200 Meters,0,0,30,25.74a
24761759,Ivan Batllia,10,570663,2025-05-16,Pacific League JV Districts,2,200 Meters,0,0,44,26.41a
20012743,Carlos Gomez,9,570663,2025-05-16,Pacific League JV Districts,2,200 Meters,0,0,56,26.91a
24549566,Landon Hartmann,12,570663,2025-05-16,Pacific League JV Districts,2,200 Meters,0,0,67,27.62a
25094290,Wyatt Tarter,10,570663,2025-05-16,Pacific League JV Districts,2,200 Meters,0,0,72,27.98a
27638557,Jayden Perez,9,570663,2025-05-16,Pacific League JV Districts,2,200 Meters,0,0,88,29.01a
25215565,Sophie Cooper,9,570663,2025-05-16,Pacific League JV Districts,20,200 Meters,0,0,2,28.90a
25215248,Keagan Bone,9,570663,2025-05-16,Pacific League JV Districts,20,200 Meters,0,0,5,29.20a
32970141,Sofia Minera-Burrola,11,570663,2025-05-16,Pacific League JV Districts,20,200 Meters,0,0,7,30.02a
22568213,Brynley Phelps,10,570663,2025-05-16,Pacific League JV Districts,20,200 Meters,0,0,8,30.37a
18817424,Juliet Yoo,12,570663,2025-05-16,Pacific League JV Districts,20,200 Meters,0,0,9,30.39a
17481444,Julia Williams,10,570663,2025-05-16,Pacific League JV Districts,20,200 Meters,0,0,21,31.84a
27378852,Kaitlyn Sharp,9,570663,2025-05-16,Pacific League JV Districts,20,200 Meters,0,0,23,31.90a
27637407,Augusta Bollmann,12,570663,2025-05-16,Pacific League JV Districts,20,200 Meters,0,0,24,32.02a
20012831,Zoe Hays,9,570663,2025-05-16,Pacific League JV Districts,20,200 Meters,0,0,29,32.55a
27378863,Kaylee Marshall,9,570663,2025-05-16,Pacific League JV Districts,20,200 Meters,0,0,35,33.32a
19010593,Ilana Savage,12,570663,2025-05-16,Pacific League JV Districts,20,200 Meters,0,0,38,33.41a
27637416,Kiara Hafen,11,570663,2025-05-16,Pacific League JV Districts,20,200 Meters,0,0,51,37.49a
24651820,Brandon Arreguin,11,570663,2025-05-16,Pacific League JV Districts,3,400 Meters,0,0,5,56.23a
18122820,Andrew Sten,11,570663,2025-05-16,Pacific League JV Districts,3,400 Meters,0,0,6,56.53a
22604385,Jacob Easterly,10,570663,2025-05-16,Pacific League JV Districts,3,400 Meters,0,0,8,57.33a
22081339,Brandon Colli,11,570663,2025-05-16,Pacific League JV Districts,3,400 Meters,0,0,9,57.53a
24630758,Bodhi Welsh,10,570663,2025-05-16,Pacific League JV Districts,3,400 Meters,0,0,10,57.72a
24549566,Landon Hartmann,12,570663,2025-05-16,Pacific League JV Districts,3,400 Meters,0,0,19,1:04.14a
22568213,Brynley Phelps,10,570663,2025-05-16,Pacific League JV Districts,21,400 Meters,0,0,2,1:06.43a
17481444,Julia Williams,10,570663,2025-05-16,Pacific League JV Districts,21,400 Meters,0,0,4,1:08.20a
32970141,Sofia Minera-Burrola,11,570663,2025-05-16,Pacific League JV Districts,21,400 Meters,0,0,6,1:13.51a
22081350,Ian Evans,11,570663,2025-05-16,Pacific League JV Districts,4,800 Meters,0,0,1,2:08.92a
30340938,Finley Borchardt,9,570663,2025-05-16,Pacific League JV Districts,4,800 Meters,0,0,2,2:09.72a
18817435,Jack Weggeland,12,570663,2025-05-16,Pacific League JV Districts,4,800 Meters,0,0,4,2:13.02a
23621663,Conner Petty,10,570663,2025-05-16,Pacific League JV Districts,4,800 Meters,0,0,8,2:18.61a
23621628,Arthur Chapman,10,570663,2025-05-16,Pacific League JV Districts,4,800 Meters,0,0,21,2:31.53a
18817433,Victor McAuley,12,570663,2025-05-16,Pacific League JV Districts,4,800 Meters,0,0,22,2:31.90a
21164428,Aiden Hannon,11,570663,2025-05-16,Pacific League JV Districts,4,800 Meters,0,0,30,2:38.50a
22081390,Carson Wright,11,570663,2025-05-16,Pacific League JV Districts,4,800 Meters,0,0,33,2:40.57a
17481428,Riley Kliever,11,570663,2025-05-16,Pacific League JV Districts,22,800 Meters,0,0,3,2:41.69a
27378866,Mae Mcgalis,9,570663,2025-05-16,Pacific League JV Districts,22,800 Meters,0,0,8,2:56.95a
9682693,Lyla Valdez,10,570663,2025-05-16,Pacific League JV Districts,22,800 Meters,0,0,10,2:58.80a
26481411,Jordan Starnes,9,570663,2025-05-16,Pacific League JV Districts,22,800 Meters,0,0,24,3:22.95a
32392526,Calvin Brandl,9,570663,2025-05-16,Pacific League JV Districts,5,1500 Meters,0,0,2,4:30.73a
25212072,Ben Corning,9,570663,2025-05-16,Pacific League JV Districts,5,1500 Meters,0,0,5,4:44.19a
23621663,Conner Petty,10,570663,2025-05-16,Pacific League JV Districts,5,1500 Meters,0,0,16,4:51.48a
30340953,Caleb Olson,11,570663,2025-05-16,Pacific League JV Districts,5,1500 Meters,0,0,17,4:51.64a
18817433,Victor McAuley,12,570663,2025-05-16,Pacific League JV Districts,5,1500 Meters,0,0,22,5:06.67a
22081390,Carson Wright,11,570663,2025-05-16,Pacific League JV Districts,5,1500 Meters,0,0,25,5:09.72a
23621628,Arthur Chapman,10,570663,2025-05-16,Pacific League JV Districts,5,1500 Meters,0,0,27,5:15.92a
21164440,Eric Weber,11,570663,2025-05-16,Pacific League JV Districts,5,1500 Meters,0,0,30,5:19.95a
18817419,Keegan Mortier,12,570663,2025-05-16,Pacific League JV Districts,5,1500 Meters,0,0,39,5:31.34a
21164428,Aiden Hannon,11,570663,2025-05-16,Pacific League JV Districts,5,1500 Meters,0,0,41,5:33.18a
23628240,Desmond Christie,10,570663,2025-05-16,Pacific League JV Districts,5,1500 Meters,0,0,53,6:25.43a
30959304,Merrill Humphrey,10,570663,2025-05-16,Pacific League JV Districts,23,1500 Meters,0,0,1,5:20.12a
17481428,Riley Kliever,11,570663,2025-05-16,Pacific League JV Districts,23,1500 Meters,0,0,5,5:43.28a
20012921,Niku Tavazoie,9,570663,2025-05-16,Pacific League JV Districts,23,1500 Meters,0,0,21,6:18.29a
26481411,Jordan Starnes,9,570663,2025-05-16,Pacific League JV Districts,23,1500 Meters,0,0,27,6:54.87a
30340947,Brady Edinger,10,570663,2025-05-16,Pacific League JV Districts,6,3000 Meters,0,0,1,9:24.06a
30340951,Davis Malan,11,570663,2025-05-16,Pacific League JV Districts,6,3000 Meters,0,0,7,9:39.73a
30340934,Carter Allen,11,570663,2025-05-16,Pacific League JV Districts,6,3000 Meters,0,0,8,9:44.20a
19062217,Joe Giles,9,570663,2025-05-16,Pacific League JV Districts,6,3000 Meters,0,0,9,9:45.33a
30305974,Jonah Campbell,12,570663,2025-05-16,Pacific League JV Districts,6,3000 Meters,0,0,10,9:46.08a
18817419,Keegan Mortier,12,570663,2025-05-16,Pacific League JV Districts,6,3000 Meters,0,0,33,12:17.14a
30523249,Emma Norman,10,570663,2025-05-16,Pacific League JV Districts,24,3000 Meters,0,0,1,12:02.33a
30959304,Merrill Humphrey,10,570663,2025-05-16,Pacific League JV Districts,24,3000 Meters,0,0,2,12:16.56a
18122764,Breanna Werle,10,570663,2025-05-16,Pacific League JV Districts,28,100m Hurdles,0,0,2,18.74a
19013063,Taylor Demcak,9,570663,2025-05-16,Pacific League JV Districts,28,100m Hurdles,0,0,3,18.77a
26367228,Chloe D'Angelo,10,570663,2025-05-16,Pacific League JV Districts,28,100m Hurdles,0,0,4,19.13a
26367228,Chloe D'Angelo,10,570663,2025-05-16,Pacific League JV Districts,29,300m Hurdles,0,0,2,53.48a
19013063,Taylor Demcak,9,570663,2025-05-16,Pacific League JV Districts,29,300m Hurdles,0,0,3,53.88a
18122764,Breanna Werle,10,570663,2025-05-16,Pacific League JV Districts,29,300m Hurdles,0,0,5,56.97a
6007,A,,570663,2025-05-16,Pacific League JV Districts,7,4x100 Relay,0,0,1,1:20.95a
6007,B,,570663,2025-05-16,Pacific League JV Districts,7,4x100 Relay,0,0,2,1:21.15a
27637406,Malia Plaster,10,570663,2025-05-16,Pacific League JV Districts,25,4x100 Relay,0,1,4,56.68a
18122764,Breanna Werle,10,570663,2025-05-16,Pacific League JV Districts,25,4x100 Relay,0,1,4,56.68a
25215248,Keagan Bone,9,570663,2025-05-16,Pacific League JV Districts,25,4x100 Relay,0,1,4,56.68a
25215565,Sophie Cooper,9,570663,2025-05-16,Pacific League JV Districts,25,4x100 Relay,0,1,4,56.68a
30340938,Finley Borchardt,9,570663,2025-05-16,Pacific League JV Districts,8,4x400 Relay,0,1,4,3:56.27a
22081339,Brandon Colli,11,570663,2025-05-16,Pacific League JV Districts,8,4x400 Relay,0,1,4,3:56.27a
30340953,Caleb Olson,11,570663,2025-05-16,Pacific League JV Districts,8,4x400 Relay,0,1,4,3:56.27a
24651820,Brandon Arreguin,11,570663,2025-05-16,Pacific League JV Districts,8,4x400 Relay,0,1,4,3:56.27a
25215248,Keagan Bone,9,570663,2025-05-16,Pacific League JV Districts,26,4x400 Relay,0,1,2,4:47.26a
9682693,Lyla Valdez,10,570663,2025-05-16,Pacific League JV Districts,26,4x400 Relay,0,1,2,4:47.26a
26367228,Chloe D'Angelo,10,570663,2025-05-16,Pacific League JV Districts,26,4x400 Relay,0,1,2,4:47.26a
17481428,Riley Kliever,11,570663,2025-05-16,Pacific League JV Districts,26,4x400 Relay,0,1,2,4:47.26a
969142,Barton Charles,9,570663,2025-05-16,Pacific League JV Districts,12,Shot Put,1,0,3,11.64m
29803077,Ethan Portillo,10,570663,2025-05-16,Pacific League JV Districts,12,Shot Put,1,0,10,10.27m
31734533,Henry Boyle,9,570663,2025-05-16,Pacific League JV Districts,12,Shot Put,1,0,16,9.92m
27638595,Neal Steger,12,570663,2025-05-16,Pacific League JV Districts,12,Shot Put,1,0,19,9.74m
27638340,Ryder Lamping,10,570663,2025-05-16,Pacific League JV Districts,12,Shot Put,1,0,27,9.25m
24622011,Jaymes Stutesman,12,570663,2025-05-16,Pacific League JV Districts,12,Shot Put,1,0,37,8.91m
27638338,Blake Kelton,11,570663,2025-05-16,Pacific League JV Districts,12,Shot Put,1,0,39,8.85m
27665035,Isaac Bell,10,570663,2025-05-16,Pacific League JV Districts,12,Shot Put,1,0,59,7.61m
24973707,Aaron Dube,11,570663,2025-05-16,Pacific League JV Districts,12,Shot Put,1,0,72,3.72m
27456372,Jacob Blaser,11,570663,2025-05-16,Pacific League JV Districts,12,Shot Put,1,0,73,2.59m
24973681,Nicholas Videtich,10,570663,2025-05-16,Pacific League JV Districts,12,Shot Put,1,0,74,0.93m
22081372,Rileigh Petty,12,570663,2025-05-16,Pacific League JV Districts,30,Shot Put,1,0,4,8.03m
30523303,Amaya Johnson,9,570663,2025-05-16,Pacific League JV Districts,30,Shot Put,1,0,9,7.21m
24618052,Gloria Kimungui,10,570663,2025-05-16,Pacific League JV Districts,30,Shot Put,1,0,22,5.88m
27804412,Sofia Tavera,10,570663,2025-05-16,Pacific League JV Districts,30,Shot Put,1,0,31,4.17m
969142,Barton Charles,9,570663,2025-05-16,Pacific League JV Districts,13,Discus,1,0,1,33.57m
27638338,Blake Kelton,11,570663,2025-05-16,Pacific League JV Districts,13,Discus,1,0,27,23.72m
27638621,Jacob Taylor,9,570663,2025-05-16,Pacific League JV Districts,13,Discus,1,0,38,22.46m
31734533,Henry Boyle,9,570663,2025-05-16,Pacific League JV Districts,13,Discus,1,0,41,21.62m
27638340,Ryder Lamping,10,570663,2025-05-16,Pacific League JV Districts,13,Discus,1,0,57,18.12m
27665035,Isaac Bell,10,570663,2025-05-16,Pacific League JV Districts,13,Discus,1,0,60,17.42m
30523303,Amaya Johnson,9,570663,2025-05-16,Pacific League JV Districts,31,Discus,1,0,3,25.69m
22081372,Rileigh Petty,12,570663,2025-05-16,Pacific League JV Districts,31,Discus,1,0,8,21.89m
20012520,Haley Cohen,9,570663,2025-05-16,Pacific League JV Districts,31,Discus,1,0,14,17.16m
27637447,Gracie Navarro,11,570663,2025-05-16,Pacific League JV Districts,31,Discus,1,0,21,14.07m
27670116,Nick Hardaker,11,570663,2025-05-16,Pacific League JV Districts,14,Javelin,1,0,1,41.40m
29803077,Ethan Portillo,10,570663,2025-05-16,Pacific League JV Districts,14,Javelin,1,0,2,40.08m
24673822,Alex Szklarz,12,570663,2025-05-16,Pacific League JV Districts,14,Javelin,1,0,3,37.08m
31734533,Henry Boyle,9,570663,2025-05-16,Pacific League JV Districts,14,Javelin,1,0,8,33.42m
27638621,Jacob Taylor,9,570663,2025-05-16,Pacific League JV Districts,14,Javelin,1,0,10,31.39m
24622011,Jaymes Stutesman,12,570663,2025-05-16,Pacific League JV Districts,14,Javelin,1,0,17,29.10m
969142,Barton Charles,9,570663,2025-05-16,Pacific League JV Districts,14,Javelin,1,0,31,21.92m
27638340,Ryder Lamping,10,570663,2025-05-16,Pacific League JV Districts,14,Javelin,1,0,35,20.70m
27638488,Malachi McClellan,12,570663,2025-05-16,Pacific League JV Districts,14,Javelin,1,0,46,16.94m
27665035,Isaac Bell,10,570663,2025-05-16,Pacific League JV Districts,14,Javelin,1,0,47,15.95m
22081372,Rileigh Petty,12,570663,2025-05-16,Pacific League JV Districts,32,Javelin,1,0,3,26.41m
19013063,Taylor Demcak,9,570663,2025-05-16,Pacific League JV Districts,32,Javelin,1,0,8,20.90m
30523303,Amaya Johnson,9,570663,2025-05-16,Pacific League JV Districts,32,Javelin,1,0,9,19.96m
27637447,Gracie Navarro,11,570663,2025-05-16,Pacific League JV Districts,32,Javelin,1,0,12,14.85m
24618052,Gloria Kimungui,10,570663,2025-05-16,Pacific League JV Districts,32,Javelin,1,0,14,14.19m
20012520,Haley Cohen,9,570663,2025-05-16,Pacific League JV Districts,32,Javelin,1,0,15,13.38m
27637422,Sophia Kelley,9,570663,2025-05-16,Pacific League JV Districts,32,Javelin,1,0,23,8.02m
22081356,Jackson Henderson,11,570663,2025-05-16,Pacific League JV Districts,9,High Jump,1,0,1,1.62m
9682693,Lyla Valdez,10,570663,2025-05-16,Pacific League JV Districts,27,High Jump,1,0,3,1.32m
22081339,Brandon Colli,11,570663,2025-05-16,Pacific League JV Districts,17,Long Jump,1,0,2,5.50m
27638343,Jacob Leicht,10,570663,2025-05-16,Pacific League JV Districts,17,Long Jump,1,0,17,4.75m
20014912,Jack Fairman,11,570663,2025-05-16,Pacific League JV Districts,17,Long Jump,1,0,28,4.04m
27638557,Jayden Perez,9,570663,2025-05-16,Pacific League JV Districts,17,Long Jump,1,0,31,3.41m
24973707,Aaron Dube,11,570663,2025-05-16,Pacific League JV Districts,17,Long Jump,1,0,35,1.17m
27638346,Mason Lucero,9,570663,2025-05-16,Pacific League JV Districts,17,Long Jump,1,0,36,1.04m
24973681,Nicholas Videtich,10,570663,2025-05-16,Pacific League JV Districts,17,Long Jump,1,0,37,0.06m
27637407,Augusta Bollmann,12,570663,2025-05-16,Pacific League JV Districts,35,Long Jump,1,0,13,3.95m
27378852,Kaitlyn Sharp,9,570663,2025-05-16,Pacific League JV Districts,35,Long Jump,1,0,18,3.88m
20012929,Adithya Thothala,9,570663,2025-05-16,Pacific League JV Districts,18,Triple Jump,1,0,1,11.57m
27456666,Bradley Caldwell,9,570663,2025-05-16,Pacific League JV Districts,18,Triple Jump,1,0,4,10.78m
26367232,Emma Stein,9,570663,2025-05-16,Pacific League JV Districts,36,Triple Jump,1,0,8,8.45m
22308118,Aidan Cvitkovich,12,570664,2025-05-23,6A-3 Pacific Conference Championships,1,100 Meters,0,0,2,11.38a
19610432,Layton Walter,12,570664,2025-05-23,6A-3 Pacific Conference Championships,1,100 Meters,0,0,7,11.63a
22081314,Addison Cutsforth,11,570664,2025-05-23,6A-3 Pacific Conference Championships,19,100 Meters,0,0,4,12.91a
22081319,Brooklyn Jones,11,570664,2025-05-23,6A-3 Pacific Conference Championships,19,100 Meters,0,0,6,13.14a
30168654,Andrew Waletich,12,570664,2025-05-23,6A-3 Pacific Conference Championships,2,200 Meters,0,0,1,22.14a
19610432,Layton Walter,12,570664,2025-05-23,6A-3 Pacific Conference Championships,2,200 Meters,0,0,6,23.30a
19610415,Gentry Vargas,12,570664,2025-05-23,6A-3 Pacific Conference Championships,20,200 Meters,0,0,3,26.15a
22081314,Addison Cutsforth,11,570664,2025-05-23,6A-3 Pacific Conference Championships,20,200 Meters,0,0,7,26.38a
30168654,Andrew Waletich,12,570664,2025-05-23,6A-3 Pacific Conference Championships,3,400 Meters,0,0,1,48.57a
22081391,Jayden Wright,11,570664,2025-05-23,6A-3 Pacific Conference Championships,3,400 Meters,0,0,5,50.94a
30497121,Allison Burnett,10,570664,2025-05-23,6A-3 Pacific Conference Championships,21,400 Meters,0,0,3,58.95a
19610415,Gentry Vargas,12,570664,2025-05-23,6A-3 Pacific Conference Championships,21,400 Meters,0,0,4,59.50a
20012753,Adelynn Harold,9,570664,2025-05-23,6A-3 Pacific Conference Championships,21,400 Meters,0,0,5,1:00.72a
30340950,Blake Horner,10,570664,2025-05-23,6A-3 Pacific Conference Championships,4,800 Meters,0,0,3,1:59.14a
16012289,Braden Stein,11,570664,2025-05-23,6A-3 Pacific Conference Championships,4,800 Meters,0,0,5,1:59.71a
29845177,Abel Schwanz,12,570664,2025-05-23,6A-3 Pacific Conference Championships,4,800 Meters,0,0,7,2:03.21a
30367518,Evylee Bugher,10,570664,2025-05-23,6A-3 Pacific Conference Championships,22,800 Meters,0,0,1,2:16.09a
29728487,Senoya Bugher,12,570664,2025-05-23,6A-3 Pacific Conference Championships,22,800 Meters,0,0,4,2:23.75a
30367506,Grace Sappenfield,11,570664,2025-05-23,6A-3 Pacific Conference Championships,22,800 Meters,0,0,8,2:30.29a
30194568,Dylan Weniger,12,570664,2025-05-23,6A-3 Pacific Conference Championships,5,1500 Meters,0,0,1,3:55.19a
30340943,Joel Eddington,10,570664,2025-05-23,6A-3 Pacific Conference Championships,5,1500 Meters,0,0,6,4:10.89a
26365539,Ryan Nations,11,570664,2025-05-23,6A-3 Pacific Conference Championships,5,1500 Meters,0,0,7,4:12.26a
30367518,Evylee Bugher,10,570664,2025-05-23,6A-3 Pacific Conference Championships,23,1500 Meters,0,0,1,4:42.36a
30367521,Tyler Thomas,10,570664,2025-05-23,6A-3 Pacific Conference Championships,23,1500 Meters,0,0,2,4:45.59a
30959281,Anna Grunow,12,570664,2025-05-23,6A-3 Pacific Conference Championships,23,1500 Meters,0,0,4,4:50.30a
30194568,Dylan Weniger,12,570664,2025-05-23,6A-3 Pacific Conference Championships,6,3000 Meters,0,0,1,8:14.39a
30340957,Spencer Rasmussen,11,570664,2025-05-23,6A-3 Pacific Conference Championships,6,3000 Meters,0,0,7,8:56.59a
30367521,Tyler Thomas,10,570664,2025-05-23,6A-3 Pacific Conference Championships,24,3000 Meters,0,0,2,10:25.90a
29728487,Senoya Bugher,12,570664,2025-05-23,6A-3 Pacific Conference Championships,24,3000 Meters,0,0,3,10:32.36a
30959281,Anna Grunow,12,570664,2025-05-23,6A-3 Pacific Conference Championships,24,3000 Meters,0,0,5,10:57.07a
22081325,Alexis Russell,11,570664,2025-05-23,6A-3 Pacific Conference Championships,28,100m Hurdles,0,0,4,16.45a
19610401,Ava Gaggini,12,570664,2025-05-23,6A-3 Pacific Conference Championships,28,100m Hurdles,0,0,7,17.07a
24788683,Jack Anaya,10,570664,2025-05-23,6A-3 Pacific Conference Championships,11,300m Hurdles,0,0,5,43.63a
19610401,Ava Gaggini,12,570664,2025-05-23,6A-3 Pacific Conference Championships,29,300m Hurdles,0,0,5,48.15a
30168654,Andrew Waletich,12,570664,2025-05-23,6A-3 Pacific Conference Championships,7,4x100 Relay,0,1,1,43.04a
19610432,Layton Walter,12,570664,2025-05-23,6A-3 Pacific Conference Championships,7,4x100 Relay,0,1,1,43.04a
22081391,Jayden Wright,11,570664,2025-05-23,6A-3 Pacific Conference Championships,7,4x100 Relay,0,1,1,43.04a
27638490,Wilson Medina,12,570664,2025-05-23,6A-3 Pacific Conference Championships,7,4x100 Relay,0,1,1,43.04a
22081319,Brooklyn Jones,11,570664,2025-05-23,6A-3 Pacific Conference Championships,25,4x100 Relay,0,1,3,49.41a
20012753,Adelynn Harold,9,570664,2025-05-23,6A-3 Pacific Conference Championships,25,4x100 Relay,0,1,3,49.41a
22081314,Addison Cutsforth,11,570664,2025-05-23,6A-3 Pacific Conference Championships,25,4x100 Relay,0,1,3,49.41a
19610415,Gentry Vargas,12,570664,2025-05-23,6A-3 Pacific Conference Championships,25,4x100 Relay,0,1,3,49.41a
19610432,Layton Walter,12,570664,2025-05-23,6A-3 Pacific Conference Championships,8,4x400 Relay,0,1,2,3:24.85a
11592131,Blake Dunn,11,570664,2025-05-23,6A-3 Pacific Conference Championships,8,4x400 Relay,0,1,2,3:24.85a
22081391,Jayden Wright,11,570664,2025-05-23,6A-3 Pacific Conference Championships,8,4x400 Relay,0,1,2,3:24.85a
30168654,Andrew Waletich,12,570664,2025-05-23,6A-3 Pacific Conference Championships,8,4x400 Relay,0,1,2,3:24.85a
30497121,Allison Burnett,10,570664,2025-05-23,6A-3 Pacific Conference Championships,26,4x400 Relay,0,1,2,3:57.07a
22081314,Addison Cutsforth,11,570664,2025-05-23,6A-3 Pacific Conference Championships,26,4x400 Relay,0,1,2,3:57.07a
19610415,Gentry Vargas,12,570664,2025-05-23,6A-3 Pacific Conference Championships,26,4x400 Relay,0,1,2,3:57.07a
30367518,Evylee Bugher,10,570664,2025-05-23,6A-3 Pacific Conference Championships,26,4x400 Relay,0,1,2,3:57.07a
18122796,Levi Klostreich,10,570664,2025-05-23,6A-3 Pacific Conference Championships,12,Shot Put,1,0,3,13.68m
17481352,Isaac Bean,11,570664,2025-05-23,6A-3 Pacific Conference Championships,12,Shot Put,1,0,7,12.77m
17481364,Joey Domingo,11,570664,2025-05-23,6A-3 Pacific Conference Championships,12,Shot Put,1,0,12,12.01m
14185126,Amira Whitson,12,570664,2025-05-23,6A-3 Pacific Conference Championships,30,Shot Put,1,0,1,10.06m
30497054,Bella Ponce,10,570664,2025-05-23,6A-3 Pacific Conference Championships,30,Shot Put,1,0,10,8.50m
30497045,Kamryn Clark,10,570664,2025-05-23,6A-3 Pacific Conference Championships,30,Shot Put,1,0,12,7.80m
18122796,Levi Klostreich,10,570664,2025-05-23,6A-3 Pacific Conference Championships,13,Discus,1,0,5,42.51m
24776685,Tanner Smith,11,570664,2025-05-23,6A-3 Pacific Conference Championships,13,Discus,1,0,7,40.77m
17481352,Isaac Bean,11,570664,2025-05-23,6A-3 Pacific Conference Championships,13,Discus,1,0,20,28.23m
14185126,Amira Whitson,12,570664,2025-05-23,6A-3 Pacific Conference Championships,31,Discus,1,0,5,30.32m
19610414,Charlotte Vargas,12,570664,2025-05-23,6A-3 Pacific Conference Championships,31,Discus,1,0,8,28.97m
20012846,Krista Lopez,9,570664,2025-05-23,6A-3 Pacific Conference Championships,31,Discus,1,0,11,27.68m
17481364,Joey Domingo,11,570664,2025-05-23,6A-3 Pacific Conference Championships,14,Javelin,1,0,5,48.55m
30340962,Carter Shepherd,10,570664,2025-05-23,6A-3 Pacific Conference Championships,14,Javelin,1,0,11,41.14m
19610418,Mohammad Ashour,12,570664,2025-05-23,6A-3 Pacific Conference Championships,14,Javelin,1,0,16,35.57m
14185126,Amira Whitson,12,570664,2025-05-23,6A-3 Pacific Conference Championships,32,Javelin,1,0,2,37.44m
30495062,Emma Vodrup,10,570664,2025-05-23,6A-3 Pacific Conference Championships,32,Javelin,1,0,8,30.43m
30367518,Evylee Bugher,10,570664,2025-05-23,6A-3 Pacific Conference Championships,32,Javelin,1,0,9,29.68m
24616954,Caden Mikulak,12,570664,2025-05-23,6A-3 Pacific Conference Championships,9,High Jump,1,0,4,1.73m
15115899,Wyatt Tannler,9,570664,2025-05-23,6A-3 Pacific Conference Championships,9,High Jump,1,0,6,1.68m
22081353,Jonah Furino,11,570664,2025-05-23,6A-3 Pacific Conference Championships,9,High Jump,1,0,10,1.63m
30372717,Reese Eckard,12,570664,2025-05-23,6A-3 Pacific Conference Championships,27,High Jump,1,0,1,1.60m
23198525,Brinley Rygh,9,570664,2025-05-23,6A-3 Pacific Conference Championships,27,High Jump,1,0,3,1.47m
30367522,Hayden Shimp,10,570664,2025-05-23,6A-3 Pacific Conference Championships,27,High Jump,1,0,8,1.42m
22081354,Alexander Gallinger-Long,11,570664,2025-05-23,6A-3 Pacific Conference Championships,16,Pole Vault,1,0,7,3.34m
27638641,Levi Wuertz,9,570664,2025-05-23,6A-3 Pacific Conference Championships,16,Pole Vault,1,0,11,2.74m
24788683,Jack Anaya,10,570664,2025-05-23,6A-3 Pacific Conference Championships,16,Pole Vault,1,0,13,2.59m
23622510,Siyi Liang,10,570664,2025-05-23,6A-3 Pacific Conference Championships,34,Pole Vault,1,0,4,2.41m
27637412,Kinzey Doern,11,570664,2025-05-23,6A-3 Pacific Conference Championships,34,Pole Vault,1,0,12,1.96m
27638490,Wilson Medina,12,570664,2025-05-23,6A-3 Pacific Conference Championships,17,Long Jump,1,0,8,6.11m
22081351,Wyatt Ferguson,12,570664,2025-05-23,6A-3 Pacific Conference Championships,17,Long Jump,1,0,10,5.77m
16685117,Braedon Motland,10,570664,2025-05-23,6A-3 Pacific Conference Championships,17,Long Jump,1,0,16,5.38m
22568002,Ayla Moller,9,570664,2025-05-23,6A-3 Pacific Conference Championships,35,Long Jump,1,0,8,4.59m
9133029,Petra Hagan,10,570664,2025-05-23,6A-3 Pacific Conference Championships,35,Long Jump,1,0,10,4.51m
22567977,Adelle Wahlberg,9,570664,2025-05-23,6A-3 Pacific Conference Championships,35,Long Jump,1,0,15,4.28m
24616954,Caden Mikulak,12,570664,2025-05-23,6A-3 Pacific Conference Championships,18,Triple Jump,1,0,5,12.54m
16685117,Braedon Motland,10,570664,2025-05-23,6A-3 Pacific Conference Championships,18,Triple Jump,1,0,10,11.60m
22081369,Ethan Morris,11,570664,2025-05-23,6A-3 Pacific Conference Championships,18,Triple Jump,1,0,11,11.51m
14185126,Amira Whitson,12,570664,2025-05-23,6A-3 Pacific Conference Championships,36,Triple Jump,1,0,7,10.24m
22568002,Ayla Moller,9,570664,2025-05-23,6A-3 Pacific Conference Championships,36,Triple Jump,1,0,10,9.60m
24443505,Malia Evonuk,10,570664,2025-05-23,6A-3 Pacific Conference Championships,36,Triple Jump,1,0,12,9.31m
30168654,Andrew Waletich,12,563295,2025-05-31,OSAA State Track & Field Championships,3,400 Meters,0,0,3,48.31a
30367518,Evylee Bugher,10,563295,2025-05-31,OSAA State Track & Field Championships,22,800 Meters,0,0,7,2:18.15a
30194568,Dylan Weniger,12,563295,2025-05-31,OSAA State Track & Field Championships,5,1500 Meters,0,0,1,3:57.70a
30367521,Tyler Thomas,10,563295,2025-05-31,OSAA State Track & Field Championships,23,1500 Meters,0,0,12,4:48.25a
30367518,Evylee Bugher,10,563295,2025-05-31,OSAA State Track & Field Championships,23,1500 Meters,0,0,14,5:01.78a
30194568,Dylan Weniger,12,563295,2025-05-31,OSAA State Track & Field Championships,6,3000 Meters,0,0,1,8:21.17a
24178317,Matthew Wroblewski,11,563295,2025-05-31,OSAA State Track & Field Championships,6,3000 Meters,0,0,9,8:38.83a
30367521,Tyler Thomas,10,563295,2025-05-31,OSAA State Track & Field Championships,24,3000 Meters,0,0,11,10:18.49a
22081351,Wyatt Ferguson,12,563295,2025-05-31,OSAA State Track & Field Championships,7,4x100 Relay,0,1,15,43.98a
22081391,Jayden Wright,11,563295,2025-05-31,OSAA State Track & Field Championships,7,4x100 Relay,0,1,15,43.98a
19610432,Layton Walter,12,563295,2025-05-31,OSAA State Track & Field Championships,7,4x100 Relay,0,1,15,43.98a
22308118,Aidan Cvitkovich,12,563295,2025-05-31,OSAA State Track & Field Championships,7,4x100 Relay,0,1,15,43.98a
19610432,Layton Walter,12,563295,2025-05-31,OSAA State Track & Field Championships,8,4x400 Relay,0,1,5,3:21.15a
11592131,Blake Dunn,11,563295,2025-05-31,OSAA State Track & Field Championships,8,4x400 Relay,0,1,5,3:21.15a
22081391,Jayden Wright,11,563295,2025-05-31,OSAA State Track & Field Championships,8,4x400 Relay,0,1,5,3:21.15a
30168654,Andrew Waletich,12,563295,2025-05-31,OSAA State Track & Field Championships,8,4x400 Relay,0,1,5,3:21.15a
30497121,Allison Burnett,10,563295,2025-05-31,OSAA State Track & Field Championships,26,4x400 Relay,0,1,3,3:56.01a
30367518,Evylee Bugher,10,563295,2025-05-31,OSAA State Track & Field Championships,26,4x400 Relay,0,1,3,3:56.01a
22081314,Addison Cutsforth,11,563295,2025-05-31,OSAA State Track & Field Championships,26,4x400 Relay,0,1,3,3:56.01a
19610415,Gentry Vargas,12,563295,2025-05-31,OSAA State Track & Field Championships,26,4x400 Relay,0,1,3,3:56.01a
14185126,Amira Whitson,12,563295,2025-05-31,OSAA State Track & Field Championships,30,Shot Put,1,0,11,9.77m
14185126,Amira Whitson,12,563295,2025-05-31,OSAA State Track & Field Championships,32,Javelin,1,0,4,39.10m
30372717,Reese Eckard,12,563295,2025-05-31,OSAA State Track & Field Championships,27,High Jump,1,0,4,1.60m
30499885,Mace Tingey,11,621543,2026-05-15,JV District Meet @ Forest Grove,1,100 Meters,0,0,8,12.17a
30499900,Luca Visan,10,621543,2026-05-15,JV District Meet @ Forest Grove,1,100 Meters,0,0,10,12.25a
30499925,Hunter Wylie,11,621543,2026-05-15,JV District Meet @ Forest Grove,1,100 Meters,0,0,13,12.38a
24630758,Bodhi Welsh,11,621543,2026-05-15,JV District Meet @ Forest Grove,1,100 Meters,0,0,20,12.60a
30847929,Eli King,10,621543,2026-05-15,JV District Meet @ Forest Grove,1,100 Meters,0,0,20,12.60a
28046596,Lincoln Marshall,9,621543,2026-05-15,JV District Meet @ Forest Grove,1,100 Meters,0,0,34,12.87a
25094290,Wyatt Tarter,11,621543,2026-05-15,JV District Meet @ Forest Grove,1,100 Meters,0,0,35,12.88a
30482202,Anthony Arreguin,9,621543,2026-05-15,JV District Meet @ Forest Grove,1,100 Meters,0,0,37,12.97a
24761759,Ivan Batllia,11,621543,2026-05-15,JV District Meet @ Forest Grove,1,100 Meters,0,0,44,13.11a
30864447,Levi Hall,9,621543,2026-05-15,JV District Meet @ Forest Grove,1,100 Meters,0,0,50,13.18a
30482479,Jameson Dickover,9,621543,2026-05-15,JV District Meet @ Forest Grove,1,100 Meters,0,0,54,13.22a
13498071,Andrew Douglass,10,621543,2026-05-15,JV District Meet @ Forest Grove,1,100 Meters,0,0,55,13.22a
25213617,Oliver Vaught,9,621543,2026-05-15,JV District Meet @ Forest Grove,1,100 Meters,0,0,59,13.31a
30620258,Watson Jolden,9,621543,2026-05-15,JV District Meet @ Forest Grove,1,100 Meters,0,0,64,13.36a
30499839,Collin Pitts,9,621543,2026-05-15,JV District Meet @ Forest Grove,1,100 Meters,0,0,69,13.47a
30545758,Jackson McDonald,9,621543,2026-05-15,JV District Meet @ Forest Grove,1,100 Meters,0,0,89,13.80a
30708403,Nate Johnson,10,621543,2026-05-15,JV District Meet @ Forest Grove,1,100 Meters,0,0,91,13.84a
30545751,Benson McDonald,11,621543,2026-05-15,JV District Meet @ Forest Grove,1,100 Meters,0,0,98,14.11a
30499886,Bo Tingey,9,621543,2026-05-15,JV District Meet @ Forest Grove,1,100 Meters,0,0,105,14.41a
31151949,Brayden Morton,9,621543,2026-05-15,JV District Meet @ Forest Grove,1,100 Meters,0,0,121,18.28a
24973707,Aaron Dube,12,621543,2026-05-15,JV District Meet @ Forest Grove,1,100 Meters,0,0,122,21.94a
30495776,McKay Baggaley,9,621543,2026-05-15,JV District Meet @ Forest Grove,1,100 Meters,0,0,123,24.15a
27638346,Mason Lucero,10,621543,2026-05-15,JV District Meet @ Forest Grove,1,100 Meters,0,0,124,24.74a
24973681,Nicholas Videtich,11,621543,2026-05-15,JV District Meet @ Forest Grove,1,100 Meters,0,0,125,52.78a
25215565,Sophie Cooper,10,621543,2026-05-15,JV District Meet @ Forest Grove,19,100 Meters,0,0,1,13.67a
25214364,Adyson Meiners,9,621543,2026-05-15,JV District Meet @ Forest Grove,19,100 Meters,0,0,7,14.48a
20012831,Zoe Hays,10,621543,2026-05-15,JV District Meet @ Forest Grove,19,100 Meters,0,0,50,15.69a
27637422,Sophia Kelley,10,621543,2026-05-15,JV District Meet @ Forest Grove,19,100 Meters,0,0,86,19.36a
30499900,Luca Visan,10,621543,2026-05-15,JV District Meet @ Forest Grove,2,200 Meters,0,0,9,25.63a
30728339,Hunter Herndon,9,621543,2026-05-15,JV District Meet @ Forest Grove,2,200 Meters,0,0,12,25.91a
30499925,Hunter Wylie,11,621543,2026-05-15,JV District Meet @ Forest Grove,2,200 Meters,0,0,18,26.23a
24630758,Bodhi Welsh,11,621543,2026-05-15,JV District Meet @ Forest Grove,2,200 Meters,0,0,20,26.64a
30482202,Anthony Arreguin,9,621543,2026-05-15,JV District Meet @ Forest Grove,2,200 Meters,0,0,21,26.90a
28046596,Lincoln Marshall,9,621543,2026-05-15,JV District Meet @ Forest Grove,2,200 Meters,0,0,22,26.93a
30499885,Mace Tingey,11,621543,2026-05-15,JV District Meet @ Forest Grove,2,200 Meters,0,0,30,27.47a
30620258,Watson Jolden,9,621543,2026-05-15,JV District Meet @ Forest Grove,2,200 Meters,0,0,32,27.52a
29514729,Fisher Barry,10,621543,2026-05-15,JV District Meet @ Forest Grove,2,200 Meters,0,0,34,27.66a
30864447,Levi Hall,9,621543,2026-05-15,JV District Meet @ Forest Grove,2,200 Meters,0,0,36,27.72a
30482479,Jameson Dickover,9,621543,2026-05-15,JV District Meet @ Forest Grove,2,200 Meters,0,0,38,28.05a
30545758,Jackson McDonald,9,621543,2026-05-15,JV District Meet @ Forest Grove,2,200 Meters,0,0,41,28.15a
25213617,Oliver Vaught,9,621543,2026-05-15,JV District Meet @ Forest Grove,2,200 Meters,0,0,45,28.36a
13498071,Andrew Douglass,10,621543,2026-05-15,JV District Meet @ Forest Grove,2,200 Meters,0,0,47,28.48a
30708403,Nate Johnson,10,621543,2026-05-15,JV District Meet @ Forest Grove,2,200 Meters,0,0,61,29.28a
30545751,Benson McDonald,11,621543,2026-05-15,JV District Meet @ Forest Grove,2,200 Meters,0,0,64,29.75a
30499886,Bo Tingey,9,621543,2026-05-15,JV District Meet @ Forest Grove,2,200 Meters,0,0,68,30.29a
25215565,Sophie Cooper,10,621543,2026-05-15,JV District Meet @ Forest Grove,20,200 Meters,0,0,4,29.92a
32970141,Sofia Minera-Burrola,12,621543,2026-05-15,JV District Meet @ Forest Grove,20,200 Meters,0,0,5,29.92a
30710947,Leighton O'Connor,9,621543,2026-05-15,JV District Meet @ Forest Grove,20,200 Meters,0,0,24,32.03a
20012831,Zoe Hays,10,621543,2026-05-15,JV District Meet @ Forest Grove,20,200 Meters,0,0,47,33.81a
18122820,Andrew Sten,12,621543,2026-05-15,JV District Meet @ Forest Grove,3,400 Meters,0,0,2,55.93a
30728339,Hunter Herndon,9,621543,2026-05-15,JV District Meet @ Forest Grove,3,400 Meters,0,0,5,56.65a
29514729,Fisher Barry,10,621543,2026-05-15,JV District Meet @ Forest Grove,3,400 Meters,0,0,14,1:00.96a
32970141,Sofia Minera-Burrola,12,621543,2026-05-15,JV District Meet @ Forest Grove,21,400 Meters,0,0,2,1:07.03a
17481444,Julia Williams,11,621543,2026-05-15,JV District Meet @ Forest Grove,21,400 Meters,0,0,5,1:13.14a
30710947,Leighton O'Connor,9,621543,2026-05-15,JV District Meet @ Forest Grove,21,400 Meters,0,0,6,1:13.16a
32392526,Calvin Brandl,10,621543,2026-05-15,JV District Meet @ Forest Grove,4,800 Meters,0,0,1,2:05.86a
30340938,Finley Borchardt,10,621543,2026-05-15,JV District Meet @ Forest Grove,4,800 Meters,0,0,2,2:06.48a
30340951,Davis Malan,12,621543,2026-05-15,JV District Meet @ Forest Grove,4,800 Meters,0,0,3,2:07.32a
22081350,Ian Evans,12,621543,2026-05-15,JV District Meet @ Forest Grove,4,800 Meters,0,0,4,2:10.78a
26707666,Kai Brown,9,621543,2026-05-15,JV District Meet @ Forest Grove,4,800 Meters,0,0,5,2:12.38a
26708025,Damon Plaster,9,621543,2026-05-15,JV District Meet @ Forest Grove,4,800 Meters,0,0,6,2:13.47a
23621663,Conner Petty,11,621543,2026-05-15,JV District Meet @ Forest Grove,4,800 Meters,0,0,7,2:14.56a
25213580,Gavin Sturgeon,9,621543,2026-05-15,JV District Meet @ Forest Grove,4,800 Meters,0,0,14,2:25.38a
28046571,Itaru Imade,9,621543,2026-05-15,JV District Meet @ Forest Grove,4,800 Meters,0,0,16,2:27.01a
28046576,Kiwamu Imade,9,621543,2026-05-15,JV District Meet @ Forest Grove,4,800 Meters,0,0,22,2:30.47a
23840974,Hunter Burnett,9,621543,2026-05-15,JV District Meet @ Forest Grove,4,800 Meters,0,0,24,2:31.93a
25212115,Paul Hasler,9,621543,2026-05-15,JV District Meet @ Forest Grove,4,800 Meters,0,0,25,2:32.16a
28046635,Jack Parson,9,621543,2026-05-15,JV District Meet @ Forest Grove,4,800 Meters,0,0,26,2:32.28a
21164440,Eric Weber,12,621543,2026-05-15,JV District Meet @ Forest Grove,4,800 Meters,0,0,27,2:32.69a
28046634,Liam O'Connell,9,621543,2026-05-15,JV District Meet @ Forest Grove,4,800 Meters,0,0,28,2:32.88a
22081390,Carson Wright,12,621543,2026-05-15,JV District Meet @ Forest Grove,4,800 Meters,0,0,29,2:33.00a
29514741,Alex Whitaker,9,621543,2026-05-15,JV District Meet @ Forest Grove,4,800 Meters,0,0,30,2:33.80a
30482211,Logan Bagozzi,9,621543,2026-05-15,JV District Meet @ Forest Grove,4,800 Meters,0,0,37,2:43.38a
30499846,Kaden Reaney,9,621543,2026-05-15,JV District Meet @ Forest Grove,4,800 Meters,0,0,40,2:46.37a
29446230,Emmett Barton,9,621543,2026-05-15,JV District Meet @ Forest Grove,4,800 Meters,0,0,41,2:46.76a
21417894,Reese Gill,9,621543,2026-05-15,JV District Meet @ Forest Grove,22,800 Meters,0,0,1,2:40.52a
28046494,Maya Barton,9,621543,2026-05-15,JV District Meet @ Forest Grove,22,800 Meters,0,0,2,2:40.83a
22568213,Brynley Phelps,11,621543,2026-05-15,JV District Meet @ Forest Grove,22,800 Meters,0,0,3,2:41.04a
30592942,Cora Swanson,10,621543,2026-05-15,JV District Meet @ Forest Grove,22,800 Meters,0,0,4,2:42.20a
28328313,Autumn Baldwin,9,621543,2026-05-15,JV District Meet @ Forest Grove,22,800 Meters,0,0,6,2:45.02a
19062296,Adalade Ertner,10,621543,2026-05-15,JV District Meet @ Forest Grove,22,800 Meters,0,0,8,2:47.18a
9682693,Lyla Valdez,11,621543,2026-05-15,JV District Meet @ Forest Grove,22,800 Meters,0,0,19,2:57.89a
20012921,Niku Tavazoie,10,621543,2026-05-15,JV District Meet @ Forest Grove,22,800 Meters,0,0,24,3:02.77a
17481433,Abbi McCullough,11,621543,2026-05-15,JV District Meet @ Forest Grove,22,800 Meters,0,0,27,3:05.57a
19062217,Joe Giles,10,621543,2026-05-15,JV District Meet @ Forest Grove,5,1500 Meters,0,0,1,4:17.84a
32392526,Calvin Brandl,10,621543,2026-05-15,JV District Meet @ Forest Grove,5,1500 Meters,0,0,2,4:17.94a
30340951,Davis Malan,12,621543,2026-05-15,JV District Meet @ Forest Grove,5,1500 Meters,0,0,3,4:23.13a
26707666,Kai Brown,9,621543,2026-05-15,JV District Meet @ Forest Grove,5,1500 Meters,0,0,5,4:31.54a
22081350,Ian Evans,12,621543,2026-05-15,JV District Meet @ Forest Grove,5,1500 Meters,0,0,7,4:34.34a
25212072,Ben Corning,10,621543,2026-05-15,JV District Meet @ Forest Grove,5,1500 Meters,0,0,8,4:36.39a
26708025,Damon Plaster,9,621543,2026-05-15,JV District Meet @ Forest Grove,5,1500 Meters,0,0,9,4:38.69a
23621663,Conner Petty,11,621543,2026-05-15,JV District Meet @ Forest Grove,5,1500 Meters,0,0,11,4:42.13a
26522819,Justin Leroux,10,621543,2026-05-15,JV District Meet @ Forest Grove,5,1500 Meters,0,0,17,4:46.35a
23844791,Sam Mayorga,9,621543,2026-05-15,JV District Meet @ Forest Grove,5,1500 Meters,0,0,27,4:55.02a
23840974,Hunter Burnett,9,621543,2026-05-15,JV District Meet @ Forest Grove,5,1500 Meters,0,0,36,5:00.51a
25212115,Paul Hasler,9,621543,2026-05-15,JV District Meet @ Forest Grove,5,1500 Meters,0,0,37,5:00.75a
22081390,Carson Wright,12,621543,2026-05-15,JV District Meet @ Forest Grove,5,1500 Meters,0,0,43,5:04.72a
28046635,Jack Parson,9,621543,2026-05-15,JV District Meet @ Forest Grove,5,1500 Meters,0,0,44,5:05.29a
28046634,Liam O'Connell,9,621543,2026-05-15,JV District Meet @ Forest Grove,5,1500 Meters,0,0,57,5:17.39a
29514741,Alex Whitaker,9,621543,2026-05-15,JV District Meet @ Forest Grove,5,1500 Meters,0,0,59,5:17.95a
21164440,Eric Weber,12,621543,2026-05-15,JV District Meet @ Forest Grove,5,1500 Meters,0,0,60,5:22.65a
29446230,Emmett Barton,9,621543,2026-05-15,JV District Meet @ Forest Grove,5,1500 Meters,0,0,62,5:32.38a
30482211,Logan Bagozzi,9,621543,2026-05-15,JV District Meet @ Forest Grove,5,1500 Meters,0,0,63,5:35.28a
30499846,Kaden Reaney,9,621543,2026-05-15,JV District Meet @ Forest Grove,5,1500 Meters,0,0,66,5:44.07a
30499821,Karston Meyerhofer,9,621543,2026-05-15,JV District Meet @ Forest Grove,5,1500 Meters,0,0,73,5:58.00a
30523249,Emma Norman,11,621543,2026-05-15,JV District Meet @ Forest Grove,23,1500 Meters,0,0,1,5:19.27a
22568213,Brynley Phelps,11,621543,2026-05-15,JV District Meet @ Forest Grove,23,1500 Meters,0,0,2,5:23.20a
21417894,Reese Gill,9,621543,2026-05-15,JV District Meet @ Forest Grove,23,1500 Meters,0,0,3,5:23.54a
30592942,Cora Swanson,10,621543,2026-05-15,JV District Meet @ Forest Grove,23,1500 Meters,0,0,4,5:24.54a
29329462,Addison Selby,9,621543,2026-05-15,JV District Meet @ Forest Grove,23,1500 Meters,0,0,5,5:25.37a
28046494,Maya Barton,9,621543,2026-05-15,JV District Meet @ Forest Grove,23,1500 Meters,0,0,6,5:25.84a
30959304,Merrill Humphrey,11,621543,2026-05-15,JV District Meet @ Forest Grove,23,1500 Meters,0,0,9,5:39.85a
28328313,Autumn Baldwin,9,621543,2026-05-15,JV District Meet @ Forest Grove,23,1500 Meters,0,0,10,5:41.34a
19062296,Adalade Ertner,10,621543,2026-05-15,JV District Meet @ Forest Grove,23,1500 Meters,0,0,12,5:45.84a
17481444,Julia Williams,11,621543,2026-05-15,JV District Meet @ Forest Grove,23,1500 Meters,0,0,13,5:51.46a
20012921,Niku Tavazoie,10,621543,2026-05-15,JV District Meet @ Forest Grove,23,1500 Meters,0,0,17,6:04.96a
17481433,Abbi McCullough,11,621543,2026-05-15,JV District Meet @ Forest Grove,23,1500 Meters,0,0,27,6:27.64a
30340934,Carter Allen,12,621543,2026-05-15,JV District Meet @ Forest Grove,6,3000 Meters,0,0,1,9:22.94a
26299842,Griffin Thomas,10,621543,2026-05-15,JV District Meet @ Forest Grove,6,3000 Meters,0,0,2,9:28.07a
30477175,Tanner Sturm,10,621543,2026-05-15,JV District Meet @ Forest Grove,6,3000 Meters,0,0,4,9:52.38a
25213580,Gavin Sturgeon,9,621543,2026-05-15,JV District Meet @ Forest Grove,6,3000 Meters,0,0,8,10:18.67a
30340953,Caleb Olson,12,621543,2026-05-15,JV District Meet @ Forest Grove,6,3000 Meters,0,0,14,10:44.35a
21164428,Aiden Hannon,12,621543,2026-05-15,JV District Meet @ Forest Grove,6,3000 Meters,0,0,24,11:57.49a
30499821,Karston Meyerhofer,9,621543,2026-05-15,JV District Meet @ Forest Grove,6,3000 Meters,0,0,27,12:25.49a
30523249,Emma Norman,11,621543,2026-05-15,JV District Meet @ Forest Grove,24,3000 Meters,0,0,1,11:20.50a
29329462,Addison Selby,9,621543,2026-05-15,JV District Meet @ Forest Grove,24,3000 Meters,0,0,2,11:21.44a
30959304,Merrill Humphrey,11,621543,2026-05-15,JV District Meet @ Forest Grove,24,3000 Meters,0,0,4,12:12.81a
25214637,Avery Wilson,9,621543,2026-05-15,JV District Meet @ Forest Grove,24,3000 Meters,0,0,6,13:02.16a
22081347,Samuel Duricka,12,621543,2026-05-15,JV District Meet @ Forest Grove,10,110m Hurdles,0,0,2,21.01a
25094290,Wyatt Tarter,11,621543,2026-05-15,JV District Meet @ Forest Grove,11,300m Hurdles,0,0,5,52.45a
22081347,Samuel Duricka,12,621543,2026-05-15,JV District Meet @ Forest Grove,11,300m Hurdles,0,0,7,56.67a
30499885,Mace Tingey,11,621543,2026-05-15,JV District Meet @ Forest Grove,7,4x100 Relay,0,1,1,46.53a
30499925,Hunter Wylie,11,621543,2026-05-15,JV District Meet @ Forest Grove,7,4x100 Relay,0,1,1,46.53a
30499900,Luca Visan,10,621543,2026-05-15,JV District Meet @ Forest Grove,7,4x100 Relay,0,1,1,46.53a
30847929,Eli King,10,621543,2026-05-15,JV District Meet @ Forest Grove,7,4x100 Relay,0,1,1,46.53a
24973707,Aaron Dube,12,621543,2026-05-15,JV District Meet @ Forest Grove,532,Mixed 4x100 Relay,0,1,1,1:16.17a
20900069,Sophia Brown,10,621543,2026-05-15,JV District Meet @ Forest Grove,532,Mixed 4x100 Relay,0,1,1,1:16.17a
27638346,Mason Lucero,10,621543,2026-05-15,JV District Meet @ Forest Grove,532,Mixed 4x100 Relay,0,1,1,1:16.17a
30340938,Finley Borchardt,10,621543,2026-05-15,JV District Meet @ Forest Grove,8,4x400 Relay,0,1,2,3:57.21a
19062217,Joe Giles,10,621543,2026-05-15,JV District Meet @ Forest Grove,8,4x400 Relay,0,1,2,3:57.21a
22081350,Ian Evans,12,621543,2026-05-15,JV District Meet @ Forest Grove,8,4x400 Relay,0,1,2,3:57.21a
30340951,Davis Malan,12,621543,2026-05-15,JV District Meet @ Forest Grove,8,4x400 Relay,0,1,2,3:57.21a
18122820,Andrew Sten,12,621543,2026-05-15,JV District Meet @ Forest Grove,8,4x400 Relay,0,1,3,4:00.17a
30728339,Hunter Herndon,9,621543,2026-05-15,JV District Meet @ Forest Grove,8,4x400 Relay,0,1,3,4:00.17a
24630758,Bodhi Welsh,11,621543,2026-05-15,JV District Meet @ Forest Grove,8,4x400 Relay,0,1,3,4:00.17a
30578066,Cody Hawkins,9,621543,2026-05-15,JV District Meet @ Forest Grove,8,4x400 Relay,0,1,3,4:00.17a
23844791,Sam Mayorga,9,621543,2026-05-15,JV District Meet @ Forest Grove,8,4x400 Relay,0,1,9,4:15.40a
23840974,Hunter Burnett,9,621543,2026-05-15,JV District Meet @ Forest Grove,8,4x400 Relay,0,1,9,4:15.40a
26707666,Kai Brown,9,621543,2026-05-15,JV District Meet @ Forest Grove,8,4x400 Relay,0,1,9,4:15.40a
26708025,Damon Plaster,9,621543,2026-05-15,JV District Meet @ Forest Grove,8,4x400 Relay,0,1,9,4:15.40a
32970141,Sofia Minera-Burrola,12,621543,2026-05-15,JV District Meet @ Forest Grove,26,4x400 Relay,0,1,1,4:48.26a
30710947,Leighton O'Connor,9,621543,2026-05-15,JV District Meet @ Forest Grove,26,4x400 Relay,0,1,1,4:48.26a
21417894,Reese Gill,9,621543,2026-05-15,JV District Meet @ Forest Grove,26,4x400 Relay,0,1,1,4:48.26a
17481444,Julia Williams,11,621543,2026-05-15,JV District Meet @ Forest Grove,26,4x400 Relay,0,1,1,4:48.26a
28046494,Maya Barton,9,621543,2026-05-15,JV District Meet @ Forest Grove,26,4x400 Relay,0,1,2,4:51.77a
30592942,Cora Swanson,10,621543,2026-05-15,JV District Meet @ Forest Grove,26,4x400 Relay,0,1,2,4:51.77a
22568213,Brynley Phelps,11,621543,2026-05-15,JV District Meet @ Forest Grove,26,4x400 Relay,0,1,2,4:51.77a
30959304,Merrill Humphrey,11,621543,2026-05-15,JV District Meet @ Forest Grove,26,4x400 Relay,0,1,2,4:51.77a
30523249,Emma Norman,11,621543,2026-05-15,JV District Meet @ Forest Grove,26,4x400 Relay,0,1,7,5:01.05a
29329462,Addison Selby,9,621543,2026-05-15,JV District Meet @ Forest Grove,26,4x400 Relay,0,1,7,5:01.05a
9682693,Lyla Valdez,11,621543,2026-05-15,JV District Meet @ Forest Grove,26,4x400 Relay,0,1,7,5:01.05a
28328313,Autumn Baldwin,9,621543,2026-05-15,JV District Meet @ Forest Grove,26,4x400 Relay,0,1,7,5:01.05a
20012921,Niku Tavazoie,10,621543,2026-05-15,JV District Meet @ Forest Grove,26,4x400 Relay,0,1,9,5:16.67a
17481433,Abbi McCullough,11,621543,2026-05-15,JV District Meet @ Forest Grove,26,4x400 Relay,0,1,9,5:16.67a
25214637,Avery Wilson,9,621543,2026-05-15,JV District Meet @ Forest Grove,26,4x400 Relay,0,1,9,5:16.67a
19062296,Adalade Ertner,10,621543,2026-05-15,JV District Meet @ Forest Grove,26,4x400 Relay,0,1,9,5:16.67a
28046492,Benjamin Charles,9,621543,2026-05-15,JV District Meet @ Forest Grove,12,Shot Put,1,0,2,12.64m
30499924,Carter Wylie,9,621543,2026-05-15,JV District Meet @ Forest Grove,12,Shot Put,1,0,6,11.38m
25212054,Bryant Charles,9,621543,2026-05-15,JV District Meet @ Forest Grove,12,Shot Put,1,0,8,10.76m
28046459,Dexter Almgren,9,621543,2026-05-15,JV District Meet @ Forest Grove,12,Shot Put,1,0,10,10.59m
28046503,Caleb D'Angelo,9,621543,2026-05-15,JV District Meet @ Forest Grove,12,Shot Put,1,0,28,9.00m
27665035,Isaac Bell,11,621543,2026-05-15,JV District Meet @ Forest Grove,12,Shot Put,1,0,31,8.65m
28046548,Tobin Hartinger,9,621543,2026-05-15,JV District Meet @ Forest Grove,12,Shot Put,1,0,39,8.27m
27722108,Sebastian Bravo,10,621543,2026-05-15,JV District Meet @ Forest Grove,12,Shot Put,1,0,40,8.23m
31151949,Brayden Morton,9,621543,2026-05-15,JV District Meet @ Forest Grove,12,Shot Put,1,0,65,4.49m
24973707,Aaron Dube,12,621543,2026-05-15,JV District Meet @ Forest Grove,12,Shot Put,1,0,66,3.57m
24973681,Nicholas Videtich,11,621543,2026-05-15,JV District Meet @ Forest Grove,12,Shot Put,1,0,68,0.98m
27638346,Mason Lucero,10,621543,2026-05-15,JV District Meet @ Forest Grove,12,Shot Put,1,0,69,0.87m
30495776,McKay Baggaley,9,621543,2026-05-15,JV District Meet @ Forest Grove,12,Shot Put,1,0,70,0.85m
28046406,Stella Achhammer,9,621543,2026-05-15,JV District Meet @ Forest Grove,30,Shot Put,1,0,3,7.85m
28046503,Caleb D'Angelo,9,621543,2026-05-15,JV District Meet @ Forest Grove,13,Discus,1,0,8,27.74m
28046492,Benjamin Charles,9,621543,2026-05-15,JV District Meet @ Forest Grove,13,Discus,1,0,14,26.56m
28046459,Dexter Almgren,9,621543,2026-05-15,JV District Meet @ Forest Grove,13,Discus,1,0,17,25.21m
22605030,Ethan Sturgeon,9,621543,2026-05-15,JV District Meet @ Forest Grove,13,Discus,1,0,20,24.45m
31734533,Henry Boyle,10,621543,2026-05-15,JV District Meet @ Forest Grove,13,Discus,1,0,28,23.58m
30499924,Carter Wylie,9,621543,2026-05-15,JV District Meet @ Forest Grove,13,Discus,1,0,33,22.73m
30600193,Jakobi Ribera,9,621543,2026-05-15,JV District Meet @ Forest Grove,13,Discus,1,0,37,21.86m
27722108,Sebastian Bravo,10,621543,2026-05-15,JV District Meet @ Forest Grove,13,Discus,1,0,46,19.38m
28046548,Tobin Hartinger,9,621543,2026-05-15,JV District Meet @ Forest Grove,13,Discus,1,0,49,18.63m
30409895,Cameron Johnson,9,621543,2026-05-15,JV District Meet @ Forest Grove,13,Discus,1,0,53,17.57m
25212054,Bryant Charles,9,621543,2026-05-15,JV District Meet @ Forest Grove,13,Discus,1,0,55,17.44m
29446211,Kaleb Hannon,9,621543,2026-05-15,JV District Meet @ Forest Grove,13,Discus,1,0,57,16.88m
22567990,Allie Vodrup,9,621543,2026-05-15,JV District Meet @ Forest Grove,31,Discus,1,0,10,18.48m
25215282,Lucy McClendon,9,621543,2026-05-15,JV District Meet @ Forest Grove,31,Discus,1,0,12,17.65m
25215277,Lindsey Vargas,9,621543,2026-05-15,JV District Meet @ Forest Grove,31,Discus,1,0,20,15.06m
25215113,Eloise Fear,9,621543,2026-05-15,JV District Meet @ Forest Grove,31,Discus,1,0,21,14.47m
28047117,Anica Rodriguez-Valdez,9,621543,2026-05-15,JV District Meet @ Forest Grove,31,Discus,1,0,27,13.50m
28046609,Amaya Garcia,9,621543,2026-05-15,JV District Meet @ Forest Grove,31,Discus,1,0,29,10.79m
30499839,Collin Pitts,9,621543,2026-05-15,JV District Meet @ Forest Grove,14,Javelin,1,0,3,36.31m
31734533,Henry Boyle,10,621543,2026-05-15,JV District Meet @ Forest Grove,14,Javelin,1,0,4,36.16m
30499887,Aiden Travis,9,621543,2026-05-15,JV District Meet @ Forest Grove,14,Javelin,1,0,6,33.90m
28046503,Caleb D'Angelo,9,621543,2026-05-15,JV District Meet @ Forest Grove,14,Javelin,1,0,12,28.29m
30708403,Nate Johnson,10,621543,2026-05-15,JV District Meet @ Forest Grove,14,Javelin,1,0,15,26.89m
30409895,Cameron Johnson,9,621543,2026-05-15,JV District Meet @ Forest Grove,14,Javelin,1,0,16,25.94m
30600193,Jakobi Ribera,9,621543,2026-05-15,JV District Meet @ Forest Grove,14,Javelin,1,0,19,24.52m
29446211,Kaleb Hannon,9,621543,2026-05-15,JV District Meet @ Forest Grove,14,Javelin,1,0,24,21.06m
27665035,Isaac Bell,11,621543,2026-05-15,JV District Meet @ Forest Grove,14,Javelin,1,0,29,19.11m
22605030,Ethan Sturgeon,9,621543,2026-05-15,JV District Meet @ Forest Grove,14,Javelin,1,0,30,18.89m
28046548,Tobin Hartinger,9,621543,2026-05-15,JV District Meet @ Forest Grove,14,Javelin,1,0,31,18.81m
30495776,McKay Baggaley,9,621543,2026-05-15,JV District Meet @ Forest Grove,14,Javelin,1,0,46,6.04m
28046406,Stella Achhammer,9,621543,2026-05-15,JV District Meet @ Forest Grove,32,Javelin,1,0,2,22.39m
22567990,Allie Vodrup,9,621543,2026-05-15,JV District Meet @ Forest Grove,32,Javelin,1,0,3,21.29m
17481444,Julia Williams,11,621543,2026-05-15,JV District Meet @ Forest Grove,32,Javelin,1,0,5,19.63m
29329462,Addison Selby,9,621543,2026-05-15,JV District Meet @ Forest Grove,32,Javelin,1,0,10,15.66m
25215277,Lindsey Vargas,9,621543,2026-05-15,JV District Meet @ Forest Grove,32,Javelin,1,0,11,14.60m
28046609,Amaya Garcia,9,621543,2026-05-15,JV District Meet @ Forest Grove,32,Javelin,1,0,17,12.34m
25215282,Lucy McClendon,9,621543,2026-05-15,JV District Meet @ Forest Grove,32,Javelin,1,0,19,11.49m
27637422,Sophia Kelley,10,621543,2026-05-15,JV District Meet @ Forest Grove,32,Javelin,1,0,20,10.13m
25215113,Eloise Fear,9,621543,2026-05-15,JV District Meet @ Forest Grove,32,Javelin,1,0,23,9.67m
28047117,Anica Rodriguez-Valdez,9,621543,2026-05-15,JV District Meet @ Forest Grove,32,Javelin,1,0,24,9.22m
30482479,Jameson Dickover,9,621543,2026-05-15,JV District Meet @ Forest Grove,9,High Jump,1,0,2,1.57m
9682693,Lyla Valdez,11,621543,2026-05-15,JV District Meet @ Forest Grove,27,High Jump,1,0,2,1.32m
25214364,Adyson Meiners,9,621543,2026-05-15,JV District Meet @ Forest Grove,27,High Jump,1,0,5,1.27m
26127650,Jazlyn Rose,11,621543,2026-05-15,JV District Meet @ Forest Grove,27,High Jump,1,0,6,1.27m
30847929,Eli King,10,621543,2026-05-15,JV District Meet @ Forest Grove,17,Long Jump,1,0,1,5.57m
27670243,Jayden Mendez,11,621543,2026-05-15,JV District Meet @ Forest Grove,17,Long Jump,1,0,6,5.24m
27638343,Jacob Leicht,11,621543,2026-05-15,JV District Meet @ Forest Grove,17,Long Jump,1,0,13,5.04m
30619765,Drake Avila,9,621543,2026-05-15,JV District Meet @ Forest Grove,17,Long Jump,1,0,15,4.96m
30619360,Nolan Daily,10,621543,2026-05-15,JV District Meet @ Forest Grove,17,Long Jump,1,0,26,4.50m
30545758,Jackson McDonald,9,621543,2026-05-15,JV District Meet @ Forest Grove,17,Long Jump,1,0,27,4.50m
31151949,Brayden Morton,9,621543,2026-05-15,JV District Meet @ Forest Grove,17,Long Jump,1,0,42,2.83m
30495776,McKay Baggaley,9,621543,2026-05-15,JV District Meet @ Forest Grove,17,Long Jump,1,0,43,1.30m
24973707,Aaron Dube,12,621543,2026-05-15,JV District Meet @ Forest Grove,17,Long Jump,1,0,44,0.82m
24973681,Nicholas Videtich,11,621543,2026-05-15,JV District Meet @ Forest Grove,17,Long Jump,1,0,45,0.15m
25215565,Sophie Cooper,10,621543,2026-05-15,JV District Meet @ Forest Grove,35,Long Jump,1,0,1,4.50m
25214364,Adyson Meiners,9,621543,2026-05-15,JV District Meet @ Forest Grove,35,Long Jump,1,0,4,4.34m
28046609,Amaya Garcia,9,621543,2026-05-15,JV District Meet @ Forest Grove,35,Long Jump,1,0,14,3.73m
26127650,Jazlyn Rose,11,621543,2026-05-15,JV District Meet @ Forest Grove,35,Long Jump,1,0,27,3.20m
30482239,Bastian Bowden,12,626646,2026-05-22,6A-3 Pacific Conference Championships,1,100 Meters,0,0,4,11.11a
22081314,Addison Cutsforth,12,626646,2026-05-22,6A-3 Pacific Conference Championships,19,100 Meters,0,0,5,12.61a
20012753,Adelynn Harold,10,626646,2026-05-22,6A-3 Pacific Conference Championships,19,100 Meters,0,0,7,12.94a
22081391,Jayden Wright,12,626646,2026-05-22,6A-3 Pacific Conference Championships,2,200 Meters,0,0,3,22.77a
11592131,Blake Dunn,12,626646,2026-05-22,6A-3 Pacific Conference Championships,2,200 Meters,0,0,5,23.10a
22081314,Addison Cutsforth,12,626646,2026-05-22,6A-3 Pacific Conference Championships,20,200 Meters,0,0,4,25.88a
20012753,Adelynn Harold,10,626646,2026-05-22,6A-3 Pacific Conference Championships,20,200 Meters,0,0,6,26.04a
22081391,Jayden Wright,12,626646,2026-05-22,6A-3 Pacific Conference Championships,3,400 Meters,0,0,2,50.30a
30497121,Allison Burnett,11,626646,2026-05-22,6A-3 Pacific Conference Championships,21,400 Meters,0,0,3,57.76a
30522258,Ela Keliiheleua,9,626646,2026-05-22,6A-3 Pacific Conference Championships,21,400 Meters,0,0,6,1:01.28a
30340950,Blake Horner,11,626646,2026-05-22,6A-3 Pacific Conference Championships,4,800 Meters,0,0,1,1:57.38a
30340943,Joel Eddington,11,626646,2026-05-22,6A-3 Pacific Conference Championships,4,800 Meters,0,0,3,1:59.10a
16012289,Braden Stein,12,626646,2026-05-22,6A-3 Pacific Conference Championships,4,800 Meters,0,0,7,2:01.19a
30367518,Evylee Bugher,11,626646,2026-05-22,6A-3 Pacific Conference Championships,22,800 Meters,0,0,1,2:13.43a
30497121,Allison Burnett,11,626646,2026-05-22,6A-3 Pacific Conference Championships,22,800 Meters,0,0,2,2:18.55a
30340943,Joel Eddington,11,626646,2026-05-22,6A-3 Pacific Conference Championships,5,1500 Meters,0,0,2,4:01.16a
17586188,Kole Norman,11,626646,2026-05-22,6A-3 Pacific Conference Championships,5,1500 Meters,0,0,4,4:05.36a
30340957,Spencer Rasmussen,12,626646,2026-05-22,6A-3 Pacific Conference Championships,5,1500 Meters,0,0,5,4:07.71a
30367518,Evylee Bugher,11,626646,2026-05-22,6A-3 Pacific Conference Championships,23,1500 Meters,0,0,1,4:39.51a
30367520,Nezeya Bugher,9,626646,2026-05-22,6A-3 Pacific Conference Championships,23,1500 Meters,0,0,2,4:45.01a
30367521,Tyler Thomas,11,626646,2026-05-22,6A-3 Pacific Conference Championships,23,1500 Meters,0,0,4,4:51.28a
17586188,Kole Norman,11,626646,2026-05-22,6A-3 Pacific Conference Championships,6,3000 Meters,0,0,2,8:42.14a
30340947,Brady Edinger,11,626646,2026-05-22,6A-3 Pacific Conference Championships,6,3000 Meters,0,0,4,8:53.60a
26365539,Ryan Nations,12,626646,2026-05-22,6A-3 Pacific Conference Championships,6,3000 Meters,0,0,9,9:14.61a
30367521,Tyler Thomas,11,626646,2026-05-22,6A-3 Pacific Conference Championships,24,3000 Meters,0,0,1,10:20.66a
30367520,Nezeya Bugher,9,626646,2026-05-22,6A-3 Pacific Conference Championships,24,3000 Meters,0,0,2,10:23.40a
30367506,Grace Sappenfield,12,626646,2026-05-22,6A-3 Pacific Conference Championships,24,3000 Meters,0,0,5,11:26.16a
20186765,Breeanna Hollins,9,626646,2026-05-22,6A-3 Pacific Conference Championships,28,100m Hurdles,0,0,3,15.54a
22081325,Alexis Russell,12,626646,2026-05-22,6A-3 Pacific Conference Championships,28,100m Hurdles,0,0,4,16.12a
18122764,Breanna Werle,11,626646,2026-05-22,6A-3 Pacific Conference Championships,28,100m Hurdles,0,0,8,17.80a
22081325,Alexis Russell,12,626646,2026-05-22,6A-3 Pacific Conference Championships,29,300m Hurdles,0,0,3,47.59a
22081327,Katelyn Werle,12,626646,2026-05-22,6A-3 Pacific Conference Championships,29,300m Hurdles,0,0,8,49.75a
18425649,Jace Brown,10,626646,2026-05-22,6A-3 Pacific Conference Championships,7,4x100 Relay,0,1,2,43.21a
30482239,Bastian Bowden,12,626646,2026-05-22,6A-3 Pacific Conference Championships,7,4x100 Relay,0,1,2,43.21a
22081391,Jayden Wright,12,626646,2026-05-22,6A-3 Pacific Conference Championships,7,4x100 Relay,0,1,2,43.21a
22605185,James Waletich,9,626646,2026-05-22,6A-3 Pacific Conference Championships,7,4x100 Relay,0,1,2,43.21a
22081319,Brooklyn Jones,12,626646,2026-05-22,6A-3 Pacific Conference Championships,25,4x100 Relay,0,1,4,49.40a
20186765,Breeanna Hollins,9,626646,2026-05-22,6A-3 Pacific Conference Championships,25,4x100 Relay,0,1,4,49.40a
22081314,Addison Cutsforth,12,626646,2026-05-22,6A-3 Pacific Conference Championships,25,4x100 Relay,0,1,4,49.40a
20012753,Adelynn Harold,10,626646,2026-05-22,6A-3 Pacific Conference Championships,25,4x100 Relay,0,1,4,49.40a
24651820,Brandon Arreguin,12,626646,2026-05-22,6A-3 Pacific Conference Championships,8,4x400 Relay,0,1,3,3:27.05a
22081339,Brandon Colli,12,626646,2026-05-22,6A-3 Pacific Conference Championships,8,4x400 Relay,0,1,3,3:27.05a
11592131,Blake Dunn,12,626646,2026-05-22,6A-3 Pacific Conference Championships,8,4x400 Relay,0,1,3,3:27.05a
22081391,Jayden Wright,12,626646,2026-05-22,6A-3 Pacific Conference Championships,8,4x400 Relay,0,1,3,3:27.05a
30522258,Ela Keliiheleua,9,626646,2026-05-22,6A-3 Pacific Conference Championships,26,4x400 Relay,0,1,2,4:00.32a
30497121,Allison Burnett,11,626646,2026-05-22,6A-3 Pacific Conference Championships,26,4x400 Relay,0,1,2,4:00.32a
30367518,Evylee Bugher,11,626646,2026-05-22,6A-3 Pacific Conference Championships,26,4x400 Relay,0,1,2,4:00.32a
22081314,Addison Cutsforth,12,626646,2026-05-22,6A-3 Pacific Conference Championships,26,4x400 Relay,0,1,2,4:00.32a
18122796,Levi Klostreich,11,626646,2026-05-22,6A-3 Pacific Conference Championships,12,Shot Put,1,0,3,15.01m
17481352,Isaac Bean,12,626646,2026-05-22,6A-3 Pacific Conference Championships,12,Shot Put,1,0,5,13.99m
17481364,Joey Domingo,12,626646,2026-05-22,6A-3 Pacific Conference Championships,12,Shot Put,1,0,7,13.02m
30497045,Kamryn Clark,11,626646,2026-05-22,6A-3 Pacific Conference Championships,30,Shot Put,1,0,3,10.37m
30497054,Bella Ponce,11,626646,2026-05-22,6A-3 Pacific Conference Championships,30,Shot Put,1,0,5,9.68m
30522259,Ella Golda,11,626646,2026-05-22,6A-3 Pacific Conference Championships,30,Shot Put,1,0,8,9.21m
24776685,Tanner Smith,12,626646,2026-05-22,6A-3 Pacific Conference Championships,13,Discus,1,0,4,44.48m
969142,Barton Charles,10,626646,2026-05-22,6A-3 Pacific Conference Championships,13,Discus,1,0,8,37.75m
30523303,Amaya Johnson,10,626646,2026-05-22,6A-3 Pacific Conference Championships,31,Discus,1,0,8,29.66m
30495062,Emma Vodrup,11,626646,2026-05-22,6A-3 Pacific Conference Championships,31,Discus,1,0,9,29.05m
30497054,Bella Ponce,11,626646,2026-05-22,6A-3 Pacific Conference Championships,31,Discus,1,0,13,24.88m
24776685,Tanner Smith,12,626646,2026-05-22,6A-3 Pacific Conference Championships,14,Javelin,1,0,3,47.93m
17481364,Joey Domingo,12,626646,2026-05-22,6A-3 Pacific Conference Championships,14,Javelin,1,0,7,43.37m
30340962,Carter Shepherd,11,626646,2026-05-22,6A-3 Pacific Conference Championships,14,Javelin,1,0,14,38.32m
30495062,Emma Vodrup,11,626646,2026-05-22,6A-3 Pacific Conference Championships,32,Javelin,1,0,3,34.37m
30522259,Ella Golda,11,626646,2026-05-22,6A-3 Pacific Conference Championships,32,Javelin,1,0,10,28.35m
30367518,Evylee Bugher,11,626646,2026-05-22,6A-3 Pacific Conference Championships,32,Javelin,1,0,11,27.79m
15115899,Wyatt Tannler,10,626646,2026-05-22,6A-3 Pacific Conference Championships,9,High Jump,1,0,1,1.92m
22081356,Jackson Henderson,12,626646,2026-05-22,6A-3 Pacific Conference Championships,9,High Jump,1,0,10,1.63m
29803077,Ethan Portillo,11,626646,2026-05-22,6A-3 Pacific Conference Championships,9,High Jump,1,0,16,1.48m
23198525,Brinley Rygh,10,626646,2026-05-22,6A-3 Pacific Conference Championships,27,High Jump,1,0,4,1.56m
30367522,Hayden Shimp,11,626646,2026-05-22,6A-3 Pacific Conference Championships,27,High Jump,1,0,8,1.41m
24544011,Alexander Osborn,12,626646,2026-05-22,6A-3 Pacific Conference Championships,16,Pole Vault,1,0,4,3.63m
24788683,Jack Anaya,11,626646,2026-05-22,6A-3 Pacific Conference Championships,16,Pole Vault,1,0,9,3.18m
27638641,Levi Wuertz,10,626646,2026-05-22,6A-3 Pacific Conference Championships,16,Pole Vault,1,0,10,3.18m
23622510,Siyi Liang,11,626646,2026-05-22,6A-3 Pacific Conference Championships,34,Pole Vault,1,0,7,2.27m
18425649,Jace Brown,10,626646,2026-05-22,6A-3 Pacific Conference Championships,17,Long Jump,1,0,2,6.36m
22081369,Ethan Morris,12,626646,2026-05-22,6A-3 Pacific Conference Championships,17,Long Jump,1,0,4,6.32m
22081339,Brandon Colli,12,626646,2026-05-22,6A-3 Pacific Conference Championships,17,Long Jump,1,0,8,6.22m
20186765,Breeanna Hollins,9,626646,2026-05-22,6A-3 Pacific Conference Championships,35,Long Jump,1,0,1,5.37m
9133029,Petra Hagan,11,626646,2026-05-22,6A-3 Pacific Conference Championships,35,Long Jump,1,0,15,4.46m
26367228,Chloe D'Angelo,11,626646,2026-05-22,6A-3 Pacific Conference Championships,35,Long Jump,1,0,19,4.09m
22081339,Brandon Colli,12,626646,2026-05-22,6A-3 Pacific Conference Championships,18,Triple Jump,1,0,3,13.13m
20012929,Adithya Thothala,10,626646,2026-05-22,6A-3 Pacific Conference Championships,18,Triple Jump,1,0,5,12.61m
16685117,Braedon Motland,11,626646,2026-05-22,6A-3 Pacific Conference Championships,18,Triple Jump,1,0,12,11.17m
20186765,Breeanna Hollins,9,626646,2026-05-22,6A-3 Pacific Conference Championships,36,Triple Jump,1,0,1,11.19m
24443505,Malia Evonuk,11,626646,2026-05-22,6A-3 Pacific Conference Championships,36,Triple Jump,1,0,12,9.36m
26367232,Emma Stein,10,626646,2026-05-22,6A-3 Pacific Conference Championships,36,Triple Jump,1,0,15,8.94m
30497121,Allison Burnett,11,615709,2026-05-30,OSAA State Track & Field Championships,21,400 Meters,0,0,8,57.53a
30367518,Evylee Bugher,11,615709,2026-05-30,OSAA State Track & Field Championships,22,800 Meters,0,0,4,2:14.99a
30340943,Joel Eddington,11,615709,2026-05-30,OSAA State Track & Field Championships,5,1500 Meters,0,0,13,4:00.05a
30367518,Evylee Bugher,11,615709,2026-05-30,OSAA State Track & Field Championships,23,1500 Meters,0,0,7,4:38.87a
30367520,Nezeya Bugher,9,615709,2026-05-30,OSAA State Track & Field Championships,23,1500 Meters,0,0,13,4:50.59a
17586188,Kole Norman,11,615709,2026-05-30,OSAA State Track & Field Championships,6,3000 Meters,0,0,12,8:55.22a
30367521,Tyler Thomas,11,615709,2026-05-30,OSAA State Track & Field Championships,24,3000 Meters,0,0,12,10:30.64a
30367520,Nezeya Bugher,9,615709,2026-05-30,OSAA State Track & Field Championships,24,3000 Meters,0,0,14,10:39.78a
18425649,Jace Brown,10,615709,2026-05-30,OSAA State Track & Field Championships,7,4x100 Relay,0,1,16,43.71a
30482239,Bastian Bowden,12,615709,2026-05-30,OSAA State Track & Field Championships,7,4x100 Relay,0,1,16,43.71a
22081391,Jayden Wright,12,615709,2026-05-30,OSAA State Track & Field Championships,7,4x100 Relay,0,1,16,43.71a
24651820,Brandon Arreguin,12,615709,2026-05-30,OSAA State Track & Field Championships,7,4x100 Relay,0,1,16,43.71a
30522258,Ela Keliiheleua,9,615709,2026-05-30,OSAA State Track & Field Championships,26,4x400 Relay,0,1,5,3:57.39a
30367518,Evylee Bugher,11,615709,2026-05-30,OSAA State Track & Field Championships,26,4x400 Relay,0,1,5,3:57.39a
30497121,Allison Burnett,11,615709,2026-05-30,OSAA State Track & Field Championships,26,4x400 Relay,0,1,5,3:57.39a
22081314,Addison Cutsforth,12,615709,2026-05-30,OSAA State Track & Field Championships,26,4x400 Relay,0,1,5,3:57.39a
18122796,Levi Klostreich,11,615709,2026-05-30,OSAA State Track & Field Championships,12,Shot Put,1,0,14,14.75m
24776685,Tanner Smith,12,615709,2026-05-30,OSAA State Track & Field Championships,13,Discus,1,0,8,45.37m
30495062,Emma Vodrup,11,615709,2026-05-30,OSAA State Track & Field Championships,32,Javelin,1,0,4,35.32m
23198525,Brinley Rygh,10,615709,2026-05-30,OSAA State Track & Field Championships,27,High Jump,1,0,2,1.63m
18425649,Jace Brown,10,615709,2026-05-30,OSAA State Track & Field Championships,17,Long Jump,1,0,16,6.12m
20186765,Breeanna Hollins,9,615709,2026-05-30,OSAA State Track & Field Championships,35,Long Jump,1,0,5,5.25m
20186765,Breeanna Hollins,9,615709,2026-05-30,OSAA State Track & Field Championships,36,Triple Jump,1,0,3,11.44m
