athleteId,schoolYear,sport,grade,nRaces,best800,best1500,best3000,best5000,bestAny
4739,2004,tfo,10,6,,,,,13.34
4741,2004,tfo,10,4,,,,,13.14
4741,2005,tfo,11,5,,,,,25.94
4741,2006,tfo,12,2,144.5,298.8,,,144.5
4743,2004,tfo,10,3,,,,,11.64
4743,2005,tfo,11,14,,,,,11.14
4743,2006,tfo,12,19,,,,,11.14
4744,2004,tfo,9,5,138.6,,763,,138.6
4745,2004,tfo,12,1,,,,,15.54
4746,2004,xc,11,1,,,,1079,1079
4746,2004,tfo,11,10,126.4,255.7,554.6,,126.4
4746,2005,xc,12,1,,,,1016,1016
4746,2005,tfo,12,17,122.5,245.62,544.1,,122.5
4748,2004,tfo,9,2,,,,,13.34
4748,2005,tfo,10,6,128.4,,,,25.64
4748,2006,tfo,11,8,128.36,,,,128.36
4748,2007,tfo,12,6,129.1,,,,55.35
4753,2004,tfo,12,9,136.8,280.7,,,136.8
4754,2004,tfo,9,6,,,,,12.16
4754,2005,tfo,10,7,,,,,12.04
4754,2006,tfo,11,15,,,,,11.34
4754,2007,tfo,12,15,,,,,11.41
4755,2003,tfo,11,1,,260.8,,,260.8
4755,2004,tfo,12,7,123.9,266.7,,,123.9
4756,2004,xc,11,1,,,,1035,1035
4756,2004,tfo,11,12,,274,574,,274
4756,2005,xc,12,1,,,,1004,1004
4756,2005,tfo,12,16,,259.6,545.63,,259.6
4757,2004,tfo,11,10,,,,,24.44
4757,2005,tfo,12,6,,,,,54.04
4761,2004,tfo,9,2,,279.7,,,14.24
4762,2004,tfo,10,5,,,,,13.84
4762,2005,tfo,11,14,,,,,13.84
4765,2003,xc,9,1,,,,1438,1438
4765,2004,xc,10,1,,,,1424,1424
4765,2004,tfo,10,4,,358.2,813.4,,358.2
4765,2005,xc,11,1,,,,1397,1397
4765,2005,tfo,11,7,171.9,353.7,786.4,,171.9
4765,2006,xc,12,7,,,,1332.2,1332.2
4765,2006,tfo,12,12,171.5,344.9,756.4,,171.5
4766,2004,tfo,9,4,,,,,14.84
4766,2005,tfo,10,1,,,,,15.64
4767,2002,xc,9,1,,,,1263,1263
4767,2002,tfo,9,2,,309,689,,309
4767,2004,xc,11,1,,,,1314,1314
4767,2004,tfo,11,10,158.6,312.3,709.89,,158.6
4768,2004,tfo,9,1,,,,,14.24
4768,2005,tfo,10,4,,,,,29.24
4768,2006,tfo,11,7,,,,,27.84
4768,2007,tfo,12,1,,,,,30.73
4770,2004,xc,9,1,,,,1425,1425
4770,2004,tfo,9,4,,343,794.4,,343
4770,2005,tfo,10,9,170.6,343.1,828.3,,170.6
4770,2006,xc,11,5,,,,1325.4,1325.4
4770,2006,tfo,11,8,175,349.7,,,175
4770,2007,xc,12,9,,,,1346.7,1346.7
4770,2007,tfo,12,10,181.5,359.4,799.7,,181.5
4773,2004,tfo,9,4,169.4,354.6,857,,169.4
4773,2006,xc,11,3,,,,1474.9,1474.9
4776,2004,tfo,9,2,,,,,15.74
4779,2004,tfo,9,2,,,,,29.64
4779,2005,tfo,10,5,,,,,32.84
4781,2004,xc,10,1,,,,1532,1532
4781,2004,tfo,10,5,174,,856,,174
4781,2005,tfo,11,8,173.2,360.8,812.2,,173.2
4781,2006,xc,12,7,,,,1368.5,1368.5
4781,2006,tfo,12,6,169.4,352.9,812,,169.4
4782,2004,tfo,9,2,,,,,14.84
4783,2004,tfo,12,5,,,,,61.41
4784,2004,tfo,10,11,,,,,13.43
4784,2005,tfo,11,9,,,,,28.74
4785,2004,tfo,10,5,163.6,,849.8,,163.6
4785,2005,xc,11,1,,,,1351,1351
4785,2005,tfo,11,9,158.54,356.8,828.8,,72.64
4785,2006,xc,12,8,,,,1281.9,1281.9
4785,2006,tfo,12,7,156.73,,813,,156.73
4786,2004,tfo,9,1,,,,,71.94
4786,2005,tfo,10,2,,,,,71.74
4786,2007,xc,12,6,,,,1455.9,1455.9
4786,2007,tfo,12,7,165.54,366.51,,,165.54
4787,2003,xc,9,1,,,,1272,1272
4787,2004,xc,10,1,,,,1239,1239
4787,2004,tfo,10,6,152.5,,,,29.44
4787,2005,xc,11,1,,,,1302,1302
4787,2005,tfo,11,9,149.6,,,,69.74
4787,2006,xc,12,5,,,,1279.6,1279.6
4787,2006,tfo,12,3,,,,,64.24
4789,2003,xc,9,1,,,,1268,1268
4789,2004,xc,10,1,,,,1197,1197
4789,2004,tfo,10,6,150.9,314.5,674,,150.9
4789,2005,xc,11,1,,,,1273,1273
4789,2005,tfo,11,12,148.3,311.43,681.63,,30.44
4789,2006,xc,12,8,,,,1204.1,1204.1
4789,2006,tfo,12,14,160.5,314.3,669.85,,68.84
4790,2004,tfo,9,1,,,,,16.24
4794,2004,tfo,9,2,195,396.8,,,195
4794,2007,xc,12,2,,,,1751.2,1751.2
4796,2004,tfo,9,3,,,,,65.84
4796,2005,tfo,10,10,,,,,63.28
4796,2006,tfo,11,6,,,,,63.74
4796,2007,tfo,12,3,,,,,14.54
4798,2003,xc,9,1,,,,1208,1208
4798,2004,xc,10,1,,,,1193,1193
4798,2004,tfo,10,10,145.3,296.68,637.4,,145.3
4799,2004,tfo,10,3,193.5,,,,193.5
4800,2004,tfo,12,1,,,,,14.24
6007,2012,tfo,99,1,,,,,412.52
7287,2004,tfo,12,1,,,,,52.6
9168,2004,tfo,9,1,,,,,16.14
10117,2004,tfo,9,2,,,,,13.04
14305,2005,tfo,10,1,,,,,26.54
14306,2005,xc,9,1,,,,1160,1160
14306,2005,tfo,9,9,,290.3,654.3,,290.3
14306,2006,xc,10,7,,,,1109.3,1109.3
14306,2006,tfo,10,14,138.9,283.9,,,138.9
14306,2007,xc,11,7,,,,1203,1203
14306,2007,tfo,11,6,147.89,297.8,,,147.89
14306,2008,xc,12,7,,,,1134,750
14310,2005,tfo,9,7,144.6,,767.5,,144.6
14310,2006,xc,10,7,,,,1136.7,1136.7
14310,2007,xc,11,3,,,,1264,1264
14311,2005,xc,10,1,,,,1119,1119
14311,2005,tfo,10,15,154.7,297.26,628.14,,154.7
14311,2006,xc,11,7,,,,1080.1,1080.1
14311,2007,xc,12,7,,,,1089.7,1089.7
14311,2007,tfo,12,14,160.2,299.7,616.15,1033,160.2
14313,2005,tfo,10,2,,,,,70.44
14317,2005,tfo,10,1,,,,,32.64
14319,2005,tfo,10,6,,,,,30.94
16309,2005,tfo,9,7,160.2,,,,12.74
16312,2005,xc,9,1,,,,1129,1129
16312,2005,tfo,9,15,131.88,272.45,619.4,,131.88
16312,2006,xc,10,7,,,,1055.3,1055.3
16312,2006,tfo,10,15,132.4,257.5,590,,132.4
16312,2007,xc,11,10,,,,1014,1014
16312,2007,tfo,11,14,128.2,256.48,582.02,,128.2
16312,2008,xc,12,11,,,583,1009,583
16312,2008,tfo,12,17,123.4,256.7,552.27,,55.96
16313,2005,tfo,12,11,,297.8,622.3,,297.8
16317,2005,tfo,10,21,,,,,11.34
16317,2006,tfo,11,10,,,,,11.34
16317,2007,tfo,12,9,,,,,11.77
16318,2005,tfo,10,2,,343.5,,,343.5
16320,2005,tfo,10,13,141.4,289,,,141.4
16320,2006,tfo,11,7,143.9,292.3,,,143.9
16320,2007,xc,12,8,,,,1129.5,1129.5
16320,2007,tfo,12,11,129.02,281.34,,,129.02
16321,2005,tfo,9,4,155.1,329,,,155.1
16322,2005,tfo,11,2,,,,,12.64
16323,2005,tfo,11,5,,,,,24.84
16323,2006,tfo,12,18,127.2,,,,23.14
16324,2005,tfo,9,4,,,,,55.64
16324,2008,tfo,12,1,,,,,12.24
16325,2005,xc,9,1,,,,1123,1123
16325,2005,tfo,9,11,132.5,279.8,647.2,,132.5
16325,2006,xc,10,7,,,,1086.2,1086.2
16325,2006,tfo,10,12,129.7,279.8,,,129.7
16325,2007,xc,11,9,,,,1062.3,1062.3
16325,2007,tfo,11,15,129.32,260.8,594.2,,56.04
16325,2008,xc,12,9,,,,1051,1051
16325,2008,tfo,12,18,125.32,266.45,594.58,,57.99
16327,2005,tfo,11,2,145.5,,,,145.5
16330,2005,tfo,9,4,,,,,12.64
16330,2006,tfo,10,3,,,,,13.04
16331,2005,tfo,9,20,,,,,13.12
16331,2006,xc,10,1,,,,1394.9,1394.9
16331,2006,tfo,10,4,,,,,27.54
16332,2005,tfo,9,13,,,,,15.04
16333,2005,tfo,9,11,,,,,14.14
16333,2006,tfo,10,2,,,,,30.64
16335,2005,tfo,10,1,,,,,14.44
16337,2005,tfo,9,14,,,,,14.14
16337,2006,tfo,10,8,,,,,14.04
16337,2007,tfo,11,6,,,,,28.57
16345,2005,xc,9,1,,,,1368,1368
16345,2005,tfo,9,12,166.74,343.5,770,,166.74
16345,2006,xc,10,7,,,,1277.1,1277.1
16345,2007,xc,11,1,,,,1522.9,1522.9
16346,2005,tfo,11,6,178.5,,,,78.04
16355,2005,tfo,10,6,,,,,13.78
17248,2005,tfo,10,6,,,,,56.26
17250,2005,tfo,9,5,,,,,12.84
17250,2006,tfo,10,17,,,,,12.84
17251,2005,tfo,11,8,,,,,56.88
17251,2006,xc,12,5,,,,1164.2,1164.2
17252,2005,tfo,9,3,149.2,,,,149.2
17971,2006,tfo,10,2,,,,,26.34
17971,2007,tfo,11,1,,,,,12.74
17971,2008,tfo,12,7,,,,,11.74
19277,2005,tfo,10,12,,,,,11.64
21753,2005,tfo,12,7,,,,,13.46
23596,2005,xc,10,1,,,,1119,1119
23596,2006,xc,11,7,,,,1075,1075
23596,2007,xc,12,9,,,,1086.1,1086.1
23597,2005,xc,11,1,,,,1176,1176
23597,2006,xc,12,6,,,,1129.7,1129.7
23598,2006,xc,11,7,,,,1072.5,1072.5
23598,2006,tfo,11,13,,273.02,623.6,,273.02
23598,2007,xc,12,10,,,,1071.5,1071.5
23598,2007,tfo,12,12,,284.2,621.34,,284.2
23599,2006,xc,9,5,,,,1122.5,1122.5
23599,2006,tfo,9,10,,,,,26.04
23599,2007,xc,10,9,,,,1093.8,1093.8
23599,2007,tfo,10,11,,293.6,,,12.84
23599,2008,xc,11,9,,,675,1147,675
23599,2008,tfo,11,14,,297.77,,,24.61
23599,2009,xc,12,6,,,,1099,1099
23600,2006,xc,9,7,,,,1228.5,1228.5
23600,2006,tfo,9,14,159.7,313.7,706.3,,67.94
23600,2007,xc,10,10,,,,1240.9,1240.9
23600,2007,tfo,10,13,159.8,334.43,748.1,,159.8
23600,2008,xc,11,10,,,793,1336,793
23600,2008,tfo,11,8,165.57,,835.2,,165.57
23600,2009,xc,12,2,,,,1404.1,1404.1
23602,2006,xc,9,7,,,,1325.7,1325.7
23602,2007,xc,10,9,,,,1282,1282
23602,2008,xc,11,8,,,788,1338,788
23603,2006,xc,10,6,,,,1140.7,1140.7
23603,2007,xc,11,8,,,,1111.9,1111.9
23604,2006,xc,10,6,,,,1150.4,1150.4
23604,2006,tfo,10,5,141,,,,141
23605,2006,xc,9,4,,,,1163.9,1163.9
23605,2006,tfo,9,4,,288.6,,,288.6
23605,2007,xc,10,9,,,,1112.1,1112.1
23605,2007,tfo,10,7,,285.2,631.66,,285.2
23605,2008,xc,11,6,,,666,1110.8,666
23605,2009,xc,12,6,,,,1117.5,1117.5
23606,2006,xc,9,5,,,,1161.1,1161.1
23606,2006,tfo,9,6,,291.8,618.1,,291.8
23606,2007,xc,10,7,,,,1119.9,1119.9
23606,2008,xc,11,4,,,,1108,1108
23606,2009,xc,12,7,,,,1038.5,1038.5
23607,2006,xc,12,3,,,,1244,1244
23608,2006,xc,10,6,,,,1226.3,1226.3
23608,2006,tfo,10,8,158.8,306.5,,,158.8
23609,2006,xc,10,6,,,,1214.5,1214.5
23609,2007,xc,11,9,,,,1194,1194
23609,2007,tfo,11,1,,311.1,,,311.1
23609,2008,xc,12,10,,,,1091,1091
23610,2006,xc,10,6,,,,1270.3,1270.3
23610,2007,xc,11,4,,,,1320.4,1320.4
23611,2006,xc,9,6,,,,1398,1398
23611,2006,tfo,9,8,172.4,363.2,832,,172.4
23611,2007,xc,10,8,,,,1372.1,1372.1
23611,2007,tfo,10,9,177.19,355.6,790.07,,177.19
23611,2008,xc,11,9,,,876,1425,876
23611,2008,tfo,11,9,180,367.35,811,,180
23611,2009,xc,12,8,,,,1415.6,1415.6
23612,2006,xc,9,6,,,,1320,1320
23612,2006,tfo,9,13,,335.5,748.5,,335.5
23612,2007,xc,10,10,,,,1296.1,1296.1
23612,2007,tfo,10,9,,350.6,787.4,,350.6
23612,2008,xc,11,9,,,815,1333,815
23612,2008,tfo,11,11,,341.95,774.9,,341.95
23612,2009,xc,12,7,,,,1320,1320
23612,2009,tfo,12,13,,337.37,722.84,,337.37
23880,2006,xc,9,6,,,,1221.8,1221.8
23880,2006,tfo,9,11,145.3,305.5,725.3,,65.84
23880,2007,xc,10,9,,,,1202.8,1202.8
23880,2007,tfo,10,7,157.5,327.46,,,65.84
23880,2008,xc,11,11,,,748,1283,748
23880,2008,tfo,11,11,147,329,,,63.52
23880,2009,xc,12,6,,,,1261.1,1261.1
23881,2006,xc,10,1,,,,1659,1659
23881,2006,tfo,10,9,,,,,14.04
23881,2007,tfo,11,15,,,,,14.43
24086,2006,xc,12,4,,,,1420,1420
26491,2007,tfo,10,16,,,,,12.74
36861,2005,xc,9,1,,,,1360,1360
36861,2006,tfo,10,2,,,,,30.14
37009,2006,tfo,9,12,,282.2,599.18,,282.2
37009,2007,xc,10,9,,,,1041.7,1041.7
37009,2007,tfo,10,13,137.87,270.9,585.64,,137.87
37009,2008,xc,11,11,,,,1021,1021
37009,2008,tfo,11,13,138.01,283.3,609.45,,138.01
37009,2009,xc,12,8,,,,1007.1,1007.1
37009,2009,tfo,12,11,134.62,277.53,595.6,,134.62
37014,2006,tfo,9,18,133.3,268.9,596.2,,133.3
37014,2007,tfo,10,14,129.19,269.95,594.2,,129.19
37017,2006,tfo,9,14,136.6,280,,,136.6
37036,2010,tfo,9,17,133.72,279.4,,,133.72
37036,2011,xc,10,10,,,674,1154.9,674
37036,2011,tfo,10,13,124.19,280.08,,,124.19
37036,2012,xc,11,7,,,,1104,762
37036,2012,tfo,11,13,120.17,268.87,,,56.16
37036,2013,xc,12,9,,,,971.4,971.4
37036,2013,tfo,12,19,118.58,251.36,575.03,,53.38
37052,2006,tfo,9,1,,,,,15.74
37056,2006,tfo,9,9,,,,,13.44
37056,2007,tfo,10,5,,,,,14.02
37060,2006,tfo,9,1,,,,,28.54
37060,2008,tfo,11,1,,,,,62.59
37078,2006,tfo,9,9,,,,,13.94
37078,2008,tfo,11,5,,,,,14.57
42354,2006,tfo,9,7,,275.1,,,275.1
42354,2007,xc,10,10,,,,1041.5,1041.5
42354,2007,tfo,10,13,125.01,272.41,597.21,,125.01
42354,2008,xc,11,11,,,,1009,1009
42354,2008,tfo,11,5,129.4,275.5,625,,129.4
42354,2009,xc,12,8,,,,1026.5,1026.5
42354,2009,tfo,12,14,125.49,277.45,596.12,,12.76
42431,2006,tfo,11,2,,,,,25.04
42439,2006,tfo,9,3,,,,,25.34
42439,2007,tfo,10,8,,,,,27.54
42439,2008,tfo,11,13,133.38,,,,12.88
42439,2009,tfo,12,12,131.48,270.14,,,56.59
42442,2006,tfo,9,3,,,,,27.74
42483,2006,tfo,9,4,,,,,28.44
42483,2007,tfo,10,11,,,,,26.71
42483,2008,tfo,11,7,,,,,25.24
42499,2006,tfo,9,19,,,,,13.04
42499,2007,tfo,10,13,,,,,13.34
42499,2008,tfo,11,9,,,,,13.41
42499,2009,tfo,12,9,,,,,13.3
42501,2006,tfo,9,8,,,,,14.84
42501,2007,tfo,10,6,,,,,15.36
42503,2006,tfo,9,8,,,,,15.14
50341,2006,tfo,11,4,,,,,24.54
50341,2007,tfo,12,6,,,,,12.54
50345,2006,tfo,10,1,,,,,15.54
50598,2007,tfo,10,4,,,,,14.24
62962,2006,tfo,9,5,156.6,299.9,,,156.6
62962,2007,tfo,10,11,,296.09,,,13.4
62962,2008,tfo,11,6,,,,,13.44
90734,2007,xc,9,8,,,,1266.5,1266.5
90735,2007,xc,9,7,,,,1415.5,1415.5
90736,2007,xc,10,9,,,,1251,1251
90736,2008,xc,11,8,,,694,1190,694
90736,2008,tfo,11,1,,,,,12.33
90736,2009,xc,12,5,,,,1218.1,1218.1
90736,2009,tfo,12,1,,,,,25.35
90737,2007,xc,9,6,,,,1234.3,1234.3
90738,2007,xc,11,6,,,,1207,1207
90738,2008,xc,12,7,,,,1304,876
90739,2007,xc,9,8,,,,1119.4,1119.4
90739,2008,xc,10,10,,,682,1039,682
90739,2009,xc,11,7,,,,1030.2,1030.2
90739,2010,xc,12,8,,,644,1050,644
90740,2007,xc,10,8,,,,1158,1158
90741,2007,xc,9,6,,,,1356.7,1356.7
90741,2008,xc,10,8,,,740,1248.9,740
90741,2008,tfo,10,2,,,720.9,,720.9
90741,2009,xc,11,6,,,,1245.7,1245.7
90741,2010,xc,12,7,,,787,1177,787
90743,2007,xc,11,10,,,,1021,1021
90743,2008,xc,12,11,,,621,1012,621
90743,2008,tfo,12,4,,,,,24.74
90744,2007,xc,9,8,,,,1505.1,1505.1
90744,2008,xc,10,8,,,,1373.4,904
90746,2007,xc,11,8,,,,1178.8,1178.8
90746,2007,tfo,11,5,,296.4,,,296.4
90747,2007,xc,11,8,,,,1263.3,1263.3
90748,2007,xc,9,8,,,,1381.8,1381.8
90750,2007,xc,9,1,,,,1901.5,1901.5
90750,2008,xc,10,6,,,,1662,1118
90750,2009,xc,11,6,,,,1540.7,1540.7
90750,2010,xc,12,9,,,1016,1578,1016
90751,2007,xc,9,9,,,,1382.5,1382.5
90751,2007,tfo,9,21,,346.4,,,13.56
90751,2008,xc,10,11,,,792,1305,792
90751,2008,tfo,10,15,,,824.82,,13.8
90751,2009,xc,11,8,,,,1318.7,1318.7
90751,2009,tfo,11,11,,,,,14.54
90751,2010,xc,12,9,,,767,1304,767
90751,2010,tfo,12,8,,,,,13.81
90752,2007,xc,12,9,,,,1352.3,1352.3
90754,2007,xc,9,10,,,,1329.8,1329.8
90754,2008,xc,10,11,,,759,1277,759
90754,2008,tfo,10,6,,,,,14.38
90754,2009,xc,11,9,,,,1302,1302
90754,2009,tfo,11,5,,,,,29.84
90754,2010,xc,12,9,,,758,1314,758
90754,2010,tfo,12,2,,,,,29.84
90755,2007,xc,9,5,,,,1728.6,1728.6
90755,2008,xc,10,7,,,,1840,1189
90756,2007,xc,11,7,,,,1356.1,1356.1
90756,2008,xc,12,8,,,,1250,1250
90757,2007,xc,9,6,,,,1482.4,1482.4
90757,2007,tfo,9,7,,359.8,802.3,,359.8
90757,2008,xc,10,9,,,867,1406,867
90757,2008,tfo,10,10,177.01,378.8,817,,177.01
90757,2009,xc,11,6,,,,1512.6,1512.6
90757,2010,xc,12,7,,,943,1528,943
90760,2007,xc,9,3,,,,1571,1571
90760,2008,xc,10,5,,,961,1625.4,961
90763,2007,xc,9,1,,,,1776,1776
92890,2007,xc,11,7,,,,1508.9,1508.9
92890,2008,xc,12,7,,,932,1582,932
99709,2007,xc,9,6,,,,1190,1190
99709,2007,tfo,9,6,139.3,,,,59.7
99709,2008,xc,10,8,,,,1115,734
99709,2008,tfo,10,6,135.26,,,,28.51
99709,2010,xc,12,9,,,660,1076,660
99709,2010,tfo,12,8,138.3,315.4,,,138.3
138072,2007,tfo,9,6,,,,,14.98
138072,2008,xc,10,9,,,829,1322,829
138072,2008,tfo,10,13,172.9,351.18,761.2,,14.88
138072,2009,xc,11,8,,,,1249.5,1249.5
138072,2009,tfo,11,7,,349.63,760.38,,349.63
138072,2010,xc,12,5,,,837,1310,837
138072,2010,tfo,12,3,166.21,,763.7,,166.21
138073,2008,xc,10,7,,,757,1299,757
138073,2008,tfo,10,9,,,,,12.6
138073,2009,xc,11,1,,,,1378.2,1378.2
138073,2009,tfo,11,2,,,,,25.59
138074,2007,tfo,10,8,,,,,56.14
138074,2008,xc,11,1,,,,1134.6,1134.6
138074,2008,tfo,11,4,,,,,57.64
138074,2009,xc,12,8,,,,1035.4,1035.4
138074,2009,tfo,12,8,136.99,279.78,,,136.99
138075,2007,tfo,9,5,,,,,14.51
138075,2008,tfo,10,8,,,,,14.53
138076,2007,tfo,9,9,,,,,70.39
138078,2007,tfo,10,15,,,,,12.49
138078,2008,tfo,11,5,,,,,12.33
138081,2007,tfo,9,5,,,,,16.04
138082,2007,tfo,12,7,164.64,342.56,791.8,,164.64
138085,2007,tfo,10,8,145.16,,,,31.24
138087,2007,tfo,9,9,,,,,26.74
138088,2007,tfo,9,14,,,,,14.68
138088,2008,tfo,10,12,,,,,14.86
138088,2009,tfo,11,8,,,,,30.5
138088,2010,tfo,12,13,,,,,13.92
138096,2007,tfo,9,9,149.39,,,,29.64
138096,2008,tfo,10,17,,,,,12.93
138096,2009,tfo,11,17,,,,,12.66
138096,2010,tfo,12,17,,,,,12.46
138098,2007,tfo,11,1,,,,,14.24
138100,2008,xc,10,10,,,875,1356,875
138100,2009,xc,11,9,,,,1291.3,1291.3
138100,2010,tfo,12,1,,,,,14.24
138104,2007,tfo,9,2,,,,,14.61
138108,2009,tfo,11,2,,,,,14.65
138110,2007,tfo,9,17,159.05,,,,29.74
138110,2008,tfo,10,15,,326.74,805.01,,29.12
138110,2009,xc,11,6,,,,1337.3,1337.3
138110,2009,tfo,11,6,,,,,29.44
138110,2010,xc,12,9,,,894,1305,894
138110,2010,tfo,12,15,172.94,327.13,691.73,,30.34
138111,2007,tfo,10,5,,,,,33.33
138111,2009,xc,12,8,,,,1398.6,1398.6
138112,2007,tfo,9,6,,,,,15.07
138113,2007,tfo,10,8,,,,,30.72
138115,2007,tfo,9,10,,,,,24.74
138115,2009,tfo,11,3,,,,,12.67
138116,2007,tfo,9,6,,,,,14.54
138117,2007,tfo,10,5,131.2,,,,55.54
138120,2007,tfo,11,6,,315.98,710.5,,315.98
138120,2008,tfo,12,9,,286.25,649,,286.25
138125,2007,tfo,9,10,,,,,14.74
138127,2007,tfo,10,10,,,,,28.96
138127,2008,tfo,11,10,,,,,12.93
138130,2007,tfo,11,7,,,,,14.8
138130,2008,tfo,12,4,,,,,14.14
138131,2007,tfo,9,7,,,,,28.64
138133,2007,tfo,12,3,,,,,56.04
146574,2007,tfo,9,1,,,,,15.74
149518,2007,tfo,9,10,,,,,14.66
149518,2008,tfo,10,9,,,,,14.64
172351,2007,tfo,10,5,,,,,13.14
172352,2007,tfo,9,13,,,,,13.11
241443,2008,xc,9,9,,,699,1249,699
241443,2009,xc,10,8,,,,1193.7,1193.7
241443,2010,xc,11,9,,,723,1180,723
241443,2011,xc,12,10,,,654,1198.8,654
241444,2008,xc,9,7,,,,1513,962
241444,2009,xc,10,7,,,,1300,1300
241445,2008,xc,12,8,,,,1312.8,842
241446,2008,xc,10,8,,,737,1265,737
241446,2008,tfo,10,7,,,,,27.93
241447,2008,xc,10,9,,,752,1160,727
241448,2008,xc,12,8,,,,1264,1264
241449,2008,xc,11,9,,,787,1318,787
241449,2008,tfo,11,8,170.25,350.24,784.2,,170.25
241449,2009,xc,12,5,,,,1352.2,1352.2
241452,2008,xc,10,8,,,930,1463,930
241452,2008,tfo,10,8,171.68,341.64,,,171.68
241452,2009,xc,11,3,,,,1443.4,1443.4
241452,2009,tfo,11,11,171.48,356.19,773.79,,171.48
241452,2010,xc,12,9,,,804,1348,804
241452,2010,tfo,12,13,169.47,347.18,767.77,,169.47
241453,2008,xc,10,3,,,1028,1655.7,1028
241454,2008,xc,10,7,,,,1575,1575
253367,2008,xc,11,4,,,,1614.4,1097
297320,2008,tfo,9,18,,,,,14.6
297320,2009,tfo,10,15,,,,,14.73
297320,2010,tfo,11,15,,,,,14.21
297320,2011,tfo,12,12,,,,,15.28
297322,2008,tfo,9,15,,,,,16.31
297322,2009,tfo,10,14,,,,,16.18
297323,2008,tfo,9,8,190.32,,,,80.48
297323,2009,tfo,10,8,,387.42,851.37,,387.42
297323,2010,tfo,11,9,,401.61,865.3,,401.61
297323,2011,tfo,12,11,,405.8,910.94,,405.8
297326,2008,tfo,10,15,,,,,16.06
297326,2009,tfo,11,16,,,,,15.6
297334,2009,tfo,10,5,169.13,340.45,,,16.35
297340,2008,tfo,9,7,,,,,31.28
297340,2011,tfo,12,10,,,,,66.07
297341,2008,tfo,9,2,,,,,15.48
297344,2008,tfo,9,7,162.08,,,,14.33
297344,2009,tfo,10,7,,,,,13.65
297355,2008,tfo,11,6,141.5,307.06,,,12.04
297358,2008,tfo,9,6,188.2,,,,85.23
297358,2009,tfo,10,1,181.75,,,,181.75
297360,2009,tfo,10,1,,,,,29.66
297362,2009,xc,10,2,,,,1439.5,1439.5
297362,2010,xc,11,7,,,849,1476,849
297363,2008,tfo,9,18,,,,,13.3
297363,2009,tfo,10,5,,,,,13.55
297364,2008,tfo,9,9,150.3,,,,30.72
297364,2009,xc,10,8,,,,1102.7,1102.7
297364,2009,tfo,10,1,154.37,,,,154.37
297364,2010,xc,11,9,,,658,1085,658
297364,2010,tfo,11,2,,,680.8,,680.8
297365,2008,tfo,9,10,136.68,291.72,656.13,,136.68
297366,2008,tfo,9,15,,,,,13.04
297366,2009,tfo,10,18,,,,,13.13
297366,2010,tfo,11,14,,,,,12.84
297367,2008,tfo,9,6,169.11,,,,31.82
297367,2009,tfo,10,2,,320.26,,,320.26
297373,2008,tfo,12,1,,,,,65.27
297376,2008,tfo,9,5,,,,,12.6
297376,2010,tfo,11,7,,,,,11.78
297378,2008,tfo,10,7,,,,,24.38
297378,2009,xc,11,5,,,,1183.7,1183.7
297378,2010,xc,12,5,,,,1166,1166
297378,2010,tfo,12,3,,,,,12.12
297381,2008,tfo,9,2,,,,,27.34
328047,2008,tfo,9,7,164.43,,,,164.43
328047,2009,xc,10,7,,,,1349.6,1349.6
328047,2009,tfo,10,7,162.78,340.64,924.1,,162.78
328047,2010,xc,11,4,,,,1365,1365
328047,2010,tfo,11,9,165.75,,698.15,,30.9
328047,2011,tfo,12,6,,309.55,,,309.55
330758,2008,tfo,12,9,,,,,11.74
331544,2009,tfo,10,16,,,,,12.3
351815,2008,tfo,9,3,,,,,15.43
351815,2009,tfo,10,4,,,,,14.19
531585,2009,xc,9,6,,,,1214.1,1214.1
531585,2010,xc,10,6,,,710,1205,710
531587,2009,xc,9,8,,,,1279.2,1279.2
531587,2009,tfo,9,6,,344.97,,,344.97
531587,2010,tfo,10,10,159.52,334.81,,,159.52
531587,2011,xc,11,9,,,684,1206,684
531591,2009,xc,11,6,,,,1308.2,1308.2
531593,2009,xc,11,4,,,,1217.9,1217.9
531595,2009,xc,11,7,,,,1231.2,1231.2
531595,2010,xc,12,2,,,747,1272.2,747
531596,2009,xc,10,7,,,,1132.8,1132.8
531596,2010,xc,11,8,,,670,1119,670
531598,2009,xc,12,8,,,,1080,1080
531603,2009,xc,9,7,,,,1477.8,1477.8
531603,2009,tfo,9,7,,385.95,,,385.95
531603,2010,xc,10,7,,,943,1514,943
531603,2010,tfo,10,8,,393.27,847.6,,393.27
531603,2011,xc,11,9,,,894,1580.7,894
531603,2011,tfo,11,12,,399.28,874.94,,399.28
531603,2012,xc,12,6,,,,1585,626
531603,2012,tfo,12,9,,419,862.03,,419
531606,2009,xc,10,8,,,,1482.7,1482.7
531606,2010,xc,11,9,,,916,1478,916
531606,2011,xc,12,8,,,1002.4,1538,1002.4
531609,2009,xc,12,6,,,,1343,1343
531613,2009,xc,9,6,,,,1477.2,1477.2
531613,2009,tfo,9,6,,,,,14.65
531613,2010,xc,10,9,,,894,1477,894
531613,2010,tfo,10,4,,,,,14.79
531613,2011,xc,11,9,,,879,1461,879
531613,2011,tfo,11,6,,,,,15.03
531613,2012,xc,12,7,,,,1460,599
531616,2009,xc,9,8,,,,1320.6,1320.6
531616,2009,tfo,9,3,165.57,358.13,,,72.9
531616,2010,xc,10,10,,,780,1272,780
531616,2011,xc,11,10,,,771,1358,771
531619,2009,xc,10,7,,,,1532.2,1532.2
531619,2010,xc,11,6,,,988,1541,988
531619,2011,xc,12,9,,,879,1470,879
531623,2009,xc,9,9,,,,1205.9,1205.9
531623,2009,tfo,9,16,145.16,303.74,739.3,,65.23
531623,2010,xc,10,10,,,740,1178,740
531623,2010,tfo,10,14,149,291.6,726.13,,149
531623,2011,xc,11,11,,,684,1207.8,684
531623,2011,tfo,11,16,146.67,304.66,714.48,,146.67
531623,2012,xc,12,9,,,,1244,899
531623,2012,tfo,12,12,151.28,304.4,752.67,,151.28
531626,2009,xc,12,6,,,,1660.7,1660.7
531629,2009,xc,11,8,,,,1417.5,1417.5
533224,2009,xc,10,5,,,,1122.3,1122.3
533224,2010,xc,11,6,,,,1090,1090
533224,2010,tfo,11,8,140.55,268.1,,,140.55
533224,2011,xc,12,8,,,,1049.4,1049.4
533224,2011,tfo,12,18,127.96,260.35,614.01,,127.96
539953,2009,xc,9,8,,,,1258.1,1258.1
539953,2009,tfo,9,6,164.24,331.01,757,,164.24
539953,2010,xc,10,10,,,789,1266,789
539953,2010,tfo,10,12,165.58,330,718.34,,165.58
539953,2011,xc,11,11,,,704,1260.7,704
539953,2011,tfo,11,5,,,721.84,,721.84
539953,2012,xc,12,9,,,,1289,914
541987,2009,xc,10,2,,,,1448.5,1448.5
541987,2009,tfo,10,6,165.78,,,,165.78
541987,2010,xc,11,3,,,,1410,1410
541987,2010,tfo,11,6,159.47,,,,159.47
542001,2009,xc,9,8,,,,1078,1078
542001,2010,xc,10,3,,,,1035,1035
836640,2011,tfo,11,2,,,,,13.77
836644,2009,tfo,9,7,,318.46,658.9,,318.46
836644,2010,xc,10,8,,,694,1142,694
836644,2010,tfo,10,12,,287.5,632.48,,287.5
836644,2011,xc,11,10,,,607,1080.9,607
836644,2011,tfo,11,16,137.1,267.96,600.06,,137.1
836644,2012,xc,12,8,,,,1058,701
836644,2012,tfo,12,7,,282.51,621.1,,282.51
836645,2009,tfo,9,11,163.79,,,,32.02
836645,2010,tfo,10,12,172,351.52,,,172
836648,2000,tfo,0,1,,,,,23.74
836648,2009,tfo,9,2,,,,,14.32
836661,2009,tfo,9,1,,,,,15.28
836661,2011,tfo,11,1,,,,,15.7
836662,2009,tfo,9,13,,,,,11.93
836662,2010,tfo,10,16,,,,,11.59
836663,2009,tfo,9,15,,,,,14.14
836663,2010,tfo,10,8,,,,,26.65
836664,2009,tfo,9,6,,,,,14.82
836664,2010,tfo,10,18,,,,,14.44
836665,2009,tfo,9,11,,,,,14.29
836665,2010,tfo,10,6,,,,,13.69
836665,2011,tfo,11,6,,,,,13.91
836666,2009,tfo,9,3,,,,,13.35
836666,2011,tfo,11,2,,,,,13.6
836666,2012,tfo,12,1,,,,,13.05
836668,2009,tfo,9,3,,,,,15.78
836668,2010,tfo,10,7,,,,,14.77
836670,2009,tfo,9,5,,,,,14.18
836670,2010,xc,10,7,,,844,1324,844
836670,2010,tfo,10,1,,,,,13.72
836670,2011,xc,11,9,,,749,1268,749
836670,2011,tfo,11,2,,,,,13.3
836670,2012,xc,12,6,,,,1258,882
836672,2009,tfo,9,11,,,,,13.29
836672,2010,tfo,10,20,,,,,12.63
836672,2011,tfo,11,14,,,,,13.05
836672,2012,tfo,12,13,,,,,12.17
836674,2011,tfo,11,1,,,,,13.7
836678,2009,tfo,9,10,,296.15,615.49,,296.15
836678,2010,tfo,10,12,,278.78,591.57,,278.78
836678,2011,tfo,11,16,,266.46,586.2,,266.46
836678,2012,tfo,12,14,131.51,262.46,575.83,,131.51
836680,2009,tfo,9,11,145.09,,,,63.13
836680,2010,xc,10,10,,,789,1241,789
836680,2010,tfo,10,11,144.09,,,,63.34
836680,2011,xc,11,8,,,845.6,1223.3,845.6
836680,2011,tfo,11,18,143.59,318,,,28.44
836680,2012,xc,12,9,,,,1229,872
836682,2009,tfo,9,13,130.61,268.9,607.23,,130.61
836682,2010,tfo,10,15,137.91,260.49,578.67,,59.48
836692,2009,tfo,10,12,151.43,331.91,759.64,,151.43
836692,2010,tfo,11,11,149.17,327.81,,,149.17
836695,2009,tfo,10,9,,,,,14.82
836695,2010,tfo,11,13,,,,,14.59
836695,2011,tfo,12,1,,,,,14.82
836696,2009,tfo,10,1,,,,,28.34
836699,2010,tfo,11,1,,,,,18.03
836699,2011,tfo,12,3,,,,,17.08
836700,2010,xc,11,2,,,1012,1738,1012
836700,2010,tfo,11,3,,,,,15.48
836701,2009,tfo,10,8,,,,,16.33
836701,2010,xc,11,1,,,1105,,1105
836701,2010,tfo,11,2,,,,,15.93
836703,2009,tfo,10,17,131.1,,,,24.27
836703,2010,tfo,11,13,134,,,,25.03
836703,2011,tfo,12,8,,,,,12.52
836705,2009,tfo,10,18,,,,,14.74
836705,2010,tfo,11,13,,,,,13.19
836705,2011,tfo,12,16,,,,,13.94
836727,2009,tfo,10,1,,,,,15.81
836728,2009,tfo,11,1,,,,,75.76
836728,2010,tfo,12,8,,349.15,,,349.15
836730,2009,tfo,11,18,,,,,11.9
836730,2010,tfo,12,14,,,,,11.61
836731,2009,tfo,11,1,,,,,18.18
836734,2009,tfo,11,5,,415,878,,415
836734,2010,xc,12,9,,,966,1607,966
836735,2009,tfo,12,7,,,,,12.43
858846,2009,tfo,9,9,156.71,,,,61.65
859164,2009,tfo,12,9,,,,,13.75
1419519,2010,xc,11,8,,,868.1,1352,868.1
1419520,2010,xc,10,8,,,792,1231,792
1419520,2011,xc,11,7,,,,1240.1,1240.1
1419521,2010,xc,9,8,,,671,1087.6,671
1419521,2011,xc,10,10,,,633,1081,633
1419521,2012,xc,11,7,,,,1094,782
1419522,2010,xc,9,5,,,832,1298,832
1419523,2010,xc,9,8,,,763,1252,763
1419523,2010,tfo,9,14,,323.22,685.6,,323.22
1419523,2011,xc,10,10,,,684,1148.4,684
1419523,2012,xc,11,7,,,,1165,836
1419523,2012,tfo,11,13,143.88,296,662.9,,143.88
1419523,2013,xc,12,7,,,,1111.6,1111.6
1419523,2013,tfo,12,11,131.84,289.36,653.16,,131.84
1419524,2010,xc,12,8,,,723,1252.3,723
1419525,2010,xc,9,5,,,1027,1662,1027
1419525,2011,xc,10,6,,,935.1,1494.4,935.1
1419526,2010,xc,11,9,,,697,1179,697
1419528,2010,xc,9,9,,,736,1225,736
1419528,2010,tfo,9,14,,,,,12.74
1419528,2011,xc,10,8,,,787.4,1285,787.4
1419528,2011,tfo,10,10,,,,,12.83
1419529,2010,xc,11,9,,,767,1261,767
1419530,2010,xc,9,9,,,781,1207,781
1419530,2010,tfo,9,9,147.26,,747.1,,147.26
1419530,2011,xc,10,8,,,699,1201,699
1419530,2012,xc,11,6,,,,1159,943
1419531,2010,xc,11,9,,,713,1233,713
1419532,2010,xc,9,7,,,868,1254,868
1419532,2011,xc,10,10,,,699,1231,699
1419532,2012,xc,11,8,,,,1195,834
1419532,2013,xc,12,6,,,,1184.9,1184.9
1419533,2010,xc,11,9,,,681,1136,681
1419533,2011,xc,12,9,,,630,1125.2,630
1419534,2010,xc,12,9,,,667,1112,667
1419535,2010,xc,11,9,,,697,1187,697
1419535,2011,xc,12,9,,,630,1180,630
1419536,2010,xc,11,8,,,871,1419,871
1419536,2011,xc,12,10,,,782,1352.9,782
1419537,2010,xc,11,9,,,865,1296,865
1419537,2011,xc,12,11,,,719,1228.9,719
1419538,2010,xc,9,10,,,833,1282,833
1419538,2010,tfo,9,8,,338.82,725.5,,338.82
1419538,2011,xc,10,9,,,704,1279.7,704
1419538,2012,xc,11,9,,,,1333,1006
1419539,2010,xc,9,7,,,1054,1594,1054
1419539,2010,tfo,9,10,,403.39,914,,403.39
1419539,2011,xc,10,10,,,894,1526.5,894
1419539,2011,tfo,10,11,,416.5,773.3,,416.5
1419539,2012,xc,11,7,,,,1525,989
1419539,2012,tfo,11,7,,455,886.44,,455
1419539,2013,xc,12,7,,,,1426.3,1426.3
1419539,2013,tfo,12,8,184.13,392.9,844.5,,184.13
1419540,2010,xc,9,4,,,1404,1871,1404
1419541,2010,xc,10,7,,,1319,1979,1319
1419541,2011,xc,11,6,,,1267,2052,1267
1419541,2012,xc,12,6,,,,2014,850
1419542,2010,xc,12,7,,,966,1679,966
1419543,2010,xc,9,8,,,799,1286,799
1419543,2011,xc,10,10,,,753,1268.1,753
1419543,2012,xc,11,9,,,,1303,906
1419543,2013,xc,12,9,,,,1221.5,1221.5
1419544,2010,xc,9,7,,,895,1496,895
1419544,2011,xc,10,9,,,823,1429,823
1419544,2012,xc,11,7,,,,1520,987
1419544,2013,xc,12,3,,,,1577.7,1577.7
1419545,2010,xc,10,9,,,892,1406,892
1419545,2010,tfo,10,7,186.28,375.41,,,186.28
1419545,2011,xc,11,9,,,823,1403.7,823
1419545,2012,xc,12,7,,,,1338,1210
1419546,2010,xc,9,8,,,879,1467,879
1419546,2011,xc,10,10,,,835,1408,835
1419546,2012,xc,11,7,,,,1382,914
1419546,2013,xc,12,6,,,,1407.8,1407.8
1419547,2010,xc,9,4,,,1013,1601,1013
1419550,2010,xc,11,10,,,755,1287,755
1419550,2011,xc,12,2,,,826.9,1423.1,826.9
1451991,2010,xc,10,9,,,795,1327,795
1451991,2010,tfo,10,12,155.1,,,,14.34
1451991,2011,xc,11,7,,,734,1321,734
1451991,2011,tfo,11,5,,,,,67.83
1451994,2010,xc,10,5,,,906,1491,906
1451994,2010,tfo,10,17,,,,,14.05
1451994,2011,xc,11,4,,,782,1457.2,782
1451996,2010,xc,9,8,,,812,1247,812
1451996,2011,xc,10,8,,,720.3,1200,720.3
1451996,2012,xc,11,7,,,,1156,854
1451998,2010,xc,11,5,,,751,1230,751
1451999,2010,xc,9,7,,,1049,1540.9,1049
1451999,2010,tfo,9,7,,,,,15.26
1451999,2011,xc,10,10,,,876,1399,876
1451999,2011,tfo,10,5,,,,,33.57
1451999,2012,xc,11,7,,,,1426,1379
1451999,2013,xc,12,6,,,,1611.3,1611.3
1452001,2010,xc,11,4,,,1198,1615,1198
1452002,2010,xc,9,7,,,1283,1921,1283
1452003,2010,xc,11,9,,,,1245,1245
1452003,2010,tfo,11,16,151.3,299.46,681.84,,151.3
1452003,2011,xc,12,10,,,658,1193,658
1452003,2011,tfo,12,16,152.52,308.28,702.87,,152.52
1452005,2010,xc,9,9,,,978,1623,978
1452005,2011,xc,10,8,,,1012.5,1662.8,1012.5
1452005,2012,xc,11,6,,,,1710,690
1452005,2013,xc,12,7,,,,1748.4,1748.4
1456963,2010,xc,10,5,,,988,1576,988
1456963,2011,xc,11,9,,,982,1535,982
1456963,2012,xc,12,7,,,,1390.4,958
1462416,2010,xc,9,5,,,995,1524,995
1462416,2011,xc,10,10,,,840,1428,840
1462416,2012,xc,11,8,,,,1369,922
1462416,2013,xc,12,6,,,,1407.5,1407.5
1462417,2010,xc,12,4,,,872,1347.1,872
1462418,2010,xc,11,3,,,786,1203,786
1471900,2010,xc,12,3,,,956,1469,956
1471905,2010,xc,11,1,,,1198.1,,1198.1
1901968,2010,tfo,9,8,,375.64,,,375.64
1901969,2010,tfo,9,8,,,,,12.87
1901970,2010,tfo,9,7,156.36,,,,156.36
1901970,2011,xc,10,9,,,697,1122.5,697
1901970,2012,xc,11,8,,,,1089,767
1901970,2013,xc,12,5,,,,1098,1098
1901971,2010,tfo,12,3,,,,,12.74
1901975,2010,tfo,9,7,,,,,13.22
1901977,2010,tfo,9,16,158.18,308.07,752.24,,158.18
1901977,2011,tfo,10,10,147.1,,,,147.1
1901978,2010,tfo,9,7,,,,,12.62
1901978,2011,tfo,10,10,,,,,13.22
1901981,2010,tfo,9,4,,,,,15.54
1901981,2011,tfo,10,2,,,,,14.94
1901982,2010,tfo,12,9,131.94,,,,131.94
1901985,2010,tfo,12,15,,,,,11.86
1901988,2010,tfo,10,4,,,,,13.34
1901989,2010,tfo,11,8,,,,,15.37
1901990,2010,tfo,9,17,,,,,13.58
1901991,2010,tfo,11,8,,,,,27.74
1901991,2011,tfo,12,3,,,,,27.23
1901995,2010,tfo,9,18,,,,,13.14
1901995,2013,tfo,12,11,,,,,13.4
1901996,2010,tfo,9,16,138.58,281.29,,,60.61
1901996,2011,tfo,10,16,137.14,306.36,689.7,,13.05
1901996,2013,tfo,12,19,,,,,12.86
1901998,2010,tfo,9,16,167.26,,,,14.7
1901998,2011,xc,10,7,,,967.8,1420,967.8
1901998,2011,tfo,10,17,158.16,,,,14.25
1901998,2012,xc,11,7,,,,1344,862
1901998,2012,tfo,11,8,154.3,,631.75,,154.3
1901998,2013,xc,12,6,,,,1282.2,1282.2
1902001,2010,tfo,9,18,,,,,15.33
1902001,2011,tfo,10,14,,,,,15.08
1902001,2012,tfo,11,13,,,,,15
1902002,2010,tfo,10,9,163.2,,658.2,,163.2
1902002,2011,tfo,11,7,,,684,,684
1902002,2012,tfo,12,5,,302.26,682.72,,302.26
1902003,2010,tfo,9,8,,399.92,,,399.92
1902005,2010,tfo,9,9,,,,,14.09
1902005,2011,xc,10,8,,,876,1466.7,876
1902005,2013,xc,12,3,,,,1521,1521
1902006,2010,tfo,10,12,,342.28,770.6,,342.28
1902006,2011,xc,11,8,,,926,1425.3,926
1902006,2011,tfo,11,14,,328.88,765.25,,328.88
1902006,2012,xc,12,4,,,,1310,1310
1902006,2012,tfo,12,13,,330.16,738.44,,330.16
1902007,2010,tfo,9,2,,,,,27.31
1902008,2010,tfo,9,24,,,,,11.1
1902008,2011,tfo,10,29,,,,,11.02
1902008,2012,tfo,11,26,,,,,11.02
1902008,2013,tfo,12,14,,,,,11.05
1902009,2010,tfo,9,11,181.3,363.6,876.79,,181.3
1902010,2010,tfo,12,3,,,,,12.84
1902011,2010,tfo,11,13,,342.21,768.28,,14.25
1902012,2010,tfo,9,13,136.21,288.8,,,136.21
1902012,2011,tfo,10,18,134.17,277.1,627.47,,134.17
1902012,2012,tfo,11,13,134.55,274.54,610.67,,134.55
1902012,2013,xc,12,5,,,,1058.1,1058.1
1902012,2013,tfo,12,17,128.84,265.38,581,,128.84
1902013,2010,tfo,9,20,,,,,12.72
1902013,2011,tfo,10,7,,,,,12.46
1902013,2012,tfo,11,6,,,,,12.6
1902013,2013,tfo,12,2,,,,,12.87
1902014,2010,tfo,9,14,,,,,13.5
1902015,2010,tfo,10,2,,,,,29.48
1902016,2010,tfo,9,18,,,,,12.45
1902016,2012,tfo,11,7,,,,,12.28
1902016,2013,tfo,12,5,,,,,12.04
1902017,2010,tfo,9,10,,,,,12.77
1902018,2010,tfo,10,15,,,,,12.68
1902019,2010,tfo,10,9,,,,,12.2
1902019,2011,tfo,11,11,,,,,12.29
1913893,2010,tfo,9,9,151.68,,,,14.34
1923887,2010,tfo,10,7,,,,,25.32
1923887,2012,tfo,12,4,,,,,12.14
1923894,2010,tfo,9,5,,323.4,,,323.4
1923897,2010,tfo,10,9,156.78,,,,156.78
1923897,2011,tfo,11,12,,,,,13.5
1923897,2012,tfo,12,7,155.71,,,,13.05
1967901,2010,tfo,10,10,165.84,309.45,,,165.84
1967901,2011,tfo,11,10,150.14,316.95,,,150.14
1967901,2012,tfo,12,8,,319.64,715.2,,319.64
2039100,2010,tfo,9,15,,,,,13.44
2039100,2011,tfo,10,7,,,,,12.52
2087332,2010,tfo,9,9,,,,,12.74
2448354,1996,xc,11,1,,,,1001,1001
2448354,1997,tfo,12,5,114.03,256.3,,,11.14
2488546,2001,tfo,10,1,,300.2,,,300.2
2488546,2003,xc,12,1,,,,1242,1242
2488546,2003,tfo,12,3,137.4,,,,137.4
2488547,2003,xc,12,1,,,,1593,1593
2488548,2003,xc,9,1,,,,1310,1310
2488548,2003,tfo,9,1,,317.7,,,317.7
2543139,2011,xc,10,10,,,751,1286.1,751
2543139,2011,tfo,10,18,148.1,302.61,,,148.1
2543140,2011,xc,10,7,,,720.5,1142.1,720.5
2543141,2011,xc,9,4,,,1344,2084,1344
2543141,2012,xc,10,6,,,,1717,625
2543141,2013,xc,11,6,,,,1515,1515
2543142,2011,xc,9,10,,,842.6,1390.5,842.6
2543142,2011,tfo,9,2,,,,,15.01
2543142,2012,tfo,10,5,,,,,13.44
2543145,2011,xc,11,9,,,641,1143,641
2543145,2012,xc,12,4,,,,1201,851
2543152,2011,xc,12,6,,,,1205.7,1205.7
2543157,2011,xc,10,10,,,695,1216.1,695
2543159,2011,xc,10,10,,,725,1214.9,725
2543159,2012,xc,11,7,,,,1213,891
2543159,2013,xc,12,7,,,,1158.3,1158.3
2543162,2011,xc,10,8,,,788.5,1302.4,788.5
2543162,2012,xc,11,7,,,,1273,891
2543162,2013,xc,12,6,,,,1264.5,1264.5
2543165,2011,xc,10,6,,,725,1269.2,725
2543165,2013,xc,12,7,,,,1124.6,1124.6
2543170,2011,xc,9,10,,,702,1272.8,702
2543170,2012,xc,10,8,,,,1087,833
2543170,2013,xc,11,8,,,,1037.3,1037.3
2543170,2013,tfo,11,9,131.66,276.95,608.6,,131.66
2543170,2014,xc,12,8,,,583,1002,583
2543170,2014,tfo,12,15,127.62,260.9,606.2,,57.42
2543172,2011,xc,9,9,,,749,1304.2,749
2543172,2012,xc,10,6,,,,1329,847
2543172,2013,xc,11,5,,,,1285.5,1285.5
2543173,2011,xc,9,9,,,699,1116.4,699
2543173,2012,xc,10,8,,,,1116,790
2543174,2011,xc,9,10,,,648,1127.5,648
2543174,2011,tfo,9,10,,310.2,686.6,,310.2
2543174,2012,xc,10,6,,,,1198,927
2543174,2012,tfo,10,5,,315.62,703.37,,315.62
2543174,2013,xc,11,7,,,,1198.7,1198.7
2543176,2011,xc,9,10,,,719,1294.9,719
2543176,2011,tfo,9,10,,,,,13.6
2543176,2012,xc,10,5,,,,1246,921
2543176,2012,tfo,10,3,,,,,12.7
2543176,2013,tfo,11,4,,,,,12.48
2543188,2011,xc,9,11,,,719,1266,719
2543188,2011,tfo,9,15,,339.1,739.29,,339.1
2543190,2011,xc,11,9,,,753,1309,753
2543190,2012,xc,12,3,,,,1443,1443
2543193,2011,xc,10,9,,,844,1317,844
2543193,2011,tfo,10,12,150.6,312.16,,,66.34
2543193,2012,xc,11,9,,,,1211,907
2543193,2012,tfo,11,12,150.73,326,,,15.73
2543193,2013,xc,12,9,,,,1207.9,1207.9
2543194,2011,xc,9,10,,,764,1284.9,764
2543194,2012,xc,10,9,,,,1251,875
2543194,2013,xc,11,9,,,,1229.1,1229.1
2543194,2013,tfo,11,12,176.1,327.52,705.67,,71.04
2543194,2014,xc,12,8,,,736,1247.4,736
2543194,2014,tfo,12,11,167.09,341.12,718.37,,167.09
2543195,2011,tfo,9,13,,,,,14.52
2543195,2012,tfo,10,5,,,,,14.94
2543196,2011,xc,9,7,,,879,1510,879
2543200,2011,xc,9,10,,,876,1471,876
2543200,2012,xc,10,7,,,,1384,1033
2543200,2013,xc,11,7,,,,1362.3,1362.3
2551552,2011,xc,10,8,,,829.4,1306.2,829.4
2551552,2012,xc,11,7,,,,1269,896
2551552,2013,xc,12,7,,,,1258.5,1258.5
2551555,2011,xc,10,6,,,1007.7,1584.3,1007.7
2551555,2013,tfo,12,1,166.5,,,,166.5
2556861,2011,xc,11,9,,,626,1103.5,626
2556861,2012,xc,12,8,,,,1077,737
2556861,2012,tfo,12,11,135.03,273.76,622.38,,135.03
2560323,2011,xc,9,9,,,814.3,1245,814.3
2560323,2011,tfo,9,12,149.1,312.87,,,64.35
2560323,2012,xc,10,7,,,,1127,883
2560323,2013,tfo,11,1,,,,,58.24
2560323,2014,tfo,12,6,,,,,25.98
2560343,2011,xc,11,6,,,1017.5,1591,1017.5
2597619,2011,xc,9,7,,,,1386,1386
2597619,2011,tfo,9,12,,,,,14.41
2597619,2012,xc,10,2,,,,1516,1083
2597619,2012,tfo,10,4,,,,,15.02
2597624,2011,xc,9,1,,,,2013.7,2013.7
2604404,2011,xc,11,4,,,,1604,1604
2959086,2011,tfo,9,12,148.84,307.37,,,148.84
2959094,2011,tfo,9,13,,,,,13.23
2959094,2012,tfo,10,7,,,,,13.65
2959098,2011,tfo,9,3,146.48,,,,146.48
2959100,2011,tfo,9,5,,,,,13.57
2959100,2012,xc,10,6,,,,1399,837
2959100,2013,xc,11,7,,,,1363.7,1363.7
2959100,2014,xc,12,3,,,899,1459,899
2959108,2011,tfo,9,6,,,,,13.34
2959108,2012,tfo,10,1,,,,,13.52
2959120,2011,tfo,9,13,,,,,13.67
2959120,2012,tfo,10,6,,,,,13.84
2959120,2013,tfo,11,8,,,,,25.61
2959120,2014,tfo,12,1,,,,,26.38
2959124,2011,tfo,9,11,,,,,14.81
2959153,2011,tfo,9,17,,,,,13.04
2959153,2012,tfo,10,12,,,,,12.7
2959153,2013,tfo,11,16,,,,,12
2959165,2011,tfo,9,13,,,,,13.11
2959165,2012,tfo,10,10,,,,,12.89
2959168,2011,tfo,9,1,,,,,15.51
2959177,2011,tfo,11,18,,,,,12.61
2959180,2011,tfo,9,6,,,,,13.64
2959182,2011,tfo,9,2,,,,,14.5
2959269,2011,tfo,12,7,,,,,12.31
2959274,2011,tfo,9,10,,,,,12.61
2959274,2012,tfo,10,5,,,,,12.41
2959274,2013,tfo,11,8,,,,,12.12
2959278,2013,tfo,11,1,,,,,14.72
2959279,2011,tfo,9,15,,,,,14.52
2959279,2012,tfo,10,2,,,,,14.82
2959281,2011,tfo,9,6,,,,,13.34
2959281,2012,tfo,10,1,,,,,13.17
2959285,2011,tfo,9,17,,,,,25.04
2959285,2012,tfo,10,10,,,,,24.47
2959285,2013,tfo,11,6,,,,,12.34
2959292,2011,tfo,11,11,151.89,307.93,704.83,,151.89
2959292,2012,tfo,12,9,144.8,296.45,676.2,,144.8
2959317,2011,tfo,9,3,,,,,15.03
2959320,2011,tfo,9,4,,,,,14.73
2959323,2011,tfo,9,12,,,,,14.7
2959323,2012,tfo,10,11,,,,,14.7
2959327,2011,tfo,9,16,,,,,15.84
2959333,2011,tfo,9,15,,,,,13.83
2959354,2011,tfo,11,11,,376.09,904.45,,376.09
2959360,2011,tfo,9,10,,,,,15.68
2959360,2012,tfo,10,4,,,,,16.32
2959372,2011,tfo,9,20,,,,,14.56
2959372,2012,tfo,10,3,,,,,30.2
2959372,2013,tfo,11,2,,,,,29.54
2959372,2014,tfo,12,2,,,,,14.29
2959390,2011,tfo,12,14,,,,,16.03
2959402,2011,tfo,10,1,,,,,15.33
2959462,2011,tfo,10,8,,,,,14.58
2959500,2011,tfo,10,6,,,,,15.26
2959511,2011,tfo,9,15,,,,,29.68
2959511,2012,tfo,10,10,,,,,14.18
2959511,2013,tfo,11,1,,,,,29.84
2959513,2012,xc,10,5,,,,1709,1098
2959513,2013,xc,11,6,,,,1639.8,1639.8
2959513,2014,xc,12,1,,,,1962,1962
2959517,2011,tfo,9,19,,,,,13.86
2959517,2012,tfo,10,18,,,,,13.38
2959517,2013,tfo,11,19,,,,,13.34
2959517,2014,tfo,12,25,,,,,12.77
2959523,2011,tfo,9,8,,,,,15.07
2959531,2011,tfo,11,18,,,,,13.31
2979993,2011,tfo,9,17,,,,,13.34
2979993,2012,tfo,10,18,,,,,24.23
2979993,2013,tfo,11,17,,,,,11.87
2979993,2014,tfo,12,24,,,,,12.01
3014123,2011,tfo,11,8,,328.13,,,328.13
3014407,2010,tfo,9,17,,290.6,643.4,,290.6
3023004,2011,tfo,9,16,,,,,13.24
3023004,2012,tfo,10,8,,,,,12.74
3023005,2011,tfo,9,24,,,,,13.31
3023005,2012,tfo,10,19,,,,,13.33
3023005,2013,tfo,11,10,,,,,14.08
3095240,2011,tfo,10,3,,,,,14.97
3095241,2011,tfo,9,3,,,,,16.28
3138927,2011,tfo,9,3,,,,,15.37
3196168,2011,tfo,10,2,,,,,13.58
3196168,2013,tfo,12,2,,,,,13.78
3239537,2011,tfo,9,4,,,,,15.42
3251258,2018,tfo,9,4,136.33,,,,12.73
3251258,2019,xc,10,9,,,792,1236.6,396
3251258,2019,tfo,10,6,128.92,,,,25.08
3251258,2021,tfo,12,6,,,,,23.03
3607344,2012,xc,9,8,,,,1042,750
3607344,2012,tfo,9,9,,291.3,617.21,,291.3
3607344,2013,xc,10,8,,,,1053.5,1053.5
3607344,2014,xc,11,6,,,729,1197.2,729
3607347,2012,xc,9,7,,,,1270,952
3607347,2012,tfo,9,4,,,704.99,,704.99
3607347,2013,xc,10,7,,,,1227.8,1227.8
3607347,2013,tfo,10,8,,306.68,724.5,,306.68
3607347,2014,xc,11,4,,,736,1208,736
3607347,2015,xc,12,5,,,,1236.5,1236.5
3607351,2012,xc,9,7,,,,1297,918
3607351,2012,tfo,9,5,,,,,14.28
3607351,2013,xc,10,1,,,,1577.4,1577.4
3607351,2015,xc,12,5,,,,1396.8,1396.8
3607353,2012,xc,12,8,,,,1156,786
3607355,2012,xc,9,7,,,,1189,858
3607355,2012,tfo,9,12,,303.46,674.5,,303.46
3607355,2013,xc,10,8,,,,1133.6,1133.6
3607355,2013,tfo,10,13,,289,647.75,,289
3607355,2014,xc,11,8,,,646,1108,646
3607355,2014,tfo,11,11,,298.73,647.33,,298.73
3607355,2015,xc,12,8,,,626.2,1072.4,626.2
3607355,2015,tfo,12,9,,290,632.97,,290
3607360,2012,xc,9,8,,,,1150,813
3607360,2012,tfo,9,7,,311.8,776.6,,311.8
3607360,2013,xc,10,7,,,,1108.7,1108.7
3607360,2014,xc,11,7,,,,1110.3,1110.3
3607365,2013,xc,11,5,,,,1607,1607
3607366,2012,xc,9,8,,,,1356,978
3607366,2012,tfo,9,10,,332.32,723.3,,332.32
3607366,2013,xc,10,9,,,,1237.9,1237.9
3607366,2013,tfo,10,15,164.71,316.86,683.4,,164.71
3607366,2014,xc,11,8,,,711,1196.7,711
3607366,2014,tfo,11,17,158.64,312.5,659.09,,72.3
3607366,2015,xc,12,9,,,683,1192.7,683
3607366,2015,tfo,12,16,154.83,301.6,653.07,,154.83
3607367,2012,xc,9,7,,,,1339,1067
3607367,2012,tfo,9,9,156,347.15,,,64.85
3607367,2013,xc,10,8,,,,1365,1365
3607367,2014,xc,11,8,,,847,1369.6,847
3607367,2014,tfo,11,8,157.97,375.82,,,68.26
3607367,2015,xc,12,7,,,819.7,1391.3,819.7
3607369,2012,xc,9,7,,,,1400,1161
3607369,2012,tfo,9,10,,,,,30.69
3607369,2013,xc,10,7,,,,1444.5,1444.5
3607369,2014,xc,11,6,,,992,1592.7,992
3607372,2012,xc,9,8,,,,1373,973
3607372,2012,tfo,9,11,155.08,345,,,155.08
3607372,2013,xc,10,2,,,,1459.6,1459.6
3607372,2013,tfo,10,7,169.64,,812.42,,74.06
3607373,2012,xc,11,4,,,,2090.2,869
3607375,2012,xc,9,7,,,,1445,930
3607375,2013,xc,10,8,,,,1389.4,1389.4
3607375,2014,xc,11,7,,,801,1401.8,801
3607377,2012,xc,9,6,,,,1530,986
3607377,2013,xc,10,6,,,,1520,1520
3607377,2014,xc,11,5,,,896,1549.3,896
3607378,2012,xc,9,8,,,,1303,930
3607378,2013,xc,10,9,,,,1273.7,1273.7
3607378,2014,xc,11,8,,,739,1243.8,739
3607378,2015,xc,12,8,,,777.9,1337.2,777.9
3607379,2012,xc,9,5,,,,1682,675
3607379,2012,tfo,9,6,,,,,14.22
3607379,2013,xc,10,7,,,,1624,1624
3607379,2013,tfo,10,3,,,,,13.91
3607379,2014,xc,11,6,,,1181,1732.4,1181
3607379,2014,tfo,11,2,,,,,13.77
3607379,2015,xc,12,4,,,,1675.3,1675.3
3607379,2015,tfo,12,8,,,,,13.4
3607380,2012,xc,12,7,,,,1513,1119
3607381,2012,xc,9,1,,,,,1101
3607382,2012,xc,9,5,,,,1761,1033
3607382,2013,xc,10,6,,,,1639.7,1639.7
3607382,2014,xc,11,6,,,946,1677,946
3607382,2015,xc,12,7,,,960.4,1605.4,960.4
3607383,2012,xc,12,2,,,,1342,1342
3607396,2012,xc,12,5,,,,1521,953
3608289,2012,xc,9,6,,,,1314,797
3608289,2013,xc,10,7,,,,1169.9,1169.9
3608289,2014,xc,11,7,,,772,1280.4,772
3623905,2012,xc,12,5,,,,1540,1021
3623905,2012,tfo,12,5,,441.69,1016.39,,86.34
3624272,2012,xc,10,4,,,,1234,888
3627889,2012,xc,10,5,,,,1353,917
3628043,2012,xc,10,7,,,,1264,505
3628043,2012,tfo,10,5,,325.43,753.68,,325.43
3628043,2013,xc,11,5,,,,1198.4,1198.4
3647244,2012,xc,9,5,,,,1373,845
3647244,2014,xc,11,4,,,806,1391.5,806
3654348,2012,xc,11,5,,,,1526,969
3684055,2012,xc,9,4,,,,1335,964
3684055,2012,tfo,9,10,160,332.91,722.5,,160
3684055,2013,xc,10,5,,,,1279,1279
3684055,2013,tfo,10,9,152.84,340.9,735.9,,152.84
3684055,2014,xc,11,7,,,730,1240.1,730
3684055,2014,tfo,11,14,149.97,311.31,714.6,,69.31
3684055,2015,xc,12,9,,,703.8,1195.3,703.8
3684055,2015,tfo,12,2,156.72,311.42,,,156.72
3693115,2012,xc,10,4,,,,1499,1499
3693115,2013,xc,11,7,,,,1305.1,1305.1
3693115,2014,xc,12,8,,,751,1228,751
3948935,2012,tfo,9,2,,,,,12.82
3948942,2012,tfo,9,9,,,,,13.61
3948942,2013,tfo,10,10,,,,,12.82
3948942,2014,tfo,11,11,,,,,12.6
3948946,2012,tfo,9,12,,,,,13.23
3948946,2013,tfo,10,10,,,,,12.99
3948946,2014,tfo,11,7,,,,,25.12
3948955,2012,tfo,9,8,,,,,27.42
3948955,2013,tfo,10,7,,,,,57.61
3948957,2012,tfo,9,2,,,,,13.21
3948959,2012,tfo,9,6,,,,,14.21
3948969,2012,tfo,10,7,,,,,13
3948969,2013,tfo,11,7,,,,,12.32
3948973,2012,tfo,10,7,169.5,340.13,755.57,,169.5
3948995,2012,tfo,10,6,,,,,12.44
3948995,2013,tfo,11,5,,,,,12.7
3948998,2012,tfo,10,3,,,,,29.76
3949001,2012,tfo,10,1,139.81,,,,139.81
3949001,2013,xc,11,7,,,,1149.6,1149.6
3949001,2013,tfo,11,4,141.09,,,,141.09
3949001,2014,xc,12,5,,,726,1174.6,726
3949002,2012,tfo,10,7,,,,,14.17
3949012,2012,tfo,11,8,,,,,11.96
3949012,2013,tfo,12,9,,,,,11.81
3949014,2012,tfo,11,8,,,,,12.08
3949014,2013,tfo,12,6,,,,,11.96
3949033,2012,tfo,12,12,122.02,276.1,,,55.11
3949043,2012,tfo,12,6,143.01,310.4,,,143.01
3949045,2012,tfo,12,6,,,,,12.53
3949066,2012,tfo,12,5,,421,870.37,,421
3949082,2012,tfo,11,2,,,,,17.96
3949111,2012,tfo,10,3,,,,,15.59
3949121,2012,tfo,9,2,,,,,15.44
3949123,2012,tfo,9,12,,,,,14.82
3949123,2013,tfo,10,6,,,,,15.04
3949129,2012,tfo,9,2,,,,,15.8
3949131,2012,tfo,9,18,,,,,13.05
3949131,2013,tfo,10,23,,,,,12.94
3949131,2014,tfo,11,23,,,,,12.55
3949131,2015,tfo,12,19,,,,,12.94
3949161,2012,tfo,9,5,,,,,13.77
3949161,2013,tfo,10,9,,,,,13.55
3949161,2014,tfo,11,8,,,,,13.02
3949161,2015,tfo,12,12,,,,,13.28
3949163,2012,tfo,9,4,,,,,15.73
3949163,2013,tfo,10,1,,,,,14.94
3949167,2012,tfo,9,7,,349.07,800.67,,349.07
3949167,2013,tfo,10,12,169.7,334.77,742.96,,169.7
3949167,2014,tfo,11,12,179.23,345.41,721.17,,179.23
3949167,2015,tfo,12,9,,360.47,768.52,,360.47
3949168,2012,tfo,9,5,,,,,67.96
3949170,2013,xc,10,6,,,,1611.5,1611.5
3949170,2014,xc,11,4,,,994,1513.2,994
3949177,2014,xc,11,3,,,938,1554,938
3949178,2012,tfo,9,5,,,,,14.2
3949186,2012,tfo,9,7,,,,,15.11
4036461,2012,tfo,9,4,,,,,14.35
4036463,2012,tfo,9,3,,,,,15.9
4036463,2013,xc,10,6,,,,1426.7,1426.7
4036463,2013,tfo,10,6,164.89,,,,164.89
4036463,2014,xc,11,7,,,816,1286.4,816
4036491,2012,tfo,9,7,168.97,,,,14.34
4036499,2012,tfo,12,2,,,,,13.91
4036504,2012,tfo,10,2,,,,,13.15
4036510,2012,tfo,9,7,,,,,14.18
4036519,2012,tfo,12,7,,,,,25.55
4036541,2012,tfo,9,12,,,,,12.74
4036552,2012,tfo,10,1,,,,,13.98
4608697,2006,xc,,1,,,,1450.5,1450.5
4677500,2013,xc,11,3,,,,1894,1894
4677501,2013,xc,9,9,,,,1190.4,1190.4
4677501,2013,tfo,9,2,156.3,316.9,,,156.3
4677501,2015,tfo,11,5,,321.67,689.7,,321.67
4677502,2013,xc,10,7,,,,1798.8,1798.8
4677502,2014,xc,11,6,,,1212,1901.5,1212
4677518,2013,xc,10,7,,,,1444.5,1444.5
4677518,2014,xc,11,7,,,892,1404.8,892
4677518,2015,xc,12,5,,,817.2,1413.2,817.2
4677542,2013,xc,10,6,,,,1645.8,1645.8
4677542,2015,xc,12,4,,,,1676.5,1676.5
4677619,2013,xc,10,7,,,,1719.9,1719.9
4677619,2014,xc,11,4,,,1276,2097.5,1276
4677621,2013,xc,10,5,,,,1572.9,1572.9
4677621,2013,tfo,10,1,,,,,15.24
4677621,2014,xc,11,6,,,991,1684.4,991
4677624,2013,xc,9,7,,,,1542.6,1542.6
4677624,2013,tfo,9,11,172,375.09,877.39,,172
4677624,2014,xc,10,8,,,911,1510.8,911
4677624,2014,tfo,10,8,167.93,396.19,,,167.93
4677624,2015,xc,11,7,,,922.7,1541.4,922.7
4677624,2015,tfo,11,10,181.38,379.67,,,181.38
4677624,2016,xc,12,10,,,946.6,1469.4,946.6
4677624,2016,tfo,12,11,174.54,352.32,,,53.44
4677628,2013,xc,9,6,,,,1918.4,1918.4
4677629,2013,xc,9,7,,,,1465.8,1465.8
4677629,2015,tfo,11,6,186.1,,,,186.1
4677692,2013,xc,9,7,,,,1225.1,1225.1
4677692,2013,tfo,9,8,,316.6,710.76,,316.6
4677692,2014,xc,10,5,,,707,1212.2,707
4677692,2015,xc,11,5,,,,1219.6,1219.6
4677692,2016,tfo,12,1,,,,,13.64
4677694,2013,xc,9,5,,,,1170,1170
4677694,2014,xc,10,8,,,655,1093.9,655
4677694,2014,tfo,10,15,140.47,269.27,589.66,,140.47
4677694,2015,xc,11,8,,,606,1039.7,606
4677694,2015,tfo,11,17,131.22,263.38,576.51,,131.22
4677694,2016,xc,12,9,,,586.4,1002.6,586.4
4677694,2016,tfo,12,14,127.39,257.45,553.24,,127.39
4677695,2013,xc,9,7,,,,1368.2,1368.2
4677695,2014,xc,10,5,,,849,1463,849
4677697,2013,xc,10,7,,,,1175.2,1175.2
4677699,2013,xc,9,5,,,,1454.6,1454.6
4677699,2013,tfo,9,1,,,,,13.77
4677699,2016,tfo,12,5,,,,,13.06
4677701,2013,xc,9,7,,,,1395.7,1395.7
4677703,2013,xc,12,7,,,,1130.5,1130.5
4677704,2013,xc,9,7,,,,1388.2,1388.2
4677705,2013,xc,9,8,,,,1095.5,1095.5
4677705,2013,tfo,9,8,,295.7,664.7,,295.7
4677705,2014,xc,10,8,,,659,1097.4,659
4677705,2014,tfo,10,12,,284.97,609.95,,284.97
4677705,2015,xc,11,6,,,637.9,1043.6,637.9
4677705,2015,tfo,11,12,,267.88,601.78,,267.88
4677705,2016,xc,12,10,,,600,1011.3,600
4677705,2016,tfo,12,5,,273.1,,,273.1
4687916,2013,xc,10,3,,,,1697.3,1697.3
4687916,2014,xc,11,7,,,1001,1656.5,1001
4687916,2015,xc,12,6,,,932.4,1511.1,932.4
4687918,2013,xc,10,7,,,,1528.3,1528.3
4687918,2013,tfo,10,1,,,,,16.04
4687918,2014,xc,11,6,,,998,1684.1,998
4690455,2013,xc,9,6,,,,1409.1,1409.1
4690455,2013,tfo,9,3,,339,760.65,,339
4692608,2013,xc,10,7,,,,1270.1,1270.1
4692608,2014,xc,11,7,,,722,1273,722
4692608,2015,xc,12,9,,,722.3,1268.1,722.3
4692609,2013,xc,10,7,,,,1485.7,1485.7
4692609,2014,xc,11,6,,,881,1466.1,881
4696436,2013,xc,12,3,,,,1857.8,1857.8
4698312,2013,xc,11,7,,,,1819.1,1819.1
4764106,2013,xc,9,2,,,,1600.9,1600.9
4764829,2013,xc,12,2,,,,1746,1746
4767892,2013,xc,11,4,,,,1458.8,1458.8
4767892,2014,xc,12,4,,,976,1494.5,976
4783979,2013,xc,9,5,,,,1944.4,1944.4
4843991,2013,xc,11,1,,,,1670,1670
4871582,2017,xc,9,11,,,959,1637.2,588.3
4871582,2018,xc,10,2,,,1159,,1159
5139184,2013,tfo,9,6,,,,,12.79
5139184,2014,tfo,10,7,,,,,12.62
5139184,2016,tfo,12,1,,,,,12.94
5139188,2013,tfo,10,1,,,,,59.14
5139188,2015,tfo,12,8,128.37,,,,56.06
5139216,2013,tfo,10,6,,,,,13.52
5139216,2014,tfo,11,5,,,,,13.28
5139221,2013,tfo,11,14,140.19,275.64,596.3,,140.19
5139221,2014,xc,12,8,,,608,1020.6,608
5139221,2014,tfo,12,15,123.55,263.4,617.27,,55.47
5139223,2013,tfo,9,12,154.6,329.42,,,32.94
5139241,2013,tfo,9,11,,,,,14.9
5139248,2013,tfo,12,19,,,,,11.26
5139250,2013,tfo,9,6,147.86,,,,12.71
5139250,2014,tfo,10,3,,,,,24.49
5139250,2015,tfo,11,4,,,,,12.63
5139250,2016,tfo,12,5,132.74,,,,12.35
5139259,2013,tfo,9,9,,,,,12.24
5139259,2015,tfo,11,2,,,,,11.9
5139262,2013,tfo,9,9,,,,,12.52
5139269,2013,tfo,9,4,,,,,13.16
5139287,2016,xc,12,6,,,908.2,1466.3,908.2
5139294,2013,tfo,10,3,161.88,,,,161.88
5139297,2013,tfo,9,10,,340.56,,,31.04
5139303,2013,tfo,9,13,,,,,13.99
5139305,2014,tfo,11,1,,,,,11.88
5139307,2013,tfo,9,8,,,,,12.17
5139307,2014,tfo,10,8,,,,,11.74
5139307,2015,tfo,11,13,,,,,11.85
5139307,2016,tfo,12,7,,,,,11.69
5139315,2013,tfo,9,12,,,,,13.97
5139315,2014,tfo,10,8,,,,,13.85
5139319,2013,tfo,9,11,,,,,14.16
5139319,2014,tfo,10,7,,,,,13.87
5139322,2013,tfo,11,21,,,,,11.84
5139322,2014,tfo,12,27,121.07,,,,11.47
5139325,2013,tfo,9,13,,,,,14.61
5139325,2014,tfo,10,11,,,,,14.64
5139336,2013,tfo,9,4,,320.5,,,13.55
5139336,2014,tfo,10,7,,304.51,,,304.51
5139336,2015,tfo,11,5,137.71,,,,137.71
5139336,2016,tfo,12,8,,,,,12.32
5139341,2013,tfo,9,5,,,,,12.54
5139341,2014,tfo,10,3,140.95,,,,25.07
5139341,2016,xc,12,10,,,709.2,1135.9,709.2
5139341,2016,tfo,12,7,133.29,,,,12.26
5139349,2013,tfo,11,9,,,,,14.08
5139349,2014,xc,12,6,,,841,1330.1,841
5139349,2014,tfo,12,5,,,,,13.52
5139351,2013,tfo,10,9,142.35,295.01,681.65,,142.35
5139352,2013,tfo,9,13,,,,,13.64
5139361,2013,tfo,9,15,,,,,13.56
5139361,2014,tfo,10,6,,,,,13.11
5139361,2015,tfo,11,6,,,,,26.92
5139361,2016,tfo,12,1,,,,,14.24
5139362,2013,tfo,9,8,148.78,323.61,768.57,,148.78
5139366,2013,tfo,9,2,,,,,14.67
5139366,2015,tfo,11,1,,,,,14.67
5139366,2016,tfo,12,2,,,,,30.7
5139369,2013,tfo,9,16,,,,,13.54
5139394,2013,tfo,9,13,,,,,14.94
5139394,2014,tfo,10,12,,,,,15.11
5139394,2015,tfo,11,11,,,,,15.1
5139399,2013,tfo,9,19,,,,,13.93
5139399,2014,tfo,10,5,,,,,14.73
5139416,2013,tfo,9,3,,,,,15.51
5139417,2013,tfo,9,9,,,,,14.6
5139417,2014,tfo,10,10,,,,,14.5
5139426,2013,tfo,9,2,,,,,14.54
5139436,2013,tfo,9,1,,,,,14.74
5139436,2014,tfo,10,3,,,,,15.83
5139440,2013,tfo,9,11,,,,,14.59
5139440,2014,tfo,10,12,,,,,14.16
5139440,2015,xc,11,7,,,807.3,1338.8,807.3
5139440,2015,tfo,11,1,,,,,28.49
5139458,2013,tfo,9,5,,,,,16.37
5139465,2013,tfo,10,11,171.8,341.9,,,15.75
5139475,2013,tfo,9,13,174.7,349.84,735.78,,174.7
5139475,2014,xc,10,4,,,774,1324.8,774
5139475,2014,tfo,10,10,167.72,348.4,757.29,,167.72
5139475,2015,xc,11,9,,,755.9,1238.9,755.9
5139475,2015,tfo,11,12,165.07,335.4,712.5,,165.07
5139475,2016,xc,12,10,,,746,1246.9,746
5139475,2016,tfo,12,10,168.51,336.65,713.45,,168.51
5139483,2014,tfo,12,1,,,,,16.04
5139494,2013,tfo,9,1,,,,,31.94
5139494,2015,tfo,11,5,,,,,14.42
5215974,2013,tfo,9,13,,,,,15.6
5215974,2014,tfo,10,11,,,,,15.96
5215975,2013,tfo,9,4,,,,,13.86
5215975,2014,tfo,10,4,,,,,26.65
5215975,2015,tfo,11,6,,288.48,,,12.44
5215975,2016,tfo,12,2,,,,,25.65
5215979,2013,tfo,9,12,,,,,12.74
5215979,2014,tfo,10,1,,,,,13.1
5215979,2015,tfo,11,10,,,,,12.1
5215982,2013,tfo,11,1,,,,,70.32
5215983,2013,tfo,9,1,,,,,13.54
5215983,2014,tfo,10,7,,,,,12.91
5215983,2015,tfo,11,15,,,,,12.46
5215985,2013,tfo,11,1,,,,,14.74
5277699,2013,tfo,10,5,,,,,14.72
5325135,2013,tfo,10,15,,,,,11.88
5325135,2014,tfo,11,20,,,,,11.44
5325135,2015,tfo,12,11,,,,,11.9
5376682,2013,tfo,10,9,144.5,288.18,593.86,,144.5
5376682,2014,xc,11,8,,,611,1020.5,611
5376682,2014,tfo,11,16,138.08,268.07,579.45,,138.08
5376682,2015,xc,12,8,,,590.9,1038.7,590.9
5376682,2015,tfo,12,18,131.18,261.47,558.7,,131.18
5845335,2014,xc,9,7,,,747,1214.5,747
5845335,2015,xc,10,7,,,740.4,1202.6,740.4
5845335,2015,tfo,10,8,,316.4,685.71,,316.4
5845335,2016,xc,11,10,,,702.9,1191.4,702.9
5845335,2016,tfo,11,6,,320.93,718.87,,149.6
5845335,2017,xc,12,12,,,704,1198.2,441.5
5845338,2014,xc,11,6,,,666,1076.4,666
5845338,2014,tfo,11,8,127.72,,,,58.21
5845338,2015,xc,12,8,,,605.8,1015.5,605.8
5845343,2014,xc,6,6,,,845,1335.4,845
5845343,2015,xc,7,6,,,,1330,1330
5845343,2016,xc,8,9,,,894.4,1438.7,894.4
5845343,2017,xc,9,5,,,850,1674.1,850
5845343,2017,tfo,9,14,147.2,291.93,723.28,,147.2
5845343,2018,tfo,10,12,133.2,280.79,662.24,,133.2
5845343,2019,tfo,11,10,131.02,304.05,,,131.02
5845345,2014,xc,9,5,,,842,1400,842
5845345,2014,tfo,9,4,,,,,13.79
5845345,2015,xc,10,4,,,,1349.2,1349.2
5845345,2016,tfo,11,11,,,,,13.22
5845345,2017,tfo,12,9,,,,,13.23
5845348,2014,xc,9,8,,,700,1144.3,700
5845348,2014,tfo,9,9,,294.73,647.31,,294.73
5845348,2015,xc,10,7,,,656.9,1073.4,656.9
5845348,2015,tfo,10,3,,281.07,,,281.07
5845348,2016,xc,11,7,,,,1060.9,1060.9
5845348,2016,tfo,11,5,,274.72,656.73,,13.04
5845348,2017,xc,12,4,,,659.9,1116.5,659.9
5845350,2014,xc,11,5,,,820,1365.9,820
5845351,2014,xc,12,2,,,739,1398,739
5845353,2014,xc,11,8,,,614,1043.5,614
5845353,2015,xc,12,8,,,578.7,1013.3,578.7
5845358,2014,xc,10,4,,,1278,1915.2,1278
5845359,2014,xc,9,7,,,733,1100.8,733
5845359,2014,tfo,9,8,,302.26,658.46,,302.26
5845359,2015,xc,10,8,,,663.7,1050.8,663.7
5845359,2015,tfo,10,7,,280.45,591.06,,280.45
5845359,2016,xc,11,7,,,621.5,1043.8,621.5
5845359,2016,tfo,11,10,,289.1,599.14,,101.7
5845359,2017,xc,12,13,,,594,1052.4,370.2
5845359,2017,tfo,12,10,,283.31,577.01,,283.31
5845362,2014,xc,9,4,,,746,1259,746
5845367,2014,xc,9,8,,,687,1180,687
5845373,2014,xc,11,6,,,1011,1645.6,1011
5845373,2015,xc,12,5,,,,1708.4,1708.4
5845375,2014,xc,9,1,,,974,,974
5845377,2014,xc,9,6,,,934,1510.1,934
5845379,2014,xc,10,4,,,1080,1671.5,1080
5845379,2015,xc,11,6,,,,1669.1,1669.1
5845379,2016,xc,12,8,,,1008.8,1563.5,1008.8
5845384,2014,xc,9,7,,,885,1344.9,885
5845384,2014,tfo,9,7,,,,,14.34
5845384,2015,xc,10,9,,,787.5,1216,787.5
5845384,2015,tfo,10,1,,,733.97,,733.97
5845384,2016,xc,11,9,,,794.5,1294.8,794.5
5845384,2016,tfo,11,2,,372.1,,,15.24
5845384,2017,xc,12,13,,,740,1268.2,454.1
5845384,2017,tfo,12,4,,363.7,,,363.7
5845385,2014,xc,9,1,,,1008,,1008
5845386,2014,xc,9,6,,,896,1579.6,896
5845386,2015,xc,10,3,,,,1624.2,1624.2
5845386,2016,xc,11,3,,,896.6,1588,896.6
5845389,2014,xc,11,4,,,1168,1701.1,1168
5845390,2014,xc,9,4,,,1141,1524.2,1141
5845390,2014,tfo,9,7,179.5,363.92,,,179.5
5845390,2015,xc,10,6,,,,1395.2,1395.2
5845390,2015,tfo,10,6,,358.19,768.82,,358.19
5845390,2016,xc,11,10,,,856.9,1404.7,856.9
5845390,2016,tfo,11,11,173.45,337.56,821.03,,173.45
5845390,2017,xc,12,12,,,782,1329.1,782
5845395,2014,xc,9,7,,,921,1608.4,921
5845395,2014,tfo,9,21,,,,,14.32
5845395,2015,xc,10,6,,,,1461,1461
5845395,2015,tfo,10,11,,,,,15.16
5845398,2014,xc,11,7,,,1115,1740,1115
5845398,2015,xc,12,5,,,,1734.5,1734.5
5845399,2017,xc,12,10,,,1022.6,1715.8,626.7
5845400,2014,xc,9,6,,,887,1478.4,887
5845400,2014,tfo,9,2,,,,,14.46
5845400,2015,xc,10,5,,,,1523.6,1523.6
5845400,2015,tfo,10,4,,,,,14.2
5845400,2016,xc,11,8,,,955.4,1560.4,955.4
5845400,2016,tfo,11,5,,,,,14.27
5845400,2017,xc,12,7,,,915,1548.4,534.1
5845400,2017,tfo,12,8,,,,,14.4
5845402,2014,xc,9,5,,,1286,1993.2,1286
5845403,2014,xc,10,5,,,892,1529,892
5845403,2015,tfo,11,8,170.4,,,,170.4
5845403,2016,xc,12,8,,,945.1,1455.3,945.1
5845403,2016,tfo,12,10,192.6,388.66,865.5,,192.6
5845414,2014,xc,9,5,,,1293,1863.8,1293
5845414,2015,xc,10,6,,,,1725.6,1725.6
5845414,2016,xc,11,6,,,1038.4,1745.6,1038.4
5845414,2017,xc,12,9,,,1070,1787.1,602.7
5845415,2014,xc,11,7,,,994,1531,994
5845415,2015,xc,12,6,,,,1514.5,1514.5
5893327,2014,xc,9,6,,,791,1290.8,791
5893327,2015,xc,10,5,,,,1294.6,1294.6
5893327,2016,xc,11,9,,,774.2,1232,774.2
5893327,2016,tfo,11,12,155.66,302.98,688.58,,112.8
5893327,2017,xc,12,13,,,645,1139.3,406.8
5893327,2017,tfo,12,11,147.59,321.2,674.51,,147.59
5893363,2014,xc,12,4,,,733,1272,733
5893372,2014,xc,9,5,,,1017,1731.6,1017
5893376,2014,xc,12,6,,,880,1462.5,880
5893377,2014,xc,12,4,,,1252,1756.7,1252
5947447,2014,xc,9,4,,,1278,2008.1,1278
5947479,2014,xc,10,4,,,890,1420.5,890
6236839,2010,tfo,9,16,,,,,11.9
6236839,2011,tfo,10,16,,,,,11.65
6444324,2014,tfo,9,9,,,,,14.33
6444324,2015,tfo,10,2,,,,,14.51
6444324,2016,tfo,11,2,,,,,14.33
6444326,2014,tfo,9,7,187.88,390.81,,,187.88
6444326,2015,tfo,10,4,,343.66,,,343.66
6444326,2016,xc,11,8,,,897.3,1424.2,897.3
6444326,2016,tfo,11,1,,382.64,,,382.64
6444326,2017,xc,12,4,,,,1530.9,543.8
6444330,2014,tfo,9,7,,,,,14.89
6444336,2014,tfo,9,1,,,,,16.34
6444342,2015,tfo,10,1,,,,,16.74
6444343,2014,tfo,9,4,,,,,14.48
6444343,2016,tfo,11,1,,,,,14.64
6444351,2014,tfo,9,13,,,,,13.29
6444351,2015,tfo,10,8,,,,,13.9
6444351,2017,tfo,12,2,,,,,15.72
6444355,2014,tfo,9,3,,,,,14.85
6444355,2015,tfo,10,2,,,,,14.6
6444414,2014,tfo,11,6,196.29,400.85,,,196.29
6444437,2014,tfo,9,5,,,,,17.95
6444437,2015,xc,10,3,,,,1482,1482
6444437,2015,tfo,10,10,172.5,353.3,,,172.5
6444437,2016,xc,11,7,,,837.1,1423.2,837.1
6444439,2014,tfo,11,1,,,,,15.25
6444440,2014,tfo,9,7,,399.48,,,399.48
6444441,2014,tfo,9,4,172.31,,,,68.94
6444441,2015,tfo,10,5,162.39,,,,73.43
6444451,2014,tfo,9,1,,,,,15.86
6444464,2014,tfo,9,10,,,,,14.26
6444468,2014,tfo,11,6,,394.04,,,394.04
6444472,2014,tfo,9,11,165.28,325.61,,,165.28
6444472,2015,xc,10,9,,,748,1182.7,748
6444472,2015,tfo,10,16,156.99,306.73,673.39,,156.99
6444472,2016,xc,11,11,,,704.1,1158.4,704.1
6444472,2016,tfo,11,12,162.18,318.85,703.9,,117.7
6444472,2017,xc,12,12,,,711,1188.1,436.7
6444472,2017,tfo,12,4,,344.38,718.5,,344.38
6444475,2014,tfo,9,7,206.72,422.91,,,206.72
6444475,2015,tfo,10,4,,444.89,,,444.89
6444531,2014,tfo,9,5,163.88,,,,163.88
6444539,2015,tfo,10,3,,,,,12.87
6444539,2016,xc,11,9,,,783.5,1248.2,783.5
6444539,2016,tfo,11,6,,318.45,718.12,,114.4
6444539,2017,xc,12,13,,,662,1193.7,412.9
6444552,2014,tfo,9,10,162.86,321.2,,,162.86
6444552,2015,tfo,10,9,154.98,293.2,,,154.98
6444552,2016,tfo,11,11,144.48,284.18,663.95,,100.8
6444552,2017,xc,12,12,,,634,1131.9,410.3
6444552,2017,tfo,12,12,125.29,283.61,641.01,,125.29
6444553,2014,tfo,11,8,,,,,13.35
6444556,2015,tfo,10,2,,,,,13.07
6444558,2014,tfo,10,10,,,,,13.49
6444559,2014,tfo,9,11,,,,,11.74
6444561,2014,tfo,9,8,166.91,322.71,,,166.91
6444561,2017,xc,12,12,,,713,1295.6,449.3
6444562,2014,tfo,9,14,,,,,12.37
6444564,2014,tfo,9,6,,,,,13.74
6444566,2014,tfo,9,3,167.9,337.7,,,167.9
6444567,2014,tfo,9,8,,309.69,,,309.69
6444567,2015,xc,10,8,,,665.9,1110.5,665.9
6444567,2015,tfo,10,10,,292.85,633.47,,292.85
6444567,2016,xc,11,10,,,629.1,1067.9,629.1
6444567,2016,tfo,11,15,159.39,293.21,628.1,,149.3
6444567,2017,xc,12,11,,,646.8,1086.1,411.4
6444567,2017,tfo,12,9,166.92,317.62,658.37,,166.92
6444575,2014,tfo,9,9,,,,,12.55
6444575,2015,tfo,10,12,,,,,12.06
6444575,2016,tfo,11,12,,,,,11.74
6444583,2014,tfo,11,4,,,,,13.09
6444586,2015,tfo,10,3,,,,,13.12
6444586,2016,tfo,11,2,,,,,12.8
6444587,2014,tfo,11,6,,343.36,,,66.28
6444589,2014,tfo,9,8,,323.3,,,323.3
6444589,2015,tfo,10,7,,309.62,,,309.62
6444589,2016,tfo,11,12,144.81,300.48,676.39,,15.44
6444589,2017,xc,12,11,,,740,1226.5,412
6527928,2014,tfo,10,7,,,,,13.13
6528832,2014,tfo,9,5,,,,,14.77
6528832,2015,tfo,10,1,,,,,31.46
6591794,2014,tfo,10,2,,,,,15.44
6591794,2015,tfo,11,2,,,,,14.96
6591937,2014,tfo,10,11,,,,,12.87
6591937,2016,tfo,12,2,,,,,13.34
6591940,2014,tfo,9,6,,,,,13.99
6797270,2016,tfo,9,1,,,,,18.44
6797271,2016,tfo,9,7,153.34,316.53,,,114.9
6797271,2017,tfo,10,6,,299.59,,,299.59
6797277,2016,tfo,9,12,156.34,315.65,705.59,,50.04
6797277,2017,xc,10,11,,,659,1144.7,402.4
6797277,2017,tfo,10,13,147.99,307.3,687.97,,15.61
6797277,2018,xc,11,8,,,665.8,1118,665.8
6797277,2018,tfo,11,10,146.73,288.8,650.06,,146.73
6797277,2019,xc,12,12,,,654.3,1104.8,372.7
6797279,2016,tfo,9,8,,,,,12.85
6797279,2017,tfo,10,2,,,,,13
6797279,2018,tfo,11,1,,,,,12.79
6797288,2016,tfo,9,11,148.79,292.23,681.95,,106.6
6797288,2017,tfo,10,10,137.9,285.47,674.18,,137.9
6797288,2018,xc,11,12,,,677,1142,391.2
6797304,2017,tfo,10,1,,,,,15.4
6797304,2018,xc,11,8,,,865.2,1465.6,495.3
6797310,2016,tfo,9,5,174.93,,,,174.93
6797310,2018,xc,11,7,,,932,1617.1,932
6797315,2016,tfo,9,8,207.34,402.51,,,59.84
6797315,2017,xc,10,6,,,945.6,1657.5,548.3
6797316,2016,tfo,9,3,,314.4,,,13.84
6797316,2017,tfo,10,2,,303.85,,,13.61
6797316,2019,tfo,12,4,,,,,25.9
6797318,2016,tfo,10,3,,,,,14.7
6797322,2016,tfo,9,5,,,,,15.16
6797322,2017,tfo,10,6,,,,,15.69
6797327,2016,tfo,9,2,,,,,13.58
6797327,2017,tfo,10,1,,,,,13.61
6797327,2018,tfo,11,2,,,,,12.07
6797327,2019,tfo,12,2,,,,,12.24
6797335,2017,xc,9,12,,,607,1057.4,376
6797335,2017,tfo,9,17,126.21,258.5,571.4,1055.78,17.18
6797335,2018,xc,10,12,,,589.2,1004.8,343.6
6797335,2018,tfo,10,18,121.55,249.93,568.83,,121.55
6797335,2019,xc,11,13,,,570.4,985.7,336.8
6797335,2019,tfo,11,17,122.77,246.23,569.57,,122.77
6797335,2020,xc,12,13,,,557.1,936.5,557.1
6797335,2020,tfo,12,1,,,,,269
6797337,2016,tfo,9,10,,366.8,,,13.99
6797337,2017,tfo,10,5,,,,,15.25
6797341,2016,tfo,9,15,175.51,,,,13.93
6797341,2017,tfo,10,4,,,,,14.94
6797343,2016,tfo,9,12,176.41,340.86,782.15,,176.41
6797343,2017,xc,10,11,,,822,1353.6,493
6797343,2017,tfo,10,14,173.5,353.3,807.71,,173.5
6797343,2018,xc,11,10,,,809.6,1362.2,459.7
6797343,2018,tfo,11,12,172.12,351.46,804.37,,172.12
6797343,2019,xc,12,12,,,778.9,1305.6,448.9
6797343,2019,tfo,12,16,160.16,333.76,726.87,,160.16
6797350,2017,tfo,10,5,,,,,13.19
6797350,2018,tfo,11,3,,,,,12.56
6797350,2019,tfo,12,1,,,,,13.22
6797351,2016,tfo,9,1,,,,,17.34
6797353,2018,xc,10,9,,,1099,1659,523.1
6797360,2016,tfo,9,4,149.71,,,,27.6
6797366,2016,tfo,9,3,,,,,13.93
6797366,2017,tfo,10,1,,,,,28.2
6797366,2018,tfo,11,1,,324.27,,,324.27
6797366,2019,tfo,12,1,,,,,28.78
6797368,2016,tfo,9,5,,,,,13.72
6879754,2018,xc,9,11,,,662.6,1189,478.4
6879754,2019,xc,10,12,,,676.1,1147,391
6879754,2019,tfo,10,4,129.7,,,,129.7
6879754,2020,xc,11,10,,,695.9,1160.4,695.9
6879754,2021,xc,12,6,,,726.2,1243,726.2
7271785,2015,xc,12,7,,,680.1,1165.5,680.1
7271786,2015,xc,11,6,,,,1170.8,1170.8
7271786,2015,tfo,11,10,,300.83,651.69,,300.83
7271786,2016,xc,12,9,,,681.2,1128.9,681.2
7271786,2016,tfo,12,9,153.29,293.72,638.03,,153.29
7271787,2015,xc,9,7,,,729.1,1203,729.1
7271787,2015,tfo,9,1,,,,,29.13
7271787,2016,tfo,10,4,,,,,12.9
7271787,2018,tfo,12,3,,,,,24.65
7271789,2015,tfo,9,4,148.4,,,,13.02
7271789,2016,tfo,10,5,156.9,,,,13.14
7271789,2017,xc,11,11,,,745,1290.7,745
7271789,2017,tfo,11,2,,,,,13.38
7271789,2018,xc,12,7,,,719,1313.2,719
7271791,2015,xc,12,7,,,638.3,1122.5,638.3
7271793,2015,xc,9,5,,,,1289.9,1289.9
7271793,2015,tfo,9,11,162.7,322.56,703.7,,162.7
7271793,2016,xc,10,10,,,714.3,1189.5,714.3
7271793,2016,tfo,10,13,164.34,304.23,650.22,,113.7
7271793,2017,xc,11,11,,,624,1093.8,395.3
7271793,2017,tfo,11,15,147.25,283.97,602.7,,15.55
7271793,2018,xc,12,11,,,625.3,1073,376.2
7271793,2018,tfo,12,4,147.79,284.37,608.4,,147.79
7271796,2015,xc,9,6,,,,1430.1,1430.1
7271796,2016,xc,10,10,,,786.1,1253.4,786.1
7271796,2016,tfo,10,13,150.53,314.39,727.82,,108
7271796,2017,xc,11,11,,,676,1207.8,411.3
7271796,2018,xc,12,12,,,682.4,1167.1,406.4
7271797,2015,xc,9,4,,,,1864.1,1864.1
7271798,2015,xc,10,6,,,,1453.5,1453.5
7271798,2016,xc,11,10,,,898,1476.2,898
7271798,2016,tfo,11,3,,385.87,,,135.4
7271798,2017,xc,12,8,,,897,1537.7,897
7271799,2015,xc,9,6,,,,1577.4,1577.4
7271799,2015,tfo,9,8,189.14,,,,189.14
7271799,2016,xc,10,10,,,941.2,1551,941.2
7271799,2016,tfo,10,12,196.7,397.92,,,17.23
7271799,2017,xc,11,12,,,862,1447.5,518.5
7271799,2017,tfo,11,12,202.11,401.06,,,202.11
7271799,2018,xc,12,10,,,920,1501.4,552
7271800,2015,xc,11,6,,,,1511.4,1511.4
7271801,2015,xc,9,6,,,,1511.8,1511.8
7271801,2016,xc,10,5,,,975,1659.8,975
7271802,2015,xc,9,5,,,,1594.9,1594.9
7271802,2015,tfo,9,8,173.54,,,,173.54
7271802,2016,xc,10,7,,,904.8,1585.1,904.8
7271802,2016,tfo,10,9,185.45,368.49,866.59,,185.45
7271802,2017,xc,11,12,,,837,1459.7,496.2
7271802,2017,tfo,11,10,179.31,356.56,833.12,,179.31
7271802,2018,xc,12,12,,,805.7,1365,506.9
7271803,2015,xc,9,4,,,,2090,2090
7271803,2016,xc,10,1,,,,2255.3,2255.3
7271804,2015,xc,10,5,,,,1579.8,1579.8
7271804,2016,xc,11,9,,,,1487.5,1487.5
7271804,2017,xc,12,10,,,860,1538.1,543.3
7271806,2015,xc,10,5,,,,1371,1371
7271806,2015,tfo,10,5,155.82,349.61,,,155.82
7271806,2016,xc,11,8,,,812.4,1299.8,812.4
7271806,2016,tfo,11,1,,364.7,,,364.7
7271806,2017,xc,12,8,,,812,1400.9,486.7
7271807,2015,xc,9,4,,,,1590.4,1590.4
7271807,2015,tfo,9,3,,,,,14.93
7293530,2015,xc,9,8,,,617.7,1033.2,617.7
7293530,2015,tfo,9,9,,275.75,588.46,,275.75
7293530,2016,xc,10,10,,,592,1019.4,592
7293530,2016,tfo,10,8,,268.72,585.1,,39.64
7293530,2017,xc,11,14,,,570,1003.3,349.4
7293530,2017,tfo,11,9,,254.41,576.2,1069.36,254.41
7293530,2018,xc,12,12,,,558.3,972,333.6
7293530,2018,tfo,12,2,,,,,25.36
7398252,2015,xc,11,4,,,,1196.9,1196.9
7398252,2016,xc,12,8,,,665.3,1155.4,665.3
7398252,2016,tfo,12,6,138.69,,,,138.69
7398256,2015,xc,9,5,,,,1640.9,1640.9
7398260,2015,xc,9,6,,,,1212.1,1212.1
7398260,2015,tfo,9,10,146.41,288.08,631.84,,146.41
7398260,2016,xc,10,10,,,662.9,1118.6,662.9
7398260,2016,tfo,10,11,157.6,290.27,636.97,,103.8
7398260,2017,xc,11,13,,,623,1091.1,399.8
7398260,2017,tfo,11,12,,284.9,618.91,,284.9
7406304,2015,xc,9,3,,,,1606.6,1606.6
7406304,2016,xc,10,9,,,1114.5,1589,1114.5
7406304,2016,tfo,10,8,211.45,437.03,,,211.45
7406304,2017,xc,11,12,,,1057,1684,590
7495328,2016,xc,9,8,,,810.3,1321.4,810.3
7495328,2016,tfo,9,11,175.86,348.98,824.56,,124.3
7495328,2017,xc,10,7,,,828,1347.1,491.3
7495328,2017,tfo,10,11,186.34,340,785.47,,186.34
7495328,2018,xc,11,8,,,794.9,1329.5,463.3
7495328,2018,tfo,11,7,187.74,351.5,772.1,,187.74
7495328,2019,xc,12,5,,,856.5,1348.6,856.5
7495329,2016,tfo,9,7,192.41,390.4,,,17.74
7495329,2017,tfo,10,11,192.94,377.6,,,192.94
7495329,2018,tfo,11,9,187.63,366.05,,,187.63
7664199,2016,xc,9,8,,,1015,1705.7,1015
7664199,2016,tfo,9,7,,,,,14.02
7664199,2017,xc,10,11,,,1025,1726.4,587.5
7664199,2017,tfo,10,4,,,,,13.96
7664199,2019,tfo,12,4,,,,,14.12
7855268,2015,tfo,9,9,,,,,14.34
7855268,2016,tfo,10,7,,,,,14.7
7855269,2015,tfo,9,2,,,,,14.84
7855271,2015,tfo,9,4,,,,,14.88
7855274,2015,tfo,9,9,,,,,14.97
7855275,2015,tfo,10,11,,,,,15.87
7855275,2016,xc,11,9,,,914.4,1559.4,914.4
7855275,2016,tfo,11,9,184.25,417.25,,,61.04
7855275,2017,xc,12,9,,,935,1696.2,565.7
7855275,2017,tfo,12,7,197.14,413.72,,,197.14
7855276,2015,tfo,10,6,,,,,12.49
7855277,2016,tfo,11,1,,,,,14.24
7855277,2017,tfo,12,1,,,,,13.98
7855278,2016,tfo,12,9,,,,,14.86
7855279,2015,tfo,11,7,158.57,,,,158.57
7855280,2015,tfo,11,1,,,,,12.75
7855280,2016,tfo,12,1,,,,,13.24
7855281,2015,tfo,10,6,158.99,310.83,,,158.99
7855281,2016,xc,11,10,,,672.2,1125,672.2
7855281,2016,tfo,11,12,139.08,279.86,634.86,,139.08
7855281,2017,xc,12,12,,,598,1080,375.7
7855281,2017,tfo,12,12,134.09,276.39,633.86,,134.09
7855282,2015,tfo,11,1,,,,,27.56
7855283,2015,tfo,9,5,154.55,338.91,,,154.55
7855283,2016,xc,10,8,,,788.4,1273.6,788.4
7855283,2016,tfo,10,10,148.4,327.41,,,115.3
7855283,2017,xc,11,12,,,670,1227,423.8
7855284,2015,tfo,9,1,,,,,14.98
7855286,2015,tfo,10,11,,,,,12.22
7855287,2015,tfo,9,8,183.4,,,,183.4
7855287,2016,tfo,10,10,176.16,398.27,,,15.73
7855287,2017,xc,11,13,,,937,1743.2,584.3
7855287,2017,tfo,11,8,209.62,462.97,,,209.62
7855287,2018,xc,12,3,,,,2259.7,2259.7
7855287,2018,tfo,12,6,177.78,,,,177.78
7855289,2015,tfo,10,6,,338.41,726.75,,338.41
7855289,2016,tfo,11,12,163.36,315.25,719.78,,163.36
7855289,2017,tfo,12,6,,303.25,,,303.25
7855292,2015,tfo,9,5,,,,,15.02
7855292,2016,tfo,10,1,,,,,31.98
7855292,2018,tfo,12,3,,396.37,,,396.37
7855294,2015,tfo,11,14,,,,,12.7
7855294,2016,tfo,12,13,159.28,,,,12.59
7855295,2015,tfo,9,2,,,,,12.54
7855295,2016,tfo,10,8,,,,,12.8
7855295,2018,tfo,12,7,,,,,12.31
7855298,2016,tfo,10,4,,,,,13.04
7855298,2017,tfo,11,2,,,,,13.02
7855299,2015,tfo,9,1,180.64,,,,180.64
7855299,2016,xc,10,9,,,867.3,1471.4,867.3
7855299,2016,tfo,10,10,166.38,374,,,15.67
7855299,2017,xc,11,11,,,744,1304.8,459.8
7855299,2017,tfo,11,2,176.15,,,,176.15
7855299,2018,xc,12,5,,,759.6,1303.6,759.6
7855299,2018,tfo,12,1,,,,,33.61
7855300,2015,tfo,9,11,,,,,14.84
7855301,2015,tfo,11,1,,,,,13.45
7855303,2015,tfo,12,8,,,,,23.59
7855304,2015,tfo,9,4,,,,,14.79
7855304,2016,tfo,10,2,,,,,14.87
7855304,2017,tfo,11,3,,385.81,,,15.73
7855304,2018,tfo,12,4,,,,,14.42
7855305,2015,tfo,9,4,,,,,25.34
7855305,2016,tfo,10,5,,,,,12.24
7855305,2017,tfo,11,6,,,,,12.52
7855306,2015,tfo,10,3,,,,,18.59
7855307,2015,tfo,10,9,,,,,12.77
7855307,2016,tfo,11,13,,,,,12.44
7855311,2015,tfo,10,10,,,,,12.16
7855312,2015,tfo,11,4,,,,,58.19
7855313,2016,tfo,11,1,,,,,217.5
7855313,2017,tfo,12,1,,,,,23.02
7855314,2015,tfo,11,9,,290.48,640.59,,290.48
7855314,2016,tfo,12,6,,302.45,721.09,,109.5
7855316,2015,tfo,9,6,,,,,12.14
7855316,2016,tfo,10,3,,,,,12.14
7855316,2017,tfo,11,1,,,,,12.3
7855316,2018,xc,12,13,,,638.7,1070.2,358.3
7855316,2018,tfo,12,4,126.86,,,,11.9
7855317,2015,tfo,11,9,,,,,29.04
7855317,2016,tfo,12,8,,,,,14.31
7855319,2016,tfo,10,1,,,,,15.44
7855319,2017,tfo,11,1,,,,,15.5
7855320,2015,tfo,9,1,,,,,16.65
7855320,2016,tfo,10,1,,,,,16.61
7855321,2015,tfo,9,10,,,,,13.2
7855321,2016,tfo,10,6,,,,,12.85
7855323,2016,tfo,11,1,,,,,15.44
7855325,2015,tfo,10,8,,,,,12.75
7855325,2016,tfo,11,18,,,,,12.57
7855326,2016,xc,11,10,,,619.3,1042.2,619.3
7855326,2016,tfo,11,3,,279.6,,,13.7
7855326,2017,xc,12,11,,,592,1034.3,365.2
7855326,2017,tfo,12,1,,286.21,,,286.21
7855327,2015,tfo,9,4,,,,,12.83
7855327,2016,tfo,10,10,,,,,12.44
7855327,2017,tfo,11,13,,,,,12.36
7855327,2018,tfo,12,6,,,,,12.57
7855330,2015,tfo,9,7,192.21,,,,192.21
7855330,2016,tfo,10,10,201.6,425.35,,,17.03
7855330,2017,xc,11,12,,,1031,1743.3,596.5
7855330,2017,tfo,11,8,212.87,449.44,,,212.87
7855330,2018,xc,12,8,,,1193,1859,602.8
7855330,2018,tfo,12,2,226.2,,,,226.2
7855331,2015,tfo,9,8,,,,,14.24
7855331,2016,tfo,10,10,,,,,14.64
7855331,2017,tfo,11,2,,,,,15.6
7855331,2018,tfo,12,8,,,,,14.15
7855332,2015,tfo,10,3,,,,,14.04
7855333,2016,tfo,10,1,,,,,14.84
7855333,2018,tfo,12,3,,,,,26.2
7855334,2015,tfo,10,7,,294.95,659.71,,294.95
7855334,2016,xc,11,9,,,728.3,1169.2,728.3
7855334,2017,tfo,12,5,146.3,302.95,680.52,,146.3
7855336,2015,tfo,9,4,158.32,337.35,,,158.32
7855336,2016,tfo,10,5,,,,,13.34
7855336,2017,tfo,11,4,,,,,13.49
7855336,2018,xc,12,6,,,,1234.2,431.2
7855336,2018,tfo,12,4,,,,,13.03
7855338,2015,tfo,9,7,187.44,,,,187.44
7855338,2016,xc,10,10,,,914.1,1555.9,914.1
7855338,2016,tfo,10,9,,397.57,878.63,,141.1
7855338,2017,xc,11,9,,,843,1570.9,538
7855338,2017,tfo,11,8,199.9,393.5,927.74,,199.9
7855338,2018,xc,12,6,,,880,1622.7,529.5
7855340,2015,tfo,9,6,167.36,,,,29.15
7855340,2016,tfo,10,1,,,,,114
7855340,2017,xc,11,11,,,812,1490.9,492.1
7855340,2018,xc,12,10,,,878,1436,878
7855340,2018,tfo,12,7,160.38,,,,117.82
7855341,2015,tfo,10,4,,,,,27.49
7855341,2017,tfo,12,5,,,,,12.73
8078391,2018,xc,9,7,,,837,1440.2,485.2
8078391,2018,tfo,9,12,177.05,359.22,846.6,,130.57
8078402,2018,xc,9,10,,,904,1531.3,541.4
8078402,2018,tfo,9,8,187.82,372.12,,,187.82
8078402,2020,xc,11,12,,,982.4,1525.8,982.4
8078419,2018,xc,10,6,,,1126.2,1796,629.8
8078421,2016,tfo,9,13,187.72,387.62,872.74,,138.2
8078421,2017,tfo,10,13,191.35,387.22,864.8,,191.35
8078421,2018,xc,11,1,,,1412.2,,1412.2
8078421,2019,tfo,12,13,177.56,354.45,,,177.56
8078447,2018,xc,9,10,,,774,1294,458.9
8078447,2018,tfo,9,7,163.13,340.92,,,163.13
8078447,2019,xc,10,5,,,781.3,1352.1,781.3
8078447,2019,tfo,10,16,150.16,294.16,,,150.16
8078447,2020,xc,11,10,,,655.1,1095.9,655.1
8078450,2016,tfo,9,16,,,,,12.82
8078450,2017,tfo,10,12,,,,,13.6
8078450,2018,xc,11,8,,,856,1393,492.9
8078450,2018,tfo,11,2,,,,,13.82
8078457,2016,tfo,9,1,,,,,18.24
8108516,2015,tfo,10,1,,,,,13.12
8108516,2017,tfo,12,1,,,,,13.01
8296913,2022,xc,10,10,,,769.5,1251.7,769.5
8296913,2022,tfo,10,15,165.97,336.371,749.675,,16.59
8296913,2023,xc,11,11,,,791.6,1306.1,791.6
8296913,2023,tfo,11,15,157.355,330.095,713.06,1340.786,157.355
8296913,2024,xc,12,8,,,801.4,1304.2,801.4
8296913,2024,tfo,12,10,163.984,351.66,,,34.27
8620863,2018,xc,11,6,,,946,1577.2,946
8627293,2016,xc,12,1,,,,1582.7,1582.7
8627297,2016,xc,9,4,,,774.5,1372.8,774.5
8627300,2016,xc,9,10,,,723,1243,723
8627300,2017,xc,10,11,,,729,1200.3,419.2
8627300,2018,xc,11,8,,,763.6,1281.5,420.3
8627300,2019,xc,12,6,,,1044,1676.7,1044
8627302,2016,xc,9,8,,,778.9,1176.7,778.9
8627302,2016,tfo,9,11,,,,,12.55
8627302,2017,xc,10,11,,,695,1246.4,435.8
8627302,2017,tfo,10,11,,,,,12.76
8627303,2016,xc,9,9,,,778.8,1162.5,778.8
8627303,2016,tfo,9,1,,336,,,336
8627303,2017,xc,10,9,,,643,1106.4,394.9
8627303,2017,tfo,10,1,,329.21,,,329.21
8627303,2018,xc,11,10,,,690,1118.6,384
8627303,2018,tfo,11,2,,,,,12.65
8627303,2019,xc,12,10,,,682.1,1117.6,378
8627304,2016,xc,9,10,,,727.3,1249.9,727.3
8627304,2016,tfo,9,10,148.31,306.62,718.26,,114.7
8627304,2017,xc,10,11,,,682,1221.1,427.7
8627304,2017,tfo,10,11,150.04,319,,,14.08
8627304,2018,xc,11,10,,,677,1169,406.4
8627304,2019,xc,12,12,,,717.5,1163.2,400.9
8627305,2016,xc,9,8,,,866.2,1346.4,866.2
8627305,2017,xc,10,13,,,740,1311.4,454
8627308,2016,xc,10,6,,,,1207.7,1207.7
8627308,2017,xc,11,10,,,648,1111,648
8627309,2016,xc,10,9,,,745.8,1262,745.8
8627309,2017,xc,11,9,,,711,1232.9,419.7
8627312,2016,xc,9,9,,,792.9,1341.9,792.9
8627312,2016,tfo,9,9,168.01,354.53,,,49.64
8627312,2018,xc,11,6,,,1057,1570,1057
8627313,2016,xc,10,10,,,677,1120.6,677
8627313,2016,tfo,10,13,134.83,282.24,645.6,,134.83
8627313,2017,xc,11,13,,,594,1053.3,368.2
8627313,2017,tfo,11,13,127.75,275.98,607.49,,127.75
8627313,2018,xc,12,9,,,632,1019,365.3
8627313,2018,tfo,12,1,,,,,13.33
8627314,2016,xc,10,9,,,856.1,1413.9,856.1
8627322,2016,xc,11,10,,,867.1,1522.8,867.1
8627322,2016,tfo,11,2,,,,,14.94
8627322,2017,xc,12,11,,,861,1523.1,519.4
8627322,2017,tfo,12,1,,,,,14.88
8627345,2016,xc,9,2,,,1144,2054.7,1144
8627345,2016,tfo,9,3,,,,,16.06
8627345,2017,xc,10,11,,,928,1607.2,560.9
8627345,2017,tfo,10,12,196.01,395.41,,,16.87
8627345,2018,xc,11,10,,,839,1474.5,515.9
8627345,2018,tfo,11,2,,424.08,,,424.08
8627345,2019,xc,12,12,,,869.4,1438.3,511.5
8627347,2016,xc,12,10,,,803.5,1340,803.5
8627350,2016,xc,9,8,,,951,1720.2,951
8627350,2018,xc,11,7,,,1006,1623.8,582.4
8627358,2016,xc,10,9,,,826.8,1350.2,826.8
8627358,2016,tfo,10,10,,359.42,785.06,,131.2
8627358,2017,xc,11,12,,,777,1378.5,489.9
8627358,2017,tfo,11,9,,348.9,765.95,,348.9
8627358,2018,xc,12,4,,,838,1417,838
8627361,2016,xc,11,6,,,1114.9,1894.2,1114.9
8627364,2016,xc,10,7,,,1019,1730.8,1019
8627367,2016,xc,11,7,,,926.5,1547.9,926.5
8627367,2016,tfo,11,3,,,,,16.64
8627367,2017,xc,12,4,,,913,1642.5,566.8
8627370,2016,xc,11,6,,,,1528.3,1528.3
8627370,2016,tfo,11,2,,397.6,,,397.6
8627370,2017,xc,12,10,,,846,1531.3,530.8
8627371,2016,xc,12,9,,,897.5,1543,897.5
8627371,2016,tfo,12,7,183.29,394.42,868.67,,183.29
8627373,2016,xc,9,6,,,800.3,1480,800.3
8627374,2016,xc,9,10,,,860.3,1411.5,860.3
8627374,2016,tfo,9,9,,364.34,802.75,,364.34
8627374,2017,xc,10,13,,,786,1389.9,488.9
8627374,2017,tfo,10,10,,354.14,761.38,,354.14
8627374,2018,xc,11,5,,,802.7,1388.8,802.7
8627374,2018,tfo,11,3,,367.86,788.47,,367.86
8627374,2019,xc,12,13,,,810.4,1363.8,480.4
8627376,2016,xc,10,2,,,1129,,1129
8635949,2016,xc,11,6,,,,1367.8,1367.8
8697841,2016,xc,9,5,,,963,1625.1,963
8697841,2016,tfo,9,3,,,,,14.89
8697841,2017,xc,10,10,,,828,1392.8,528.7
8697841,2018,xc,11,11,,,793.6,1344,464.8
8697841,2018,tfo,11,10,161.52,340.67,802.51,,161.52
8697841,2019,xc,12,13,,,754.3,1272.9,437.8
8714380,2016,xc,12,3,,,,1399.7,1399.7
8779096,2019,xc,9,12,,,720.8,1178,419.6
8779096,2019,tfo,9,10,155.59,311.44,651.26,,155.59
8779098,2019,xc,9,14,,,871.8,1395.3,462
8779098,2019,tfo,9,12,159.4,332.77,755.13,,159.4
8779098,2020,xc,10,12,,,782.4,1337.5,782.4
8779098,2021,xc,11,11,,,746.6,1312.2,718
8779098,2021,tfo,11,13,158.56,326.33,762.28,,158.56
8779098,2022,xc,12,7,,,757.8,1285.9,757.8
8779098,2022,tfo,12,12,163.074,326.99,722.336,,163.074
9133029,2024,tfo,9,14,,,,,14.13
9133029,2025,xc,10,1,,,,1577.7,1577.7
9133029,2025,tfo,10,8,,,,,13.9
9133029,2026,tfo,11,6,,,,,13.734
9402845,2016,tfo,10,4,214.29,,,,214.29
9402846,2016,tfo,9,13,171.37,330.16,713.38,,127.6
9402846,2017,xc,10,7,,,781.8,1325.3,781.8
9402846,2017,tfo,10,15,165.58,328.71,728.36,,165.58
9402846,2018,xc,11,6,,,746.9,1290.3,746.9
9402846,2018,tfo,11,11,173.7,340.98,740.3,,173.7
9402846,2019,xc,12,14,,,766.1,1260,439
9402846,2019,tfo,12,14,163.96,332.09,701.64,,163.96
9402847,2016,tfo,10,2,,,,,17.17
9402848,2016,tfo,9,11,167.49,341.54,783.95,,167.49
9402848,2017,tfo,10,8,160.2,357.44,,,160.2
9402848,2018,tfo,11,9,162.87,339.39,,,162.87
9402849,2016,tfo,9,5,,,,,14.39
9402850,2016,tfo,9,10,,,,,13.81
9402850,2017,tfo,10,9,,,,,14.39
9402850,2018,tfo,11,2,,327.8,,,327.8
9402850,2019,xc,12,13,,,772.9,1258.5,447.7
9402850,2019,tfo,12,5,,341.55,732.72,,341.55
9402852,2016,tfo,9,2,207.47,,,,17.04
9402853,2016,tfo,10,3,,,,,16.38
9402853,2017,tfo,11,3,,,,,16.33
9402854,2016,tfo,9,8,,,,,15.37
9402854,2017,tfo,10,6,,,,,15.77
9402855,2016,tfo,9,14,,,,,14.05
9402856,2016,tfo,9,6,166.46,,,,14.41
9402856,2017,tfo,10,5,163.81,,,,15.12
9402858,2016,tfo,9,6,,,,,14.29
9402859,2016,tfo,10,4,,343.46,,,14.93
9402859,2017,xc,11,9,,,775,1313.9,483.8
9402860,2016,tfo,9,5,,396.97,,,57.54
9402868,2016,tfo,11,1,,,,,16.44
9402868,2017,tfo,12,1,,,,,17.39
9402869,2017,xc,12,7,,,984,1742.4,984
9402869,2017,tfo,12,1,,,,,16.53
9402870,2016,tfo,9,7,,330.8,,,122.6
9402870,2018,xc,11,12,,,758.2,1302,464.4
9402870,2019,xc,12,12,,,730,1252.6,422.2
9402871,2016,tfo,9,9,170.18,374.44,,,14.36
9402871,2017,tfo,10,8,178.66,,,,14.51
9402872,2016,tfo,9,7,,,,,14.81
9402873,2016,tfo,9,2,,,,,13.99
9402873,2017,tfo,10,2,,,,,13.94
9402874,2016,tfo,9,1,,,,,17.84
9402874,2017,tfo,10,1,,,,,17.62
9402876,2016,tfo,9,1,,,,,18.84
9402876,2017,tfo,10,1,,,,,18.2
9402879,2016,tfo,9,3,,,,,13.68
9402879,2017,tfo,10,1,,,,,13.78
9402879,2018,tfo,11,1,,,,,13.77
9402880,2016,tfo,9,11,,,,,14.61
9402881,2016,tfo,11,5,,,,,12.8
9402881,2017,tfo,12,2,,,,,14.03
9402883,2016,tfo,10,6,,329.62,,,53.24
9402884,2016,tfo,10,1,,,,,14.14
9402884,2017,tfo,11,1,,,,,14.23
9402886,2016,tfo,10,1,,,,,15.14
9402886,2017,tfo,11,3,,,,,14.44
9402887,2016,tfo,9,8,,,,,13.36
9402887,2017,tfo,10,5,,,,,13.28
9402887,2018,tfo,11,7,,,,,12.5
9402888,2016,tfo,9,14,,,,,14.06
9402888,2017,tfo,10,12,150.02,338.94,,,13.69
9402889,2016,tfo,9,6,,292.21,,,292.21
9402889,2017,xc,10,9,,,688.8,1174.8,411
9402890,2016,tfo,10,15,,,,,12.71
9402890,2017,tfo,11,12,,,,,12.78
9402890,2018,tfo,12,5,,,,,12.41
9402891,2016,tfo,9,14,,,,,12.7
9402891,2017,tfo,10,7,,,,,12.97
9402892,2016,tfo,9,17,,,,,13.28
9402892,2017,tfo,10,14,,,,,13.47
9402892,2018,tfo,11,15,,,,,12.85
9402892,2019,tfo,12,12,,,,,12.76
9402893,2016,tfo,9,1,,,,,17.44
9402893,2017,tfo,10,1,,,,,16.03
9402894,2016,tfo,10,10,147.99,301.43,710.9,,108.7
9402894,2017,xc,11,12,,,648,1136.2,411.8
9402894,2017,tfo,11,13,129.16,280.8,692.13,,129.16
9402894,2018,xc,12,13,,,617.8,1034,374.7
9402894,2018,tfo,12,7,125.94,,,,13.14
9402897,2016,tfo,9,4,,,,,12.74
9402897,2017,tfo,10,6,,,,,12.39
9402897,2018,tfo,11,3,,,,,12.25
9402898,2016,tfo,10,3,,,,,13.66
9402898,2017,tfo,11,5,,,,,13.66
9402899,2016,tfo,11,8,,,,,12.43
9402899,2018,tfo,13,5,,,,,12.35
9402900,2016,tfo,9,13,,,,,13.88
9402901,2016,tfo,10,9,,,,,12.3
9402901,2017,tfo,11,6,,,,,12.52
9402902,2016,tfo,9,9,,,,,13.6
9402902,2017,tfo,10,7,,,,,13.09
9402903,2016,tfo,12,1,,,,,16.54
9402904,2016,tfo,9,1,,,,,16.54
9402905,2016,tfo,9,1,,,,,14.54
9402907,2016,tfo,11,12,,,,,11.39
9402908,2016,tfo,11,9,,,,,14.27
9402909,2016,tfo,11,1,,,,,241.3
9402910,2016,tfo,9,4,,,,,13.26
9402913,2016,tfo,9,9,,,,,13.21
9402913,2017,tfo,10,12,,,,,13.16
9402913,2018,tfo,11,2,,,,,13.38
9402915,2016,tfo,9,7,,,,,12.77
9402915,2018,tfo,11,7,,,,,13.34
9402917,2016,tfo,9,16,,,,,13.06
9402917,2017,tfo,10,13,154.47,,,,13.01
9402922,2016,tfo,9,6,,,,,14.93
9402922,2017,tfo,10,1,,,,,16.91
9402924,2016,tfo,10,6,,,,,12.86
9402924,2017,tfo,11,3,,,,,12.94
9402924,2018,tfo,12,2,,,,,12.88
9402925,2016,tfo,9,17,,,,,13.37
9402925,2017,xc,10,8,,,814,1435.7,481.7
9402925,2017,tfo,10,13,,,,,12.97
9402925,2018,xc,11,6,,,,1554.1,542.9
9402925,2018,tfo,11,12,,,,,12.78
9402925,2019,xc,12,4,,,,1342.2,1342.2
9402925,2019,tfo,12,9,,,,,12.49
9402926,2016,tfo,9,1,,,,,15.34
9402928,2016,tfo,10,4,,,,,13.07
9402928,2017,tfo,11,4,,,,,12.93
9402928,2018,tfo,12,2,,,,,13.32
9402929,2016,tfo,9,1,,336.5,,,336.5
9402929,2017,xc,10,12,,,680,1189.3,412
9402929,2018,tfo,11,1,,,,,15.56
9402930,2016,tfo,9,1,,,,,15.14
9402930,2017,tfo,10,1,,,,,15.45
9402930,2018,tfo,11,1,,,,,31.16
9402931,2016,tfo,10,8,,,,,16.31
9402932,2016,tfo,9,1,,,,,16.84
9402933,2016,tfo,11,2,,363.8,,,14.69
9402933,2017,xc,12,7,,,774,1398.5,484
9460047,2016,tfo,10,8,,,,,12.94
9536715,2016,tfo,11,5,,,,,12.82
9536715,2017,tfo,12,3,,,,,13.05
9560727,2017,xc,10,7,,,1292,2246.6,1292
9682693,2024,xc,9,8,,,914.9,1473.1,914.9
9682693,2024,tfo,9,4,198.565,425.02,,,198.565
9682693,2025,xc,10,6,,,896.26,1459,896.26
9682693,2025,tfo,10,4,178.797,,,,178.797
9682693,2026,xc,11,7,,,790.82,1385.2,790.82
9682693,2026,tfo,11,8,177.882,397.26,,,177.882
9682693,2027,xc,12,5,,,825.99,1324.381,825.99
9713486,2019,xc,9,10,,,826.7,1285.1,453
9713486,2019,tfo,9,13,176.77,332.45,733.18,,176.77
9713486,2020,xc,10,8,,,743,1310.9,743
9713486,2021,xc,11,7,,,751.2,1271,707
9713486,2021,tfo,11,13,165.02,328.37,768.92,,165.02
9713486,2022,xc,12,10,,,760.8,1249.3,760.8
9713521,2018,xc,9,11,,,832,1380.2,482
9713521,2019,xc,10,12,,,900.7,1347.7,437.5
9713521,2020,xc,11,9,,,728.1,1306.8,728.1
9713521,2021,xc,12,1,,,,1822,1822
9713529,2020,xc,11,10,,,900.1,1393.6,900.1
9713534,2019,xc,9,4,,,,1591.5,1591.5
9713534,2019,tfo,9,1,,,,,16.74
9713535,2019,xc,9,9,,,881.6,1232.6,417.7
9713535,2019,tfo,9,11,136.94,308.83,702.46,,136.94
9713535,2020,xc,10,11,,,694.3,1163.8,694.3
9736770,2018,xc,9,5,,,957,1735.7,957
9736770,2018,tfo,9,7,193.15,446.01,,,137.87
9736770,2019,xc,10,3,,,1031.3,1986.5,1031.3
9736792,2019,xc,9,6,,,,1485.9,1399.6
9736792,2019,tfo,9,9,166.93,372.27,,,166.93
9736792,2020,xc,10,1,,,,,1246.5
9736802,2019,xc,9,10,,,744.9,1169.3,744.9
9736802,2019,tfo,9,12,147.11,295.46,656.78,,147.11
9736802,2020,xc,10,5,,,704.5,1183,704.5
9736802,2021,xc,11,1,,,,1603.2,1603.2
9736802,2021,tfo,11,1,,372.04,,,372.04
9874351,2003,tfo,12,1,,,710.8,,710.8
9874365,2000,tfo,9,1,,,705,,705
9913635,2002,tfo,12,1,124.8,,,,124.8
9913651,2002,tfo,12,1,,,,,11.64
9913668,2002,tfo,12,2,,,,,11.34
9913673,2001,tfo,11,1,127.7,,,,127.7
9913682,2002,tfo,9,2,,,,,13.34
9913813,2000,tfo,10,1,,,,,13.24
9914409,2001,tfo,12,1,,,,,23.64
9914723,2001,tfo,12,2,,,,,23.54
9914746,2001,tfo,9,2,,,,,26.94
9914780,2000,tfo,12,1,,,698.3,,698.3
9914840,2000,tfo,11,1,,,,,53.24
9915007,1997,tfo,10,1,,,,,52.24
9915009,1999,tfo,12,1,,,,,53.14
9915151,1999,tfo,11,1,,,,,13.34
9915153,1999,tfo,12,2,,,,,12.74
9915156,1998,tfo,11,1,,,,,61.44
9915156,1999,tfo,12,1,,,,,27.24
9915160,1997,tfo,10,1,,301.2,,,301.2
9915160,1998,tfo,11,1,,,668.7,,668.7
9915160,1999,tfo,12,1,149.7,,,,149.7
9929051,1998,tfo,12,2,,249.3,537.1,,249.3
9929056,1998,tfo,12,3,,,,,11.54
9929161,1998,tfo,12,1,,,,,27.74
9929163,1998,tfo,9,2,145.6,317.7,,,145.6
9929714,1997,tfo,12,1,,,,,27.44
9929926,1996,tfo,12,1,125.7,,,,125.7
9930525,1994,tfo,11,2,,,,,27.74
9930525,1995,tfo,12,1,,,,,13.14
9930557,1994,tfo,11,1,,,,,22.24
9930557,1995,tfo,12,1,,,,,11.14
9930709,1994,tfo,11,1,,,,,11.54
9930822,1993,tfo,11,1,,,,,23.34
10000685,1993,tfo,12,1,,,,,51.04
10000691,1993,tfo,11,1,,246,,,246
10000704,1993,tfo,11,1,145,,,,145
10000705,1993,tfo,12,2,,,,,12.84
10000712,1992,tfo,12,2,138.3,,,,60.94
10000715,1991,tfo,11,1,,,572,,572
10000718,1991,tfo,12,1,,,,,62.24
10000719,1991,tfo,12,2,,301.9,708.3,,301.9
10000727,1990,tfo,11,1,127.5,,,,127.5
10000733,1990,tfo,12,1,,,703,,703
10000735,1990,tfo,10,1,,,,,13.34
10021591,1988,tfo,11,1,,,,,23.94
10021591,1989,tfo,12,1,,,,,11.64
10021594,1989,tfo,10,1,,,,,11.64
10021623,1989,tfo,9,1,,,,,62.74
10021869,1988,tfo,11,1,,304.3,,,304.3
10021875,1986,tfo,11,3,,255,564.3,,53.34
10021875,1987,xc,12,1,,,,1014,1014
10021875,1987,tfo,12,1,114,,,,114
10028323,1985,tfo,12,2,,254,581,,254
10028325,1985,tfo,11,1,,,,,62.94
10028385,1984,tfo,10,1,,310.9,,,310.9
10028385,1985,tfo,11,2,146.1,,669.6,,146.1
10028451,1984,tfo,12,1,,,,,11.44
10028454,1984,tfo,10,1,,,,,51.24
10028480,1984,tfo,10,1,,,,,12.84
10028490,1982,tfo,9,1,,,652.2,,652.2
10028530,1978,tfo,9,1,,,,,13.24
10028530,1980,tfo,11,1,146.3,,,,146.3
10028532,1980,tfo,11,2,146,,,,61.24
10028541,1980,tfo,9,2,144,295.4,,,144
10028789,1980,tfo,10,1,,265.1,,,265.1
10028937,1979,tfo,12,1,,,,,53.24
10028986,1979,tfo,12,1,,,586.9,,586.9
10029069,1979,tfo,10,1,,,,,63.44
10029090,1978,tfo,9,1,,,,,62.34
10029094,1977,tfo,12,2,,,,,12.94
10029320,1969,tfo,99,2,,,,,11.14
10029321,1969,tfo,12,2,,,,,11.14
10029513,1974,tfo,11,1,,,,,298.3
10029532,1976,tfo,12,2,,,,,295.6
10029550,1973,tfo,12,2,,,,,299.6
10029551,1973,tfo,11,1,,,,,681
10029552,1973,tfo,12,1,,,,,684
10333879,2017,xc,9,11,,,1281,1868.6,692.2
10333879,2017,tfo,9,1,,,,,18.15
10395453,2017,xc,9,12,,,968,1598.2,536.4
10395453,2018,xc,10,9,,,1159,1712,578
10395453,2019,xc,11,8,,,1080,1652.6,556
10395455,2017,xc,12,10,,,790,1395.9,487.1
10395457,2017,xc,10,11,,,1036,1784.8,561
10395457,2017,tfo,10,7,,390.18,,,16.91
10395457,2018,xc,11,6,,,924.9,1720.8,545.7
10395457,2018,tfo,11,4,200.02,422.87,,,200.02
10395459,2017,xc,10,13,,,968,1620.8,520.7
10395459,2017,tfo,10,8,,,,,14.51
10395459,2018,xc,11,8,,,1524.8,1598.4,532
10395459,2018,tfo,11,8,165.36,372.94,,,165.36
10395459,2019,xc,12,7,,,1051.8,1637.3,521
10395460,2017,xc,11,13,,,1054.4,1742.1,576.8
10395461,2017,xc,12,10,,,662,1175.3,422.4
10395461,2017,tfo,12,4,,,,,13.03
10395462,2017,xc,9,13,,,588,1030.6,363.5
10395462,2017,tfo,9,15,,263.86,566.66,1011.21,16.82
10395462,2018,xc,10,12,,,576,991,344.8
10395462,2018,tfo,10,13,131.29,255.2,539.56,,131.29
10395462,2019,xc,11,12,,,568.6,964.9,345.9
10395462,2019,tfo,11,6,,261.78,577.28,,261.78
10395462,2020,xc,12,12,,,,957.9,809.2
10395462,2020,tfo,12,1,,,535,,535
10395463,2017,xc,9,13,,,646,1105.4,397.7
10395463,2018,xc,10,8,,,722.2,1188.1,454
10395464,2017,xc,9,13,,,677,1180.4,406.7
10395464,2018,xc,10,9,,,722.9,1204,722.9
10395465,2017,xc,9,7,,,1188.3,1607.3,514.9
10408414,2017,xc,11,3,,,1231.6,2119.9,1231.6
10408416,2017,xc,10,12,,,900,1560.3,549.8
10416203,2017,xc,9,12,,,800.2,1136.8,411
10416203,2017,tfo,9,13,140.59,290.6,657.15,,140.59
10416203,2018,xc,10,11,,,657,1101,657
10416203,2018,tfo,10,8,131.25,274.86,631.52,,131.25
10416203,2019,xc,11,12,,,634.1,1051.1,634.1
10416203,2019,tfo,11,13,135.46,277.31,,,135.46
10416203,2020,xc,12,12,,,656.8,1079.1,656.8
10416204,2017,xc,11,11,,,814,1421.8,465.9
10416204,2018,xc,12,8,,,808,1459,808
10426594,2020,xc,9,10,,,960.2,1432.1,960.2
10426594,2021,xc,10,7,,,914.7,1564.6,914.7
10426594,2021,tfo,10,5,,,,,15.47
10426594,2022,xc,11,7,,,,1649.4,1649.4
10426594,2022,tfo,11,3,,,,,15.782
10426594,2023,xc,12,4,,,,1745.1,1745.1
10426594,2023,tfo,12,1,,,,,35.67
10426596,2020,xc,9,11,,,886.8,1355.9,886.8
10426596,2021,xc,10,3,,,,1697.2,1046.1
10426596,2022,xc,11,9,,,863.5,1358.3,863.5
10426596,2022,tfo,11,3,182.01,,,,182.01
10426596,2023,xc,12,8,,,,1324.7,1324.7
10426603,2020,xc,9,12,,,662.6,1119,662.6
10426603,2021,xc,10,5,,,,1136.1,1136.1
10426603,2021,tfo,10,12,130.79,290.41,652.27,,130.79
10426603,2022,xc,11,7,,,,1072.7,1072.7
10426603,2022,tfo,11,10,131.044,267.39,604.284,,131.044
10426603,2023,xc,12,9,,,612.2,1037.6,612.2
10426603,2023,tfo,12,5,137.786,279.942,,,137.786
10426605,2020,xc,9,12,,,737.9,1182.1,737.9
10426605,2021,xc,10,7,,,685.6,1259.1,685.6
10426605,2022,xc,11,2,,,616.7,1136.7,616.7
10426605,2023,xc,12,5,,,,1130,1130
10454223,2020,xc,12,13,,,552.8,941.3,552.8
10531193,2017,xc,9,6,,,,1222.1,412
10531193,2017,tfo,9,2,,,,,12.91
10531193,2018,tfo,10,1,,,,,12.96
10531193,2019,tfo,11,1,,,,,13.09
10546031,2017,xc,9,6,,,1095.1,1617.1,581.4
10546031,2017,tfo,9,9,179.79,373.8,,,179.79
10546031,2018,xc,10,10,,,925.9,1541,554
10546031,2019,xc,11,5,,,,1618.5,567
10557157,2017,xc,10,7,,,968,1585.2,968
10589484,2017,xc,9,7,,,853,1625.9,520.7
10589484,2017,tfo,9,12,,,,,14.55
10589484,2018,tfo,10,10,162.12,,,,14.09
10591010,2020,xc,9,12,,,791.4,1240.3,791.4
10591010,2022,xc,11,6,,,,1356.1,1356.1
10591010,2023,xc,12,2,,,853.1,1488.4,853.1
10591011,2020,xc,9,11,,,791.7,1272.6,791.7
10614841,2022,tfo,12,4,,310.59,,,13.322
11058679,2016,tfo,9,1,,345.7,,,345.7
11093673,2017,tfo,9,5,,,,,16.49
11093675,2017,tfo,9,7,,,,,15.78
11093676,2017,tfo,9,8,,307.43,,,307.43
11093676,2018,tfo,10,10,,305.8,711.36,,305.8
11093679,2017,tfo,10,8,,,,,15.99
11093681,2017,tfo,9,8,,,,,15.82
11093682,2017,tfo,10,8,,,,,14.81
11093683,2017,tfo,10,11,,,,,13.45
11093683,2018,tfo,11,5,,,,,13.52
11093684,2017,tfo,9,1,,,,,20.28
11093685,2017,tfo,10,11,188.48,387.8,,,188.48
11093687,2017,tfo,9,1,,,,,15.98
11093687,2018,xc,10,12,,,997,1697.2,561.1
11093689,2017,tfo,9,1,,,,,15.07
11093690,2017,tfo,9,7,,,,,15.79
11093690,2018,tfo,10,7,,,,,15.31
11093690,2019,tfo,11,3,,,,,15.87
11093690,2020,xc,12,10,,,913.6,1473.6,913.6
11093691,2017,tfo,9,1,,,,,14.65
11093691,2018,tfo,10,1,,,,,15.67
11093692,2017,tfo,9,1,,,,,17
11093694,2017,tfo,10,1,,,,,15.88
11093698,2017,tfo,11,2,,,,,16.17
11093699,2017,tfo,9,4,,,,,15.76
11093700,2017,tfo,9,2,,,,,17.37
11093702,2017,tfo,9,7,,,,,14.64
11093702,2018,tfo,10,3,,,,,13.79
11093703,2017,tfo,9,8,,,,,13.56
11093703,2018,tfo,10,9,,,,,13.12
11093703,2019,tfo,11,13,,,,,12.81
11093704,2017,tfo,11,6,,,,,17.17
11093707,2017,tfo,10,4,,,,,14.11
11093707,2018,tfo,11,1,,,,,14.38
11093709,2017,tfo,9,7,,,,,14.99
11093709,2018,xc,10,10,,,798,1484.5,527.9
11093709,2018,tfo,10,5,,,,,14.92
11093710,2017,tfo,9,1,,,,,16.26
11093712,2017,xc,9,10,,,939.7,1348.1,494.1
11093712,2017,tfo,9,9,,364.7,772.73,,364.7
11093712,2018,xc,10,8,,,770,1290.6,770
11093712,2018,tfo,10,6,,362.72,752.3,,362.72
11093712,2019,xc,11,13,,,739.5,1182,739.5
11093712,2019,tfo,11,15,175.95,330.61,709.01,,175.95
11093712,2020,xc,12,13,,,739.3,1263,739.3
11093715,2017,tfo,12,13,,,,,14.63
11093717,2017,tfo,10,10,157.39,,,,13.65
11093718,2017,tfo,9,14,,,,,14.55
11093719,2017,tfo,10,1,,,,,19.15
11093720,2017,xc,9,11,,,831,1403.8,515.4
11093720,2017,tfo,9,10,,328.96,792.76,,328.96
11093720,2018,xc,10,11,,,795.1,1327,457.2
11093720,2018,tfo,10,11,,312.56,691.39,,312.56
11093720,2019,xc,11,12,,,730.4,1310.1,429.3
11093720,2019,tfo,11,13,,319.38,721.35,,319.38
11093720,2020,xc,12,14,,,720.2,1228.8,720.2
11093721,2017,tfo,9,7,,,,,15.59
11093722,2017,tfo,9,7,203.23,409.82,,,203.23
11093722,2018,tfo,10,7,188.09,377.4,,,188.09
11093723,2017,tfo,9,12,156.11,311.1,,,15.47
11093724,2017,tfo,9,10,,,,,13.03
11093724,2018,tfo,10,1,153.96,,,,153.96
11093724,2019,tfo,11,8,,,,,12.74
11093725,2017,tfo,9,13,,,,,14.55
11093727,2017,tfo,9,13,149.52,318.08,,,14.01
11093727,2018,xc,10,11,,,696,1230.2,383.5
11093727,2018,tfo,10,3,154.93,319.32,723.9,,154.93
11093727,2019,xc,11,7,,,766.9,1398.4,439.9
11093727,2020,xc,12,11,,,807.7,1346.3,807.7
11093728,2017,tfo,9,13,148.74,307.26,682.59,,148.74
11093728,2018,xc,10,10,,,667.7,1142,395.2
11093728,2018,tfo,10,9,129.87,280.5,634.49,,129.87
11093728,2019,xc,11,14,,,654,1077.7,374.5
11093728,2019,tfo,11,16,128.98,272.74,602.56,,128.98
11093728,2020,xc,12,13,,,596,1059.1,596
11093729,2017,tfo,11,11,,,,,12.21
11093730,2017,tfo,9,1,,369.42,,,369.42
11093730,2018,tfo,10,1,,,,,15.08
11093731,2017,tfo,9,2,,,,,15.26
11093733,2017,tfo,10,9,,,,,13.69
11093733,2018,tfo,11,13,,,,,13.08
11093734,2017,tfo,9,1,,,,,15.16
11093735,2017,tfo,9,11,,339.69,,,14.16
11093736,2017,tfo,10,13,154.23,317.92,,,154.23
11093736,2018,tfo,11,13,145.16,291.3,,,145.16
11093737,2017,tfo,9,9,,,,,13.17
11093738,2017,tfo,9,7,,,,,13.39
11093739,2017,tfo,9,3,,,,,13.71
11093739,2018,tfo,10,4,,,,,26.77
11093739,2019,tfo,11,2,,,,,26.46
11093740,2017,tfo,10,13,,,,,12.03
11093740,2018,tfo,11,15,,,,,12.03
11093741,2017,tfo,11,3,,,,,13.92
11093743,2017,tfo,9,7,,285.47,,,285.47
11093743,2018,xc,10,2,,,656.3,,656.3
11093744,2017,tfo,9,9,,,,,13.73
11093744,2018,tfo,10,8,,,,,12.85
11093744,2019,tfo,11,11,,,,,12.68
11093746,2017,tfo,9,1,,,,,16.37
11093748,2017,tfo,9,5,,,,,12.78
11093748,2018,tfo,10,4,,,,,12.42
11093750,2017,tfo,9,13,,380.78,,,14.23
11093750,2018,tfo,10,14,153.39,329.5,,,153.39
11093750,2019,tfo,11,12,158.02,337.27,,,158.02
11093753,2017,tfo,9,11,,,,,13.34
11093753,2018,tfo,10,6,,,,,13.27
11093754,2017,tfo,12,7,,,,,12.28
11093756,2017,tfo,9,9,136.12,288.98,656.18,,136.12
11093756,2018,tfo,10,6,131.82,288.65,622.17,,131.82
11093756,2019,tfo,11,8,129.81,,,,129.81
11093757,2017,tfo,9,2,,,,,13.8
11093757,2018,tfo,10,7,,,,,13.6
11093758,2017,tfo,9,1,,,,,16.87
11093759,2017,tfo,10,14,,,,,12.44
11093759,2018,tfo,11,11,,,,,11.9
11093759,2019,tfo,12,3,,,,,12.24
11093761,2017,tfo,11,11,,,,,12.67
11093763,2017,tfo,11,1,,,,,16.09
11093764,2018,tfo,10,1,,,,,15.53
11093766,2017,xc,9,12,,,816,1326,470.1
11093766,2017,tfo,9,2,,338.05,,,15.76
11093767,2017,tfo,10,7,,,,,12.92
11093768,2017,tfo,10,9,,343.4,,,13.78
11093768,2018,tfo,11,16,,346.56,,,12.9
11093768,2019,tfo,12,15,160.76,324.99,749.32,,12.96
11093770,2017,tfo,9,6,,,,,13.01
11093770,2018,tfo,10,11,132.24,,,,12.2
11093770,2019,xc,11,7,,,,1203.4,375
11093770,2019,tfo,11,9,134.97,,,,12.1
11093772,2017,tfo,11,6,,,,,12.86
11093772,2018,tfo,12,4,,,,,12.58
11093773,2017,tfo,10,5,,,,,14.73
11093774,2017,tfo,11,1,,,,,14.25
11093775,2017,tfo,9,9,,,,,13.29
11093775,2018,tfo,10,12,,,,,12.93
11093776,2017,tfo,10,3,,,,,14.26
11093777,2017,tfo,9,13,,,,,13.32
11093778,2017,tfo,9,13,144.64,286.21,654.44,,144.64
11093778,2018,xc,10,1,,,,1638.1,1638.1
11093778,2018,tfo,10,11,129.78,266.49,587.66,,129.78
11093778,2019,xc,11,14,,,619.3,1060.2,362.7
11093778,2019,tfo,11,12,129.42,268.4,598.05,,129.42
11093778,2020,xc,12,10,,,610,1047,610
11093779,2017,tfo,10,8,158.3,316.58,,,158.3
11093780,2017,tfo,10,12,,,,,13.19
11093781,2017,tfo,9,3,,,,,12.47
11093781,2018,tfo,10,3,,,,,12.42
11211716,2017,tfo,10,6,141.9,299.91,,,141.9
11241389,2016,tfo,12,1,,,,,15.64
11253593,2017,tfo,11,8,,,,,12.69
11253593,2018,tfo,12,3,142.84,,,,12.44
11461072,2018,xc,9,11,,,643,1073,387.4
11461072,2018,tfo,9,13,133.24,279.39,645.62,,109.58
11461072,2019,xc,10,14,,,655,1074.2,377.3
11461072,2019,tfo,10,12,133.82,282.73,,,133.82
11461072,2020,xc,11,12,,,650.2,1090.5,650.2
11461168,2022,tfo,11,14,157.074,327.396,739.848,,157.074
11461168,2023,xc,12,9,,,802.9,1298.4,802.9
11461168,2023,tfo,12,17,160.47,337.562,731.15,,160.47
11461393,2018,xc,9,12,,,731,1214,442.1
11461393,2018,tfo,9,4,,338.82,720.1,,338.82
11461393,2019,xc,10,13,,,708.9,1223.2,435.1
11461393,2019,tfo,10,20,146.86,299.79,682.82,,146.86
11461393,2020,xc,11,15,,,703.8,1177.4,703.8
11461393,2021,xc,12,12,,,677.2,1136,628
11461393,2021,tfo,12,23,137.11,287.92,644.62,,137.11
11461508,2022,tfo,11,22,,,,,12.88
11461508,2023,tfo,12,5,,,,,13.617
11569467,2020,xc,9,6,,,930.5,1626.4,930.5
11569467,2021,tfo,10,1,,,,,84.63
11569468,2020,xc,9,13,,,973.4,1568.1,973.4
11569468,2022,xc,11,7,,,,1399.4,1399.4
11569468,2022,tfo,11,14,177.686,360.926,774.148,,177.686
11569468,2023,xc,12,11,,,790.6,1348.2,790.6
11569468,2023,tfo,12,15,174.904,358.98,757.089,,174.904
11569490,2020,xc,11,13,,,928.1,1523,928.1
11569495,2023,tfo,12,21,,,,,12.986
11569497,2019,xc,9,13,,,717.3,1146,717.3
11569497,2019,tfo,9,15,140.26,289.7,637.58,,140.26
11569497,2020,xc,10,12,,,647.8,1095,647.8
11569497,2021,tfo,11,8,150.12,300.27,,,150.12
11569497,2022,xc,12,9,,,660.7,1101.3,660.7
11569497,2022,tfo,12,7,143.264,292.636,628.458,,27.287
11569503,2021,tfo,10,12,127.89,277.92,651.26,,127.89
11569503,2022,xc,11,9,,,665.5,1115.2,665.5
11569503,2022,tfo,11,9,124.866,264.825,,,124.866
11569503,2023,xc,12,9,,,609.9,1053.3,609.9
11569503,2023,tfo,12,13,119.158,255.944,567.5,,119.158
11569515,2018,xc,9,11,,,721,1310.9,449.7
11569515,2018,tfo,9,13,156.76,327.76,783.93,,156.76
11569515,2019,xc,10,13,,,758.9,1185.6,416.8
11569515,2019,tfo,10,17,141.85,290.85,644.82,,141.85
11569515,2020,xc,11,13,,,699,1154.5,699
11569515,2021,xc,12,9,,,661.5,1142,661.5
11569515,2021,tfo,12,17,132.98,274.13,629.18,,132.98
11569517,2022,tfo,11,5,,,,,12.1
11569517,2023,tfo,12,4,,,,,12.13
11592131,2024,tfo,10,3,132.147,,,,25.731
11592131,2025,tfo,11,3,125.301,,,,125.301
11592131,2026,tfo,12,6,,,,,12.212
11815222,2021,xc,9,7,,,818.2,1433,746
11815222,2021,tfo,9,15,174.06,352.47,811.1,,174.06
11815225,2024,tfo,12,15,,,,,14.04
11815228,2020,xc,9,9,,,818.6,1399.5,818.6
11815228,2021,tfo,10,9,,,,,14.24
11815228,2022,tfo,11,7,,,,,13.589
11815228,2023,tfo,12,1,,,,,30.1
11815229,2021,tfo,10,13,,,,,12.12
11815229,2022,tfo,11,15,,,,,12.477
11815231,2021,xc,9,9,,,631,1068.6,604
11815231,2021,tfo,9,13,,286.59,613.22,,286.59
11815231,2022,xc,10,10,,,615.3,1041.1,615.3
11815231,2022,tfo,10,7,,272.6,583.749,,272.6
11815231,2023,xc,11,11,,,589,1003.3,589
11815231,2023,tfo,11,10,,259.417,557.092,,259.417
11815231,2024,xc,12,7,,,567.4,971,567.4
11815231,2024,tfo,12,9,,257.039,556.154,,257.039
11815241,2021,xc,9,8,,,764.2,1301.2,764.2
11815241,2021,tfo,9,8,,,,,13.22
11815241,2022,xc,10,8,,,,1163.1,1163.1
11815241,2022,tfo,10,4,,294.909,,,25.356
11815241,2023,xc,11,8,,,700,1148.1,700
11815241,2023,tfo,11,2,,290.57,,,290.57
11815241,2024,xc,12,6,,,680.5,1112.4,680.5
11815241,2024,tfo,12,2,,,,,12.596
12149215,2014,tfo,12,6,,,,,12.45
12174450,2018,xc,9,10,,,967,1564.5,503.6
12174450,2019,xc,10,13,,,966.8,1566,520.9
12174450,2020,xc,11,13,,,926.3,1464.5,926.3
12174457,2018,xc,9,10,,,1131.8,1845,615.1
12174457,2019,xc,10,11,,,1144.4,1730,585
12174457,2020,xc,11,11,,,913,1573.4,913
12174462,2018,xc,11,7,,,857.9,1436.5,527.5
12174462,2018,tfo,11,7,176.15,357.35,,,176.15
12174462,2019,xc,12,7,,,,1398.6,505.2
12174465,2018,xc,9,8,,,1365,2370,813.4
12174474,2018,xc,9,9,,,759,1220,759
12174476,2018,xc,10,12,,,698,1204,409.2
12174476,2018,tfo,10,16,147.74,,,,12.87
12174476,2019,xc,11,12,,,656.5,1084.6,374
12174476,2019,tfo,11,11,141.4,292.76,650.88,,141.4
12174476,2020,xc,12,13,,,619.2,1071.8,619.2
12195627,2018,xc,12,7,,,1070.3,1871.1,645
12233349,2018,xc,11,7,,,702,1116,702
12233349,2018,tfo,11,9,,,,,12.91
12258213,2018,xc,9,8,,,,1656,603.7
12258213,2018,tfo,9,12,173.48,350.08,,,134.12
12258213,2019,xc,10,11,,,804.6,1317.6,433
12258213,2020,xc,11,6,,,825.1,1329.6,825.1
12258214,2018,xc,9,7,,,,1285,441.5
12258214,2018,tfo,9,13,,,,,13.95
12258214,2019,xc,10,12,,,738.3,1259.6,403.7
12258214,2019,tfo,10,13,145.72,291.08,,,145.72
12258214,2020,xc,11,13,,,663.1,1136,663.1
12258214,2021,xc,12,5,,,775,1171.8,765.6
12258214,2021,tfo,12,11,139.33,289.58,,,139.33
12307368,2018,xc,9,9,,,780,1262.8,436.1
12307368,2019,xc,10,11,,,777.8,1192.9,395.4
12307368,2019,tfo,10,15,146.94,308.21,714.07,,146.94
12307368,2020,xc,11,13,,,664.5,1080.1,664.5
12307368,2021,xc,12,8,,,610.3,1051.8,593
12307368,2021,tfo,12,15,128.77,264.43,609.52,,128.77
12400253,2020,xc,9,12,,,810,1353.1,810
12400253,2021,xc,10,5,,,770.8,1668.8,770.8
12400262,2020,xc,9,10,,,822,1279.4,822
12400263,2019,xc,9,11,,,715,1221.9,428.1
12400263,2019,tfo,9,13,154.57,305.69,673.35,,154.57
12400263,2020,xc,10,13,,,675.5,1147,675.5
12400267,2019,xc,9,14,,,717.5,1160.5,403
12400267,2019,tfo,9,14,149.06,295.39,631.98,,149.06
12400269,2019,xc,9,4,,,777.8,1455,777.8
12400279,2020,xc,9,7,,,788.8,1368,788.8
12400281,2020,xc,9,11,,,928,1578.8,928
12400283,2020,xc,9,12,,,754,1180.7,754
12400283,2022,xc,11,8,,,681.4,1074.8,681.4
12400283,2022,tfo,11,10,144.186,273.35,567.678,,144.186
12400283,2023,xc,12,9,,,,983.7,983.7
12400283,2023,tfo,12,10,142.196,270.499,569.075,,142.196
12400288,2020,xc,9,9,,,772.5,1248.5,772.5
12400288,2021,tfo,10,2,,348.97,785.14,,348.97
12807385,2018,xc,9,11,,,637,1057,376.8
12807385,2018,tfo,9,13,135.94,266.95,560.19,,135.94
12807385,2019,xc,10,15,,,588.9,996.8,342.9
12807385,2019,tfo,10,16,,251.79,534.7,978.65,251.79
12807385,2020,xc,11,13,,,556.4,946.3,556.4
12807385,2020,tfo,11,1,,,538.7,,538.7
12807385,2021,xc,12,9,,,537.2,935,537.2
12807385,2021,tfo,12,12,127.41,248.29,532.42,,127.41
12807431,2018,xc,9,10,,,723.4,1280.9,451
12807431,2018,tfo,9,16,154.94,307.25,671.05,,113.55
12807431,2019,xc,10,13,,,709.7,1243.8,436.1
12807431,2019,tfo,10,15,167.37,323.47,708.82,,167.37
12807431,2020,xc,11,14,,,709.9,1215.6,709.9
12807431,2020,tfo,11,1,,,690.1,,690.1
12922327,2021,xc,9,9,,,733.7,1288.1,733.7
12922327,2021,tfo,9,5,,,,,27.36
12922327,2022,xc,10,1,,,761.2,,761.2
12922327,2022,tfo,10,7,,,,,27.82
12922327,2023,tfo,11,10,155.104,,,,26.575
12922327,2024,tfo,12,9,149.461,,,,25.929
12922689,2021,tfo,9,15,137.83,303.65,728.84,,137.83
12922689,2022,tfo,10,5,,,,,12.61
12922689,2023,tfo,11,2,,,,,23.83
12922689,2024,tfo,12,8,,,,,11.16
12922710,2023,tfo,11,1,,,,,12.86
12922722,2022,tfo,10,1,,,,,13.716
12942431,2018,tfo,9,15,,,,,14.4
12942431,2020,xc,11,12,,,720,1205.4,720
12942435,2018,tfo,9,2,,,,,14.37
12942435,2019,tfo,10,1,,,,,14.81
12942437,2017,xc,10,10,,,797,1475.8,512.5
12942437,2018,xc,11,11,,,867,1448,504.1
12942437,2019,xc,12,10,,,977.1,1545.3,542.3
12942438,2018,tfo,9,7,,,,,14.93
12942439,2018,tfo,9,13,,,,,15.59
12942441,2018,tfo,9,7,,,,,30.55
12942445,2018,tfo,12,8,,357.44,,,250.73
12942446,2018,tfo,9,14,,,,,14.58
12942448,2018,tfo,9,13,,,,,14.87
12942448,2019,tfo,10,10,,,,,14.34
12942449,2018,tfo,12,5,,,,,30.23
12942449,2019,tfo,13,1,,,,,37.98
12942450,2019,tfo,10,1,,,,,31.4
12942452,2018,tfo,11,1,,,,,25.39
12942452,2019,tfo,12,1,,,,,20.59
12942454,2018,tfo,9,1,,,,,16.38
12942456,2018,tfo,9,4,,,,,18.58
12942456,2019,tfo,10,5,,,,,18.11
12942457,2018,tfo,9,14,,,,,14.62
12942457,2019,tfo,10,9,,401.39,,,16.52
12942458,2018,tfo,9,13,168.37,340.92,707.28,,168.37
12942458,2019,xc,10,13,,,765.1,1281.5,445.5
12942458,2019,tfo,10,14,169.64,332.1,716.85,,169.64
12942458,2020,xc,11,13,,,766.6,1215.9,766.6
12942458,2021,xc,12,8,,,739.8,1228.4,709
12942458,2021,tfo,12,12,168.49,327.62,739.42,,168.49
12942459,2018,tfo,7,3,,,,,19.9
12942459,2023,tfo,12,5,,,,,19.046
12942463,2018,tfo,9,2,,,,,16.03
12942465,2018,tfo,12,9,206.46,,,,18.6
12942467,2018,tfo,9,9,,,,,14.27
12942467,2019,tfo,10,20,,,,,13.41
12942467,2021,tfo,12,6,,,,,14.01
12942468,2018,tfo,9,16,,,,,15.52
12942468,2019,tfo,10,13,,,,,14.72
12942469,2018,tfo,11,8,184.05,447.91,,,184.05
12942470,2018,tfo,9,15,,,,,14.17
12942470,2019,tfo,10,1,,,,,16.84
12942471,2018,tfo,9,4,,,,,15.49
12942472,2018,tfo,9,4,154.67,336.98,,,13.82
12942472,2019,tfo,10,3,,,,,13.66
12942473,2018,tfo,11,3,,,,,19.54
12942473,2019,tfo,12,5,,,,,20.95
12942474,2018,tfo,11,7,,,,,12.73
12942476,2018,tfo,10,9,171.38,,,,13.75
12942477,2018,tfo,9,7,,,,,45.22
12942479,2018,tfo,11,3,,,,,21.11
12942479,2019,tfo,12,5,,,,,31.75
12942481,2018,tfo,9,4,,,,,13.53
12942482,2018,tfo,9,3,,278.3,,,278.3
12942482,2019,tfo,10,1,,300.19,,,300.19
12942482,2021,tfo,12,1,,297.44,,,297.44
12942484,2018,tfo,9,3,,,,,17.52
12942484,2019,tfo,10,3,,,,,16
12942485,2018,tfo,11,4,,,,,15.46
12942487,2018,tfo,9,7,,,,,13.9
12942488,2018,tfo,9,16,142.08,,,,12.83
12942489,2018,tfo,9,10,,,,,13.29
12942489,2019,tfo,10,12,,,,,12.57
12942490,2018,tfo,9,16,,,,,12.42
12942490,2019,tfo,10,16,,,,,12.24
12942494,2018,tfo,9,9,,,,,12.94
12942494,2019,tfo,10,7,,,,,12.39
12942494,2021,tfo,12,8,,,,,12.87
12942496,2018,tfo,9,15,146.95,,,,13.13
12942496,2019,tfo,10,10,140.61,307,,,140.61
12942497,2018,tfo,9,10,,,,,13.51
12942497,2019,tfo,10,12,,,,,12.63
12942498,2018,tfo,9,4,,,,,15.36
12942498,2019,tfo,10,5,,,,,15.82
12942500,2018,tfo,11,16,,,,,11.92
12942500,2019,tfo,12,1,142.54,,,,142.54
12942501,2018,tfo,12,5,,,,,14.04
12942502,2018,tfo,10,2,,,,,15.11
12942504,2018,tfo,9,13,,,,,12.63
12942506,2018,tfo,12,5,,,,,32.01
12942506,2019,tfo,13,3,,,,,34.53
12942508,2018,tfo,9,12,,,,,13.34
12942508,2019,tfo,10,3,,,,,12.95
12942509,2018,tfo,10,15,133.15,275.95,640.01,,103.66
12942509,2019,tfo,11,10,139.14,283.44,657.13,,139.14
12942510,2018,tfo,11,13,,,,,12.77
12942510,2019,xc,12,12,,,759.1,1186.7,417.5
12942510,2019,tfo,12,6,133.64,,,,26.16
12942511,2018,tfo,11,11,138.27,,,,12.06
12942512,2018,tfo,10,13,133.61,285.9,678.21,,104.56
12942512,2019,tfo,11,8,132.58,285.59,,,132.58
12942513,2018,tfo,9,12,,,,,12.53
12942513,2019,tfo,10,4,,,,,12.53
12942514,2018,tfo,9,4,,,,,12.41
12942514,2019,tfo,10,19,,,,,11.61
12942516,2018,tfo,9,9,,,,,14.53
12942516,2019,tfo,10,9,,,,,12.94
12942517,2018,tfo,11,4,,,,,20.64
12942517,2019,tfo,12,5,,,,,15.98
12942518,2018,tfo,9,13,127.81,264.29,627.99,,102.31
12942518,2019,xc,10,8,,,,1105.7,395
12942518,2019,tfo,10,19,134.4,267.18,,,134.4
12942518,2020,xc,11,12,,,648,1076.2,648
12942518,2021,xc,12,5,,,658.8,1104.5,658.8
12942518,2021,tfo,12,12,127.64,272.77,626.49,,127.64
12942519,2018,tfo,9,16,,,,,13.6
12942519,2019,tfo,10,9,,,,,12.61
12942520,2018,tfo,9,8,,,,,13.4
12942520,2019,tfo,10,9,,,,,12.82
12942521,2018,tfo,9,10,148.28,306.59,692.63,,148.28
12942523,2018,tfo,9,6,,,,,14.44
12942523,2019,tfo,10,2,,,,,12.94
12942523,2021,tfo,12,6,,,,,12.81
12942525,2018,tfo,9,13,,,,,26.06
12942525,2019,tfo,10,8,,,,,26.05
12942526,2018,tfo,9,12,,,,,14.94
12942526,2019,tfo,10,6,,,,,14.39
12942527,2018,tfo,12,6,,,,,14.74
13046784,2022,tfo,10,9,,,,,12.368
13046784,2024,tfo,12,9,,,,,11.88
13235098,2024,tfo,12,4,148.265,324.119,,,61.229
13235556,2019,xc,9,8,,,977.9,1397,471
13235556,2020,xc,10,8,,,987.4,1534.4,987.4
13260088,2021,tfo,9,9,,,,,12.73
13260088,2022,tfo,10,7,,,,,12.477
13260088,2023,tfo,11,6,,,,,12.377
13260088,2024,tfo,12,7,,,,,12.026
13260096,2022,tfo,10,13,135.013,280.063,,,52.667
13260096,2023,tfo,11,18,123.967,,,,22.696
13260096,2024,tfo,12,8,130.546,,,,22.703
13260101,2022,tfo,10,5,,,,,12.49
13260101,2023,tfo,11,3,,,,,12.035
13260101,2024,tfo,12,2,,,,,11.67
13260104,2023,tfo,12,7,,,,,60.404
13260112,2020,xc,9,12,,,711.8,1162.1,711.8
13260112,2021,xc,10,8,,,699,1187.2,699
13260112,2021,tfo,10,4,,309.75,670.09,,309.75
13260112,2022,xc,11,8,,,,1152.9,1152.9
13260112,2023,xc,12,8,,,,1070.5,1070.5
13260160,2022,tfo,10,4,,,,,14.332
13260160,2023,tfo,11,4,,,,,14.164
13260164,2021,tfo,10,2,,,,,14.75
13260164,2023,tfo,12,1,,,,,64.081
13271192,2021,tfo,11,7,142.23,281.46,655.66,,142.23
13498071,2026,tfo,10,13,,,,,13.117
13937475,2019,xc,10,11,,,897.6,1506.3,519.9
13937475,2020,xc,11,12,,,852.1,1452.7,852.1
13937479,2019,xc,9,11,,,913.4,1421.5,509
13937479,2019,tfo,9,10,174.9,332.78,794.57,,174.9
13937479,2020,xc,10,10,,,810.9,1451.1,810.9
13937488,2019,xc,9,13,,,753.9,1189.4,416
13937488,2020,xc,10,13,,,712,1172.7,712
13937488,2021,xc,11,8,,,656,1125.4,606
13937488,2021,tfo,11,11,141.09,287.75,644.38,,141.09
13937488,2022,xc,12,9,,,636,999.4,636
13937488,2022,tfo,12,13,135.391,259.012,551.24,,135.391
13937489,2019,xc,9,12,,,725.4,1154.2,385
13937489,2020,xc,10,13,,,687.9,1088.4,687.9
13937492,2019,xc,9,3,,,895.1,1577.8,895.1
13937493,2019,xc,9,12,,,708.9,1170.2,389.7
13937493,2019,tfo,9,13,148.88,295.76,648.68,,148.88
13937493,2020,xc,10,13,,,647.6,1103.6,647.6
13937493,2021,xc,11,9,,,607.8,1045.9,607.8
13937493,2021,tfo,11,9,122.56,256.17,562.67,,122.56
13937493,2022,xc,12,10,,,577.9,1006.5,577.9
13937493,2022,tfo,12,12,120.45,256.47,,,120.45
13937494,2019,xc,9,11,,,927.8,1557.9,521
13937494,2020,xc,10,10,,,895.1,1439.2,895.1
13937494,2021,xc,11,4,,,1113.4,1750.3,1113.4
13943295,2019,xc,11,8,,,955.9,1575,533.5
13960308,2019,xc,9,6,,,,1509.4,1509.4
13960308,2020,xc,10,5,,,,1386.9,1386.9
13960313,2019,xc,10,1,,,1019.9,,1019.9
14047973,2019,xc,9,7,,,,1606,539.8
14047973,2020,xc,10,8,,,1006.6,1582.8,1006.6
14103886,2019,xc,9,6,,,,1563.9,1563.9
14103886,2019,tfo,9,6,169.53,,,,169.53
14103886,2020,xc,10,7,,,,1402,1402
14103891,2019,xc,12,5,,,,1241.4,1241.4
14103891,2019,tfo,12,8,148.08,312.57,,,28.39
14137404,2019,xc,9,7,,,,1698.6,590
14137404,2020,xc,10,9,,,1159.8,1658.7,769
14185105,2022,tfo,9,13,174.969,349.731,,,70.648
14185115,2021,xc,9,9,,,687,1166.8,687
14185115,2022,xc,10,10,,,675.3,1122.5,675.3
14185115,2022,tfo,10,13,147.288,290.73,623.303,,147.288
14185115,2023,xc,11,11,,,634.8,1049.5,634.8
14185115,2023,tfo,11,18,137.16,269.783,592.94,1032.488,137.16
14185115,2024,xc,12,10,,,601.1,989.3,601.1
14185115,2024,tfo,12,13,129.914,259.677,553.918,,129.914
14185121,2020,xc,9,11,,,758.3,1237.1,758.3
14185126,2024,tfo,11,1,175.617,,,,175.617
14185126,2025,tfo,12,3,195.544,,,,30.311
14185128,2022,xc,10,8,,,,1342.3,1342.3
14185128,2022,tfo,10,2,,,,,16.501
14185128,2023,xc,11,8,,,803.1,1333.3,803.1
14579020,2019,tfo,11,12,,,,,16.54
14579020,2020,xc,12,8,,,1065.5,1781.6,756.5
14579021,2019,tfo,9,8,,,,,15.05
14579022,2019,tfo,9,8,,,,,15.56
14579025,2019,tfo,9,17,153.54,308.72,664.73,,153.54
14579025,2020,xc,10,7,,,,1169.4,1169.4
14579025,2021,xc,11,4,,,718.6,1232,718.6
14579025,2021,tfo,11,12,145.36,309.68,669.98,,145.36
14579025,2022,xc,12,1,,,,1338.6,1338.6
14579025,2022,tfo,12,1,159.579,,,,159.579
14579026,2019,tfo,9,3,,,,,14.91
14579028,2019,tfo,9,4,,,,,14.14
14579028,2020,tfo,10,1,,,,,14.65
14579028,2021,tfo,11,3,,,,,14.08
14579028,2022,tfo,12,13,,,,,13.335
14579030,2019,tfo,10,3,,,,,15.33
14579031,2019,tfo,9,15,,,,,13.63
14579031,2021,tfo,11,17,,,,,13.31
14579031,2022,tfo,12,14,,,,,13.062
14579033,2019,tfo,9,7,,,,,15.62
14579035,2019,tfo,11,1,,,,,15.97
14579037,2019,tfo,12,6,,,,,15.91
14579040,2019,tfo,9,13,,,,,13.77
14579040,2021,tfo,11,13,,,,,13.75
14579041,2019,tfo,9,6,,,,,14.34
14579042,2019,tfo,9,1,,,,,15.67
14579042,2021,tfo,11,1,,,,,34.4
14579044,2019,tfo,9,11,,,,,14.39
14579046,2019,tfo,10,1,,,,,16.51
14579046,2021,tfo,12,1,,,,,17.3
14579048,2019,tfo,10,11,152.63,342.22,739.28,,152.63
14579049,2019,tfo,10,15,145.9,338.6,738.81,,145.9
14579050,2019,tfo,9,15,,,,,13.51
14579051,2019,tfo,9,10,163.4,361.78,,,163.4
14579052,2019,xc,9,7,,,978.2,1492,978.2
14579052,2019,tfo,9,6,,,,,14.24
14579052,2020,xc,10,9,,,986.4,1585,986.4
14579056,2019,tfo,9,14,,,,,12.44
14579058,2019,tfo,10,2,,,,,15.03
14579059,2019,tfo,10,10,143.35,281.29,,,143.35
14579060,2019,tfo,10,8,,,,,12.77
14579061,2021,tfo,11,6,,,,,12.52
14579063,2019,tfo,9,26,,,,,11.7
14579063,2021,tfo,11,19,,,,,11.45
14579063,2022,tfo,12,4,,,,,11.554
14579064,2019,tfo,11,8,149.47,317.51,731.27,,149.47
14579065,2019,tfo,9,6,,,,,12.5
14579065,2021,tfo,11,2,,,,,11.89
14579066,2019,tfo,10,6,160.08,338.04,,,160.08
14579067,2019,tfo,10,11,,,,,13.31
14579070,2019,tfo,9,10,153.51,317.15,734.89,,153.51
14579071,2019,tfo,9,7,,,,,13.64
14579071,2021,tfo,11,8,,,,,13.41
14579071,2022,tfo,12,3,,,,,13.07
14579072,2019,tfo,10,12,153.62,314.11,706.57,,153.62
14579072,2021,tfo,12,1,,311.41,,,311.41
14579075,2019,tfo,9,11,,,,,14.36
14579079,2019,tfo,10,7,,,,,13.55
14579081,2019,tfo,10,6,142.7,,,,142.7
14579081,2021,tfo,12,2,148.38,,,,148.38
14579082,2019,tfo,9,1,197.16,,,,197.16
14579082,2020,xc,10,12,,,879.6,1390.9,879.6
14579082,2022,tfo,12,1,,392.398,,,392.398
14579083,2019,tfo,9,17,,,,,13.04
14579085,2019,tfo,9,3,,,,,13.94
14579085,2021,tfo,11,6,,,,,12.72
14579085,2022,tfo,12,3,,,,,12.41
14636746,2019,tfo,12,9,,,,,12.37
14636750,2019,tfo,10,5,,,,,12.85
14636786,2019,tfo,9,5,,,,,15.06
14636788,2019,tfo,9,4,,,,,21.83
14636789,2019,tfo,12,4,,,,,24.04
14636790,2019,tfo,9,5,,,,,17.86
14763392,2019,tfo,9,9,,,,,14.33
15079373,2021,tfo,9,10,148.96,,,,12.58
15079477,2021,tfo,9,19,,,,,14.41
15079477,2022,tfo,10,11,,,,,14.166
15079477,2023,tfo,11,8,,,,,14.121
15079477,2024,tfo,12,4,,,,,14.035
15079507,2020,xc,9,13,,,879.5,1386.1,879.5
15079507,2022,xc,11,9,,,842.7,1367.6,842.7
15079507,2022,tfo,11,11,185.573,376.31,801.245,,185.573
15079507,2023,xc,12,10,,,787.1,1321.1,787.1
15079507,2023,tfo,12,15,186.3,361.39,772.55,,186.3
15085615,2021,tfo,9,4,,,,,15.08
15085615,2022,tfo,10,3,,,,,14.152
15085615,2023,tfo,11,6,162.33,,,,14.252
15085615,2024,tfo,12,8,171.859,,,,14.148
15085616,2021,tfo,9,2,,,,,29.22
15085616,2022,tfo,10,4,,,,,9.03
15085616,2023,tfo,11,4,,,,,28.62
15085616,2024,tfo,12,4,,,,,27.723
15085618,2023,xc,10,8,,,920.2,1441.9,920.2
15085626,2020,xc,9,13,,,823.2,1258.7,823.2
15085626,2021,tfo,10,5,153.13,,,,153.13
15085626,2022,xc,11,6,,,786,1292.5,786
15085626,2022,tfo,11,8,155.654,,,,155.654
15085644,2021,tfo,10,4,,,,,12.08
15085644,2022,tfo,11,3,,,,,12.365
15085654,2021,tfo,9,6,,,,,13.54
15090579,2019,tfo,10,1,,,,,40.49
15090625,2021,tfo,9,14,,,,,14.77
15090625,2022,tfo,10,13,,,,,14.27
15090625,2023,tfo,11,4,,,,,14.49
15115810,2024,xc,9,4,,,,1774.4,1774.4
15115810,2025,xc,10,3,,,,1810.9,1810.9
15115810,2025,tfo,10,2,,,,,15.536
15115875,2026,tfo,10,1,,,,,12.266
15206153,2021,xc,11,5,,,,1080.1,1080.1
15206153,2021,tfo,11,15,149.9,290.5,617.43,,149.9
15206153,2022,xc,12,11,,,651.9,1039.5,651.9
15206153,2022,tfo,12,17,143.01,287.54,625.3,,143.01
15495144,2019,tfo,11,1,,,,,14.9
15731130,2020,xc,9,10,,,800.9,1348.1,800.9
15731130,2021,xc,10,6,,,751.5,1328.3,751.5
15731130,2022,xc,11,6,,,,1243.6,1243.6
15731144,2020,xc,9,14,,,822,1195.9,822
15731144,2022,xc,11,1,,,785,,785
15751210,2020,xc,9,13,,,732.5,1179.7,732.5
15751210,2021,xc,10,3,,,673.6,1181.3,673.6
15760777,2020,xc,9,8,,,968.5,1476.4,968.5
15779487,2020,xc,11,9,,,949.2,1576.2,949.2
15791687,2020,xc,9,11,,,671.4,1120.1,671.4
15865704,2016,xc,9,10,,,681.9,1137.9,681.9
15865704,2016,tfo,9,15,148.55,286.49,631.82,,113.2
15865704,2017,xc,10,11,,,603,1027.2,367
15865704,2017,tfo,10,14,,256.47,581.5,1005.42,256.47
15865704,2018,xc,11,14,,,556.8,954.5,327.4
15865704,2018,tfo,11,19,129.59,240.58,520.63,,129.59
15865704,2019,xc,12,15,,,570.1,959,328.5
15865704,2019,tfo,12,20,124.38,246.78,525.12,,124.38
15967495,2020,xc,12,1,,,1134.6,,1134.6
16012289,2023,xc,9,7,,,641.7,1095.1,641.7
16012289,2023,tfo,9,5,,295.602,625.631,,295.602
16012289,2024,xc,10,9,,,636.1,1014.8,636.1
16012289,2024,tfo,10,3,,265.735,,,265.735
16012289,2025,xc,11,10,,,567.19,979.69,567.19
16012289,2025,tfo,11,6,,255.002,585,,255.002
16012289,2026,xc,12,9,,,,922,581.01
16012289,2026,tfo,12,2,,262.345,,,262.345
16012311,2023,xc,9,7,,,924.1,1540.9,924.1
16012311,2024,xc,10,7,,,,1475.2,1475.2
16012336,2021,xc,9,9,,,736.2,1216.4,713
16012336,2022,xc,10,8,,,770.9,1163.1,770.9
16012343,2021,xc,9,8,,,747.3,1257.9,708
16012343,2021,tfo,9,16,148.16,298.59,725.69,,148.16
16012343,2022,tfo,10,12,134.89,293.701,659.285,,134.89
16012343,2023,tfo,11,12,134.946,292.49,,,134.946
16012343,2024,tfo,12,6,132.045,,,,132.045
16012411,2023,xc,9,5,,,744.9,1237.3,744.9
16012411,2023,tfo,9,17,152.063,315.28,686.292,1296.73,152.063
16012411,2025,tfo,11,1,,357.837,,,357.837
16097471,2020,xc,10,2,,,,1167.9,1167.9
16097471,2021,tfo,11,13,,,,,11.78
16097471,2022,tfo,12,10,,,,,11.53
16565198,2021,tfo,10,10,,,,,13.23
16565212,2022,tfo,11,17,,,,,14.878
16565212,2023,tfo,12,16,,,,,14.846
16565215,2020,tfo,9,1,,,,,32.74
16565215,2021,tfo,10,18,,,,,13.83
16565215,2022,tfo,11,11,,,,,13.788
16565215,2023,tfo,12,5,,,,,13.925
16565216,2021,xc,10,6,,,655.7,1129.6,645
16565216,2021,tfo,10,4,,310.61,743.63,,310.61
16565216,2022,tfo,11,2,147.223,309.089,,,147.223
16565226,2021,tfo,10,8,,,,,12.12
16565226,2022,tfo,11,15,,,,,11.416
16565226,2023,tfo,12,9,,,,,11.492
16565231,2022,tfo,11,1,,480.771,,,480.771
16565278,2021,tfo,11,14,,,,,13.34
16565343,2020,tfo,9,1,,,,,14.42
16565343,2021,tfo,10,8,,,,,14.75
16565343,2022,tfo,11,5,,,,,15.798
16565364,2021,tfo,10,5,,,,,14.73
16565364,2022,tfo,11,1,,,,,14.401
16685117,2024,xc,9,6,,,,1372.6,1372.6
16685117,2024,tfo,9,12,,,,,12.389
16685117,2025,xc,10,5,,,877.1,1332.8,877.1
16685117,2025,tfo,10,6,,,,,11.991
16685117,2026,xc,11,7,,,847.1,1348.28,831.42
16685117,2026,tfo,11,3,,,,,12.324
16685117,2027,xc,12,3,,,781.23,1287.91,781.23
17096982,2019,xc,9,14,,,652.3,1079.4,375.8
17096982,2019,tfo,9,13,137.54,278.74,590.97,1048.74,137.54
17096982,2020,xc,10,13,,,594.3,1035.5,594.3
17096982,2020,tfo,10,1,,,596.4,,596.4
17096982,2021,xc,11,10,,,599.6,1006.1,584
17096982,2021,tfo,11,11,137.27,263.84,564.15,,137.27
17096982,2022,xc,12,10,,,573.5,959.9,573.5
17096982,2022,tfo,12,8,128.818,265.98,554.129,,128.818
17102032,2021,xc,11,5,,,,1176,1176
17102032,2021,tfo,11,17,149.12,303.07,673.85,,149.12
17102032,2022,xc,12,11,,,683.8,1127.7,683.8
17102032,2022,tfo,12,10,146.46,294.62,679.283,,146.46
17103009,2021,xc,11,9,,,687.8,1198.6,637
17103009,2021,tfo,11,17,152.63,302.63,668.19,,152.63
17103009,2022,xc,12,10,,,661.9,1176.4,661.9
17103009,2022,tfo,12,7,151.798,322.473,,,151.798
17198852,2020,tfo,9,1,,,,,15.79
17198852,2021,tfo,10,3,,,,,15.54
17366085,2021,tfo,9,12,159.9,,,,15.32
17366085,2022,tfo,10,7,162.443,,,,15.534
17366092,2021,tfo,9,6,,,,,15.16
17366092,2022,tfo,10,9,,,,,14.733
17366092,2023,tfo,11,2,,,,,15.523
17366097,2021,tfo,9,14,,,,,14.19
17366105,2021,xc,9,6,,,853.6,1542.4,803
17366105,2021,tfo,9,17,177,372.58,911.99,,177
17366105,2022,xc,10,9,,,822.9,1450.1,822.9
17366105,2022,tfo,10,16,185.702,374.394,862.647,,185.702
17366105,2023,xc,11,8,,,946.2,1594.4,946.2
17366105,2023,tfo,11,18,195.25,390.234,,,195.25
17366105,2024,xc,12,6,,,,1500.9,1500.9
17366105,2024,tfo,12,8,189.14,382.827,,,189.14
17366163,2021,tfo,11,13,135.78,278.48,649.71,,14.03
17366197,2021,tfo,9,7,,,,,14.76
17366197,2022,xc,10,6,,,,1278.6,1278.6
17366211,2021,tfo,9,7,,,,,14.13
17366211,2022,tfo,10,1,,405.87,,,405.87
17366211,2024,tfo,12,3,,,,,13.743
17481352,2025,tfo,11,1,,,,,12.19
17481352,2026,tfo,12,3,,,,,12.471
17481364,2024,xc,10,8,,,909.4,1299.7,909.4
17481412,2023,xc,9,6,,,,1248.4,1248.4
17481428,2023,xc,9,5,,,797.4,1416.2,797.4
17481428,2023,tfo,9,15,162.15,346.702,829.6,,162.15
17481428,2024,xc,10,6,,,779.6,1356.702,779.6
17481428,2024,tfo,10,16,160.96,322.877,731.732,,160.96
17481428,2025,xc,11,6,,,774.05,1337.1,774.05
17481428,2025,tfo,11,10,161.689,336.36,760.79,,161.689
17481428,2026,xc,12,3,,,777.03,1370,777.03
17481433,2024,xc,9,7,,,1077.5,1521.1,1077.5
17481433,2025,xc,10,7,,,939.38,1412.2,939.38
17481433,2026,xc,11,10,,,826.49,1413.12,826.49
17481433,2026,tfo,11,10,185.565,387.633,,,185.565
17481433,2027,xc,12,5,,,849.45,1389.61,849.45
17481438,2024,xc,9,8,,,1148.2,1665.6,1148.2
17481438,2025,xc,10,6,,,1054.87,1613,1054.87
17481438,2026,xc,11,7,,,918.46,1548.01,918.46
17481438,2027,xc,12,5,,,984.74,1608.624,984.74
17481444,2025,tfo,10,8,,,,,31.387
17481444,2026,tfo,11,8,,351.459,,,70.697
17586188,2023,tfo,8,2,,280.55,,,280.55
17586188,2024,xc,9,10,,,593.6,979.8,593.6
17586188,2024,tfo,9,12,,263.486,551.483,,263.486
17586188,2025,xc,10,10,,,565.65,943.3,565.65
17586188,2025,tfo,10,11,,253.164,534.617,,253.164
17586188,2026,xc,11,11,,,551.64,911.9,551.64
17586188,2026,tfo,11,11,,245.355,522.134,,245.355
17586188,2027,xc,12,3,,,,931.9,931.9
17642449,2021,xc,9,2,,,967.2,2092,967.2
17642449,2022,tfo,10,4,,,,,17.27
18053104,2021,tfo,11,11,,,,,13.61
18053104,2022,tfo,12,10,,,,,13.872
18053105,2021,tfo,9,9,,,,,16.51
18053106,2022,tfo,10,11,,,,,12.671
18053106,2023,tfo,11,9,,,,,12.818
18053106,2024,tfo,12,8,,,,,12.7
18053110,2021,tfo,10,13,,,,,15.28
18053112,2022,tfo,12,6,,,,,12.44
18053115,2021,tfo,10,8,,,,,12.35
18053115,2022,tfo,11,11,,,,,12.11
18053115,2023,tfo,12,6,,,,,12.08
18064557,2021,tfo,10,12,164.3,326.32,,,13.36
18122764,2024,tfo,9,4,,,,,14.562
18122764,2025,tfo,10,5,,,,,14.14
18122764,2026,tfo,11,2,,,,,14.044
18122775,2022,tfo,9,6,,324.87,,,324.87
18122775,2023,tfo,10,11,152.005,315.005,,,152.005
18122783,2024,tfo,9,16,,,,,12.493
18122783,2025,tfo,10,11,,,,,12.308
18122784,2024,tfo,9,7,142.94,,,,142.94
18122784,2025,tfo,10,5,147.72,302.738,670.728,,147.72
18122785,2024,tfo,9,10,149.02,281.115,,,149.02
18122785,2025,xc,10,7,,,691.21,1028.6,691.21
18122785,2025,tfo,10,2,,281.183,,,281.183
18122785,2026,xc,11,9,,,628.23,1040,628.23
18122785,2026,tfo,11,3,,,,,11.942
18122785,2027,xc,12,1,,,,1249.366,1249.366
18122796,2025,tfo,10,1,,,,,12.76
18122796,2026,tfo,11,1,,,,,13.008
18122803,2025,tfo,10,5,,,,,12.778
18122803,2026,tfo,11,2,,,,,13.142
18122804,2024,tfo,9,14,,,,,12.478
18122820,2023,xc,9,7,,,806.8,1411.4,806.8
18122820,2024,xc,10,5,,,826.7,1352.292,826.7
18122820,2025,xc,11,2,,,716.02,1194.099,716.02
18122820,2025,tfo,11,7,,,,,25.516
18122820,2026,tfo,12,5,,,,,12.913
18364189,2022,tfo,9,5,185.977,453.946,,,79.647
18425649,2026,tfo,10,8,,,,,11.618
18587334,2024,tfo,11,16,,,,,13.643
18587334,2025,tfo,12,2,,,,,29.259
18796385,2021,xc,9,7,,,634.3,1081.5,606
18796385,2021,tfo,9,16,139.5,286.88,685.6,,139.5
18817242,2022,xc,9,9,,,906.6,1523.8,906.6
18817242,2022,tfo,9,14,183.985,370.3,821.345,,183.985
18817242,2023,xc,10,8,,,887.3,1452.3,887.3
18817242,2023,tfo,10,15,184.031,387.673,848.7,,184.031
18817242,2024,xc,11,7,,,895.5,1478.7,895.5
18817242,2025,xc,12,6,,,915.82,1465,915.82
18817417,2022,xc,12,6,,,,1489.6,1489.6
18817418,2022,xc,12,8,,,1079.2,1707.6,1079.2
18817419,2022,xc,9,9,,,874.2,1381.9,874.2
18817419,2022,tfo,9,15,207.133,350.602,764.94,,207.133
18817419,2023,xc,10,7,,,835.2,1413.6,835.2
18817419,2023,tfo,10,19,164.665,319.355,724.393,,164.665
18817419,2024,xc,11,8,,,798,1262.7,798
18817419,2024,tfo,11,13,,312.136,678.29,,312.136
18817419,2025,xc,12,7,,,737.23,1198.1,737.23
18817419,2025,tfo,12,10,,311.595,711.224,,311.595
18817421,2022,xc,9,7,,,1134.7,1695.9,1134.7
18817421,2022,tfo,9,12,185.215,372.724,897.336,,74.4
18817421,2023,xc,10,6,,,1115.2,1513.8,1115.2
18817422,2022,xc,9,7,,,,1664.3,1664.3
18817422,2023,xc,10,7,,,1131.3,1775.9,1131.3
18817423,2022,xc,9,8,,,1144.5,1717.4,1144.5
18817423,2022,tfo,9,7,,404.581,,,404.581
18817423,2023,xc,10,6,,,907.3,1549.4,907.3
18817423,2023,tfo,10,15,189.235,389.165,,,189.235
18817423,2024,xc,11,5,,,949.6,1604.4,949.6
18817424,2022,xc,9,9,,,984,1553.3,984
18817424,2022,tfo,9,17,,,,,14.461
18817424,2023,xc,10,7,,,,1610.1,1610.1
18817424,2023,tfo,10,12,,,,,14.422
18817424,2024,xc,11,6,,,,1510.9,1510.9
18817424,2024,tfo,11,10,,,,,14.365
18817424,2025,xc,12,5,,,,1566.7,1566.7
18817424,2025,tfo,12,7,,,,,14.44
18817425,2022,xc,9,7,,,,1540.9,1540.9
18817425,2023,xc,10,6,,,925,1540.1,925
18817426,2022,xc,9,8,,,708.1,1150,708.1
18817426,2022,tfo,9,10,160.03,302.624,647.239,,160.03
18817427,2022,xc,9,9,,,832.4,1245,832.4
18817427,2022,tfo,9,8,,305.603,,,305.603
18817428,2022,xc,9,8,,,763.4,1148.1,763.4
18817428,2022,tfo,9,11,144.292,287.907,606.48,,144.292
18817428,2023,xc,10,3,,,649.9,1156.7,649.9
18817428,2023,tfo,10,12,142.765,266.284,608.948,,142.765
18817428,2024,xc,11,4,,,644,1096.8,644
18817428,2024,tfo,11,4,,289.79,,,289.79
18817429,2022,xc,9,9,,,738.6,1256.8,738.6
18817429,2024,tfo,11,4,,,,,12.644
18817430,2022,xc,9,7,,,790.5,1213.1,790.5
18817431,2022,xc,9,8,,,,1591.1,1591.1
18817431,2022,tfo,9,7,,381.882,827.214,,381.882
18817431,2023,xc,10,8,,,939.1,1489.9,939.1
18817431,2023,tfo,10,6,182.768,360.781,,,182.768
18817431,2024,xc,11,6,,,,1437.994,1437.994
18817431,2025,xc,12,4,,,,1400.4,1400.4
18817432,2022,xc,9,9,,,768.3,1329.2,768.3
18817433,2022,xc,9,7,,,,1124,1124
18817433,2022,tfo,9,13,138.13,278.04,604.066,,138.13
18817433,2023,xc,10,11,,,603.9,1011.9,603.9
18817433,2023,tfo,10,14,133.562,267.11,572.5,,133.562
18817433,2024,xc,11,8,,,,1018.1,1018.1
18817433,2024,tfo,11,11,132.65,269.31,591.076,,132.65
18817433,2025,xc,12,9,,,601.27,1035.7,601.27
18817433,2025,tfo,12,7,151.898,302.956,,,151.898
18817434,2022,xc,9,9,,,726,1172.6,726
18817435,2022,xc,9,8,,,,1325.8,1325.8
18817435,2022,tfo,9,13,171.271,315.139,668.76,,171.271
18817435,2023,xc,10,8,,,,1073.4,1073.4
18817435,2023,tfo,10,12,149.13,290.552,609.778,1057.588,149.13
18817435,2024,xc,11,8,,,655.8,1028.8,655.8
18817435,2024,tfo,11,11,142.15,277.863,584.688,,142.15
18817435,2025,xc,12,9,,,588.17,997.83,588.17
18817435,2025,tfo,12,6,133.016,278.995,605.631,,133.016
18817437,2022,xc,11,7,,,,1199.4,1199.4
18817437,2023,xc,12,7,,,715.7,1174.6,715.7
18817437,2023,tfo,12,2,,,,,12.515
18837751,2022,xc,12,7,,,,1746.9,1746.9
18837751,2022,tfo,12,10,,,,,15.767
18837757,2022,xc,12,6,,,,1746.3,1746.3
18857460,2022,xc,10,6,,,899,1468.8,899
18857460,2023,xc,11,1,,,,1615.1,1615.1
18857468,2022,xc,11,10,,,,1179.1,1179.1
18857468,2022,tfo,11,14,154.907,308.628,655.052,,154.907
18857468,2023,xc,12,4,,,703.9,1188.9,703.9
18857492,2022,xc,10,5,,,,1740.7,1740.7
18857492,2023,xc,11,7,,,,1574.7,1574.7
18857492,2023,tfo,11,4,,401.561,,,401.561
18857492,2024,xc,12,6,,,1040.7,1511.3,1040.7
18999829,2020,xc,9,11,,,775,1250.9,775
18999829,2022,xc,11,6,,,,1202.1,1202.1
18999829,2022,tfo,11,12,147.559,302.225,679,,147.559
18999829,2023,xc,12,8,,,,1107.3,1107.3
18999829,2023,tfo,12,11,146.238,294.735,632.429,,146.238
19010593,2022,xc,9,7,,,,1731.2,1731.2
19010593,2022,tfo,9,11,,,,,15.306
19010593,2023,xc,10,4,,,1118,1886.4,1118
19010593,2023,tfo,10,7,,,,,15.053
19010593,2024,xc,11,5,,,,1904.9,1904.9
19010593,2024,tfo,11,11,,,,,14.707
19010593,2025,tfo,12,7,,,,,15.534
19013063,2025,tfo,9,1,,,,,30.87
19040616,2022,xc,11,5,,,,1700.8,1700.8
19040616,2023,xc,12,7,,,971.2,1595.9,971.2
19062217,2025,xc,9,7,,,648.46,1070,648.46
19062217,2025,tfo,9,5,,271.889,585.329,,271.889
19062217,2026,xc,10,8,,,589.34,996.47,589.34
19062217,2026,tfo,10,10,,250.264,549.386,,250.264
19062217,2027,xc,11,3,,,,974,974
19062296,2025,xc,9,3,,,823.42,1355.78,823.42
19062296,2025,tfo,9,1,179.501,,,,179.501
19062296,2026,xc,10,10,,,837.32,1422.51,837.32
19062296,2026,tfo,10,8,167.172,345.833,,,167.172
19062296,2027,xc,11,5,,,778.76,1307.798,778.76
19169545,2022,xc,9,1,,,,1877,1877
19169545,2022,tfo,9,7,,364.035,,,364.035
19220514,2021,xc,9,6,,,638.1,1065.6,605
19220514,2021,tfo,9,8,,290.16,615.55,,290.16
19220514,2022,xc,10,10,,,623,1017.4,623
19220514,2022,tfo,10,9,,267.73,589.292,,267.73
19220514,2023,xc,11,11,,,599.7,1028.7,599.7
19220514,2023,tfo,11,11,,261.2,577.839,,261.2
19220514,2024,xc,12,10,,,606,1011.1,606
19220514,2024,tfo,12,7,,261.91,564.88,,261.91
19278427,2018,tfo,9,23,,,,,12.56
19278427,2019,tfo,10,26,,,,,12.46
19278427,2021,tfo,12,7,,,,,12.25
19293221,2019,tfo,10,1,,,,,14.51
19293221,2021,tfo,12,2,172.23,,,,29.84
19343152,2022,tfo,9,6,,,,,8.92
19343152,2023,tfo,10,16,,,,,14.27
19391022,2019,tfo,10,6,,,,,13.2
19391022,2021,tfo,12,1,,,,,12.16
19519262,2018,xc,9,5,,,,1249.4,1249.4
19519262,2018,tfo,9,3,149.72,,,,13.89
19519262,2019,tfo,10,1,,,,,13.44
19519262,2021,tfo,12,4,149.59,,,,27.45
19610398,2022,tfo,9,9,,,,,17.231
19610400,2022,tfo,9,7,,,,,14.51
19610401,2022,tfo,9,8,,,,,14.151
19610401,2023,tfo,10,1,,,,,30.8
19610401,2025,tfo,12,1,,,,,14.484
19610402,2022,tfo,9,3,,,,,15.964
19610403,2022,tfo,9,6,,,,,15.903
19610406,2022,tfo,9,5,,,,,16.265
19610406,2023,tfo,10,1,,,,,16.147
19610407,2022,tfo,9,7,,,,,14.006
19610407,2023,tfo,10,14,,,,,13.78
19610408,2022,tfo,9,5,,,,,15.419
19610408,2023,tfo,10,4,,,,,15.063
19610411,2022,tfo,9,3,,,,,15.172
19610413,2022,tfo,9,9,,,,,15.05
19610415,2022,tfo,9,4,,,,,14.181
19610415,2023,tfo,10,12,,,,,13.88
19610415,2024,tfo,11,13,,,,,13.53
19610415,2025,tfo,12,8,,,,,13.53
19610417,2022,tfo,9,6,,331.719,,,14.22
19610418,2022,tfo,9,9,,,,,13.428
19610418,2023,tfo,10,3,,,,,12.34
19610420,2022,tfo,9,17,,,,,13.22
19610422,2022,tfo,9,17,,,,,12.38
19610423,2022,tfo,9,1,,353.06,,,353.06
19610425,2022,tfo,9,4,,,,,13.79
19610425,2023,tfo,10,14,,,,,12.723
19610425,2024,tfo,11,2,,,,,13.496
19610425,2025,tfo,12,6,,,,,12.752
19610428,2022,tfo,9,1,,,,,14.059
19610428,2023,tfo,10,2,,,,,14.942
19610430,2022,tfo,9,1,,358.33,,,358.33
19610432,2022,tfo,9,17,,,,,12.45
19610432,2023,tfo,10,19,,,,,11.833
19610432,2025,tfo,12,14,,,,,11.511
19610433,2022,tfo,9,5,,367.289,,,367.289
19610533,2022,tfo,12,2,,,,,14.211
19610534,2022,tfo,11,2,,,,,41.957
19610535,2022,tfo,10,11,,,,,14.928
19610536,2022,tfo,10,3,,,,,15.008
19610538,2022,tfo,10,13,,,,,16.872
19610539,2022,tfo,12,5,,,,,13.935
19610539,2024,tfo,14,2,,,,,15.776
19610540,2022,tfo,10,5,,,,,16.042
19610541,2022,tfo,10,1,,,,,25.516
19610541,2023,tfo,11,6,,,,,23.459
19610541,2024,tfo,12,7,,,,,22.544
19610542,2022,tfo,12,17,,,,,13.333
19610543,2022,tfo,12,11,,,,,11.6
19610544,2022,tfo,10,9,,,,,12.37
19610544,2023,tfo,11,6,,,,,11.778
19610544,2024,tfo,12,4,,,,,11.89
19610545,2022,tfo,10,15,,,,,12.33
19610545,2023,tfo,11,6,,,,,12.008
19610546,2022,tfo,12,2,,,,,12.36
19610547,2022,tfo,10,2,,,,,13.935
19610548,2022,tfo,10,3,,,,,12.624
19610548,2023,tfo,11,2,,,,,12.762
19610550,2023,tfo,11,3,,,,,12.894
19610550,2024,tfo,12,2,,,,,12.993
19610552,2022,tfo,10,15,,,,,12.607
19610553,2022,tfo,10,5,141.3,,610.617,,141.3
19610553,2023,tfo,11,10,126.779,270.22,,,126.779
19610553,2024,xc,12,5,,,608.7,1062,608.7
19610553,2024,tfo,12,9,123.677,278.192,,,123.677
19610556,2022,tfo,10,3,,,,,11.88
19652773,2022,tfo,12,1,,307.553,,,307.553
19652776,2022,tfo,12,1,,329.034,,,329.034
19653817,2022,tfo,9,5,,,,,13
19653817,2023,tfo,10,7,,,,,12.54
19679390,2022,tfo,9,13,,,,,13.01
19724154,2022,tfo,11,5,,,,,15.98
19730066,2022,tfo,10,5,156.958,362.998,,,156.958
19743868,2022,tfo,9,5,,355.846,,,13.836
19931767,2018,tfo,9,3,141.12,,,,97.98
19931767,2019,tfo,10,1,139.61,,,,139.61
20012400,2025,xc,9,5,,,,1312.2,1312.2
20012743,2025,tfo,9,13,,,,,12.978
20012753,2025,tfo,9,13,,,,,13.227
20012753,2026,tfo,10,8,,,,,12.786
20012831,2025,tfo,9,15,,,,,15.235
20012831,2026,tfo,10,11,,,,,15.688
20012921,2025,xc,9,5,,,986.97,1541.2,986.97
20012921,2025,tfo,9,11,183.823,375.175,831.079,,183.823
20012921,2026,xc,10,6,,,874.58,1480.54,874.58
20012921,2026,tfo,10,11,176.562,364.952,,,176.562
20012929,2025,tfo,9,10,,,,,12.563
20012929,2026,tfo,10,8,,,,,12.078
20014878,2024,tfo,9,15,,,,,12.963
20014878,2025,tfo,10,10,,,,,12.861
20014896,2024,tfo,10,12,,,,,12.941
20014912,2025,tfo,11,2,,,,,14.588
20014979,2024,xc,9,4,,,,1853.3,1853.3
20014982,2024,tfo,9,12,,,,,14.5
20186765,2026,xc,9,11,,,659.077,1178.9,659.077
20186765,2026,tfo,9,4,,,,,12.804
20186765,2027,xc,10,5,,,680.72,1148.32,680.72
20200946,2024,xc,9,6,,,872.7,1445.3,872.7
20465137,2027,xc,9,5,,,685.25,1121.496,685.25
20486864,2027,xc,9,5,,,806.86,1306.75,806.86
20900069,2025,tfo,9,5,,,,,13.927
21091465,2025,tfo,99,3,,292.63,,,292.63
21123435,2023,xc,9,8,,,848.7,1436,848.7
21123435,2023,tfo,9,16,181.577,382.766,839.2,,181.577
21123435,2024,xc,10,8,,,,1379,1379
21123435,2024,tfo,10,2,,370.8,,,370.8
21123435,2025,xc,11,8,,,,1368.9,1368.9
21123435,2026,xc,12,10,,,772.46,1330,772.46
21123438,2023,xc,10,11,,,755.4,1262.5,755.4
21123438,2024,xc,11,8,,,744.3,1207.6,744.3
21155718,2023,xc,9,7,,,,1443.3,1443.3
21155721,2023,xc,10,5,,,1014,1638.1,1014
21155724,2023,xc,10,7,,,987.7,1646.8,987.7
21164419,2023,xc,11,9,,,713.2,1181.1,713.2
21164419,2023,tfo,11,12,136.12,294.764,669.209,,136.12
21164419,2024,xc,12,8,,,694.7,1151.9,694.7
21164419,2024,tfo,12,11,129.89,289.236,650.208,,11.945
21164428,2023,xc,9,8,,,881,1436.9,881
21164428,2023,tfo,9,16,163.158,337.056,,,163.158
21164428,2024,xc,10,5,,,863.3,1323.641,863.3
21164428,2024,tfo,10,10,160.3,326.083,,,160.3
21164428,2025,xc,11,6,,,794.07,1244,794.07
21164428,2025,tfo,11,9,158.494,333.176,779.13,,158.494
21164428,2026,xc,12,10,,,781.09,1208.79,746.827
21164428,2026,tfo,12,8,160.078,327.56,717.484,,160.078
21164440,2023,xc,9,7,,,,1428.7,1428.7
21164440,2023,tfo,9,18,156.51,328.91,,,156.51
21164440,2024,xc,10,4,,,845,1307.874,845
21164440,2024,tfo,10,12,155.206,314.824,,,155.206
21164440,2025,xc,11,6,,,767.38,1224.4,767.38
21164440,2025,tfo,11,4,162.413,319.945,708.917,,162.413
21164440,2026,xc,12,7,,,783.91,1205.14,779.32
21164440,2026,tfo,12,10,148.77,322.649,,,148.77
21183943,2023,xc,9,6,,,842.2,1429.3,842.2
21319481,2023,xc,12,6,,,,1492.6,1492.6
21322518,2023,xc,11,3,,,,1375.1,1375.1
21417791,2025,tfo,10,2,,,,,13.99
21417894,2026,tfo,9,10,154.098,311.071,736.057,,154.098
21732121,2019,xc,9,10,,,602.3,991,602.3
21732121,2019,tfo,9,14,116.79,248.13,557.65,,116.79
21732121,2020,xc,10,12,,,577.4,967.7,577.4
21732121,2021,xc,11,9,,,580.1,973.4,580.1
21732121,2021,tfo,11,11,116.41,250.31,,,116.41
21732121,2022,xc,12,10,,,566.8,939.4,566.8
21732121,2022,tfo,12,5,118.2,,,,118.2
21821453,2021,tfo,10,14,175.85,,,,13.55
22081314,2023,tfo,9,7,169.5,,,,28.206
22081314,2024,tfo,10,9,,,,,26.691
22081314,2025,tfo,11,7,,,,,26.136
22081314,2026,tfo,12,5,,,,,25.794
22081316,2023,tfo,9,13,170.78,,,,14.133
22081316,2024,tfo,10,4,,,,,14.208
22081318,2023,tfo,12,6,,,,,14.961
22081319,2023,tfo,9,8,,,,,28.49
22081319,2024,tfo,10,8,,,,,27.675
22081319,2025,tfo,11,5,,,,,27.74
22081319,2026,tfo,12,3,,,,,27.237
22081321,2023,tfo,9,18,,,,,14.34
22081322,2023,tfo,9,14,,,,,16.121
22081323,2023,tfo,9,5,200.6,,,,200.6
22081325,2023,tfo,9,2,,,,,14.626
22081327,2023,tfo,9,9,,,,,13.96
22081327,2024,tfo,10,5,,,,,13.534
22081327,2025,tfo,11,6,,,,,13.293
22081327,2026,tfo,12,5,,,,,13.806
22081332,2023,tfo,11,5,,,,,13.24
22081332,2024,tfo,12,1,,309.073,,,309.073
22081333,2023,tfo,9,18,,,,,11.71
22081333,2024,tfo,10,15,,,,,11.734
22081333,2026,tfo,12,8,,,,,11.85
22081339,2023,tfo,9,15,,,,,13.367
22081339,2024,tfo,10,2,,,,,27.352
22081339,2025,tfo,11,3,,,,,25.502
22081339,2026,tfo,12,4,,,,,12.258
22081340,2023,tfo,11,7,,,,,11.782
22081342,2023,tfo,11,14,,,,,11.993
22081342,2024,tfo,12,9,,,,,11.932
22081343,2023,tfo,9,8,,,,,13.557
22081343,2026,tfo,12,4,,,,,12.564
22081344,2023,tfo,9,17,,,,,12.909
22081344,2024,tfo,10,9,,,,,26.886
22081345,2023,tfo,10,5,,,,,12.737
22081345,2024,tfo,11,4,,,,,25.86
22081345,2025,tfo,12,7,,,,,12.169
22081346,2023,tfo,11,5,,,,,13.408
22081347,2023,tfo,9,11,,,,,15.04
22081347,2024,tfo,10,1,,,,,14.516
22081347,2025,tfo,11,1,,,,,31.843
22081347,2026,tfo,12,1,,,,,32.537
22081350,2023,tfo,9,4,,294.16,,,294.16
22081350,2024,tfo,10,2,,284.321,,,284.321
22081350,2025,tfo,11,3,,274.841,,,274.841
22081350,2026,tfo,12,3,,270.801,,,270.801
22081351,2023,tfo,10,19,,,,,12.66
22081351,2024,tfo,11,14,,,,,12.101
22081351,2025,tfo,12,4,,,,,12.128
22081353,2023,tfo,9,6,,,,,13.494
22081353,2025,tfo,11,2,,,,,13.007
22081354,2023,tfo,9,9,,,,,14.133
22081354,2024,tfo,10,4,,,,,13.927
22081354,2025,tfo,11,2,,,,,13.42
22081354,2026,tfo,12,2,,,,,13.346
22081356,2023,tfo,9,9,,,,,14.193
22081356,2024,tfo,10,14,,,,,13.27
22081356,2025,tfo,11,10,,,,,12.42
22081356,2026,tfo,12,6,,,,,12.254
22081357,2023,tfo,10,13,,,,,13.196
22081358,2023,tfo,9,3,,,,,29.57
22081360,2023,tfo,9,8,,,,,13.207
22081361,2023,tfo,9,6,,,,,14.195
22081362,2023,tfo,11,18,,,,,12.189
22081362,2024,tfo,12,14,,,,,11.9
22081363,2023,tfo,11,1,,,,,15.1
22081365,2023,tfo,9,6,,,,,14.501
22081368,2023,tfo,9,12,,,,,11.799
22081369,2025,tfo,11,6,,,,,12.23
22081369,2026,tfo,12,3,,,,,12.528
22081370,2023,tfo,9,11,,,,,12.504
22081373,2023,tfo,9,14,,,,,13.888
22081374,2023,tfo,10,4,,,,,13.249
22081375,2023,tfo,12,4,176.701,355.614,,,176.701
22081376,2023,tfo,9,5,,,,,12.936
22081379,2023,tfo,10,12,,,,,14.182
22081379,2024,tfo,11,5,,,,,13.992
22081380,2023,tfo,11,3,,,,,13.964
22081380,2024,tfo,12,7,,,,,13.156
22081385,2023,tfo,11,19,,,,,12.661
22081385,2024,tfo,12,7,,,,,12.723
22081386,2023,tfo,11,13,148.929,309.024,,,148.929
22081386,2024,xc,12,7,,,747.6,1191.953,747.6
22081386,2024,tfo,12,10,147.665,297.714,,,147.665
22081388,2023,tfo,11,12,,,,,12.6
22081388,2024,tfo,12,4,,,,,12.684
22081389,2023,tfo,10,9,,,,,13.033
22081390,2023,tfo,9,1,,420.06,,,420.06
22081390,2025,tfo,11,10,159.367,309.719,692.28,,159.367
22081390,2026,tfo,12,10,152.074,304.712,680.834,,152.074
22081391,2023,tfo,9,12,,,,,12.358
22081391,2024,tfo,10,7,156.473,,,,23.91
22081391,2025,tfo,11,6,133.106,,,,11.88
22081391,2026,tfo,12,8,,,,,11.694
22105260,2023,tfo,11,7,,,,,13.849
22141544,2023,tfo,99,14,,,,,12.887
22188148,2024,tfo,10,7,,,,,14.059
22210039,2019,tfo,9,1,,,,,14.47
22296519,2023,tfo,9,2,,,,,29.614
22308118,2023,xc,10,6,,,794.5,1370.3,794.5
22308118,2023,tfo,10,16,,,,,12.132
22308118,2024,xc,11,4,,,,1268.3,1268.3
22308118,2024,tfo,11,10,,,,,11.879
22308118,2025,xc,12,5,,,,1270,1270
22308118,2025,tfo,12,13,,,,,11.33
22567977,2025,tfo,9,6,,,,,13.526
22568002,2025,tfo,9,3,,,,,14.386
22568213,2024,tfo,9,8,,,,,15.214
22568213,2025,tfo,10,10,,,,,14.926
22568213,2026,xc,11,11,,,734.72,1245.22,734.72
22568213,2026,tfo,11,10,161.033,323.196,709.966,,161.033
22568213,2027,xc,12,2,,,,1314.33,1314.33
22568243,2024,xc,9,6,,,765.7,1356.3,765.7
22568333,2027,xc,11,2,,,,1528.369,1528.369
22604385,2024,tfo,9,9,,,,,12.52
22604385,2025,tfo,10,20,,,,,12.475
22604918,2026,tfo,9,4,262.678,,,,94.553
22605185,2026,tfo,9,4,,,,,11.36
22646575,2023,tfo,12,2,,,,,28.132
22897470,2021,tfo,9,4,,,,,24.69
22897470,2022,tfo,10,6,,,,,23.71
22897470,2023,tfo,11,7,156.35,,,,22.697
22897470,2024,tfo,12,8,,,,,22.335
23621628,2024,xc,9,2,,,872.5,1404.415,872.5
23621628,2024,tfo,9,7,,,716.458,,716.458
23621628,2025,xc,10,6,,,759.87,1164.2,759.87
23621628,2025,tfo,10,5,151.522,315.919,742.23,,151.522
23621628,2026,xc,11,5,,,,1176.398,746.12
23621628,2027,xc,12,2,,,,1305.36,1305.36
23621663,2024,xc,9,7,,,787.2,1205.1,787.2
23621663,2024,tfo,9,14,147.887,293.454,,,147.887
23621663,2025,xc,10,7,,,698.47,1102,698.47
23621663,2025,tfo,10,7,138.604,291.473,649.507,,138.604
23621663,2026,xc,11,11,,,633.32,1048.3,633.32
23621663,2026,tfo,11,8,134.553,278.952,589.699,,134.553
23621663,2027,xc,12,5,,,610.41,1049.96,610.41
23622498,2024,xc,9,8,,,872.9,1393.5,872.9
23622498,2025,xc,10,8,,,847.18,1403.4,847.18
23622498,2026,xc,11,10,,,869.95,1524.1,869.95
23622498,2027,xc,12,4,,,884.3,1397.707,884.3
23622504,2024,xc,11,4,,,997.7,1583.3,997.7
23622510,2024,xc,9,6,,,,1664.6,1664.6
23622510,2025,tfo,10,1,,,,,15.94
23622513,2024,xc,11,6,,,,1567.4,1567.4
23622521,2024,xc,9,8,,,957.7,1565.8,957.7
23622521,2025,xc,10,7,,,920.44,1468.2,920.44
23622521,2026,xc,11,10,,,874.472,1464.49,874.472
23622521,2027,xc,12,5,,,898.1,1468.23,898.1
23628239,2024,xc,9,5,,,,1455.3,1455.3
23628240,2024,xc,9,8,,,922.8,1368.5,922.8
23628240,2025,tfo,10,6,,385.428,903.049,,385.428
23840880,2027,xc,9,2,,,764.99,1349.36,764.99
23840924,2027,xc,9,4,,,790.6,1326.017,790.6
23840974,2026,xc,9,9,,,719.76,1173.3,719.76
23840974,2026,tfo,9,12,148.673,295.318,655.538,,148.673
23840974,2027,xc,10,5,,,622.24,1054.45,622.24
23840991,2025,xc,9,7,,,845.64,1375.95,845.64
23841005,2027,xc,9,5,,,686.583,1164.88,686.583
23844791,2026,xc,9,9,,,723.66,1134.66,723.66
23844791,2026,tfo,9,12,148.219,285.917,620.904,,148.219
23844791,2027,xc,10,5,,,615.42,1031.32,615.42
23930907,2019,xc,9,14,,,611.4,1009.9,355.3
23930907,2019,tfo,9,11,128.45,270.6,591.72,,128.45
23930907,2020,xc,10,14,,,556.1,948.6,556.1
23930907,2020,tfo,10,1,,,524.8,,524.8
23930907,2021,xc,11,9,,,531.2,895.6,531.2
23930907,2021,tfo,11,12,118.82,234.34,506.59,,118.82
23930907,2022,xc,12,11,,,519.7,899.1,519.7
23930907,2022,tfo,12,6,113.65,,,,113.65
23965628,2019,xc,9,13,,,623.2,1020.6,356.1
23965628,2019,tfo,9,20,132.07,263.13,555.6,995.93,132.07
23965628,2020,xc,10,15,,,556.3,959.2,556.3
23965628,2021,xc,11,10,,,531.3,929.2,516
23965628,2021,tfo,11,15,124.4,243.31,512.14,,124.4
23965628,2022,xc,12,10,,,526.7,885.5,526.7
23965628,2022,tfo,12,14,116.074,231.84,491.83,,116.074
24069846,2020,xc,9,7,,,752.8,1255.4,752.8
24069846,2021,xc,10,4,,,719.3,1230.1,719.3
24069846,2021,tfo,10,2,,,,,26.82
24069846,2022,xc,11,2,,,714,1421.2,714
24069846,2022,tfo,11,4,,,,,24.854
24069846,2023,tfo,12,3,,,,,24.73
24178317,2022,tfo,8,1,,,,,282
24197674,2017,tfo,9,10,,,,,11.96
24197674,2018,tfo,10,21,,,,,10.92
24197674,2019,tfo,11,24,,,,,10.66
24268469,2019,xc,11,8,,,943.4,1619.6,550.1
24443505,2026,tfo,11,2,,,,,14.855
24544011,2024,tfo,10,3,,,,,13.788
24544011,2026,tfo,12,5,,,,,13.058
24549566,2024,tfo,11,8,,,,,13.941
24549566,2025,tfo,12,5,,,,,14.132
24616954,2024,tfo,11,2,,,,,28.01
24616954,2025,tfo,12,1,,,,,12.731
24617380,2024,tfo,9,11,179.074,387.791,,,179.074
24617804,2024,tfo,12,4,,364.928,,,12.61
24620727,2024,tfo,11,3,,,,,12.423
24621643,2024,tfo,9,9,,,,,15.594
24626215,2024,tfo,9,11,,,,,14.73
24626217,2024,tfo,12,13,,,,,14.511
24630758,2024,tfo,9,11,,,,,12.817
24630758,2025,tfo,10,12,,,,,12.504
24630758,2026,tfo,11,5,,,,,12.6
24651804,2024,tfo,9,7,148.96,,,,12.99
24651820,2024,tfo,10,11,,,,,12.325
24651820,2025,tfo,11,12,,,,,11.99
24651820,2026,tfo,12,6,,,,,11.872
24652024,2024,tfo,9,14,,,,,13.068
24652072,2024,tfo,12,3,,,,,12.583
24652198,2024,tfo,10,5,,,,,11.933
24652198,2025,tfo,11,4,,,,,11.815
24652232,2024,tfo,9,1,,,,,14.01
24652232,2025,tfo,10,1,,,,,13.643
24652287,2024,tfo,10,13,161.64,355.296,,,161.64
24673822,2024,tfo,11,13,,,,,12.021
24673822,2025,tfo,12,2,,,,,12.598
24714339,2024,tfo,11,5,,,,,12.179
24714340,2024,tfo,9,3,197.507,,,,197.507
24761759,2024,tfo,9,13,,,,,12.588
24761759,2025,tfo,10,9,,,,,12.613
24761759,2026,tfo,11,7,,,,,12.944
24776685,2025,tfo,11,1,,,,,12.79
24788683,2024,tfo,9,14,,,,,26.474
24788683,2025,tfo,10,1,,,,,60.82
24973681,2024,tfo,9,2,,,,,30.496
24973681,2025,tfo,10,3,,,,,33.27
24973681,2026,tfo,11,1,,,,,24.131
24973707,2024,tfo,10,4,,,,,23.842
24973707,2025,tfo,11,3,,,,,21.64
24973707,2026,tfo,12,4,,,,,21.454
25094290,2024,tfo,9,8,,,,,14.627
25094290,2025,tfo,10,15,,,,,13.387
25094290,2026,tfo,11,8,,,,,12.686
25212072,2025,xc,9,6,,,,1176.6,1176.6
25212072,2025,tfo,9,5,,284.19,634.676,,284.19
25212072,2026,xc,10,11,,,660.1,1049.3,637.878
25212072,2026,tfo,10,7,136.476,269.636,591.17,,136.476
25212072,2027,xc,11,3,,,,1030.16,1030.16
25212115,2026,tfo,9,13,150.134,297.361,653.499,,150.134
25212115,2027,xc,10,5,,,624.24,1055.86,624.24
25213580,2026,xc,9,10,,,701.93,1135.5,701.93
25213580,2026,tfo,9,11,140.996,311.62,618.666,,140.996
25213580,2027,xc,10,5,,,616.03,1037.98,616.03
25213595,2027,xc,9,5,,,818.07,1364.612,818.07
25213617,2026,tfo,9,14,,,,,12.924
25214364,2026,tfo,9,11,,,,,14.444
25214637,2026,xc,9,11,,,825.42,1343.27,825.42
25214637,2026,tfo,9,14,173.406,354.624,780.619,,173.406
25214637,2027,xc,10,5,,,809.04,1373.2,809.04
25215248,2025,tfo,9,10,,,,,14.12
25215565,2025,tfo,9,13,,,,,13.592
25215565,2026,tfo,10,8,,,,,13.614
25329318,2024,tfo,10,1,,,,,27.105
25329318,2025,tfo,11,1,,,,,39.35
25329318,2026,tfo,12,1,,,,,44.411
26127650,2027,xc,12,5,,,1036.7,1711.94,1036.7
26299842,2025,xc,9,10,,,598.59,1009,598.59
26299842,2025,tfo,9,1,,,655.43,,655.43
26299842,2026,xc,10,10,,,597.52,995.3,597.52
26299842,2026,tfo,10,8,,263.258,568.067,,263.258
26299842,2027,xc,11,3,,,,995.93,995.93
26299843,2025,xc,9,9,,,729.77,1190.3,729.77
26299843,2026,xc,10,9,,,688.14,1122.8,688.14
26299843,2027,xc,11,5,,,704.02,1137.03,704.02
26350647,2025,xc,11,6,,,751.08,1327.9,751.08
26365528,2025,xc,9,6,,,1124.3,1558.7,1124.3
26365536,2025,xc,9,6,,,879.61,1324.2,879.61
26365539,2025,xc,11,10,,,563.88,992.8,563.88
26365539,2025,tfo,11,11,,252.256,546.696,,252.256
26365539,2026,xc,12,9,,,567.22,930.8,567.22
26365539,2026,tfo,12,11,,250.33,532.896,,250.33
26367224,2025,xc,9,4,,,825.46,1502.7,825.46
26367226,2025,xc,10,5,,,,1786.757,1786.757
26367228,2025,xc,10,7,,,844.23,1425,844.23
26367228,2025,tfo,10,1,,,,,31.369
26367232,2025,xc,9,8,,,809.81,1291.6,809.81
26367232,2025,tfo,9,5,,,,,32.969
26403544,2025,xc,9,8,,,822.03,1354.4,822.03
26481411,2025,xc,9,6,,,1019.94,1614.76,1019.94
26481411,2025,tfo,9,9,202.949,414.868,,,202.949
26481411,2026,xc,10,9,,,874.52,1573.8,874.52
26481411,2027,xc,11,3,,,979.52,1692.21,979.52
26522812,2025,xc,9,5,,,,1192.5,1192.5
26522812,2026,xc,10,8,,,,1190.218,1190.218
26522819,2025,xc,9,5,,,,1302.8,1302.8
26522819,2026,xc,10,9,,,,1252.4,793.81
26522819,2026,tfo,10,12,134.722,286.35,723.795,,134.722
26522819,2027,xc,11,3,,,,1173.064,1173.064
26645716,2021,xc,9,10,,,744.7,1261.6,718
26645716,2021,tfo,9,17,150.3,318.36,716.74,,150.3
26645716,2022,xc,10,11,,,731.2,1185.5,731.2
26645716,2022,tfo,10,12,151.097,322.526,685.169,,151.097
26645716,2023,xc,11,11,,,712.8,1213.4,712.8
26645716,2023,tfo,11,18,145.652,293.549,645.1,,145.652
26645716,2024,xc,12,10,,,697.8,1174.5,697.8
26645716,2024,tfo,12,14,146.934,299.583,676.86,,146.934
26707666,2026,tfo,9,10,131.771,270.368,612.297,,131.771
26708019,2027,xc,9,1,,,,1417.82,1417.82
26708025,2026,tfo,9,12,131.918,276.636,615.148,,131.918
26708025,2027,xc,10,5,,,618.06,1053.567,618.06
26899686,2025,tfo,9,1,,,,,28.558
26946898,2021,tfo,9,7,167.64,,,,27.81
26946898,2023,tfo,11,2,175.58,,,,28.859
26979611,2021,tfo,10,20,,,,,11.51
26979611,2022,tfo,11,20,,,,,11.259
26979611,2023,tfo,12,22,,,,,10.974
27152880,2021,tfo,9,11,,,,,12.45
27152880,2022,tfo,10,16,,,,,11.98
27152880,2023,tfo,11,15,,,,,11.877
27152880,2024,tfo,12,11,,,,,11.414
27378852,2025,tfo,9,4,,,,,31.024
27378853,2025,tfo,9,4,165.941,,,,32.065
27378863,2025,tfo,9,12,,,,,15.853
27378866,2025,tfo,9,5,176.95,,,,16.53
27420164,2023,tfo,11,8,,,,,13.293
27420164,2024,tfo,12,2,,,,,13.3
27456372,2025,tfo,11,5,,,,,23.004
27456372,2026,tfo,12,2,,,,,22.481
27456666,2025,tfo,9,9,,,,,13.517
27637406,2025,tfo,10,12,,,,,16.265
27637407,2025,tfo,12,10,,,,,14.668
27637412,2025,tfo,11,3,,,,,15.326
27637416,2025,tfo,11,12,,,,,17.43
27637422,2025,tfo,9,3,280.15,,,,18.194
27637422,2026,tfo,10,6,,,,,17.656
27638308,2025,tfo,10,1,,,,,25.997
27638343,2025,tfo,10,8,,,,,12.611
27638343,2026,tfo,11,2,,,,,12.9
27638346,2025,tfo,9,5,,,,,22.544
27638346,2026,tfo,10,5,,,,,22.702
27638488,2025,tfo,12,4,,,,,13.2
27638490,2025,tfo,12,12,,,,,10.807
27638557,2025,tfo,9,11,,,,,13.9
27638582,2025,tfo,11,1,,,,,17.162
27638586,2025,tfo,9,14,,,,,11.92
27638595,2025,tfo,12,1,,,,,12.93
27638621,2025,xc,9,6,,,729.3,1137.2,729.3
27638641,2025,tfo,9,11,,,,,12.71
27638641,2026,tfo,10,7,,,,,12.608
27670116,2026,tfo,12,4,,,,,12.82
27670243,2025,tfo,10,5,,,,,13.213
27670243,2026,tfo,11,3,,,,,13.097
27722108,2025,tfo,9,2,189.891,,,,189.891
27804333,2025,tfo,11,4,,,,,25.418
27804412,2025,tfo,10,3,,,,,25.75
28046494,2026,tfo,9,5,,325.834,728.336,,325.834
28046571,2026,tfo,9,6,144.226,306.903,,,144.226
28046576,2026,tfo,9,5,150.47,,,,150.47
28046596,2026,tfo,9,12,,,,,12.607
28046634,2026,tfo,9,9,152.872,306.497,681.534,,152.872
28046634,2027,xc,10,4,,,,1289.374,1289.374
28046635,2026,tfo,9,13,152.277,305.289,734.799,,152.277
28046635,2027,xc,10,4,,,801.04,1351.564,801.04
28046642,2027,xc,9,3,,,777.34,1410.76,777.34
28047153,2026,xc,9,6,,,877.52,1459.8,877.52
28328313,2026,xc,9,11,,,767.87,1283.67,767.87
28328313,2026,tfo,9,12,165.016,341.335,745.168,,165.016
28328313,2027,xc,10,4,,,,1305.6,1305.6
28499062,2026,tfo,9,6,,,,,14.615
29098940,2027,xc,9,2,,,,1121.831,1121.831
29329462,2026,tfo,9,12,160.81,317.448,675.97,,160.81
29412017,2024,xc,11,8,,,684.1,1079.7,684.1
29412017,2025,xc,12,9,,,653.07,1035,653.07
29412206,2026,xc,10,7,,,,1368.68,1368.68
29446211,2026,xc,9,10,,,905.86,1361.93,867.075
29446211,2026,tfo,9,5,180.452,388.659,,,180.452
29446211,2027,xc,10,5,,,887.74,1433.488,887.74
29446230,2026,xc,9,10,,,875.77,1311.77,812.67
29446230,2026,tfo,9,12,164.529,332.373,764.788,,164.529
29446230,2027,xc,10,5,,,765.08,1245.18,765.08
29456205,2026,xc,10,8,,,914.19,1527.95,884.04
29514729,2026,xc,10,10,,,920.44,1295.4,832.771
29514729,2026,tfo,10,14,,,,,13.432
29514729,2027,xc,11,3,,,833.98,1271.87,833.98
29514741,2026,xc,9,10,,,850.52,1240.69,807.193
29514741,2026,tfo,9,11,153.341,317.944,728.811,,153.341
29514741,2027,xc,10,4,,,764.2,1230.81,764.2
29543977,2026,xc,9,7,,,,1299.81,1299.81
29543977,2027,xc,10,3,,,,1365.5,1365.5
29728487,2022,xc,9,11,,,655,1112.4,655
29728487,2022,tfo,9,11,,294.92,652.78,,294.92
29728487,2023,xc,10,11,,,676.7,1131.5,676.7
29728487,2023,tfo,10,16,,294.467,643.9,,294.467
29728487,2024,xc,11,10,,,694.6,1170.7,694.6
29728487,2024,tfo,11,11,,297.219,645.976,,297.219
29728487,2025,xc,12,11,,,664.51,1111.492,664.51
29728487,2025,tfo,12,14,,295.949,632.352,1155.24,295.949
29781903,2027,xc,9,4,,,744.54,1239.09,744.54
29845177,2023,tfo,10,10,,285.614,,,285.614
29845177,2024,xc,11,9,,,632,985,632
29845177,2024,tfo,11,6,,282.761,578.688,,282.761
29845177,2025,xc,12,5,,,,986.38,986.38
29845177,2025,tfo,12,3,,261.001,,,261.001
30168654,2022,tfo,9,7,,,,,24.897
30168654,2023,tfo,10,10,,,,,22.848
30168654,2024,tfo,11,10,122.535,,,,22.02
30168654,2025,tfo,12,8,122.145,,,,22.132
30194568,2022,tfo,9,10,,267.64,573.72,,267.64
30194568,2023,xc,10,10,,,567.2,975,567.2
30194568,2023,tfo,10,14,,252.17,533.519,,252.17
30194568,2024,xc,11,7,,,562.1,918.4,562.1
30194568,2024,tfo,11,14,,236.66,505.95,,236.66
30194568,2025,xc,12,9,,,526.99,881.8,526.99
30194568,2025,tfo,12,16,,231.904,494.382,,231.904
30305974,2024,tfo,11,12,145.71,295.29,,,145.71
30305974,2025,xc,12,7,,,706.43,1061,706.43
30305974,2025,tfo,12,9,141.674,278.29,586.073,,141.674
30340934,2023,xc,9,6,,,847.1,1337.5,847.1
30340934,2023,tfo,9,10,,326.932,675.006,,326.932
30340934,2024,xc,10,8,,,722.2,1116.8,722.2
30340934,2024,tfo,10,7,,294.32,645.147,,294.32
30340934,2025,xc,11,9,,,668.46,1059,668.46
30340934,2025,tfo,11,6,,282.651,584.198,,282.651
30340934,2026,xc,12,11,,,605.47,1007.1,605.47
30340934,2026,tfo,12,8,,266.659,562.936,,266.659
30340938,2025,xc,9,8,,,614.36,1009,614.36
30340938,2025,tfo,9,3,,276.412,,,276.412
30340938,2026,xc,10,9,,,,1007.36,637.147
30340938,2026,tfo,10,4,,268.4,597.685,,268.4
30340938,2027,xc,11,4,,,,987.171,987.171
30340943,2024,xc,9,8,,,832.6,1168.2,832.6
30340943,2024,tfo,9,7,,289.313,653.842,,289.313
30340943,2025,xc,10,6,,,668.84,1031,668.84
30340943,2025,tfo,10,7,,250.883,568.549,,250.883
30340943,2026,xc,11,10,,,568.34,938.15,568.34
30340943,2026,tfo,11,11,,240.046,544.553,,240.046
30340943,2027,xc,12,3,,,,941.8,941.8
30340947,2024,xc,9,8,,,674.5,1071.5,674.5
30340947,2024,tfo,9,8,,269.174,582.3,,269.174
30340947,2025,xc,10,11,,,596.7,981.7,596.7
30340947,2025,tfo,10,9,,259.76,552.746,,259.76
30340947,2026,xc,11,11,,,567.46,956.1,567.46
30340947,2026,tfo,11,10,,248.056,533.597,,248.056
30340947,2027,xc,12,3,,,,970.37,970.37
30340950,2024,xc,9,6,,,,1120.5,1120.5
30340950,2024,tfo,9,2,,287.08,,,287.08
30340950,2025,xc,10,8,,,628.15,1043.8,628.15
30340950,2025,tfo,10,2,,260.44,,,260.44
30340950,2026,xc,11,11,,,567.27,961,567.27
30340950,2027,xc,12,3,,,,997.9,997.9
30340951,2023,xc,9,7,,,,1265.2,1265.2
30340951,2024,xc,10,7,,,738.1,1151.7,738.1
30340951,2024,tfo,10,10,149.89,316.86,649.231,,149.89
30340951,2025,xc,11,7,,,679.88,1111.9,679.88
30340951,2025,tfo,11,10,137.29,280.19,579.73,,137.29
30340951,2026,xc,12,11,,,585.66,967.1,585.66
30340951,2026,tfo,12,11,127.314,263.121,545.889,,127.314
30340953,2023,xc,9,8,,,924.3,1501.5,924.3
30340953,2024,xc,10,8,,,905.4,1352.7,905.4
30340953,2025,xc,11,8,,,751.05,1190,751.05
30340953,2025,tfo,11,9,146.97,291.64,679.448,,146.97
30340953,2026,xc,12,11,,,665.22,1101.3,665.22
30340953,2026,tfo,12,7,153.625,307.622,644.341,,153.625
30340957,2023,xc,9,8,,,,1103,1103
30340957,2023,tfo,9,11,143.523,278.853,597.503,,143.523
30340957,2024,xc,10,9,,,624,1034.6,624
30340957,2024,tfo,10,10,134.3,267.313,568.305,,134.3
30340957,2025,xc,11,9,,,569.69,972.62,569.69
30340957,2025,tfo,11,9,131.067,257.727,536.59,,131.067
30340957,2026,xc,12,6,,,,1018.9,657.63
30340957,2026,tfo,12,10,,247.701,547.647,,247.701
30340962,2024,xc,9,8,,,649.2,1082.9,649.2
30340962,2024,tfo,9,13,150.617,284.666,612.88,,150.617
30340962,2025,xc,10,10,,,620.76,1028,620.76
30340962,2025,tfo,10,6,,283.498,616.07,,283.498
30340962,2026,xc,11,10,,,644.11,1009.2,644.11
30340962,2026,tfo,11,1,,,,,27.611
30340962,2027,xc,12,5,,,614.87,1060.437,614.87
30367506,2023,xc,9,10,,,817.2,1288.2,817.2
30367506,2023,tfo,9,13,,331.949,717.84,1275.918,331.949
30367506,2024,xc,10,9,,,741.9,1196.3,741.9
30367506,2024,tfo,10,10,,319.154,672.55,,319.154
30367506,2025,xc,11,10,,,707.15,1179.1,707.15
30367506,2025,tfo,11,7,,315.536,659.912,,315.536
30367506,2026,xc,12,11,,,674.22,1116.7,674.22
30367506,2026,tfo,12,8,,310.904,658.891,,310.904
30367518,2023,tfo,8,3,,295.59,663.9,,295.59
30367518,2024,xc,9,10,,,684.9,1115.3,684.9
30367518,2024,tfo,9,15,,286.13,653.32,,286.13
30367518,2025,xc,10,11,,,659.27,1122.9,659.27
30367518,2025,tfo,10,11,,282.35,638.77,,282.35
30367518,2026,xc,11,11,,,650.19,1100,650.19
30367518,2026,tfo,11,8,,278.862,632.713,,278.862
30367518,2027,xc,12,4,,,654.52,1112.19,654.52
30367520,2023,tfo,6,2,,310.83,,,310.83
30367520,2024,tfo,7,2,,308.47,,,308.47
30367520,2025,tfo,8,2,,303.11,,,303.11
30367520,2026,xc,9,11,,,629.779,1096.9,629.779
30367520,2026,tfo,9,17,,285.01,623.4,,285.01
30367520,2027,xc,10,4,,,671.47,1165.6,671.47
30367521,2023,tfo,8,1,,311.64,,,311.64
30367521,2024,xc,9,10,,,687.8,1126.5,687.8
30367521,2024,tfo,9,19,,291.507,634.153,,291.507
30367521,2025,xc,10,11,,,649.35,1109.5,649.35
30367521,2025,tfo,10,14,,285.589,618.481,,285.589
30367521,2026,xc,11,11,,,633.58,1110,633.58
30367521,2026,tfo,11,13,,291.28,620.658,,291.28
30367521,2027,xc,12,5,,,661.53,1108.01,661.53
30367522,2024,xc,9,9,,,790.8,1255,790.8
30367522,2024,tfo,9,2,,367.61,,,367.61
30367522,2025,xc,10,11,,,767.28,1226.1,767.28
30367522,2025,tfo,10,4,,321.973,681.431,,321.973
30367522,2026,xc,11,11,,,688.23,1209.28,688.23
30367522,2026,tfo,11,5,,330.909,674.861,,330.909
30367522,2027,xc,12,5,,,701.66,1172.49,701.66
30372717,2022,tfo,9,1,,,,,14.624
30372717,2023,tfo,10,3,,,,,13.9
30372717,2024,tfo,11,5,,,,,13.446
30372717,2025,tfo,12,6,,,,,13.866
30477175,2026,tfo,10,9,140.439,278.396,592.373,,140.439
30482202,2026,tfo,9,14,,,,,12.966
30482211,2026,tfo,9,14,163.371,335.274,769.179,,163.371
30482239,2026,tfo,12,12,,,,,11.108
30482243,2026,tfo,10,10,,,,,12.606
30482479,2026,tfo,9,14,,,,,12.813
30495776,2026,tfo,9,4,,,,,22.078
30497121,2024,tfo,9,11,,,,,13.84
30497121,2025,tfo,10,6,,,,,13.64
30497121,2026,tfo,11,9,138.395,,,,13.262
30499777,2026,tfo,11,6,,,,,11.362
30499821,2026,tfo,9,13,182.517,357.999,745.485,,72.867
30499839,2026,tfo,9,9,,,,,13
30499846,2026,tfo,9,13,166.363,321.397,676.203,,166.363
30499846,2027,xc,10,3,,,716.64,1214.089,716.64
30499885,2026,tfo,11,8,,,,,12.13
30499886,2026,tfo,9,12,,,,,14.18
30499887,2026,tfo,9,10,,,,,13.483
30499900,2026,tfo,10,11,,,,,12.041
30499925,2026,tfo,11,9,,,,,12.164
30522258,2026,tfo,9,8,,,,,13.706
30523249,2024,tfo,9,8,,353.862,753.72,,353.862
30523249,2025,tfo,10,8,,329.655,722.321,,329.655
30523249,2026,xc,11,8,,,748.58,1219.5,748.58
30523249,2026,tfo,11,9,,318.914,680.498,,318.914
30523249,2027,xc,12,5,,,715.23,1190.8,715.23
30545751,2026,tfo,11,14,,,,,13.824
30545758,2026,tfo,9,14,,,,,13.491
30578066,2026,tfo,9,3,,,,,26.505
30592942,2026,xc,10,11,,,776.8,1281.3,776.8
30592942,2026,tfo,10,8,,316.926,705.366,,316.926
30592942,2027,xc,11,5,,,748.18,1189.92,748.18
30600193,2026,tfo,9,5,,,,,14.206
30619360,2026,tfo,10,5,,,,,13.318
30619765,2026,tfo,9,4,,,,,12.547
30620258,2026,tfo,9,14,,,,,13.355
30692097,2026,tfo,12,4,,,,,23.52
30708403,2026,tfo,10,10,,,,,13.492
30708403,2027,xc,11,4,,,843.46,1453.327,843.46
30710947,2026,tfo,9,15,,,,,14.639
30710947,2027,xc,10,4,,,,1480.01,1480.01
30728339,2026,tfo,9,6,,,,,12.608
30847929,2026,tfo,10,7,,,,,12.227
30864447,2026,tfo,9,14,,,,,13.175
30959281,2022,xc,9,5,,,,1217.6,1217.6
30959281,2022,tfo,9,8,,293.547,649.03,,293.547
30959281,2023,xc,10,10,,,685.9,1145.9,685.9
30959281,2023,tfo,10,12,,285.24,627.99,,285.24
30959281,2024,xc,11,9,,,651,1124.5,651
30959281,2024,tfo,11,11,,296.815,632.579,,296.815
30959281,2025,xc,12,7,,,,1140.9,1140.9
30959281,2025,tfo,12,14,,288.283,637.681,,288.283
30959304,2024,xc,9,5,,,859.4,1343.03,859.4
30959304,2024,tfo,9,11,180.26,353.964,,,180.26
30959304,2025,xc,10,9,,,802.48,1265.4,802.48
30959304,2025,tfo,10,11,174.818,320.114,708.275,,174.818
30959304,2026,xc,11,11,,,706.24,1241.37,706.24
30959304,2026,tfo,11,11,167.137,328.314,719.719,,167.137
30959304,2027,xc,12,5,,,762.72,1254.37,762.72
31131463,2027,xc,9,5,,,792.51,1354.089,792.51
31131739,2027,xc,9,5,,,772.62,1245.48,772.62
31151949,2026,tfo,9,4,,,,,18.273
32392526,2025,xc,9,6,,,722.82,1098.3,722.82
32392526,2025,tfo,9,8,,264.489,610.739,,264.489
32392526,2026,xc,10,9,,,602.63,1031.4,602.63
32392526,2026,tfo,10,8,,254.604,565.725,,254.604
32392526,2027,xc,11,3,,,,994.8,994.8
32896522,2027,xc,9,5,,,770.59,1388.706,770.59
32900143,2027,xc,9,5,,,879.51,1423.6,879.51
32900144,2027,xc,9,5,,,969.13,1523.216,969.13
32900149,2027,xc,11,3,,,,1398.8,1398.8
32900153,2027,xc,12,3,,,982.054,1906.45,982.054
32906088,2027,xc,10,2,,,758.21,1328.76,758.21
32924320,2027,xc,9,4,,,,1179.223,1179.223
32948348,2027,xc,9,2,,,810.272,1475.09,810.272
32970141,2023,xc,9,8,,,868.9,1428.5,868.9
32970141,2023,tfo,9,14,170.522,355.776,,,170.522
32970141,2024,tfo,10,11,181.9,375.026,,,181.9
32970141,2025,tfo,11,10,182.064,,,,14.465
32970141,2026,tfo,12,8,,,,,14.284
33002211,2027,xc,9,1,,,941.97,,941.97
33088552,2027,xc,9,3,,,1256.943,2272.5,1256.943
33190069,2027,xc,11,1,,,,1498.98,1498.98
33327376,2022,tfo,10,6,,,,,13.757
33327376,2023,tfo,11,3,,,,,13.586
33327376,2024,tfo,12,3,,,,,13.46
