athleteId,first,last,alsoKnownAs,gender,classOf,classOfConflict,classOfVotes,entryGrade,entry,firstSeason,lastSeason,nResults
22141544,Daniel,Bravo,,M,,0,,,ungraded,2023,2023,2
10029320,J,Meyer,,M,,0,,,ungraded,1969,1969,2
4608697,Coeen,Thrift,,F,,0,,,ungraded,2005,2005,1
24178317,Matthew,Wroblewski,,M,,0,,,ungraded,2022,2022,1
10029321,Reid,Noel,,M,1969,0,1969:2,12,unknown-gap,1969,1969,2
10029552,Rod,Thorton,,M,1973,0,1973:1,12,unknown-gap,1973,1973,1
10029550,David,Zitt,,M,1973,0,1973:2,12,unknown-gap,1973,1973,2
10029551,Chip,Andrews,,M,1974,0,1974:1,11,unknown-gap,1973,1973,1
10029513,Brad,Alsterberg,,M,1975,0,1975:1,11,unknown-gap,1974,1974,1
10029532,David,Weisenbach,,M,1976,0,1976:2,12,unknown-gap,1976,1976,2
10029094,Bea,Amsler,,F,1977,0,1977:2,12,unknown-gap,1977,1977,2
10028986,Jim,Pauly,,M,1979,0,1979:1,12,unknown-gap,1979,1979,1
10028937,Dan,Wood,,M,1979,0,1979:1,12,unknown-gap,1979,1979,1
10029069,Alicia,Andrus,,F,1981,0,1981:1,10,unknown-gap,1979,1979,1
10028530,Cari,Campbell,,F,1981,0,1981:2,9,observed,1978,1980,2
10028532,Kim,Hartman,,F,1981,0,1981:2,11,unknown-gap,1980,1980,2
10029090,Stephanie,Pruitt,,F,1981,0,1981:1,9,observed,1978,1978,1
10028789,Jeff,Critchett,,M,1982,0,1982:1,10,unknown-gap,1980,1980,1
10028541,Nancy,Tasker,,F,1983,0,1983:2,9,observed,1980,1980,2
10028451,Chris,Brown,,M,1984,0,1984:1,12,unknown-gap,1984,1984,1
10028490,Veronica,Luccio,,F,1985,0,1985:1,9,observed,1982,1982,1
10028323,Tom,Olsen,,M,1985,0,1985:2,12,unknown-gap,1985,1985,2
10028385,Sarah,Jeans,,F,1986,0,1986:3,10,unknown-gap,1984,1985,3
10028480,Marilyn,Lundberg,,F,1986,0,1986:1,10,unknown-gap,1984,1984,1
10028325,Anna,Schlegelmilch,,F,1986,0,1986:1,11,unknown-gap,1985,1985,1
10028454,Mike,Weidenweber,,M,1986,0,1986:1,10,unknown-gap,1984,1984,1
10021875,Brad,Brunhaver,,M,1987,0,1987:5,11,unknown-gap,1986,1987,5
10021591,David,Bourne,,M,1989,0,1989:2,11,unknown-gap,1988,1989,2
10021869,Kim,White,,F,1989,0,1989:1,11,unknown-gap,1988,1988,1
10000733,Angie,Carter,,F,1990,0,1990:1,12,unknown-gap,1990,1990,1
10021594,Mark,Gribble,,M,1991,0,1991:1,10,unknown-gap,1989,1989,1
10000727,Steve,Haley,,M,1991,0,1991:1,11,unknown-gap,1990,1990,1
10000718,Gretchen,Kuntz,,F,1991,0,1991:1,12,unknown-gap,1991,1991,1
10000719,Tiffany,Wahl,,F,1991,0,1991:2,12,unknown-gap,1991,1991,2
10000712,Jennifer,Coleman,,F,1992,0,1992:2,12,unknown-gap,1992,1992,2
10000715,Doug,Peppmeier,,M,1992,0,1992:1,11,unknown-gap,1991,1991,1
10021623,Keleen,Stevens,,F,1992,0,1992:1,9,observed,1989,1989,1
10000735,Jill,Winkler,,F,1992,0,1992:1,10,unknown-gap,1990,1990,1
10000685,Aaron,Booren,,M,1993,0,1993:1,12,unknown-gap,1993,1993,1
10000705,Kami,Sisk,,F,1993,0,1993:2,12,unknown-gap,1993,1993,2
10000704,Hester,Allen,,F,1994,0,1994:1,11,unknown-gap,1993,1993,1
9930822,Louis,Broadhurst,,M,1994,0,1994:1,11,unknown-gap,1993,1993,1
10000691,Shane,Ulrich,,M,1994,0,1994:1,11,unknown-gap,1993,1993,1
9930525,Jonna,Forbes,,F,1995,0,1995:3,11,unknown-gap,1994,1995,3
9930709,Glen,Hester,,M,1995,0,1995:1,11,unknown-gap,1994,1994,1
9930557,Joe,Sisk,,M,1995,0,1995:2,11,unknown-gap,1994,1995,2
9929926,Wyatt,Knight,,M,1996,0,1996:1,12,unknown-gap,1996,1996,1
9929714,Amy,Blau,,F,1997,0,1997:1,12,unknown-gap,1997,1997,1
2448354,Ross,Krempley,,M,1997,0,1997:6,11,unknown-gap,1995,1997,6
9929051,Josh,Fredrickson,,M,1998,0,1998:2,12,unknown-gap,1998,1998,2
9929161,Anya,Mund,,F,1998,0,1998:1,12,unknown-gap,1998,1998,1
9929056,Scott,Zettlemoyer,,M,1998,0,1998:3,12,unknown-gap,1998,1998,3
9915160,Sara,Bachmeier,,F,1999,0,1999:3,10,unknown-gap,1997,1999,3
9915007,Ben,Bunfill,,M,1999,0,1999:1,10,unknown-gap,1997,1997,1
9915153,Katie,Gillespie,,F,1999,0,1999:2,12,unknown-gap,1999,1999,2
9915156,Mary,Murphy,,F,1999,0,1999:2,11,unknown-gap,1998,1999,2
9915009,Brad,Potter,,M,1999,0,1999:1,12,unknown-gap,1999,1999,1
9915151,Cheryl,Anderson,,F,2000,0,2000:1,11,unknown-gap,1999,1999,1
9914780,Sarah,Brown,,F,2000,0,2000:1,12,unknown-gap,2000,2000,1
836648,Ryan,Jones,,M,2000,1,2000:1 2012:1,9,observed,2000,2009,2
9929163,Cindy,Dehaze,,F,2001,0,2001:2,9,observed,1998,1998,2
9914840,Tyler,Harris,,M,2001,0,2001:1,11,unknown-gap,2000,2000,1
9914723,Tim,Harris,,M,2001,0,2001:2,12,unknown-gap,2001,2001,2
9914409,Dan,Ring,,M,2001,0,2001:1,12,unknown-gap,2001,2001,1
9913651,Chase,Francis,,M,2002,0,2002:1,12,unknown-gap,2002,2002,1
9913813,Kasie,Gillespie,,F,2002,0,2002:1,10,unknown-gap,2000,2000,1
9913668,Matt,Reinstadler,,M,2002,0,2002:2,12,unknown-gap,2002,2002,2
9913673,Ryan,Richards,,M,2002,0,2002:1,11,unknown-gap,2001,2001,1
9913635,Anthony,Stinton,,M,2002,0,2002:1,12,unknown-gap,2002,2002,1
2488546,Jessica,Beach,,F,2003,0,2003:5,10,unknown-gap,2001,2003,5
9874351,Jessica,Brookens,,F,2003,0,2003:1,12,unknown-gap,2003,2003,1
9874365,Julie,Brown,,F,2003,0,2003:1,9,observed,2000,2000,1
2488547,Jessica,Fox,,F,2003,0,2003:1,12,unknown-gap,2002,2002,1
9914746,Brittany,Davis,,F,2004,0,2004:2,9,observed,2001,2001,2
4745,Kiel,Harvey,,M,2004,0,2004:1,12,unknown-gap,2004,2004,1
4783,Molly,Johnson,,F,2004,0,2004:1,12,unknown-gap,2004,2004,1
7287,Brock,Kirby,,M,2004,0,2004:1,12,unknown-gap,2004,2004,1
4753,Shaun,Mullin,,M,2004,0,2004:9,12,unknown-gap,2004,2004,9
4755,Kennett,Peterson,,M,2004,0,2004:8,11,unknown-gap,2003,2004,8
4800,Carlee,Stinton,,F,2004,0,2004:1,12,unknown-gap,2004,2004,1
4767,Jenny,Brown,,F,2005,0,2005:14,9,observed,2001,2004,14
9913682,Steffanie,Caster,,F,2005,0,2005:2,9,observed,2002,2002,2
4746,Ryan,Horton,,M,2005,0,2005:29,11,unknown-gap,2003,2005,29
21753,Ashley,Irish,,F,2005,0,2005:2,12,unknown-gap,2005,2005,2
16313,Chad,Judy,,M,2005,0,2005:11,12,unknown-gap,2005,2005,11
4756,David,Reid,,M,2005,0,2005:30,11,unknown-gap,2003,2005,30
4757,Michael,Royse,,M,2005,0,2005:3,11,unknown-gap,2004,2005,3
4739,Scott,Adams,,M,2006,0,2006:3,10,unknown-gap,2004,2004,3
4741,William,Amaya,,M,2006,0,2006:11,10,unknown-gap,2004,2006,11
4765,Sarah,Apple,,F,2006,0,2006:33,9,observed,2002,2006,33
16322,Michael,Blackham,,M,2006,0,2006:1,11,unknown-gap,2005,2005,1
16327,Camillo,Chericone,,M,2006,0,2006:2,11,unknown-gap,2005,2005,2
16346,Marissa,Christensen,,F,2006,0,2006:6,11,unknown-gap,2005,2005,6
4743,AJ,Dutra,,M,2006,0,2006:6,10,unknown-gap,2004,2006,6
23597,Andrew,Folsom,,M,2006,0,2006:7,11,unknown-gap,2004,2005,7
4781,Julia,Hale,,F,2006,0,2006:27,10,unknown-gap,2003,2006,27
16323,Dan,Hegeberg,,M,2006,0,2006:23,11,unknown-gap,2005,2006,23
4784,Ashley,Kerekanec,,F,2006,0,2006:4,10,unknown-gap,2004,2005,4
4785,Emily,Kiser,,F,2006,1,2006:25 2007:5,9,observed,2004,2006,30
4787,Tara,Krempley,,F,2006,0,2006:26,9,observed,2002,2006,26
4789,Meghan,Mulligan,,F,2006,0,2006:43,9,observed,2002,2006,43
24086,Michael,Orsrsolini,,M,2006,0,2006:4,12,unknown-gap,2005,2005,4
17251,Adam,Phillips,,M,2006,0,2006:13,11,unknown-gap,2005,2005,13
4798,Bailey,Schutte,,F,2006,0,2006:12,9,observed,2002,2004,12
4799,Tamsen,Shilling,,F,2006,0,2006:3,10,unknown-gap,2004,2004,3
2488548,Samantha,Stilson,,F,2006,0,2006:2,9,observed,2002,2003,2
4762,Brandon,Thiel,,M,2006,0,2006:4,10,unknown-gap,2004,2005,4
23607,Marc,Whitehead,,M,2006,0,2006:3,12,unknown-gap,2005,2005,3
4766,Katherine,Born,,F,2007,0,2007:2,9,observed,2004,2005,2
9168,Stephanie,Burke,,F,2007,0,2007:1,9,observed,2004,2004,1
16335,Kristina,Cauthorn,,F,2007,0,2007:1,10,late-entry,2005,2005,1
4768,Alex,Condon,,F,2007,0,2007:4,9,observed,2004,2007,4
4770,Alyssa,Dinsmore,,F,2007,0,2007:46,9,observed,2003,2007,46
17248,Ian,Dobbins,,M,2007,0,2007:1,10,late-entry,2005,2005,1
4773,Abbie,Eastman,,F,2007,0,2007:7,9,observed,2004,2005,7
4744,Zhenya,Fedorenko,,M,2007,0,2007:5,9,observed,2004,2004,5
4776,Megan,Foster,,F,2007,0,2007:1,9,observed,2004,2004,1
4779,Lindsee,Gaylord,,F,2007,0,2007:3,9,observed,2004,2005,3
42431,Luke,Gilgan,,M,2007,0,2007:1,11,late-entry,2006,2006,1
90752,Corrin,Hardesty,,F,2007,0,2007:9,12,unknown-gap,2006,2006,9
138082,Corrnn,Hardesty,,F,2007,0,2007:7,12,late-entry,2007,2007,7
4782,Renee,Hlasnik,,F,2007,0,2007:1,9,observed,2004,2004,1
14305,David,Irish,,M,2007,0,2007:1,10,late-entry,2005,2005,1
16320,Nick,Kalina,,M,2007,0,2007:39,10,late-entry,2005,2007,39
4748,Christopher,Kiser,,M,2007,0,2007:22,9,observed,2004,2007,22
4786,Chelsea,Kluser,,F,2007,0,2007:16,9,observed,2004,2007,16
14313,Whitney,Ladzick,,F,2007,0,2007:1,10,late-entry,2005,2005,1
50341,Ryan,Lobdell,,M,2007,0,2007:3,11,late-entry,2006,2007,3
16355,Stephanie,Michael,,F,2007,0,2007:1,10,late-entry,2005,2005,1
16317,Jared,Newell,,M,2007,0,2007:5,10,late-entry,2005,2007,5
19277,Adam,Olson,,M,2007,0,2007:3,10,late-entry,2005,2005,3
4754,Timothy,Otto,,M,2007,0,2007:9,9,observed,2004,2007,9
14317,Rachel,Parker,,F,2007,0,2007:1,10,late-entry,2005,2005,1
14311,Ilsa,Paulson,,F,2007,0,2007:44,10,unknown-gap,2004,2007,44
4790,Raichelle,Price,,F,2007,0,2007:1,9,observed,2004,2004,1
23596,Peter,Reid,,M,2007,0,2007:17,10,unknown-gap,2004,2006,17
14319,Lauren,Royse,,F,2007,0,2007:2,10,late-entry,2005,2005,2
4794,Kendra,Rychlick,,F,2007,0,2007:4,9,observed,2004,2006,4
4796,Emily,Schulte,,F,2007,0,2007:5,9,observed,2004,2007,5
4761,Chris,Stearns,,M,2007,0,2007:2,9,observed,2004,2004,2
16318,Geo,Tamariz,,M,2007,0,2007:2,10,late-entry,2005,2005,2
10117,Bejan,Tavazoie,,M,2007,0,2007:1,9,observed,2004,2004,1
23598,Rob,Thompson,,M,2007,0,2007:42,11,unknown-gap,2005,2007,42
138133,Spencer,Wolfley,,M,2007,0,2007:1,12,late-entry,2007,2007,1
50345,Kosha,Adamson,,F,2008,0,2008:1,10,late-entry,2006,2006,1
90747,Michael,Aden,,M,2008,0,2008:8,11,late-entry,2006,2006,8
23610,Charles,Baugh,,M,2008,0,2008:10,10,late-entry,2005,2006,10
14310,Trent,Birch,,M,2008,0,2008:17,9,observed,2005,2006,17
241448,Melany,Boulton,,F,2008,0,2008:8,12,late-entry,2007,2007,8
16345,Shannon,Bradley,,F,2008,0,2008:21,9,observed,2004,2006,21
23881,Elizabeth,Bushnell,,F,2008,0,2008:25,10,late-entry,2005,2007,25
16337,Erica,Chamberlain,,F,2008,0,2008:5,9,observed,2005,2007,5
17971,Curtis,Fisher,,M,2008,0,2008:4,10,late-entry,2006,2008,4
90738,Ben,Galloway,,M,2008,0,2008:13,11,late-entry,2006,2007,13
16312,Joel,Hale,,M,2008,0,2008:90,9,observed,2004,2008,90
92890,Haylee,Haynes,,F,2008,1,2008:7 2009:7,11,late-entry,2006,2007,14
297373,Wesley,King,,M,2008,0,2008:1,12,late-entry,2008,2008,1
16324,Kole,Krieger,,M,2008,0,2008:2,9,observed,2005,2008,2
16325,Greg,Lemay,,M,2008,0,2008:82,9,observed,2004,2008,82
138098,Ethan,Lohse,,M,2008,0,2008:1,11,late-entry,2007,2007,1
17250,Ryan,Macauley,,M,2008,0,2008:4,9,observed,2005,2006,4
23603,Ryan,McCauley,,M,2008,0,2008:14,10,late-entry,2005,2006,14
23604,Spencer,McGee,,M,2008,0,2008:11,10,late-entry,2005,2006,11
241445,Chad,Miller,,M,2008,0,2008:8,12,late-entry,2007,2007,8
90743,Brantley,Miller-Stecher,,M,2008,0,2008:25,11,late-entry,2006,2008,25
16333,Courtney,Minor,,F,2008,0,2008:3,9,observed,2005,2006,3
23608,Ian,Mulligan,,M,2008,0,2008:14,10,late-entry,2005,2006,14
16309,J.J,Park,,M,2008,0,2008:7,9,observed,2005,2005,7
330758,JJ,Park,,M,2008,0,2008:2,12,late-entry,2008,2008,2
23609,Tyler,Pascua,,M,2008,0,2008:26,10,late-entry,2005,2007,26
90756,Katie,Patterson,,F,2008,0,2008:15,11,late-entry,2006,2007,15
16330,Scott,Shamburg,,M,2008,0,2008:1,9,observed,2005,2005,1
16331,Courtney,Smurdon,,F,2008,0,2008:25,9,observed,2005,2006,25
138120,Michael,Sorensen,,M,2008,0,2008:15,11,late-entry,2007,2008,15
16321,Mike,Sorenson,,M,2008,0,2008:4,9,observed,2005,2005,4
16332,Su Rei,Taylor,,F,2008,0,2008:2,9,observed,2005,2005,2
36861,Coleen,Thrift,,F,2008,0,2008:2,10,unknown-gap,2004,2006,3
138130,Paul,Van Ess,,M,2008,0,2008:4,11,late-entry,2007,2008,4
14306,Randon,White,,M,2008,0,2008:51,9,observed,2004,2007,51
17252,Michael,Widmer,,M,2008,0,2008:3,9,observed,2005,2005,3
90746,Aaron,Wong,,M,2008,0,2008:13,11,late-entry,2006,2007,13
836735,Luis,Amaya,,M,2009,0,2009:2,12,late-entry,2009,2009,2
297355,Thomas,Bacewich,,M,2009,0,2009:6,11,late-entry,2008,2008,6
138074,Jordan,Bigam,,M,2009,0,2009:29,10,late-entry,2007,2009,29
241449,Kayli,Brown,,F,2009,0,2009:22,11,late-entry,2007,2008,22
37078,Bahkari,Carter,,F,2009,0,2009:1,9,observed,2006,2006,1
859164,Bakhari,Carter,,F,2009,0,2009:1,12,late-entry,2009,2009,1
90736,Greg,Crump,,M,2009,1,2009:15 2010:9,9,observed,2006,2009,24
37009,Dan,Cushing,,M,2009,0,2009:77,9,observed,2006,2009,77
138078,Tyler,Dickson,,M,2009,0,2009:3,10,late-entry,2007,2008,3
531609,Katharina,Fassbender,,F,2009,0,2009:6,12,late-entry,2008,2008,6
37014,Bradye,Gough,,M,2009,0,2009:32,9,observed,2006,2007,32
90740,Taylor,Gray,,M,2009,0,2009:8,10,late-entry,2006,2006,8
26491,Scott,Harris,,M,2009,0,2009:3,10,late-entry,2007,2007,3
138085,Michelle,Hlasnik,,F,2009,0,2009:8,10,late-entry,2007,2007,8
23599,Tyler,Holstrom,,M,2009,0,2009:64,9,observed,2005,2008,64
37052,Kelsey,Irish,,F,2009,0,2009:1,9,observed,2006,2006,1
253367,Kelsey,Jarone,,F,2009,0,2009:4,11,late-entry,2007,2007,4
23611,Cortney,Jones,,F,2009,0,2009:57,9,observed,2005,2008,57
42499,Michaela,Loewer,,F,2009,0,2009:8,9,observed,2006,2009,8
37017,Jonathan,Ng,,M,2009,0,2009:14,9,observed,2006,2006,14
23880,Kristin,Oenning,,F,2009,0,2009:61,9,observed,2005,2008,61
531598,Erik,Parker,,M,2009,0,2009:8,12,late-entry,2008,2008,8
42439,Eric,Parker,,M,2009,0,2009:36,9,observed,2006,2009,36
42442,Galen,Peterson,,M,2009,0,2009:1,9,observed,2006,2006,1
37060,Matthew,Peterson,,M,2009,0,2009:2,9,observed,2006,2008,2
138111,Jessica,Powell,,F,2009,0,2009:13,10,late-entry,2007,2008,13
23602,Katie,Powers,,F,2009,0,2009:24,9,observed,2005,2007,24
23605,Nathan,Ranno,,M,2009,0,2009:36,9,observed,2005,2008,36
23600,Marissa,Ranno,,F,2009,0,2009:64,9,observed,2005,2008,64
23606,Daniel,Reid,,M,2009,0,2009:29,9,observed,2005,2008,29
138113,Lauren,Richardson,,F,2009,0,2009:1,10,late-entry,2007,2007,1
37056,Allina,Schmeltzer,,F,2009,0,2009:2,9,observed,2006,2007,2
138117,Kyle,Smurdon,,M,2009,0,2009:5,10,late-entry,2007,2007,5
138127,Anthony,Tahayeri,,M,2009,1,2009:2 2010:2,9,observed,2007,2008,4
172351,Denver,Taylor,,M,2009,0,2009:1,10,late-entry,2007,2007,1
23612,Kelsey,Thalhofer,,F,2009,0,2009:78,9,observed,2005,2009,78
42483,Derek,Thomas,,M,2009,0,2009:5,9,observed,2006,2008,5
50598,Isam,Urzua,,M,2009,0,2009:2,10,late-entry,2007,2007,2
42501,Amanda,Valenzuela,,F,2009,0,2009:3,9,observed,2006,2007,3
62962,Ryan,Vauble,,M,2009,0,2009:22,9,observed,2006,2008,22
42354,Luke,Widows,,M,2009,0,2009:68,9,observed,2006,2009,68
531626,Abby,Wolf,,F,2009,0,2009:6,12,late-entry,2008,2008,6
42503,Angel,Woodard,,F,2009,0,2009:2,9,observed,2006,2006,2
1901971,Matthew,Ariniello,,M,2010,0,2010:1,12,late-entry,2010,2010,1
138072,Ashley,Armitage,,F,2010,0,2010:51,9,observed,2007,2010,51
138073,Zach,Baker,,M,2010,0,2010:19,10,late-entry,2007,2009,19
531629,Jenae,Bartlow,,F,2010,0,2010:8,11,late-entry,2008,2008,8
138075,Monica,Bletcher,,F,2010,0,2010:3,9,observed,2007,2008,3
138076,Brooke,Borla,,F,2010,0,2010:1,9,observed,2007,2007,1
90748,Carlyn,Boyle,,F,2010,0,2010:8,9,observed,2006,2006,8
90734,Brandon,Carlson,,M,2010,0,2010:8,9,observed,2006,2006,8
90735,Christian,Carson,,M,2010,0,2010:7,9,observed,2006,2006,7
1901982,Spencer,Cuffaro,,M,2010,0,2010:9,12,late-entry,2010,2010,9
90737,Kris,Davalos,,M,2010,0,2010:6,9,observed,2006,2006,6
1419524,Kyle,Dowdle,,M,2010,0,2010:8,12,late-entry,2009,2009,8
1462417,Nathan,Doyle,,M,2010,0,2010:4,12,late-entry,2009,2009,4
241453,Chelsea,Earl,,F,2010,0,2010:3,10,late-entry,2007,2007,3
90750,Samantha,Farwell,,F,2010,0,2010:22,9,observed,2006,2009,22
1901985,Chris,Fellers,,M,2010,0,2010:2,12,late-entry,2010,2010,2
146574,Kassee,Flint,,F,2010,0,2010:1,9,observed,2007,2007,1
531591,Bryce,Foster,,M,2010,0,2010:6,11,late-entry,2008,2008,6
138081,Lindsey,Goedecke,,F,2010,0,2010:1,9,observed,2007,2007,1
90739,Tanner,Gray,,M,2010,0,2010:33,9,observed,2006,2009,33
297326,Rebekah,Hancock,,F,2010,0,2010:5,10,late-entry,2008,2009,5
90751,Kaitlyn,Harbick,,F,2010,0,2010:92,9,observed,2006,2010,92
836728,Moriah,Hilden,,F,2010,0,2010:9,11,late-entry,2009,2010,9
138087,Johny,Howard,,M,2010,0,2010:2,9,observed,2007,2007,2
836734,Malea,Johnson,,F,2010,0,2010:14,11,late-entry,2009,2009,14
138088,Britney,Johnson,,F,2010,0,2010:8,9,observed,2007,2010,8
99709,Jonathan,Kiser,,M,2010,0,2010:43,9,observed,2006,2010,43
138096,Kyle,Krempley,,M,2010,0,2010:60,9,observed,2007,2010,60
1419534,Kenneth,Lane,,M,2010,0,2010:9,12,late-entry,2009,2009,9
241454,Lauren,Leonard,,F,2010,0,2010:7,10,late-entry,2007,2007,7
90741,Ryan,Mahan,,M,2010,0,2010:29,9,observed,2006,2009,29
138100,Kathryn,Mariman,,F,2010,0,2010:20,10,late-entry,2007,2010,20
138104,Makenzi,McSmith,,F,2010,0,2010:2,9,observed,2007,2007,2
1471900,Stefani,Miller,,F,2010,0,2010:3,12,late-entry,2009,2009,3
531593,Colton,Naef,,M,2010,0,2010:4,11,late-entry,2008,2008,4
531595,Dylan,Naef,,M,2010,0,2010:9,11,late-entry,2008,2009,9
1419542,Connie,Ng,,F,2010,0,2010:7,12,late-entry,2009,2009,7
90754,Kaylynn,Oaks,,F,2010,0,2010:52,9,observed,2006,2010,52
90755,Mackenzie,Owen,,F,2010,0,2010:12,9,observed,2006,2007,12
297378,Nicholas,Pai,,M,2010,0,2010:20,10,late-entry,2008,2010,20
138108,Frances,Pavao,,F,2010,0,2010:1,11,late-entry,2009,2009,1
138110,Mesha,Perkins,,F,2010,0,2010:68,9,observed,2007,2010,68
90744,Nicholas,Pihl,,M,2010,0,2010:16,9,observed,2006,2007,16
1902010,Nathan,Potter,,M,2010,0,2010:1,12,late-entry,2010,2010,1
172352,Julian,Preciado,,M,2010,0,2010:2,9,observed,2007,2007,2
241452,Milena,Radanovic,,F,2010,0,2010:52,10,late-entry,2007,2010,52
90757,Krista,Ranno,,F,2010,0,2010:45,9,observed,2006,2009,45
138112,Brianna,Richardson,,F,2010,0,2010:1,9,observed,2007,2007,1
138115,Geo,Sixtos,,M,2010,0,2010:2,9,observed,2007,2007,2
138116,Stephanie,Smith,,F,2010,0,2010:2,9,observed,2007,2007,2
836730,Gerbis,Soler-Gonzalez,,M,2010,0,2010:5,11,late-entry,2009,2010,5
138125,Freddy,Stein,,M,2010,0,2010:2,9,observed,2007,2007,2
836731,Julia,Storey,,F,2010,0,2010:1,11,late-entry,2009,2009,1
149518,Amy,Vanderberg,,F,2010,0,2010:4,9,observed,2007,2008,4
241447,Ken,Vanderburg,,M,2010,0,2010:9,10,late-entry,2007,2007,9
90760,Stephanie,Viers,,F,2010,0,2010:8,9,observed,2006,2007,8
241446,Chris,Whitehead,,M,2010,0,2010:15,10,late-entry,2007,2008,15
138131,TJ,Wilson,,M,2010,0,2010:2,9,observed,2007,2007,2
90763,Danielle,Wygant,,F,2010,0,2010:1,9,observed,2006,2006,1
1419519,Gabe,Adams,,M,2011,0,2011:8,11,late-entry,2009,2009,8
1419550,Shelby,Anderson,,F,2011,0,2011:12,11,late-entry,2009,2010,12
297358,David,Barrow,,M,2011,0,2011:7,9,observed,2008,2009,7
1419536,Makenzie,Budge,,F,2011,0,2011:18,11,late-entry,2009,2010,18
836699,Meagan,Burrus,,F,2011,0,2011:2,11,late-entry,2010,2011,2
297320,Kayla,Caddell,,F,2011,0,2011:9,9,observed,2008,2011,9
297360,Hannah,Chamberlain,,F,2011,0,2011:1,10,late-entry,2009,2009,1
297362,Kaylee,Chavez,,F,2011,0,2011:9,10,late-entry,2008,2009,9
297322,Rachel,Cichoski,,F,2011,0,2011:4,9,observed,2008,2009,4
836700,Kenzie,Conner,,F,2011,0,2011:5,11,late-entry,2009,2010,5
836701,Michelle,Diaz,,F,2011,0,2011:11,10,late-entry,2009,2010,11
297363,Wilson,Disch,,M,2011,0,2011:2,9,observed,2008,2008,2
297364,Tyler,Dowdle,,M,2011,0,2011:29,9,observed,2008,2010,29
297365,Peter,Dyke,,M,2011,0,2011:10,9,observed,2008,2008,10
297323,Chelsa,Elliot,,F,2011,0,2011:36,9,observed,2008,2011,36
531606,Chelsea,Elliott,,F,2011,0,2011:25,10,late-entry,2008,2010,25
836703,Zachary,Estep,,M,2011,0,2011:38,10,late-entry,2009,2011,38
836696,Dallas,Estep,,M,2011,0,2011:1,10,late-entry,2009,2009,1
297366,Harris,Foster,,M,2011,0,2011:8,9,observed,2008,2010,8
1419526,Gabriel,Glasser,,M,2011,0,2011:9,11,late-entry,2009,2009,9
1901989,Alyssa,Gonzalez,,F,2011,0,2011:2,11,late-entry,2010,2010,2
836692,Kelsey,Greene,,F,2011,0,2011:23,10,late-entry,2009,2010,23
1901991,McKenzie,Griffin,,F,2011,0,2011:3,11,late-entry,2010,2011,3
241443,Zachary,Grubbe,,M,2011,0,2011:36,9,observed,2007,2010,36
1419537,Amy,Hagan,,F,2011,0,2011:20,11,late-entry,2009,2010,20
241444,Benjamin,Haggard,,M,2011,0,2011:14,9,observed,2007,2008,14
297367,Ben,Haggard,,M,2011,0,2011:8,9,observed,2008,2009,8
1419529,Logan,Hardt,,M,2011,0,2011:9,11,late-entry,2009,2009,9
533224,Jagger,Heckman,,M,2011,0,2011:45,10,late-entry,2008,2011,45
836705,Matt,Holland,,M,2011,0,2011:6,10,late-entry,2009,2011,6
1452003,Keikoanne,Hollins,,F,2011,0,2011:51,11,late-entry,2009,2011,51
2959390,Michelle,Jensen,,F,2011,0,2011:3,12,late-entry,2011,2011,3
2543152,Spencer,Lafarge,,M,2011,0,2011:6,12,late-entry,2010,2010,6
1419531,Kooper,Mcgee,,M,2011,0,2011:9,11,late-entry,2009,2009,9
297334,Madison,Moore,,F,2011,0,2011:5,10,late-entry,2009,2009,5
1419533,Curtis,Mostul,,M,2011,0,2011:18,11,late-entry,2009,2010,18
531596,Ethan,Naef,,M,2011,0,2011:15,10,late-entry,2008,2009,15
297376,Christopher,Organiz,,M,2011,0,2011:3,9,observed,2008,2010,3
1451998,Trevor,Osterman,,M,2011,0,2011:5,11,late-entry,2009,2009,5
531619,Andrea,Palacios,,F,2011,0,2011:22,10,late-entry,2008,2010,22
541987,Juliann,Peterson,,F,2011,0,2011:17,10,late-entry,2008,2010,17
836727,Ariel,Puckett,,F,2011,0,2011:1,10,late-entry,2009,2009,1
1902011,Spencer,Raibley,,M,2011,0,2011:13,11,late-entry,2010,2010,13
1471905,Brooke,Rennie,,F,2011,0,2011:1,11,late-entry,2009,2009,1
1462418,Brandon,Royse,,M,2011,0,2011:3,11,late-entry,2009,2009,3
297381,Griffin,Ruehl,,M,2011,0,2011:1,9,observed,2008,2008,1
297340,Jenna,Sandberg,,F,2011,0,2011:2,9,observed,2008,2011,2
297341,Jonica,Schmeltzer,,F,2011,0,2011:1,9,observed,2008,2008,1
2959269,Eric,Skurdahl,,M,2011,0,2011:2,12,late-entry,2011,2011,2
331544,Michael,Smith,,M,2011,0,2011:3,10,late-entry,2009,2009,3
297344,Daniela,Solis,,F,2011,0,2011:14,9,observed,2008,2009,14
836695,Emily,Sorenson,,F,2011,0,2011:4,10,late-entry,2009,2011,4
351815,Shannon,Sunseri,,F,2011,0,2011:4,9,observed,2008,2009,4
328047,Sabastian,Walton,,M,2011,0,2011:40,9,observed,2008,2011,40
1452001,Sierra,White,,F,2011,0,2011:4,11,late-entry,2009,2009,4
1419535,Jackson,Wright,,M,2011,0,2011:18,11,late-entry,2009,2010,18
836644,Peter,Alley,,M,2012,0,2012:68,9,observed,2009,2012,68
3949033,Dane,Anderson,,M,2012,0,2012:12,12,late-entry,2012,2012,12
1419520,Alex,Auerbach,,M,2012,0,2012:15,10,late-entry,2009,2010,15
531585,Nicholas,Babcock,,M,2012,0,2012:12,9,observed,2008,2009,12
858846,Nick,Babcock,,M,2012,0,2012:9,9,observed,2009,2009,9
1451991,Michaela,Bailey,,F,2012,0,2012:33,10,late-entry,2009,2011,33
1451994,Kendall,Birch,,F,2012,0,2012:26,10,late-entry,2009,2010,26
1923887,Brandon,Blackshear,,M,2012,0,2012:2,10,late-entry,2010,2010,2
1456963,Hailee,Brownell-Haslip,,F,2012,0,2012:21,10,late-entry,2009,2011,21
2543145,Colin,Cauthorn,,M,2012,0,2012:13,11,late-entry,2010,2011,13
836645,Hope,Christenson,,F,2012,0,2012:23,9,observed,2009,2010,23
531603,Emma,Christler,,F,2012,0,2012:65,9,observed,2008,2012,65
531587,Tyler,Denton,,M,2012,0,2012:33,9,observed,2008,2010,33
4036499,Nicholas,Didschan,,M,2012,0,2012:2,12,late-entry,2012,2012,2
2959354,Leah,Fechter,,F,2012,0,2012:11,11,late-entry,2011,2011,11
1901988,Caleb,Galindo,,M,2012,0,2012:1,10,late-entry,2010,2010,1
3014123,Wilson,Hanson,,M,2012,0,2012:8,11,late-entry,2011,2011,8
2543190,Noell,Heckendorn,,F,2012,0,2012:12,11,late-entry,2010,2011,12
2556861,Evan,Heslop,,M,2012,0,2012:28,11,late-entry,2010,2012,28
836678,Perrin,Hess,,M,2012,0,2012:52,9,observed,2009,2012,52
531613,Nicole,Hurley,,F,2012,0,2012:47,9,observed,2008,2011,47
1967901,Christopher,Johnson,,M,2012,0,2012:28,10,late-entry,2010,2012,28
836680,Victoria,Kalina,,F,2012,0,2012:67,9,observed,2009,2011,67
836661,Teegan,Koster,,F,2012,0,2012:2,9,observed,2009,2011,2
4036519,Mitchell,Kruse,,M,2012,0,2012:2,12,late-entry,2012,2012,2
3949043,Anton,Laine,,M,2012,0,2012:6,12,late-entry,2012,2012,6
1902002,Max,Lierow,,M,2012,0,2012:21,10,late-entry,2010,2012,21
836662,Steven,Long,,M,2012,0,2012:5,9,observed,2009,2010,5
531616,Rianna,Mariman,,F,2012,0,2012:31,9,observed,2008,2010,31
3607353,Issac,Marshall,,M,2012,0,2012:8,12,late-entry,2011,2011,8
836663,Jonathan,Martin,,M,2012,0,2012:5,9,observed,2009,2010,5
1902006,Kevin,McVicker,,M,2012,0,2012:51,10,late-entry,2010,2012,51
1419541,Jazmyne,Morrison,,F,2012,0,2012:19,10,late-entry,2009,2011,19
542001,Nate,Normo,,M,2012,0,2012:11,9,observed,2008,2009,11
836682,Nathan,Normo,,M,2012,0,2012:28,9,observed,2009,2010,28
2959177,Mason,Penrod,,M,2012,0,2012:3,11,late-entry,2011,2011,3
836664,Savannah,Poarch,,F,2012,0,2012:4,9,observed,2009,2010,4
836640,John,Powers,,M,2012,0,2012:1,11,late-entry,2011,2011,1
1419545,Megan,Prehm,,F,2012,0,2012:32,10,late-entry,2009,2011,32
3607396,Megan,Rallison,,F,2012,0,2012:5,12,late-entry,2011,2011,5
836665,Mckayla,Rath,,F,2012,0,2012:7,9,observed,2009,2011,7
3607380,Sydney,Rosebalm,,F,2012,0,2012:7,12,late-entry,2011,2011,7
3949066,Kim,Schroeder,,F,2012,0,2012:5,12,late-entry,2012,2012,5
1902015,Mitchell,Schwabel,,M,2012,0,2012:2,10,late-entry,2010,2010,2
836674,Spencer,Seal,,M,2012,0,2012:1,11,late-entry,2011,2011,1
2560343,Kara,Sheppard,,F,2012,0,2012:6,11,late-entry,2010,2010,6
3949045,Zac,Smith,,M,2012,0,2012:3,12,late-entry,2012,2012,3
539953,Cara,Smurdon,,F,2012,0,2012:61,9,observed,2008,2011,61
2959531,Leanne,Snyder,,F,2012,0,2012:3,11,late-entry,2011,2011,3
1902018,Austin,Spencer,,M,2012,0,2012:3,10,late-entry,2010,2010,3
836666,Brent,Summers,,M,2012,0,2012:3,9,observed,2009,2012,3
2604404,Alex,Suttle,,F,2012,0,2012:4,11,late-entry,2010,2010,4
1923897,David,Tam,,M,2012,0,2012:28,10,late-entry,2010,2012,28
836668,Mia,Tavera,,F,2012,0,2012:2,9,observed,2009,2010,2
531623,Kylie,Thalhofer,,F,2012,0,2012:97,9,observed,2008,2012,97
2959292,Christian,Tilloston,,M,2012,0,2012:20,11,late-entry,2011,2012,20
3607383,Christian,Tillotson,,M,2012,0,2012:2,12,late-entry,2011,2011,2
1902019,Jack,Tillotson,,M,2012,0,2012:3,10,late-entry,2010,2011,3
836670,Bryce,Tuohy,,M,2012,0,2012:30,9,observed,2009,2011,30
3623905,Theri,Urbanek,,F,2012,1,2012:5 2013:5,11,late-entry,2011,2012,10
836672,Christian,Verkest,,M,2012,0,2012:10,9,observed,2009,2012,10
1901968,Caitliln,Allen,,F,2013,0,2013:8,9,observed,2010,2010,8
1901970,Connor,Anderson,,M,2013,0,2013:29,9,observed,2010,2012,29
1901969,Nathan,Anderson,,M,2013,0,2013:2,9,observed,2010,2010,2
6236839,Noah,Battle,,M,2013,0,2013:6,9,observed,2010,2011,6
1419521,Erik,Bennett,,M,2013,0,2013:25,9,observed,2009,2011,25
1901975,Jacob,Brooks,,M,2013,0,2013:2,9,observed,2010,2010,2
1419522,Brandon,Brouse,,M,2013,0,2013:5,9,observed,2009,2009,5
2087332,Colt,Caddell,,M,2013,0,2013:2,9,observed,2010,2010,2
1901977,Nicholas,Cameron,,M,2013,0,2013:26,9,observed,2010,2011,26
2551555,Payton,Chertude,,M,2013,0,2013:7,10,late-entry,2010,2013,7
1901978,d'Artagnan,Childers,,M,2013,0,2013:4,9,observed,2010,2011,4
1451996,Collin,Christensen,,M,2013,0,2013:23,9,observed,2009,2011,23
1913893,Kaelin,Clendenin,,M,2013,0,2013:9,9,observed,2010,2010,9
1901981,Kayla,Cosio,,F,2013,0,2013:3,9,observed,2010,2011,3
2543140,James,Curry,,M,2013,0,2013:7,10,late-entry,2010,2010,7
3095240,Ciaran,Dillon,,M,2013,0,2013:2,10,late-entry,2011,2011,2
4677703,Logan,Dix,,M,2013,0,2013:7,12,late-entry,2012,2012,7
1419523,Devon,Donahue,,M,2013,0,2013:70,9,observed,2009,2013,70
3949012,Conner,Duppenthaler,,M,2013,0,2013:3,11,late-entry,2012,2013,3
3014407,Tyler,Ebert,,M,2013,0,2013:17,9,observed,2010,2010,17
5139248,Emil,Eriksson,,M,2013,0,2013:3,12,late-entry,2013,2013,3
1419525,Caleb,Farwell,,M,2013,0,2013:11,9,observed,2009,2010,11
3607373,Kelsi,Fasano,,F,2013,0,2013:4,11,late-entry,2011,2011,4
1901990,Annie,Govig,,F,2013,0,2013:2,9,observed,2010,2010,2
2543193,Devon,Greene,,F,2013,0,2013:51,10,late-entry,2010,2012,51
2039100,Aiden,Hackett,,M,2013,0,2013:6,9,observed,2010,2011,6
2551552,TJ,Haimoto,,M,2013,0,2013:22,10,late-entry,2010,2012,22
1419528,Andrew,Hamburger,,M,2013,0,2013:41,9,observed,2009,2011,41
1452005,Emily,Hamilton,,F,2013,0,2013:30,9,observed,2009,2012,30
1901995,Mikayla,Howes,,F,2013,0,2013:5,9,observed,2010,2013,5
1901996,Jessica,Imbrie,,F,2013,0,2013:51,9,observed,2010,2013,51
1923894,Robby,Johnson,,M,2013,0,2013:5,9,observed,2010,2010,5
3949014,Vernon,Johnson,,M,2013,0,2013:2,11,late-entry,2012,2013,2
1452002,Rebecca,Killion,,F,2013,0,2013:7,9,observed,2009,2009,7
1901998,Daniel,Kim,,M,2013,0,2013:61,9,observed,2010,2012,61
1419530,Andrew,Kiser,,M,2013,0,2013:32,9,observed,2009,2011,32
2959402,Tear'sa,Krieger,,F,2013,0,2013:1,10,late-entry,2011,2011,1
1902001,Josie,Kringelhede,,F,2013,0,2013:6,9,observed,2010,2012,6
4764829,Flor,Kusnezor,,F,2013,0,2013:2,12,late-entry,2012,2012,2
1902003,Michael,Long,,M,2013,0,2013:8,9,observed,2010,2010,8
1419538,Kelli,Mahoney,,F,2013,0,2013:36,9,observed,2009,2011,36
1419539,Miriam,Marsh,,F,2013,0,2013:67,9,observed,2009,2013,67
2959462,Sydney,McCarthy,,F,2013,0,2013:1,10,late-entry,2011,2011,1
2959500,Leigha,McCreery,,F,2013,0,2013:1,10,late-entry,2011,2011,1
1419540,Abigail,Mccullen,,F,2013,0,2013:4,9,observed,2009,2009,4
1902005,Kiana,McCurry-Earl,,F,2013,0,2013:20,9,observed,2010,2012,20
2543165,Kyle,Mcguigan,,M,2013,0,2013:13,10,late-entry,2010,2012,13
1419532,Timothy,Meier,,M,2013,0,2013:31,9,observed,2009,2012,31
1902007,Zachary,Milligan,,M,2013,0,2013:1,9,observed,2010,2010,1
2543159,Jordan,Morales,,M,2013,0,2013:24,10,late-entry,2010,2012,24
1902008,Cristian,Morris,,M,2013,0,2013:10,9,observed,2010,2013,10
4696436,Nancy,Nguyen,,F,2013,0,2013:3,12,late-entry,2012,2012,3
1419543,Kelsey,Niebergall,,F,2013,0,2013:36,9,observed,2009,2012,36
1462416,Lyndi-Rae,Petty,,F,2013,0,2013:29,9,observed,2009,2012,29
1902009,Lyndi,Petty,,F,2013,0,2013:11,9,observed,2010,2010,11
1419544,Keatley,Pihl,,F,2013,0,2013:26,9,observed,2009,2012,26
3654348,Lesley,Plata-Valenzulea,,F,2013,0,2013:5,11,late-entry,2011,2011,5
2543162,Nolan,Rader,,M,2013,0,2013:21,10,late-entry,2010,2012,21
1902012,Chris,Roth,,M,2013,0,2013:66,9,observed,2010,2013,66
1451999,Emily,Sackinger,,F,2013,0,2013:42,9,observed,2009,2012,42
1419546,Kendyl,Sandersen,,F,2013,0,2013:31,9,observed,2009,2012,31
1902013,Blake,Schaefer,,M,2013,0,2013:5,9,observed,2010,2013,5
1902014,Meghan,Schoen,,F,2013,0,2013:3,9,observed,2010,2010,3
2543139,Michael,Segoviano,,M,2013,0,2013:28,10,late-entry,2010,2011,28
1902016,Michael,Sheehan,,M,2013,0,2013:5,9,observed,2010,2013,5
1902017,Jordan,Skoubo,,M,2013,0,2013:2,9,observed,2010,2010,2
1419547,Emily,Snyder,,F,2013,0,2013:4,9,observed,2009,2009,4
3949082,Hillary,Tam,,F,2013,0,2013:1,11,late-entry,2012,2012,1
2543157,Dakota,Theim,,M,2013,0,2013:10,10,late-entry,2010,2010,10
37036,Cody,Thompson,,M,2013,0,2013:88,9,observed,2010,2013,88
2959317,Elizabeth,Alvarez,,F,2014,0,2014:1,9,observed,2011,2011,1
2543173,Colin,Auerbach,,M,2014,0,2014:17,9,observed,2010,2011,17
2959086,Collin,Auerbach,,M,2014,0,2014:12,9,observed,2011,2011,12
3948969,Andrew,Beaudoin,,M,2014,0,2014:4,10,late-entry,2012,2013,4
2543196,Kennedy,Benitez,,F,2014,0,2014:7,9,observed,2010,2010,7
2959320,Lacey,Bjondal,,F,2014,0,2014:2,9,observed,2011,2011,2
3607365,Lacey,Bjorndal,,F,2014,0,2014:5,11,late-entry,2012,2012,5
2959094,Ryan,Blickfeldt,,M,2014,0,2014:6,9,observed,2011,2012,6
2959323,Chelsey,Branner,,F,2014,0,2014:4,9,observed,2011,2012,4
2959098,Carter,Braun,,M,2014,0,2014:3,9,observed,2011,2011,3
2959100,Iain,Cassidy,,M,2014,0,2014:21,9,observed,2011,2013,21
3948973,Christian,Chase,,M,2014,0,2014:7,10,late-entry,2012,2012,7
2959327,Tammy,Chau,,F,2014,0,2014:2,9,observed,2011,2011,2
2959333,Angelica,Cisneros,,F,2014,0,2014:2,9,observed,2011,2011,2
12149215,Nick,Clark,,M,2014,0,2014:2,12,late-entry,2014,2014,2
4698312,Angela,Colgrove,,F,2014,0,2014:7,11,late-entry,2012,2012,7
5139221,Olsen,Cottle,,M,2014,0,2014:37,11,late-entry,2013,2014,37
3628043,Jacob,Drain,,M,2014,0,2014:17,10,late-entry,2011,2012,17
2959108,Alex,Edgell,,M,2014,0,2014:2,9,observed,2011,2012,2
3948995,Josh,Fasano,,M,2014,0,2014:1,10,late-entry,2012,2012,1
4677500,Leira,Feves,,F,2014,0,2014:3,11,late-entry,2012,2012,3
2959120,Brennan,Giles,,M,2014,1,2014:4 2016:3,9,observed,2011,2014,7
3948998,Cameron,Gilmer,,M,2014,0,2014:2,10,late-entry,2012,2012,2
2959124,Austin,Goldstein,,M,2014,0,2014:2,9,observed,2011,2011,2
2959360,Jenna,Gonzalez,,F,2014,0,2014:2,9,observed,2011,2012,2
3023005,Corrie,Green-Lahart,,F,2014,0,2014:6,9,observed,2011,2012,6
2543142,Gabriel,Grosso,,M,2014,0,2014:17,9,observed,2010,2012,17
2543176,Spencer,Grubbe,,M,2014,0,2014:32,9,observed,2010,2013,32
4843991,Sam,Hancock,,M,2014,0,2014:1,11,late-entry,2012,2012,1
2959372,Emily,Harris,,F,2014,0,2014:8,9,observed,2011,2014,8
4036504,Drew,Harris,,M,2014,0,2014:2,10,late-entry,2012,2012,2
2543200,Camela,Hashimoto,,F,2014,0,2014:24,9,observed,2010,2012,24
2959153,Ethan,Holoch,,M,2014,0,2014:6,9,observed,2011,2013,6
3095241,Alex,Hubbard,,F,2014,0,2014:1,9,observed,2011,2011,1
2543195,Sydney,Hughes,,F,2014,0,2014:5,9,observed,2011,2012,5
5845351,Anders,Joergensen,,M,2014,0,2014:2,12,late-entry,2013,2013,2
2560323,Tyler,Keiser,,M,2014,0,2014:35,9,observed,2010,2014,35
3949001,Cornelius,Keohane,,M,2014,0,2014:17,10,late-entry,2012,2013,17
2959165,Joseph,Kolb,,M,2014,0,2014:4,9,observed,2011,2012,4
3196168,Jessie,Koster,,F,2014,0,2014:1,9,observed,2011,2011,1
2959168,Connor,Kuehl,,M,2014,0,2014:1,9,observed,2011,2011,1
2597619,Alina,Lapp,,F,2014,0,2014:25,9,observed,2010,2012,25
3023004,Kade,MacGillivray,,M,2014,0,2014:5,9,observed,2011,2012,5
2543188,Zia,Matti,,F,2014,0,2014:26,9,observed,2010,2011,26
3949111,Melissa,Moore,,F,2014,0,2014:2,10,late-entry,2012,2012,2
4767892,Sam,Morey,,M,2014,0,2014:8,11,late-entry,2012,2013,8
2959511,Kai,Morgan,,F,2014,0,2014:6,9,observed,2011,2013,6
2959513,Tess,Newberry,,F,2014,0,2014:12,10,late-entry,2011,2013,12
2979993,Cole,Nixon,,M,2014,0,2014:11,9,observed,2011,2014,11
5893363,Jakub,Onderka,,M,2014,0,2014:4,12,late-entry,2013,2013,4
2959517,Marina,Parker,,F,2014,0,2014:9,9,observed,2011,2014,9
3624272,Nick,Parrott,,M,2014,0,2014:4,10,late-entry,2011,2011,4
5139322,Hunter,Pfefferkorn,,M,2014,0,2014:48,11,late-entry,2013,2014,48
2543170,Ryan,Pierce,,M,2014,0,2014:58,9,observed,2010,2014,58
2959180,Victor,Polanco,,M,2014,0,2014:1,9,observed,2011,2011,1
5215982,Braeden,Riess,,M,2014,0,2014:1,11,late-entry,2013,2013,1
2959182,Jacob,Ringer,,M,2014,0,2014:2,9,observed,2011,2011,2
2959523,Madeline,Rogers,,F,2014,0,2014:2,9,observed,2011,2011,2
2543194,Avery,Rosenbalm,,F,2014,0,2014:59,9,observed,2010,2014,59
2543172,Kenneth,Ross,,M,2014,0,2014:20,9,observed,2010,2012,20
3949002,Kenny,Ross,,M,2014,0,2014:2,10,late-entry,2012,2012,2
2543141,Tanner,Scheibner,,M,2014,0,2014:16,9,observed,2010,2012,16
5139483,Natasha,Shellans,,F,2014,0,2014:1,12,late-entry,2014,2014,1
2597624,Natasha,Shellons,,F,2014,0,2014:1,9,observed,2010,2010,1
5215985,Logan,Shumaker,,M,2014,0,2014:1,11,late-entry,2013,2013,1
2959274,Hector,Solis,,M,2014,0,2014:5,9,observed,2011,2013,5
2959278,Parker,Southwick,,M,2014,0,2014:1,11,late-entry,2013,2013,1
2959279,Kevin,Spies,,M,2014,0,2014:2,9,observed,2011,2011,2
2959281,Bailey,States,,M,2014,0,2014:3,9,observed,2011,2012,3
3693115,Samantha,Stewart,,F,2014,0,2014:19,10,late-entry,2011,2013,19
3138927,Rojia,Stocker,,F,2014,0,2014:1,9,observed,2011,2011,1
5893376,Brenna,Storey,,F,2014,0,2014:6,12,late-entry,2013,2013,6
2959285,Tyler,Thayer,,M,2014,0,2014:7,9,observed,2011,2013,7
3627889,Dakota,Thiem,,M,2014,0,2014:5,10,late-entry,2011,2011,5
2543174,Alec,Trepte,,M,2014,0,2014:38,9,observed,2010,2012,38
3239537,Hannah,Valansano,,F,2014,0,2014:1,9,observed,2011,2011,1
5893377,Arunima,Vijay,,F,2014,0,2014:4,12,late-entry,2013,2013,4
5139349,Miguel,Villa,,M,2014,0,2014:20,11,late-entry,2013,2014,20
4036552,Jacob,Wiedemann,,M,2014,0,2014:1,10,late-entry,2012,2012,1
4677542,Cosette,Adamson,,F,2015,0,2015:10,10,late-entry,2012,2014,10
3948935,Brandon,Bailey,,M,2015,0,2015:1,9,observed,2012,2012,1
5845373,Katie,Barnes,,F,2015,0,2015:11,11,late-entry,2013,2014,11
3607344,Tristan,Bishop,,M,2015,0,2015:31,9,observed,2011,2013,31
4677619,Maggie,Bolden,,F,2015,0,2015:11,10,late-entry,2012,2013,11
7271785,Aram,Briggs,,M,2015,0,2015:7,12,late-entry,2014,2014,7
5845338,Matthew,Brooks,,M,2015,0,2015:22,11,late-entry,2013,2014,22
5139188,Matt,Brooks,,M,2015,0,2015:9,10,late-entry,2013,2015,9
3607366,Madison,Budge,,F,2015,0,2015:92,9,observed,2011,2015,92
4677518,Nicole,Callahan,,F,2015,0,2015:19,10,late-entry,2012,2014,19
5139216,Nathan,Christensen,,M,2015,0,2015:2,10,late-entry,2013,2014,2
3607367,Caitlin,Clifford,,F,2015,0,2015:47,9,observed,2011,2014,47
4036491,Dylan,Cole,,M,2015,0,2015:7,9,observed,2012,2012,7
3949121,Molly,Cunningham,,F,2015,0,2015:1,9,observed,2012,2012,1
3607369,Sarah,Cushing,,F,2015,0,2015:30,9,observed,2011,2013,30
3607347,Erik,Davis,,M,2015,0,2015:35,9,observed,2011,2014,35
3948942,Jared,Denton,,M,2015,0,2015:6,9,observed,2012,2014,6
3949123,Guinevere,Duncan,,F,2015,0,2015:4,9,observed,2012,2013,4
3607372,Emily,Edmunds,,F,2015,0,2015:28,9,observed,2011,2013,28
6444553,Jonathan,Espindola,,M,2015,0,2015:2,11,late-entry,2014,2014,2
4692608,Molly,Fettig,,F,2015,0,2015:23,10,late-entry,2012,2014,23
4687918,Riley,Goff,,F,2015,0,2015:14,10,late-entry,2012,2013,14
7271791,Jackson,Grubbe,,M,2015,0,2015:7,12,late-entry,2014,2014,7
3949129,Emily,Hardinger,,F,2015,0,2015:2,9,observed,2012,2012,2
4036510,James,Hays,,M,2015,0,2015:2,9,observed,2012,2012,2
4677697,James,Heinlein,,M,2015,0,2015:7,10,late-entry,2012,2012,7
5845350,Zach,Hill,,M,2015,0,2015:5,11,late-entry,2013,2013,5
6444414,Abbie,Hite,,F,2015,0,2015:6,11,late-entry,2014,2014,6
7855303,Jack,Hollin,,M,2015,0,2015:2,12,late-entry,2015,2015,2
3948946,Jayden,Homer,,M,2015,0,2015:6,9,observed,2012,2014,6
4677502,Tayler,Howard,,F,2015,0,2015:13,10,late-entry,2012,2013,13
3949131,Emily,Johansen,,F,2015,0,2015:10,9,observed,2012,2015,10
3607375,Sarah,Kotel,,F,2015,0,2015:22,9,observed,2011,2013,22
5845389,Emily,Krause,,F,2015,0,2015:4,11,late-entry,2013,2013,4
3607351,William,Larsson,,M,2015,1,2015:13 2016:5,9,observed,2011,2014,18
4036461,Lizzie,Lausin,,F,2015,0,2015:1,9,observed,2012,2012,1
5277699,Lizzy,Lausin,,F,2015,0,2015:1,10,late-entry,2013,2013,1
5139294,Angelo,Lawson,,M,2015,0,2015:3,10,late-entry,2013,2013,3
4036463,Morgan,Lite,,F,2015,0,2015:22,9,observed,2012,2013,22
3608289,Jarod,LoBasso,,M,2015,0,2015:20,9,observed,2011,2013,20
3684055,Sam,Mckibbon,,F,2015,0,2015:60,9,observed,2011,2015,60
5845353,Connor,McLaughlin,,M,2015,0,2015:16,11,late-entry,2013,2014,16
6444439,Maddy,McSmith,,F,2015,0,2015:1,11,late-entry,2014,2014,1
5139305,Ben,Milligan,,M,2015,0,2015:1,11,late-entry,2014,2014,1
3607377,Mikayla,Milne,,F,2015,0,2015:17,9,observed,2011,2013,17
5376682,Joshua,Moats,,M,2015,0,2015:59,10,late-entry,2013,2015,59
4692609,Polly,Moore,,F,2015,0,2015:13,10,late-entry,2012,2013,13
3949161,Mikala,Otto,,F,2015,0,2015:4,9,observed,2012,2015,4
5845398,Samantha,Palladino,,F,2015,0,2015:12,11,late-entry,2013,2014,12
3949163,Sam,Palladino,,F,2015,0,2015:2,9,observed,2012,2013,2
3607378,Bridgett,Palmer,,F,2015,0,2015:33,9,observed,2011,2014,33
4677621,Cheyenne,Palmer,,F,2015,1,2015:11 2016:1,9,observed,2012,2013,12
3949167,Bridget,Palmer,,F,2015,0,2015:40,9,observed,2012,2015,40
3949168,Erin,Palmer,,F,2015,0,2015:1,9,observed,2012,2012,1
3949170,Avery,Pierce,,F,2015,0,2015:10,10,late-entry,2012,2013,10
3607379,Rebekah,Quaglio,,F,2015,0,2015:41,9,observed,2011,2015,41
3607355,Fred,Resch,,M,2015,0,2015:76,9,observed,2011,2015,76
5325135,Mason,Rivers,,M,2015,0,2015:6,10,late-entry,2013,2015,6
4687916,Natalie,Roe,,F,2015,0,2015:16,10,late-entry,2012,2014,16
5139465,Victoria,Ross,,F,2015,0,2015:11,10,late-entry,2013,2013,11
3948955,Mason,Ruediger,,M,2015,0,2015:3,9,observed,2012,2013,3
3949177,Yuki,Sheehan,,F,2015,0,2015:3,11,late-entry,2013,2013,3
3949178,Kara,Shelton,,F,2015,0,2015:1,9,observed,2012,2012,1
3607360,Ryan,Simmons,,M,2015,0,2015:29,9,observed,2011,2013,29
3607381,Juila,Smith,,F,2015,0,2015:1,9,observed,2011,2011,1
6444583,Nazaret,Solis,,M,2015,0,2015:2,11,late-entry,2014,2014,2
3647244,Brenden,Sotelo,,M,2015,0,2015:9,9,observed,2011,2013,9
4036541,Austin,Teitsort,,M,2015,0,2015:3,9,observed,2012,2012,3
6444468,Calista,Thompson,,F,2015,0,2015:6,11,late-entry,2014,2014,6
3948957,Austin,Tull,,M,2015,0,2015:1,9,observed,2012,2012,1
5845415,Emma,Vaincourt,,F,2015,0,2015:13,11,late-entry,2013,2014,13
3607382,Jessalyn,Valdez,,F,2015,0,2015:24,9,observed,2011,2014,24
3948959,Fabrizio,Villalpando,,M,2015,0,2015:2,9,observed,2012,2012,2
5139351,Andrew,Wagner,,M,2015,0,2015:9,10,late-entry,2013,2013,9
6444587,Brandon,Wessels,,M,2015,0,2015:6,11,late-entry,2014,2014,6
3949186,Andee,Woidyla,,F,2015,0,2015:2,9,observed,2012,2012,2
5139184,Brad,Bergstrom,,M,2016,0,2016:6,9,observed,2013,2016,6
5139361,Mckay,Bishop,,M,2016,0,2016:4,9,observed,2013,2015,4
4690455,Eric,Brock,,M,2016,0,2016:9,9,observed,2012,2013,9
5139362,Kaien,Brown,,M,2016,0,2016:8,9,observed,2013,2013,8
7271786,Connor,Byeman,,M,2016,0,2016:34,11,late-entry,2014,2016,34
7855278,Jen,Cameron,,F,2016,0,2016:4,12,late-entry,2016,2016,4
5139366,Savannah,Case,,F,2016,0,2016:8,9,observed,2013,2016,8
4677705,Ryan,Chidlaw,,M,2016,0,2016:69,9,observed,2012,2016,69
7855279,Megan,Christensen,,F,2016,0,2016:7,11,late-entry,2015,2015,7
7855280,Parker,Christensen,,M,2016,0,2016:3,11,late-entry,2015,2016,3
6527928,Parker,Christenson,,M,2016,0,2016:2,10,late-entry,2014,2014,2
5139369,Taylor,Cole,,F,2016,0,2016:2,9,observed,2013,2013,2
7855282,Gage,Cornett,,M,2016,0,2016:1,11,late-entry,2015,2015,1
6591937,Bryan,Cortez,,M,2016,0,2016:3,10,late-entry,2014,2014,3
8627371,Desiree,Craig,,F,2016,0,2016:16,12,late-entry,2015,2016,16
11241389,Payge,Cuthbertson,,F,2016,0,2016:1,12,late-entry,2016,2016,1
5139223,Dallin,Dahl,,M,2016,0,2016:12,9,observed,2013,2013,12
4677704,Gavin,Dix,,M,2016,0,2016:7,9,observed,2012,2012,7
5139241,Beef,Duthie,,M,2016,0,2016:2,9,observed,2013,2013,2
5139394,Sophia,Fangon,,F,2016,0,2016:8,9,observed,2013,2015,8
5139250,Keaton,Flannery,,M,2016,0,2016:18,9,observed,2013,2016,18
5139259,Emmett,Floyd,,M,2016,0,2016:3,9,observed,2013,2015,3
7271800,Gabrielle,Foley,,F,2016,0,2016:6,11,late-entry,2014,2014,6
5139262,Gage,Fuller,,M,2016,0,2016:2,9,observed,2013,2013,2
7855294,Joseph,Gaylord,,M,2016,0,2016:27,11,late-entry,2015,2016,27
5139269,Nick,Gierbrecht,,M,2016,0,2016:1,9,observed,2013,2013,1
6444558,Luis,Gomez,,M,2016,0,2016:3,10,late-entry,2014,2014,3
8714380,Alexander,Gomez-Leenstra,,M,2016,0,2016:3,12,late-entry,2015,2015,3
4677701,Noah,Grosso,,M,2016,0,2016:7,9,observed,2012,2012,7
5215974,Dayna,Grove,,F,2016,0,2016:4,9,observed,2013,2014,4
4677628,Emma,Hall,,F,2016,0,2016:6,9,observed,2012,2012,6
8627293,Ben,Hamm,,M,2016,0,2016:1,12,late-entry,2015,2015,1
7855301,Nathanial,Harrison,,M,2016,0,2016:1,11,late-entry,2015,2015,1
4677699,Jared,Hawk,,M,2016,0,2016:11,9,observed,2012,2016,11
5845379,Maddie,Held,,F,2016,0,2016:18,10,late-entry,2013,2015,18
5139399,Bailey,Holloway,,F,2016,0,2016:6,9,observed,2013,2014,6
5215975,Kyle,Homer,,M,2016,0,2016:16,9,observed,2013,2016,16
4677501,Haley,Howe,,F,2016,0,2016:16,9,observed,2012,2015,16
4677692,Andrew,Hurley,,M,2016,0,2016:26,9,observed,2012,2016,26
7398252,Halen,Jolley,,M,2016,0,2016:18,11,late-entry,2014,2016,18
7855312,Logan,Jones,,M,2016,0,2016:1,11,late-entry,2015,2015,1
5139287,Quentin,Kelley,,M,2016,0,2016:6,12,late-entry,2015,2015,6
7855314,Ben,LaFave,,M,2016,0,2016:15,11,late-entry,2015,2016,15
5215979,Ryan,Larson,,M,2016,0,2016:4,9,observed,2013,2015,4
4677695,R.Wayne,Leach,,M,2016,0,2016:12,9,observed,2012,2013,12
8627347,Erica,Lee,,F,2016,0,2016:10,12,late-entry,2015,2015,10
5139297,Caleb,Lindgren,,M,2016,0,2016:10,9,observed,2013,2013,10
5139416,Whitney,Marks,,F,2016,0,2016:1,9,observed,2013,2013,1
4783979,Emily,Marsh,,F,2016,0,2016:5,9,observed,2012,2012,5
9402903,Ulises,Martinez,,M,2016,0,2016:1,12,late-entry,2016,2016,1
5139417,Abby,Masley,,F,2016,0,2016:4,9,observed,2013,2014,4
7855317,Abigail,Masley,,F,2016,0,2016:4,11,late-entry,2015,2016,4
5139303,Jeremiah,Matlock,,M,2016,0,2016:2,9,observed,2013,2013,2
5139426,Morgan,McMasters,,F,2016,0,2016:1,9,observed,2013,2013,1
5947479,Craig,McNeil,,M,2016,0,2016:4,10,late-entry,2013,2013,4
5139307,Ryan,Milligan,,M,2016,0,2016:6,9,observed,2013,2015,6
6591794,Kamry,Milne,,F,2016,0,2016:2,10,late-entry,2014,2015,2
4764106,Naomi,Morales,,F,2016,0,2016:2,9,observed,2012,2012,2
5139315,Bryan,Ngo,,M,2016,0,2016:3,9,observed,2013,2014,3
5139319,Fabriel,Nguyen,,M,2016,0,2016:4,9,observed,2013,2014,4
5845358,Christian,Perez,,M,2016,0,2016:4,10,late-entry,2013,2013,4
4677694,Drew,Peters,,M,2016,0,2016:76,9,observed,2012,2016,76
5139436,Nicole,Pfeifer,,F,2016,0,2016:2,10,late-entry,2014,2014,2
5139440,Kameryn,Price,,F,2016,0,2016:31,9,observed,2013,2015,31
4677624,Kathleen,Resch,,F,2016,0,2016:72,9,observed,2012,2016,72
5139458,Kristen,Robinson,,F,2016,0,2016:1,9,observed,2013,2013,1
5139325,Riley,Roeter,,F,2016,0,2016:4,9,observed,2013,2014,4
5139475,Kelly,Roth,,F,2016,0,2016:68,9,observed,2013,2016,68
5215983,Ezequiel,Sanabria,,M,2016,0,2016:2,11,late-entry,2015,2015,2
5845403,Alyssa,Sanders,,F,2016,0,2016:31,10,late-entry,2013,2016,31
5139336,Noah,Shellans,,M,2016,0,2016:24,9,observed,2013,2016,24
4677629,Megan,Starling,,F,2016,0,2016:13,9,observed,2012,2015,13
5139341,Brandon,Thompson,,M,2016,0,2016:25,9,observed,2013,2016,25
5139494,Alyssa,Walker,,F,2016,0,2016:2,11,late-entry,2015,2015,2
5139352,Kyle,Wieske,,M,2016,0,2016:2,9,observed,2013,2013,2
5893327,Garrett,Allen,,M,2017,0,2017:56,9,observed,2013,2017,56
6444326,Ali,Amato,,F,2017,0,2017:24,9,observed,2014,2016,24
6444531,Ian,Anderson,,M,2017,0,2017:5,9,observed,2014,2014,5
9536715,Jameson,Angelel,,M,2017,0,2017:3,11,late-entry,2016,2017,3
7271798,Sophia,Antrim,,F,2017,0,2017:27,10,late-entry,2014,2016,27
6444330,Lindsey,Aytes,,F,2017,0,2017:3,9,observed,2014,2014,3
6444539,Peter,Bigelow,,M,2017,0,2017:31,10,late-entry,2015,2016,31
5845335,Christian,Birbeck,,M,2017,0,2017:50,9,observed,2013,2016,50
7855275,Sarah,Bonomo,,F,2017,0,2017:45,10,late-entry,2015,2017,45
9402881,Joshua,Bowcut,,M,2017,0,2017:2,11,late-entry,2016,2017,2
7855276,Lehi,Briggs,,M,2017,0,2017:1,10,late-entry,2015,2015,1
7855277,Jacob,Buckner,,M,2017,0,2017:2,11,late-entry,2016,2017,2
8627361,Jessica,Bui,,F,2017,0,2017:6,11,late-entry,2015,2015,6
6444336,Xiomara,Campos Chan,,F,2017,0,2017:1,9,observed,2014,2014,1
6444342,Victoria,Chin,,F,2017,0,2017:1,10,late-entry,2015,2015,1
6444343,Kaylee,Christensen,,F,2017,0,2017:3,9,observed,2014,2016,3
7855281,Nicholas,Clark,,M,2017,0,2017:52,10,late-entry,2015,2017,52
5845375,Hallie,Cordon,,F,2017,0,2017:1,9,observed,2013,2013,1
5845345,Justin,Cotten,,M,2017,0,2017:33,9,observed,2013,2017,33
6444324,Calahan,Crawford,,F,2017,0,2017:4,9,observed,2014,2016,4
5845348,Noah,Czerwinski,,M,2017,0,2017:43,9,observed,2013,2016,43
10395461,Cameron,Dandini,,M,2017,0,2017:14,12,late-entry,2016,2017,14
7855286,Christopher,Depp,,M,2017,0,2017:2,10,late-entry,2015,2015,2
6444552,Seth,Dummer,,M,2017,0,2017:54,9,observed,2014,2017,54
6444351,Helena,Elkins,,F,2017,0,2017:6,9,observed,2014,2017,6
5893372,Kendra,Ellertson,,F,2017,0,2017:5,9,observed,2013,2013,5
7855289,Alec,Engel,,M,2017,0,2017:24,10,late-entry,2015,2017,24
5845377,Allyson,Erickson,,F,2017,0,2017:6,9,observed,2013,2013,6
6444355,Sara,Ernst,,F,2017,0,2017:3,9,observed,2014,2015,3
8627322,Clare,Faber,,F,2017,0,2017:24,11,late-entry,2015,2017,24
6444556,Jackson,Gallahan,,M,2017,0,2017:1,10,late-entry,2015,2015,1
6444559,Nicholas,Hannan,,M,2017,0,2017:2,9,observed,2014,2014,2
5845384,Emmy,Hensley,,F,2017,0,2017:52,9,observed,2013,2017,52
6528832,Haedyn,Holm,,F,2017,0,2017:2,9,observed,2014,2014,2
7855306,Kylie,Iannitti,,F,2017,0,2017:1,10,late-entry,2015,2015,1
7855307,Jacob,Irish,,M,2017,0,2017:4,10,late-entry,2015,2016,4
6444561,Tyler,Irvin,,M,2017,0,2017:20,9,observed,2014,2016,20
8108516,Josh,Jakubowski,,M,2017,0,2017:4,10,late-entry,2015,2017,4
6444562,Ke'Shawn,Johnson,,M,2017,0,2017:2,9,observed,2014,2014,2
7855311,Keshawn,Johnson,,M,2017,0,2017:2,10,late-entry,2015,2015,2
6444564,Austin,Jones,,M,2017,0,2017:2,9,observed,2014,2014,2
5845385,Emily,Keebler,,F,2017,0,2017:1,9,observed,2013,2013,1
5845386,Makayla,Keeth,,F,2017,0,2017:12,9,observed,2013,2015,12
7271804,Katie,Klaus,,F,2017,0,2017:24,10,late-entry,2014,2016,24
8627370,Maggie,Klaus,,F,2017,0,2017:18,11,late-entry,2015,2016,18
7855313,Sophie,Klaus,,F,2017,0,2017:2,11,late-entry,2016,2017,2
11093754,Axel,Kullin,,M,2017,0,2017:2,12,late-entry,2017,2017,2
9402899,Noah,LaFave,,M,2017,1,2017:2 2018:1,11,late-entry,2016,2018,3
10395455,Sierra,McCaulley,,F,2017,0,2017:10,12,late-entry,2016,2016,10
6444437,Caledonia,McGraw,,F,2017,0,2017:25,9,observed,2014,2015,25
6444440,MyRanda,McSmith,,F,2017,0,2017:7,9,observed,2014,2014,7
7271806,Kyle,Meidinger,,M,2017,0,2017:27,10,late-entry,2014,2016,27
8635949,Gavin,Meisels,,M,2017,0,2017:6,11,late-entry,2015,2015,6
5845395,Katelyn,Metzger,,F,2017,0,2017:45,9,observed,2013,2015,45
6444566,Nicholas,Miffin,,M,2017,0,2017:3,9,observed,2014,2014,3
8627367,Maddie,Milner,,F,2017,0,2017:14,11,late-entry,2015,2016,14
6444567,Cam,Moats,,M,2017,0,2017:71,9,observed,2014,2017,71
9402907,David,Morris,,M,2017,0,2017:4,11,late-entry,2016,2016,4
6444441,Jaidah,Moullet-Dozier,,F,2017,0,2017:9,9,observed,2014,2015,9
9402908,Noah,Munn,,M,2017,0,2017:1,11,late-entry,2016,2016,1
9402909,Cade,Mylander,,M,2017,0,2017:1,11,late-entry,2016,2016,1
9402869,Stephanie,Nikkila,,F,2017,0,2017:8,12,late-entry,2016,2017,8
9402868,Lyndee,Nikkila,,F,2017,0,2017:2,11,late-entry,2016,2017,2
5845399,Delaney,Palmer,,F,2017,0,2017:10,12,late-entry,2016,2016,10
6444451,Cassidy,Post,,F,2017,0,2017:1,9,observed,2014,2014,1
6444575,Kameron,Price,,M,2017,0,2017:6,9,observed,2014,2016,6
7855323,Charlie,Pringle,,M,2017,0,2017:1,11,late-entry,2016,2016,1
7855325,Anthony,Reiter,,M,2017,0,2017:6,10,late-entry,2015,2016,6
5845400,Emma,Rivas,,F,2017,0,2017:45,9,observed,2013,2017,45
7855326,Josh,Rogers,,M,2017,0,2017:25,11,late-entry,2015,2017,25
5845402,Hunter,Rude,,F,2017,0,2017:5,9,observed,2013,2013,5
5845359,Henry,Rummerfield,,M,2017,0,2017:70,9,observed,2013,2017,70
5845362,Brennon,Schafer,,M,2017,0,2017:4,9,observed,2013,2013,4
11093715,Isabel,Scholz,,F,2017,0,2017:4,12,late-entry,2017,2017,4
5845390,Mary,Smith,,F,2017,0,2017:56,9,observed,2013,2016,56
6444464,Emma,Smith,,F,2017,0,2017:3,9,observed,2014,2014,3
7855332,Spencer,Sproul,,M,2017,0,2017:1,10,late-entry,2015,2015,1
7855334,David,Taylor-Kenny,,M,2017,0,2017:21,10,late-entry,2015,2017,21
5845414,Courtney,Thorn,,F,2017,0,2017:26,9,observed,2013,2016,26
5947447,Emma,van Andel,,F,2017,0,2017:4,9,observed,2013,2013,4
5845367,Arjun,Vijay,,M,2017,0,2017:8,9,observed,2013,2013,8
6444472,Lindy,Voss,,F,2017,0,2017:75,9,observed,2014,2017,75
6444475,Kaitlyn,Wagner,,F,2017,0,2017:11,9,observed,2014,2015,11
6444586,Tristan,Watts,,M,2017,0,2017:4,9,observed,2014,2016,4
6591940,Sydney,Wilson,,F,2017,0,2017:1,9,observed,2014,2014,1
6444589,Joe,Windheim,,M,2017,0,2017:38,9,observed,2014,2016,38
7855341,Ethan,Zayas,,M,2017,0,2017:6,10,late-entry,2015,2017,6
9402933,Jacob,Zweig,,M,2017,0,2017:9,11,late-entry,2016,2016,9
7271797,Olivia,Adams,,F,2018,0,2018:4,9,observed,2014,2014,4
7855268,Megan,Allen,,F,2018,0,2018:4,9,observed,2015,2016,4
12942473,Sergio,Anaya*,,M,2018,1,2018:1 2019:1,12,late-entry,2018,2019,2
9402845,Alayne,Anderson,,F,2018,0,2018:4,10,late-entry,2016,2016,4
7855269,Tyler (Nathan),Anderson,,M,2018,0,2018:1,9,observed,2015,2015,1
7855271,Brooklyn,Bamforth,,F,2018,0,2018:2,9,observed,2015,2015,2
11093729,Connor,Bentzley,,M,2018,0,2018:4,11,late-entry,2017,2017,4
9402847,Nikole,Birtle,,F,2018,0,2018:3,10,late-entry,2016,2016,3
7855274,Rebecca,Blake,,F,2018,0,2018:2,9,observed,2015,2015,2
9402883,Miles,Camp,,M,2018,0,2018:6,10,late-entry,2016,2016,6
10416204,Matthew,Charters,,M,2018,0,2018:19,11,late-entry,2016,2017,19
7271799,Delaney,Chase,,F,2018,0,2018:70,9,observed,2014,2017,70
9402884,Carsen,Christensen,,M,2018,0,2018:2,10,late-entry,2016,2017,2
7271787,Payton,Churilla,,M,2018,0,2018:15,9,observed,2014,2018,15
9402901,Kian,Coleman-Lopez,,M,2018,0,2018:4,10,late-entry,2016,2017,4
9402853,Brenna,Cosio,,F,2018,0,2018:2,10,late-entry,2016,2017,2
7855283,Andy,Craig,,M,2018,0,2018:35,9,observed,2015,2016,35
12942479,Andy,Cruz Abarca*,,M,2018,1,2018:1 2019:1,12,late-entry,2018,2019,2
7855284,Jayden,Cuthbertson,,M,2018,0,2018:1,9,observed,2015,2015,1
11093741,Danny,Dhas,,M,2018,0,2018:2,11,late-entry,2017,2017,2
7855287,Kalli,Dorwart,,F,2018,0,2018:48,9,observed,2015,2018,48
9402886,Austin,Emry,,M,2018,0,2018:2,10,late-entry,2016,2017,2
7855292,Hannah,Fillinger-Palotay,,F,2018,0,2018:9,9,observed,2015,2018,9
12942445,Camryn,Fox,,F,2018,0,2018:8,12,late-entry,2018,2018,8
7271789,Nathan,Freuler,,M,2018,0,2018:29,9,observed,2015,2017,29
9402890,Colton,Gangl,,M,2018,0,2018:8,10,late-entry,2016,2018,8
12195627,Cammie,Gardner,,F,2018,0,2018:7,12,late-entry,2017,2017,7
7855295,McKinley,Gillum,,M,2018,0,2018:4,9,observed,2015,2018,4
7855298,Billy,Hale,,M,2018,0,2018:4,10,late-entry,2016,2017,4
9402859,Paige,Hamm,,F,2018,0,2018:13,10,late-entry,2016,2016,13
7271801,Megan,Hann,,F,2018,0,2018:11,9,observed,2014,2015,11
7855299,Sophia,Harnew-Spradley,,F,2018,0,2018:39,9,observed,2015,2018,39
7855300,Ashlynn,Harris,,F,2018,0,2018:2,9,observed,2015,2015,2
7271802,Gracie,Hollin,,F,2018,0,2018:63,9,observed,2014,2017,63
7855304,Kayla,Homer,,F,2018,0,2018:13,9,observed,2015,2018,13
12942449,Jenessa,Howard*,,F,2018,1,2018:1 2019:1,12,late-entry,2018,2019,2
7398256,Ashlin,Hubble,,F,2018,0,2018:5,9,observed,2014,2014,5
9402894,Brandon,Hughes,,M,2018,0,2018:55,10,late-entry,2016,2018,55
7855305,Cameron,Huske,,M,2018,0,2018:4,9,observed,2015,2017,4
11093698,Abrielle,Jensen,,F,2018,0,2018:1,11,late-entry,2017,2017,1
7271803,Clair,Johnson,,F,2018,0,2018:5,9,observed,2014,2015,5
9402898,Levi,Klockars,,M,2018,0,2018:3,10,late-entry,2016,2017,3
6797318,Nicholas,Koronko,,M,2018,0,2018:2,10,late-entry,2016,2016,2
7271793,Tanis,Leach,,M,2018,0,2018:80,9,observed,2014,2018,80
9460047,Cameron,Leonard,,M,2018,0,2018:2,10,late-entry,2016,2016,2
8627314,Tucker,Lindgren,,M,2018,0,2018:9,10,late-entry,2015,2015,9
7855316,Andrew,Mabry,,M,2018,0,2018:27,9,observed,2015,2018,27
11093761,Garrett,McCullough,,M,2018,0,2018:3,11,late-entry,2017,2017,3
8627358,Esperanza,Mexicano,,F,2018,0,2018:44,10,late-entry,2015,2017,44
11093704,Alejandra,Moreno,,F,2018,0,2018:2,11,late-entry,2017,2017,2
8627308,Jack,Murphy,,M,2018,0,2018:16,10,late-entry,2015,2016,16
7406304,Brooke,Mylander,,F,2018,0,2018:32,9,observed,2014,2016,32
11093763,Keegan,Nave,,M,2018,0,2018:1,11,late-entry,2017,2017,1
7855319,Will,Newberry,,M,2018,0,2018:2,10,late-entry,2016,2017,2
7855320,Heather,Parker,,F,2018,0,2018:2,9,observed,2015,2016,2
12942501,Jace,Parks,,M,2018,0,2018:1,12,late-entry,2018,2018,1
7855321,Jesse,Paschall,,M,2018,0,2018:5,9,observed,2015,2016,5
7293530,Josh,Quaglio,,M,2018,0,2018:72,9,observed,2014,2018,72
12942506,Carlos,Quinones*,,M,2018,1,2018:1 2019:1,12,late-entry,2018,2019,2
7271796,Alex,Roe,,M,2018,0,2018:52,9,observed,2014,2017,52
11253593,Tyler,Roelle,,M,2018,0,2018:11,11,late-entry,2017,2018,11
11093772,Isaac,Savage,,M,2018,0,2018:8,11,late-entry,2017,2018,8
7855327,Jack,Scypinski,,M,2018,0,2018:11,9,observed,2015,2018,11
10408414,Alese,Semingson,,F,2018,0,2018:3,11,late-entry,2016,2016,3
7271807,Emma,Sjodin,,F,2018,0,2018:7,9,observed,2014,2015,7
7855330,Maddie,Smith,,F,2018,0,2018:47,9,observed,2015,2018,47
7855331,Rachel,Sorum,,F,2018,0,2018:13,9,observed,2015,2018,13
12942465,Breanna,Sotelo,,F,2018,0,2018:9,12,late-entry,2018,2018,9
7855333,Dylan,Stamback,,M,2018,0,2018:4,9,observed,2015,2018,4
11093774,Jace,Sucher,,M,2018,0,2018:1,11,late-entry,2017,2017,1
12942517,Brandon,Swanson*,,M,2018,1,2018:1 2019:1,12,late-entry,2018,2019,2
9402924,Cyrus,Swihart,,M,2018,0,2018:5,10,late-entry,2016,2018,5
8627364,Lydia,Taylor-Kenny,,F,2018,0,2018:7,10,late-entry,2015,2015,7
7855336,Joel,Turner,,M,2018,0,2018:23,9,observed,2015,2018,23
9402928,Dillon,Walker,,M,2018,0,2018:7,10,late-entry,2016,2018,7
7855338,Kris,Walsh,,F,2018,0,2018:49,9,observed,2015,2017,49
8627309,Jack,Warszalek,,M,2018,0,2018:18,10,late-entry,2015,2016,18
10395460,Emily,Watson,,F,2018,0,2018:13,11,late-entry,2016,2016,13
7398260,Bailey,Wickham,,M,2018,0,2018:62,9,observed,2014,2017,62
8627313,Trevor,Widell,,M,2018,0,2018:59,10,late-entry,2015,2018,59
7855340,Gavin,Williams,,M,2018,0,2018:35,9,observed,2015,2018,35
9402931,Adam,Wilson,,M,2018,0,2018:2,10,late-entry,2016,2016,2
8627376,Sierra,York,,F,2018,0,2018:2,10,late-entry,2015,2015,2
12942527,Braedon,Zwingli,,M,2018,0,2018:1,12,late-entry,2018,2018,1
8627350,Erin,Anderson,,F,2019,0,2019:15,9,observed,2015,2017,15
9402846,Jacqueline,Angelel,,F,2019,0,2019:80,9,observed,2016,2019,80
12942474,Michael,Antrim,,M,2019,0,2019:1,11,late-entry,2018,2018,1
9402879,Carter,Atkins,,M,2019,0,2019:3,9,observed,2016,2018,3
6797271,Eric,Bergstrom,,M,2019,0,2019:13,9,observed,2016,2017,13
6797270,Avery,Bergstrom,,F,2019,0,2019:1,9,observed,2016,2016,1
14636746,Seth,Bernhardt,,M,2019,0,2019:4,12,late-entry,2019,2019,4
9402880,Marco,Bintoro,,M,2019,0,2019:2,9,observed,2016,2016,2
7664199,Paige,Block,,F,2019,0,2019:34,9,observed,2015,2019,34
8627303,Dylan,Blue,,M,2019,0,2019:42,9,observed,2015,2018,42
8697841,Emily,Boynton,,F,2019,0,2019:52,9,observed,2015,2018,52
8627302,Dallin,Brueggeman,,M,2019,0,2019:41,9,observed,2015,2017,41
11093733,Joey,Buckner,,M,2019,0,2019:2,10,late-entry,2017,2017,2
11093679,Sarah,Cassidy,,F,2019,0,2019:2,10,late-entry,2017,2017,2
8627297,Cameron,Cedillo,,M,2019,0,2019:4,9,observed,2015,2015,4
9402848,Jennifer,Christensen,,F,2019,0,2019:28,9,observed,2016,2018,28
11093736,Quinn,Christensen,,M,2019,0,2019:26,10,late-entry,2017,2018,26
12233349,Jacob,Chung,,M,2019,1,2019:9 2018:7,11,late-entry,2017,2018,16
9402849,Elizabeth,Cichoski,,F,2019,0,2019:3,9,observed,2016,2016,3
9402850,Danielle,Clem,,F,2019,0,2019:39,9,observed,2016,2019,39
6797277,Jacob,Cluff,,M,2019,0,2019:66,9,observed,2016,2018,66
11093682,Maddie,Cluff,,F,2019,0,2019:2,10,late-entry,2017,2017,2
9402852,Megan,Coday,,F,2019,0,2019:2,9,observed,2016,2016,2
6797279,Austin,Cornett,,M,2019,0,2019:6,9,observed,2016,2018,6
11093683,Elizabeth,Dahme,,F,2019,0,2019:3,10,late-entry,2017,2018,3
11093740,Isaac,Day,,M,2019,0,2019:6,10,late-entry,2017,2018,6
12942437,Kate,DeVries,,F,2019,0,2019:31,10,late-entry,2016,2018,31
11093685,Vanessa,Diaz,,F,2019,0,2019:11,10,late-entry,2017,2017,11
9402854,Alyssa,Dillree,,F,2019,0,2019:7,9,observed,2016,2017,7
7495328,Dayna,Dixon,,F,2019,0,2019:57,9,observed,2015,2018,57
8627374,Sarah,Duckering,,F,2019,0,2019:63,9,observed,2015,2018,63
9402855,Nokio,Duncan,,F,2019,0,2019:3,9,observed,2016,2016,3
9402856,Abby,Eisenbeiss,,F,2019,0,2019:11,9,observed,2016,2017,11
8627305,Ian,Enger,,M,2019,0,2019:21,9,observed,2015,2016,21
6797288,Isaac,Evans,,M,2019,0,2019:33,9,observed,2016,2017,33
9402887,Joshua,Farner,,M,2019,0,2019:3,9,observed,2016,2018,3
9402888,Mitchell,Foster,,M,2019,0,2019:26,9,observed,2016,2017,26
9402889,Andrew,Fujii,,M,2019,0,2019:15,9,observed,2016,2016,15
9402858,Jenna,Funk,,F,2019,0,2019:5,9,observed,2016,2016,5
15865704,Henry,Giles,,M,2019,0,2019:118,9,observed,2015,2019,118
12942485,Saleh,Gillani,,M,2019,0,2019:3,11,late-entry,2018,2018,3
8627300,Chris,Gonzalez,,M,2019,0,2019:35,9,observed,2015,2018,35
9402891,Harrison,Gregory,,M,2019,0,2019:5,9,observed,2016,2017,5
9560727,Dagny,Hadley,,F,2019,0,2019:7,10,late-entry,2016,2016,7
6797304,Alice,Hall,,F,2019,0,2019:9,10,late-entry,2017,2017,9
11093694,Emma,Hamilton,,F,2019,0,2019:3,10,late-entry,2017,2019,3
9402860,Hailey,Hardcastle,,F,2019,0,2019:5,9,observed,2016,2016,5
9402892,Ethan,Heironimus,,M,2019,0,2019:14,9,observed,2016,2019,14
9402893,Sebastian,Heymann,,M,2019,0,2019:2,9,observed,2016,2017,2
6797310,Baylee,Huggins,,F,2019,0,2019:12,9,observed,2016,2017,12
8627373,Rachel,Jensen,,F,2019,0,2019:6,9,observed,2015,2015,6
14579037,Stella,Johansen,,F,2019,0,2019:3,12,late-entry,2019,2019,3
12174462,Ally,Johnson,,F,2019,0,2019:21,11,late-entry,2017,2018,21
6797315,Hannah,Karp,,F,2019,0,2019:14,9,observed,2016,2016,14
12942452,Lilah,Keebler,,F,2019,0,2019:2,11,late-entry,2018,2019,2
6797316,Ethan,Kelley,,M,2019,0,2019:9,9,observed,2016,2019,9
9402897,Michael,Klapp,,M,2019,0,2019:10,9,observed,2016,2019,10
8627345,Emily,Latwesen,,F,2019,0,2019:52,9,observed,2015,2018,52
8620863,Julia,Lising,,F,2019,0,2019:6,11,late-entry,2017,2017,6
9402900,Ethan,Lopez,,M,2019,0,2019:2,9,observed,2016,2016,2
14636789,Jean-Claude,Loza*,,M,2019,0,2019:1,12,late-entry,2019,2019,1
9402902,Ryan,Lusk,,M,2019,0,2019:7,9,observed,2016,2017,7
8078421,Ashley,Ma,,F,2019,0,2019:40,9,observed,2016,2019,40
6797322,Brynn,Masters,,F,2019,0,2019:6,9,observed,2016,2017,6
11093759,Jacob,Mayfield,,M,2019,0,2019:5,10,late-entry,2017,2019,5
9402904,Jakob,McCreery,,M,2019,0,2019:1,9,observed,2016,2016,1
11058679,Teagan,McNamee,,F,2019,0,2019:1,9,observed,2016,2016,1
9402905,Daniel,Miller,,M,2019,0,2019:2,9,observed,2016,2016,2
6797327,Joshua,Milligan,,M,2019,0,2019:4,9,observed,2016,2019,4
12942500,Micah,Muller,,M,2019,0,2019:17,11,late-entry,2018,2019,17
8627304,Haden,Munson,,M,2019,0,2019:64,9,observed,2015,2018,64
9402910,Justin,Ngo,,M,2019,0,2019:2,9,observed,2016,2016,2
9402870,Emily,Pannell,,F,2019,0,2019:31,9,observed,2016,2018,31
9402913,Riley,Paschall,,M,2019,0,2019:5,9,observed,2016,2017,5
11093707,Madi,Pastores,,F,2019,0,2019:4,10,late-entry,2017,2018,4
6797337,Carolyn,Pearce,,F,2019,0,2019:15,9,observed,2016,2017,15
9402871,Gillian,Peden,,F,2019,0,2019:17,9,observed,2016,2017,17
10408416,Ashley,Peniuk,,F,2019,0,2019:12,10,late-entry,2016,2016,12
9402872,Kolleen,Peters,,F,2019,0,2019:3,9,observed,2016,2016,3
6797341,Jenny,Peterson,,F,2019,0,2019:19,9,observed,2016,2017,19
6797343,Allison,Pierce,,F,2019,0,2019:87,9,observed,2016,2019,87
9402915,Greg,Potter,,M,2019,0,2019:2,9,observed,2016,2018,2
9402873,Angelina,Ramos,,F,2019,0,2019:10,9,observed,2016,2017,10
9402917,Deitrich,Reiter,,M,2019,0,2019:29,9,observed,2016,2017,29
11093767,Jacob,Reuter,,M,2019,0,2019:2,10,late-entry,2017,2017,2
11093768,Jessie,Roberts,,M,2019,0,2019:40,10,late-entry,2017,2019,40
6797350,Robert,Schmidt,,M,2019,0,2019:6,10,late-entry,2017,2019,6
6797351,Elizabeth,Schrepfer,,F,2019,0,2019:1,9,observed,2016,2016,1
12942510,Austin,Scott,,M,2019,0,2019:31,11,late-entry,2018,2019,31
12942511,Ryan,Scroggin,,M,2019,0,2019:11,11,late-entry,2018,2018,11
8627312,Ryan,Shoepe,,M,2019,0,2019:24,9,observed,2015,2017,24
10395457,Emma,Simpson,,F,2019,0,2019:28,10,late-entry,2016,2018,28
9402874,Delaney,Smith,,F,2019,0,2019:4,9,observed,2016,2017,4
11093717,Mia,Stallard,,F,2019,0,2019:10,10,late-entry,2017,2017,10
7495329,Lily,Starling,,F,2019,0,2019:27,9,observed,2016,2018,27
9402922,Max,Steeprow,,M,2019,0,2019:3,9,observed,2016,2017,3
10395459,Jamae,Stewart,,F,2019,0,2019:44,10,late-entry,2016,2018,44
11093773,Seth,Stoddart,,M,2019,0,2019:3,10,late-entry,2017,2017,3
6797360,Addison,Tanuvasa,,F,2019,0,2019:4,9,observed,2016,2016,4
11093719,Ava,Thomas,,F,2019,0,2019:1,10,late-entry,2017,2017,1
8078450,Tyler,Thompson,,M,2019,0,2019:38,9,observed,2016,2018,38
9402925,Zhenya,Tilley,,M,2019,0,2019:69,9,observed,2016,2019,69
11093776,Cole,Tofte,,M,2019,0,2019:2,10,late-entry,2017,2017,2
10557157,Joanna,Valenzuela,,F,2019,0,2019:7,10,late-entry,2016,2016,7
9402926,Jullian,Vaughn,,M,2019,0,2019:1,9,observed,2016,2016,1
6797366,Alexandra,Verkamp,,F,2019,0,2019:6,9,observed,2016,2019,6
12942469,Mikayla,Waldrop,,F,2019,0,2019:8,11,late-entry,2018,2018,8
8078457,Shania,Walker,,F,2019,0,2019:1,9,observed,2016,2016,1
9402876,Angela,Wallace,,F,2019,0,2019:2,9,observed,2016,2017,2
14103891,Brendan,Webley,,M,2019,0,2019:13,12,late-entry,2018,2019,13
9402929,Clayton,Wengert,,M,2019,0,2019:14,9,observed,2016,2018,14
9402930,Lee,Whitmore,,M,2019,0,2019:5,9,observed,2016,2018,5
11093779,Orion,Wiebe,,M,2019,0,2019:8,10,late-entry,2017,2017,8
6797368,Brandon,Wieske,,M,2019,0,2019:2,9,observed,2016,2016,2
11093780,Cade,Yeldell,,M,2019,0,2019:3,10,late-entry,2017,2017,3
11211716,Caden,Youngblut,,M,2019,0,2019:6,10,late-entry,2017,2017,6
9402932,Faustino,Zavala,,M,2019,0,2019:1,9,observed,2016,2016,1
14579020,Sofia,Aden,,F,2020,0,2020:20,11,late-entry,2019,2019,20
11093723,Brady,Agranoff,,M,2020,0,2020:12,9,observed,2017,2017,12
11093724,Sebastien,Alexander,,M,2020,0,2020:19,9,observed,2017,2019,19
11093725,Jarrett,Alto,,M,2020,0,2020:3,9,observed,2017,2017,3
11093727,Vrishank,Angadi,,M,2020,0,2020:45,9,observed,2017,2019,45
11093728,Spencer,Baggaley,,M,2020,0,2020:75,9,observed,2017,2019,75
11093673,Britain,Bamforth,,F,2020,0,2020:2,9,observed,2017,2017,2
12942476,Danny,Becerril Pena,,M,2020,0,2020:9,10,late-entry,2018,2018,9
10395453,Caitlyn,Bering,,F,2020,0,2020:29,9,observed,2016,2018,29
11093730,Bryson,Bewersdorff,,M,2020,0,2020:2,9,observed,2017,2018,2
11093731,Justin,Bishop,,M,2020,0,2020:1,9,observed,2017,2017,1
11093675,Britney,Botez,,F,2020,0,2020:2,9,observed,2017,2017,2
11093676,Ava,Boughey,,F,2020,0,2020:18,9,observed,2017,2018,18
11093734,Alec,Bunting,,M,2020,0,2020:1,9,observed,2017,2017,1
11093735,Cameron,Burns,,M,2020,0,2020:11,9,observed,2017,2017,11
13943295,Briana,Chia,,F,2020,0,2020:8,11,late-entry,2018,2018,8
5845343,Tyler,Christensen,,M,2020,1,2020:36 2017:26,9,observed,2013,2019,62
11093681,Alaina,Clark,,F,2020,0,2020:3,9,observed,2017,2017,3
11093737,Andrew,Clear,,M,2020,0,2020:4,9,observed,2017,2017,4
11093738,Joe,Conrow,,M,2020,0,2020:4,9,observed,2017,2017,4
11093739,Garett,Craig,,M,2020,0,2020:4,9,observed,2017,2019,4
11093684,Jazmin,Delamarter,,F,2020,0,2020:1,9,observed,2017,2017,1
11093687,Anna,Dummer,,F,2020,0,2020:13,9,observed,2017,2017,13
10531193,Samuel,Findtner,,M,2020,0,2020:10,9,observed,2016,2019,10
11093689,Aina,Freixa Rodriguez,,F,2020,0,2020:1,9,observed,2017,2017,1
11093743,Ethan,Fuller,,M,2020,0,2020:9,9,observed,2017,2017,9
11093744,Kaden,Fuller,,M,2020,0,2020:9,9,observed,2017,2019,9
10589484,Drake,Gagner,,M,2020,0,2020:29,9,observed,2016,2018,29
11093690,Grace,Gary,,F,2020,0,2020:27,9,observed,2017,2019,27
11093746,Jacob,Gebhardt,,M,2020,0,2020:1,9,observed,2017,2017,1
11093691,Alyssa,Gregory,,F,2020,0,2020:6,9,observed,2017,2018,6
11093748,Jamison,Guerra,,M,2020,0,2020:7,9,observed,2017,2018,7
11093692,Elizabeth,Haar,,F,2020,0,2020:1,9,observed,2017,2017,1
24197674,Caleb,Hagan,,M,2020,0,2020:10,9,observed,2017,2019,10
10454223,Nate,Hicken,,M,2020,0,2020:13,12,late-entry,2019,2019,13
11093750,Lucas,Ho,,M,2020,0,2020:39,9,observed,2017,2019,39
10395462,Jaron,Homer,,M,2020,0,2020:84,9,observed,2016,2020,84
24268469,Miranda,Irwin,,F,2020,0,2020:8,11,late-entry,2018,2018,8
14579035,Kasia,Jacobson,,F,2020,0,2020:1,11,late-entry,2019,2019,1
14579064,Samuel,Jewett,,M,2020,0,2020:8,11,late-entry,2019,2019,8
10416203,Larson,Johnson,,M,2020,0,2020:81,9,observed,2016,2019,81
11093753,Chad,Johnson,,M,2020,0,2020:7,9,observed,2017,2018,7
11093699,Kayma,Konecny,,F,2020,0,2020:1,9,observed,2017,2017,1
11093700,Kasey,Kramer,,F,2020,0,2020:1,9,observed,2017,2017,1
11093702,Julia,Leitzinger,,F,2020,0,2020:6,9,observed,2017,2019,6
11093756,Protas,Lembetia,,M,2020,0,2020:23,9,observed,2017,2019,23
8078419,Jordan,Lowe,,F,2020,0,2020:6,10,late-entry,2017,2017,6
11093757,Arthur,Loza,,M,2020,0,2020:4,9,observed,2017,2018,4
11093758,Daniel,Matzinger,,M,2020,0,2020:1,9,observed,2017,2017,1
11093703,Claire,McGill,,F,2020,0,2020:11,9,observed,2017,2019,11
4871582,Ashlyn,Mylander,,F,2020,0,2020:13,9,observed,2016,2017,13
11093764,Gavin,Newman,,M,2020,0,2020:1,10,late-entry,2018,2018,1
6797335,Thomas,Osborne,,M,2020,0,2020:103,9,observed,2016,2020,103
12942502,Preston,Parks,,M,2020,0,2020:1,10,late-entry,2018,2018,1
11093708,Bailey,Peters,,F,2020,0,2020:1,9,observed,2017,2017,1
11093709,Annika,Pietzke,,F,2020,0,2020:22,9,observed,2017,2018,22
11093710,Annah,Pogodzinski,,F,2020,0,2020:1,9,observed,2017,2017,1
11093766,Samuel,Quaglio,,M,2020,0,2020:14,9,observed,2016,2017,14
10333879,Lily,Rader,,F,2020,0,2020:12,9,observed,2016,2017,12
11093712,Madisen,Ramos,,F,2020,0,2020:74,9,observed,2016,2019,74
10395463,Tyler,Reed,,M,2020,0,2020:21,9,observed,2016,2017,21
15967495,Noemi,Rienecker,,F,2020,0,2020:1,12,late-entry,2019,2019,1
11093770,Matthew,Roelle,,M,2020,0,2020:33,9,observed,2017,2019,33
12174476,Aidan,Roos,,M,2020,0,2020:64,10,late-entry,2017,2019,64
15495144,Michael,Rump,,M,2020,0,2020:1,11,late-entry,2019,2019,1
12942509,Isaac,Sanabria Jr.,,M,2020,0,2020:25,10,late-entry,2018,2019,25
10395464,Myles,Scholz,,M,2020,0,2020:22,9,observed,2016,2017,22
10395465,Jackson,Smith,,M,2020,0,2020:7,9,observed,2016,2016,7
6797353,Abby,Smith,,F,2020,0,2020:9,10,late-entry,2017,2017,9
12942512,Gavin,Smith,,M,2020,0,2020:21,10,late-entry,2018,2019,21
11093718,Lauren,Swanson,,F,2020,0,2020:3,9,observed,2017,2017,3
11093775,Dante,Tarrant,,M,2020,0,2020:7,9,observed,2017,2018,7
11093777,Brian,Tziu-Rojas,,M,2020,0,2020:4,9,observed,2017,2017,4
11093720,Vanessa,Van Winkle,,F,2020,0,2020:82,9,observed,2016,2019,82
11093778,George,Westover,,M,2020,0,2020:61,9,observed,2017,2019,61
10546031,Kylie,Wickham,,F,2020,0,2020:30,9,observed,2016,2018,30
11093721,Muriel,Wilkinson,,F,2020,0,2020:2,9,observed,2017,2017,2
11093722,Connie,Williamson,,F,2020,0,2020:14,9,observed,2017,2018,14
11093781,Caleb,Zatezalo,,M,2020,0,2020:6,9,observed,2017,2018,6
12942431,Mckenzie,Abiley,,F,2021,0,2021:27,9,observed,2018,2019,27
12807385,Ismael,Alvares,,M,2021,0,2021:90,9,observed,2017,2021,90
19391022,Max,Ashour,,M,2021,0,2021:4,10,late-entry,2019,2021,4
19293221,Hailey,Blue,,F,2021,0,2021:3,10,late-entry,2019,2021,3
14579058,Ethan,Blythe,,M,2021,0,2021:1,10,late-entry,2019,2019,1
14579059,Trevor,Card,,M,2021,0,2021:10,10,late-entry,2019,2019,10
12174450,Hana,Christensen,,F,2021,0,2021:36,9,observed,2017,2019,36
12942435,Samantha,Christensen,,F,2021,0,2021:4,9,observed,2018,2019,4
12942477,Ethan,Cluff,,M,2021,0,2021:2,9,observed,2018,2018,2
14579060,Quinn,Corsetti,,M,2021,0,2021:3,10,late-entry,2019,2019,3
12942481,Bryan,Cuthbertson,,M,2021,0,2021:1,9,observed,2018,2018,1
6879754,James,Day,,M,2021,0,2021:43,9,observed,2017,2020,43
12942482,Jase,Derry,,M,2021,0,2021:5,9,observed,2018,2021,5
12942438,Nichole,Duckering,,F,2021,0,2021:2,9,observed,2018,2018,2
12942439,Malia,Dunaway,,F,2021,0,2021:4,9,observed,2018,2018,4
11461393,Kari,Eddington,,F,2021,0,2021:99,9,observed,2017,2021,99
12942441,Hannah,Ettelstein,,F,2021,0,2021:2,9,observed,2018,2018,2
8078391,Elise,Evans,,F,2021,0,2021:19,9,observed,2017,2018,19
12174457,Briana,Figg,,F,2021,0,2021:32,9,observed,2017,2019,32
14636750,Hayden,Finn,,M,2021,0,2021:5,10,late-entry,2019,2021,5
15779487,Ella,Fulton,,F,2021,0,2021:9,11,late-entry,2019,2019,9
12942484,Johnny,Gallagher*,,M,2021,0,2021:2,9,observed,2018,2019,2
9713521,Jonah,Gent,,M,2021,0,2021:33,9,observed,2017,2020,33
11461072,Daniel,Gomez,,M,2021,0,2021:62,9,observed,2017,2019,62
12942446,Lara,Gonzalez,,F,2021,0,2021:3,9,observed,2018,2018,3
14579030,Katherine,Gregory,,F,2021,0,2021:1,10,late-entry,2019,2019,1
19278427,Nora,Hagan,,F,2021,0,2021:10,9,observed,2018,2021,10
9736770,Cambria,Hagfeldt,,F,2021,0,2021:15,9,observed,2017,2018,15
12942448,Chloe,Hales,,F,2021,0,2021:7,9,observed,2018,2019,7
12942487,Spencer,Hall,,M,2021,0,2021:1,9,observed,2018,2018,1
12942488,Baylor,Hampton,,M,2021,0,2021:16,9,observed,2018,2018,16
13960313,Adam,Handam,,M,2021,0,2021:1,10,late-entry,2018,2018,1
12942489,John,Henry,,M,2021,0,2021:8,9,observed,2018,2019,8
8078402,Ainsley,Holloway,,F,2021,0,2021:30,9,observed,2017,2019,30
12942490,Jackson,Hughes,,M,2021,0,2021:8,9,observed,2018,2019,8
12942450,Annelise,Jensen,,F,2021,0,2021:3,10,late-entry,2019,2019,3
12258213,Wes,Karper,,M,2021,0,2021:37,9,observed,2017,2019,37
14579066,Weston,Karper,,M,2021,0,2021:6,10,late-entry,2019,2019,6
12942454,Ivey,Kiel,,F,2021,0,2021:1,9,observed,2018,2018,1
19931767,Asher,Krauel,,M,2021,0,2021:4,9,observed,2018,2019,4
12942494,Alex,Lang,,M,2021,0,2021:6,9,observed,2018,2021,6
14579067,Tate,Lieuallen,,M,2021,0,2021:4,10,late-entry,2019,2019,4
9713529,Ashton,Long,,F,2021,0,2021:10,11,late-entry,2019,2019,10
12942496,David,Ma,,M,2021,0,2021:25,9,observed,2018,2019,25
12942456,Mikayla,Mann*,,F,2021,0,2021:2,9,observed,2018,2019,2
12942497,Landon,McCabe,,M,2021,0,2021:5,9,observed,2018,2019,5
12942498,Kaiden,Meidinger*,,M,2021,0,2021:2,9,observed,2018,2019,2
12942457,Victoria,Mexicano,,F,2021,0,2021:23,9,observed,2018,2019,23
12942458,Maia,Oliver,,F,2021,0,2021:73,9,observed,2018,2021,73
13937475,Phoebe,Pannell,,F,2021,0,2021:23,10,late-entry,2018,2019,23
14579072,Sankalp,Patil,,M,2021,0,2021:13,10,late-entry,2019,2021,13
12307368,Matthew,Peppmeier,,M,2021,0,2021:71,9,observed,2017,2021,71
11569515,Ethan,Pierce,,M,2021,0,2021:93,9,observed,2017,2021,93
12942504,Jacob,Pollock,,M,2021,0,2021:3,9,observed,2018,2018,3
12942459,Sophia,Raineri,,F,2021,1,2021:1 2023:1,9,observed,2018,2023,2
14579046,Anna,Reckard,,F,2021,0,2021:1,10,late-entry,2019,2019,1
12258214,RJ,Rice,,M,2021,0,2021:74,9,observed,2017,2021,74
12942463,Guisel,Rodriguez,,F,2021,0,2021:2,9,observed,2018,2018,2
12174465,Isabelle,Roe,,F,2021,0,2021:8,9,observed,2017,2017,8
11569490,Hallie,Romig,,F,2021,0,2021:13,11,late-entry,2019,2019,13
12942508,Tayz,Rurak,,M,2021,0,2021:6,9,observed,2018,2019,6
14579048,Anne,Sandilands,,F,2021,0,2021:11,10,late-entry,2019,2019,11
14579049,Jane,Sandilands,,F,2021,0,2021:15,10,late-entry,2019,2019,15
15090579,Israel,Savage*,,M,2021,0,2021:1,10,late-entry,2019,2019,1
14579079,William,Scypinski,,M,2021,0,2021:4,10,late-entry,2019,2019,4
12174474,Conner,Shillitto,,M,2021,0,2021:9,9,observed,2017,2017,9
12807431,Brooke,Smith,,F,2021,0,2021:69,9,observed,2017,2020,69
14579081,Maxwell,Smith,,M,2021,0,2021:8,10,late-entry,2019,2021,8
12942513,Jesus,Solis,,M,2021,0,2021:6,9,observed,2018,2019,6
19519262,Joley,Sproul,,F,2021,0,2021:13,9,observed,2017,2021,13
12942514,Carson,Stamback,,M,2021,0,2021:3,10,late-entry,2019,2019,3
12942516,Michael,Stephens,,M,2021,0,2021:4,9,observed,2018,2019,4
12942467,Elizabeth,Stoddart,,F,2021,0,2021:4,9,observed,2018,2019,4
12942468,Marisa,Tavera,,F,2021,0,2021:8,9,observed,2018,2019,8
8078447,Jacob,Teats,,M,2021,0,2021:48,9,observed,2017,2019,48
12942518,Jacob,Thompson,,M,2021,0,2021:69,9,observed,2018,2021,69
12942519,Jordan,Thompson,,M,2021,0,2021:9,9,observed,2018,2019,9
12942520,Jax,Tober,,M,2021,0,2021:5,9,observed,2018,2019,5
12942521,Kevin,VandenHoek,,M,2021,0,2021:10,9,observed,2018,2018,10
3251258,Charles,Verkamp,,M,2021,0,2021:25,9,observed,2018,2021,25
12942523,Ethan,Voss,,M,2021,0,2021:3,9,observed,2018,2021,3
12942470,Anna,Weber,,F,2021,0,2021:3,9,observed,2018,2018,3
12942471,Madilynn,Whitmore,,F,2021,0,2021:1,9,observed,2018,2018,1
12942472,Kylah,Williams,,F,2021,0,2021:7,9,observed,2018,2019,7
12942525,Jacob,Williams,,M,2021,0,2021:5,9,observed,2018,2019,5
12942526,Matthew,Yohe,,M,2021,0,2021:8,9,observed,2018,2019,8
13937488,Keith,Allen,,M,2022,0,2022:67,9,observed,2018,2022,67
14579021,Grace,Applegate,,F,2022,0,2022:4,9,observed,2019,2019,4
13937489,Doug,Ashely,,M,2022,0,2022:25,9,observed,2018,2019,25
14579056,Nathan,Badouli,,M,2022,0,2022:3,9,observed,2019,2019,3
11569497,Samuel,Baehler,,M,2022,0,2022:64,9,observed,2018,2022,64
18817417,Arianna,Bartocci,,F,2022,0,2022:6,12,late-entry,2021,2021,6
15206153,Nancy,Biegel,,F,2022,0,2022:48,11,late-entry,2020,2022,48
17102032,Sophie,Biegel,,F,2022,0,2022:43,11,late-entry,2020,2022,43
14579022,Kailey,Bittner,,F,2022,0,2022:4,9,observed,2019,2019,4
13937492,Luke,Brandt,,M,2022,0,2022:3,9,observed,2018,2018,3
13960308,Austin,Burr,,M,2022,0,2022:11,9,observed,2018,2019,11
14579025,Taylor,Card,,F,2022,0,2022:42,9,observed,2019,2022,42
19610539,Michael,Caronna,,M,2022,1,2022:2 2024:1,12,late-entry,2022,2024,3
14636786,Michael,Caronna*,,M,2022,0,2022:1,9,observed,2019,2019,1
19652773,Christopher,Chavez,,M,2022,0,2022:1,12,late-entry,2022,2022,1
12400267,Scott,Christensen,,M,2022,0,2022:28,9,observed,2018,2019,28
17096982,Liam,Cloward,,M,2022,0,2022:80,9,observed,2018,2022,80
16097471,Jalen,Cole,,M,2022,0,2022:25,10,late-entry,2019,2022,25
23965628,James,Crabtree,,M,2022,0,2022:97,9,observed,2018,2022,97
14579026,Anyston,Cuthbertson,,F,2022,0,2022:2,9,observed,2019,2019,2
12400263,James,Davis,,M,2022,0,2022:37,9,observed,2018,2019,37
14579028,Macy,DeMeyer,,F,2022,0,2022:5,9,observed,2019,2022,5
8779096,Cade,Dixon,,M,2022,0,2022:22,9,observed,2018,2019,22
13937493,Kai,Evonuk,,M,2022,0,2022:78,9,observed,2018,2022,78
13937494,Logan,Foster,,M,2022,0,2022:25,9,observed,2018,2020,25
14579061,Christopher,Gallinger-Long,,M,2022,0,2022:1,11,late-entry,2021,2021,1
9736802,Oscar,Giles,,M,2022,0,2022:29,9,observed,2018,2021,29
18053104,Teagan,Gorretta,,F,2022,0,2022:7,11,late-entry,2021,2022,7
19610542,Brock,Gregory,,M,2022,0,2022:2,12,late-entry,2022,2022,2
14579031,Amanda,Gribble,,F,2022,0,2022:9,9,observed,2019,2022,9
14137404,Mina,Grimm,,F,2022,0,2022:16,9,observed,2018,2019,16
9713486,Ava,Grunow,,F,2022,0,2022:61,9,observed,2018,2021,61
19610543,Cody,Hall,,M,2022,0,2022:3,12,late-entry,2022,2022,3
14579063,Kyle,Hattig,,M,2022,0,2022:8,9,observed,2019,2022,8
14579033,Sofia,Hernandez,,F,2022,0,2022:2,9,observed,2019,2019,2
17103009,Georgia,Hicken,,F,2022,0,2022:43,11,late-entry,2020,2022,43
17366163,Seth,Hochstetler,,M,2022,0,2022:13,11,late-entry,2021,2021,13
12400269,Ethan,John,,M,2022,0,2022:4,9,observed,2018,2018,4
14579040,Ella,Lahart,,F,2022,0,2022:8,9,observed,2019,2021,8
14579041,Annika,Laido,,F,2022,0,2022:4,9,observed,2019,2019,4
14636788,Luke,Lang*,,M,2022,0,2022:1,9,observed,2019,2019,1
14103886,Bradley,Light,,M,2022,0,2022:19,9,observed,2018,2019,19
19610546,Nolan,Manning,,M,2022,0,2022:1,12,late-entry,2022,2022,1
19652776,Jaden,Martin,,M,2022,0,2022:1,12,late-entry,2022,2022,1
19610533,Shaynah,Martin,,F,2022,0,2022:2,12,late-entry,2022,2022,2
13271192,Grant,McCulloch,,M,2022,0,2022:7,11,late-entry,2021,2021,7
18817418,Allison,McCullough,,F,2022,0,2022:8,12,late-entry,2021,2021,8
14579042,Jenna,Miller,,F,2022,0,2022:1,9,observed,2019,2019,1
14579044,Kaila,North,,F,2022,0,2022:3,9,observed,2019,2019,3
14579070,Kyle,O'Neal,,M,2022,0,2022:10,9,observed,2019,2019,10
10614841,Josiah,Pagel,,M,2022,0,2022:4,12,late-entry,2022,2022,4
14579071,Joshua,Patel,,M,2022,0,2022:5,9,observed,2019,2022,5
22210039,Anthony,Reyna,,M,2022,0,2022:1,9,observed,2019,2019,1
14579075,Robin,Reyna,,M,2022,0,2022:2,9,observed,2019,2019,2
13235556,Erika,Rogala,,F,2022,0,2022:16,9,observed,2018,2019,16
23930907,Jeffery,Rogers,,M,2022,0,2022:78,9,observed,2018,2022,78
9713534,Jesse,Sae Lao,,F,2022,0,2022:5,9,observed,2018,2019,5
14579065,Davyon,Sanders,,M,2022,0,2022:8,9,observed,2019,2022,8
14579050,Ellie,Schmidt,,F,2022,0,2022:3,9,observed,2019,2019,3
14579051,Kaylee,Schmutzler,,F,2022,0,2022:10,9,observed,2019,2019,10
14763392,Emmry,Schrems,,F,2022,0,2022:4,9,observed,2019,2019,4
9713535,Braden,Smith,,M,2022,0,2022:31,9,observed,2018,2019,31
16565278,Brady,Smith,,M,2022,0,2022:2,11,late-entry,2021,2021,2
14636790,Anthony,Smith*,,M,2022,0,2022:1,9,observed,2019,2019,1
14047973,Natalie,Snider,,F,2022,0,2022:15,9,observed,2018,2019,15
14579082,Keegan,Steindorf,,M,2022,0,2022:14,9,observed,2019,2022,14
14579052,Gabby,Stewart,,F,2022,0,2022:22,9,observed,2018,2019,22
21732121,Ethan,Sturdivant,,M,2022,0,2022:71,9,observed,2018,2022,71
18837751,Allison,Sturdivant,,F,2022,0,2022:17,12,late-entry,2021,2022,17
13937479,Avery,Stutz,,F,2022,0,2022:31,9,observed,2018,2019,31
18053112,Andrew,Thayer,,M,2022,0,2022:2,12,late-entry,2022,2022,2
14579083,Justin-Miguel,Villa,,M,2022,0,2022:3,9,observed,2019,2019,3
8779098,Jane,Westover,,F,2022,0,2022:81,9,observed,2018,2022,81
18837757,Nele,Widmer,,F,2022,0,2022:6,12,late-entry,2021,2021,6
9736792,Brynn,Youngblut,,F,2022,0,2022:16,9,observed,2018,2019,16
14579085,Austin,Zimbrick,,M,2022,0,2022:2,9,observed,2019,2021,2
18064557,Jorge,Apodaca,,M,2023,0,2023:12,10,late-entry,2021,2021,12
11569467,Allison,Baggaley,,F,2023,0,2023:7,9,observed,2019,2021,7
11569468,Kaitlyn,Baggaley,,F,2023,0,2023:60,9,observed,2019,2023,60
16565198,Shawn,Baldwin,,M,2023,0,2023:2,10,late-entry,2021,2021,2
22646575,Cheroyl,Banful,,F,2023,0,2023:2,12,late-entry,2023,2023,2
10426594,Elizabeth,Belanger,,F,2023,0,2023:37,9,observed,2019,2023,37
15085626,Rilyn,Blanchard,,F,2023,0,2023:32,9,observed,2019,2022,32
11461168,Jandika,Borden,,F,2023,0,2023:40,11,late-entry,2022,2023,40
12400288,Dylan,Boynton,,M,2023,0,2023:11,9,observed,2019,2021,11
15751210,Wyatt,Bugher,,M,2023,0,2023:16,9,observed,2019,2020,16
16565212,Tyler,Carter,,M,2023,0,2023:5,11,late-entry,2022,2023,5
16565215,Trevor,Cherry,,M,2023,0,2023:9,9,observed,2020,2023,9
16565216,Owen,Christie,,M,2023,0,2023:12,10,late-entry,2020,2022,12
18999829,Gaven,Curtis,,M,2023,0,2023:48,9,observed,2019,2023,48
16565343,Macy,Cutsforth,,F,2023,0,2023:3,10,late-entry,2021,2022,3
11569503,Luke,Day,,M,2023,0,2023:52,10,late-entry,2021,2023,52
13260164,Lainee,Derry,,F,2023,0,2023:1,12,late-entry,2023,2023,1
15791687,Ryan,DeVries,,M,2023,0,2023:11,9,observed,2019,2019,11
16565226,Josiah,Dorsey,,M,2023,0,2023:6,10,late-entry,2021,2023,6
10591010,Sean,Enger,,M,2023,0,2023:20,9,observed,2019,2022,20
10591011,Tyler,Enger,,M,2023,0,2023:11,9,observed,2019,2019,11
15079507,Lily,Fairman,,F,2023,1,2023:47 2025:11,9,observed,2019,2023,58
12400283,Reid,Falcon,,M,2023,0,2023:49,9,observed,2019,2023,49
17198852,Rachel,Feenstra,,F,2023,0,2023:2,10,late-entry,2021,2021,2
16565231,Nathan,Fillinger,,M,2023,0,2023:1,11,late-entry,2022,2022,1
11815229,Grant,Golda,,M,2023,0,2023:5,10,late-entry,2021,2022,5
12400281,Holden,Goyette,,M,2023,0,2023:11,9,observed,2019,2019,11
10426596,Audrey,Grunow,,F,2023,0,2023:34,9,observed,2019,2022,34
13260104,Riley,Hamilton,,M,2023,0,2023:1,12,late-entry,2023,2023,1
12400253,Zachary,Hancock,,M,2023,0,2023:17,9,observed,2019,2020,17
22081318,Taylor,Holt,,F,2023,0,2023:3,12,late-entry,2023,2023,3
19724154,Kyle,Jett,,M,2023,0,2023:1,11,late-entry,2022,2022,1
11815228,Grace,Johnson,,F,2023,0,2023:26,9,observed,2019,2023,26
15085644,Ayo,Kayode-Popoola,,M,2023,0,2023:2,10,late-entry,2021,2021,2
10426603,Josh,Knutson,,M,2023,0,2023:60,9,observed,2019,2023,60
18857468,Kenzie,Kosik,,F,2023,0,2023:28,11,late-entry,2021,2022,28
21821453,Faith,Laursen,,F,2023,0,2023:14,10,late-entry,2021,2021,14
26979611,Dylon,Lovely,,M,2023,0,2023:8,10,late-entry,2021,2023,8
12400262,Luke,Machado,,M,2023,0,2023:10,9,observed,2019,2019,10
13260112,Landon,Malan,,M,2023,1,2023:36 2022:4,9,observed,2019,2022,40
21319481,Austin,Malloy,,M,2023,0,2023:6,12,late-entry,2022,2022,6
15731130,Drew,McDonald,,M,2023,0,2023:22,9,observed,2019,2021,22
19610534,Sharra,Medina,,F,2023,0,2023:1,11,late-entry,2022,2022,1
24069846,Austin,Milton,,M,2023,0,2023:22,9,observed,2019,2023,22
11461508,Katelyn,Morris,,F,2023,0,2023:5,11,late-entry,2022,2023,5
15731144,Kaylyn,Murphy,,F,2023,0,2023:15,9,observed,2019,2021,15
18053110,Luke,Richardson,,M,2023,0,2023:2,10,late-entry,2021,2021,2
22081375,Connor,Robrecht,,M,2023,0,2023:4,12,late-entry,2023,2023,4
11569517,Ulisses,Rodriguez,,M,2023,0,2023:3,11,late-entry,2022,2023,3
12400279,Joshua,Stoddart,,M,2023,0,2023:7,9,observed,2019,2019,7
15760777,Lili,Suro,,F,2023,0,2023:8,9,observed,2019,2019,8
19040616,Ezra,Syska,,M,2023,0,2023:12,11,late-entry,2021,2022,12
16565364,Sydney,Tasker,,F,2023,0,2023:1,11,late-entry,2022,2022,1
18053115,Camden,Wallis,,M,2023,0,2023:6,10,late-entry,2021,2023,6
11569495,Ella,Weathers,,F,2023,0,2023:3,12,late-entry,2023,2023,3
10426605,Avery,Wickham,,M,2023,0,2023:26,9,observed,2019,2022,26
14185121,Brian,Williamson,,M,2023,0,2023:11,9,observed,2019,2019,11
18817437,Nicholas,Zaubi,,M,2023,0,2023:16,11,late-entry,2021,2023,16
13260088,Lucas,Badouli,,M,2024,0,2024:8,9,observed,2021,2024,8
18857460,Sophia,Beckham,,F,2024,0,2024:7,10,late-entry,2021,2022,7
15079373,Kai,Bennett,,M,2024,0,2024:10,9,observed,2021,2021,10
22081332,Kincade,Bishop,,M,2024,0,2024:6,11,late-entry,2023,2024,6
17366085,Grace,Bittner,,F,2024,0,2024:19,9,observed,2021,2022,19
17366092,Rachel,Burgi,,F,2024,0,2024:4,9,observed,2021,2023,4
24617804,Josiah,Busby,,M,2024,0,2024:4,12,late-entry,2024,2024,4
19610540,Ethan,Chaquette,,M,2024,0,2024:1,10,late-entry,2022,2022,1
11815231,Jack,Chidester,,M,2024,0,2024:76,9,observed,2020,2024,76
18053106,Caleb,Chung,,M,2024,0,2024:6,10,late-entry,2022,2024,6
22081340,Kasen,Covert,,M,2024,0,2024:1,11,late-entry,2023,2023,1
11815222,Avery,Davis,,F,2024,0,2024:22,9,observed,2020,2021,22
21164419,Ethan,Davis,,M,2024,0,2024:40,11,late-entry,2022,2024,40
22081342,Juan,De La O,,M,2024,0,2024:6,11,late-entry,2023,2024,6
19610553,Ryan,Dunn,,M,2024,0,2024:29,10,late-entry,2022,2024,29
22081346,Steven,Duricka,,M,2024,0,2024:2,11,late-entry,2023,2023,2
14185115,Kurt,Eddington,,M,2024,0,2024:84,9,observed,2020,2024,84
33327376,Mari,Evonuk,,F,2024,0,2024:4,10,late-entry,2022,2024,4
24652072,Grant,Fischer,,M,2024,0,2024:2,12,late-entry,2024,2024,2
24626217,Sabrina,Flowers,,F,2024,0,2024:2,12,late-entry,2024,2024,2
15085615,Morgan,Foster,,F,2024,0,2024:21,9,observed,2021,2024,21
15085616,Peyton,Foster,,F,2024,0,2024:13,9,observed,2021,2024,13
16012336,Brady,Gengler,,M,2024,0,2024:17,9,observed,2020,2021,17
26645716,Heidi,Gill,,F,2024,0,2024:103,9,observed,2020,2024,103
12922689,Zachary,Gilmor,,M,2024,0,2024:30,9,observed,2021,2024,30
19610541,Ojani,Gray,,M,2024,0,2024:7,10,late-entry,2022,2024,7
19610544,Kaleo,Hall,,M,2024,0,2024:6,10,late-entry,2022,2024,6
11815225,Carolyn,Horner,,F,2024,0,2024:3,12,late-entry,2024,2024,3
22081362,Garrett,Kane,,M,2024,0,2024:4,11,late-entry,2023,2024,4
22081363,Tristan,Kieser,,M,2024,0,2024:1,11,late-entry,2023,2023,1
12922710,Brayden,Klostreich,,M,2024,0,2024:1,11,late-entry,2023,2023,1
17366097,Bryn,Lahart,,F,2024,0,2024:3,9,observed,2021,2021,3
18796385,Drew,Le,,M,2024,0,2024:23,9,observed,2020,2021,23
19610545,Tyler,Leyshock,,M,2024,0,2024:4,10,late-entry,2022,2023,4
17366105,Madeline,Littleton,,F,2024,0,2024:88,9,observed,2020,2024,88
22897470,Oisin,McEvoy,,M,2024,0,2024:25,9,observed,2021,2024,25
19610547,Zakary,Meyer,,M,2024,0,2024:2,10,late-entry,2022,2022,2
19610548,Jacob,Miller,,M,2024,0,2024:4,10,late-entry,2022,2023,4
12922327,McKenzie,Milton,,F,2024,0,2024:41,9,observed,2020,2024,41
18857492,Danica,Montgomery,,F,2024,0,2024:22,10,late-entry,2021,2023,22
13046784,Jaylan,Moore,,M,2024,0,2024:3,12,late-entry,2024,2024,3
13260096,Evan,Morris,,M,2024,0,2024:39,10,late-entry,2022,2024,39
22105260,Sean,O'Neal,,M,2024,0,2024:2,11,late-entry,2023,2023,2
16012343,Evan,Oliver,,M,2024,0,2024:54,9,observed,2020,2024,54
8296913,Margaret,Pannell,,F,2024,0,2024:69,10,late-entry,2021,2024,69
13260160,Ava,Paul,,F,2024,0,2024:3,10,late-entry,2022,2023,3
19610535,Celia,Penny,,F,2024,0,2024:2,10,late-entry,2022,2022,2
19730066,Quentin,Perez,,M,2024,0,2024:5,10,late-entry,2022,2022,5
11815241,Tyson,Pierce,,M,2024,0,2024:46,9,observed,2020,2024,46
17366197,Ethan,Quirie,,M,2024,0,2024:13,9,observed,2021,2021,13
19610550,Cutler,Redman,,M,2024,0,2024:2,11,late-entry,2023,2024,2
26946898,Katie,Rice-Whittingham,,F,2024,0,2024:9,9,observed,2021,2023,9
15090625,Kaitlin,Romig,,F,2024,0,2024:6,9,observed,2021,2023,6
12922722,Mac,Sander,,M,2024,0,2024:2,9,observed,2021,2021,2
14185128,Tali,Sanders,,F,2024,0,2024:18,10,late-entry,2021,2022,18
19610552,Noah,Sandhu,,M,2024,0,2024:2,10,late-entry,2022,2022,2
15079477,Brynn,Sands,,F,2024,0,2024:8,9,observed,2021,2024,8
22081380,Logan,Schreiner,,M,2024,0,2024:2,11,late-entry,2023,2024,2
19610556,Nolen,Scott,,M,2024,0,2024:2,10,late-entry,2022,2022,2
21322518,Elias,Selzer,,M,2024,0,2024:3,11,late-entry,2022,2022,3
13235098,Ziggy,Shoemaker,,M,2024,0,2024:4,12,late-entry,2024,2024,4
27420164,Drew,Smith,,M,2024,0,2024:4,11,late-entry,2023,2024,4
22081385,Talan,Spitler,,M,2024,0,2024:5,11,late-entry,2023,2024,5
15085654,Braden,Stroup,,M,2024,0,2024:4,9,observed,2021,2021,4
22081386,Dominic,Swanson,,M,2024,0,2024:30,11,late-entry,2023,2024,30
19220514,Lukas,Valdez,,M,2024,0,2024:72,9,observed,2020,2024,72
17366211,Lukas,Vaught,,M,2024,0,2024:11,9,observed,2021,2024,11
17642449,Talia,Walsh,,F,2024,0,2024:6,9,observed,2020,2022,6
19610536,Stella,Watson,,F,2024,0,2024:1,10,late-entry,2022,2022,1
22081388,Matthew,Wetter,,M,2024,0,2024:4,11,late-entry,2023,2024,4
27152880,Jaden,Will,,M,2024,0,2024:9,9,observed,2021,2024,9
18053105,Elliandra,Will,,F,2024,0,2024:2,9,observed,2021,2021,2
13260101,Ryker,Wolvers,,M,2024,0,2024:4,10,late-entry,2022,2024,4
19610538,Macy,Wright,,F,2024,0,2024:2,10,late-entry,2022,2022,2
24620727,Tarek,Abdellatif,,M,2025,0,2025:1,11,late-entry,2024,2024,1
19169545,Joshua,Anchinga,,M,2025,0,2025:8,9,observed,2021,2022,8
19610417,Ethan,Anderson,,M,2025,0,2025:6,9,observed,2022,2022,6
19610418,Mohammad,Ashour,,M,2025,0,2025:3,9,observed,2022,2023,3
27637407,Augusta,Bollmann,,F,2025,0,2025:4,12,late-entry,2025,2025,4
18817425,Brayden,Buelt,,M,2025,0,2025:13,9,observed,2021,2022,13
29728487,Senoya,Bugher,,F,2025,0,2025:95,9,observed,2021,2025,95
18817426,Jordan,Burke,,M,2025,0,2025:18,9,observed,2021,2022,18
18817242,Sophia,Bushman,,F,2025,0,2025:59,9,observed,2021,2024,59
30305974,Jonah,Campbell,,M,2025,0,2025:28,11,late-entry,2024,2025,28
19610398,Mae,Christensen,,F,2025,0,2025:1,9,observed,2022,2022,1
21155721,Claire,Churilla,,F,2025,0,2025:5,10,late-entry,2022,2022,5
15085618,Leah,Clark,,F,2025,0,2025:8,10,late-entry,2022,2022,8
19653817,Tristen,Cleveland,,M,2025,0,2025:2,9,observed,2022,2023,2
18817427,McCabe,Comer,,M,2025,0,2025:17,9,observed,2021,2022,17
19743868,Joe,Comer,,M,2025,0,2025:5,9,observed,2022,2022,5
22308118,Aidan,Cvitkovich,,M,2025,0,2025:54,10,late-entry,2022,2025,54
19610420,Finn,Decker,,M,2025,0,2025:3,9,observed,2022,2022,3
18122775,Ridlee,Derry,,F,2025,0,2025:17,9,observed,2022,2023,17
19610400,Anaya,Dorsey,,F,2025,0,2025:1,9,observed,2022,2022,1
22081345,Ethan,Douglass,,M,2025,0,2025:9,10,late-entry,2023,2025,9
30372717,Reese,Eckard,,F,2025,0,2025:5,9,observed,2022,2025,5
19610422,Treyson,Eddleman,,M,2025,0,2025:3,9,observed,2022,2022,3
19610423,Miguel,Elias Lopez,,M,2025,0,2025:1,9,observed,2022,2022,1
24714339,Ali,Emam,,M,2025,0,2025:1,11,late-entry,2024,2024,1
19679390,Benjamin,Everhart,,M,2025,0,2025:3,9,observed,2022,2022,3
18817428,Alex,Farnum,,M,2025,0,2025:42,9,observed,2021,2024,42
22081351,Wyatt,Ferguson,,M,2025,0,2025:9,10,late-entry,2023,2025,9
21155724,Hailey,Foley,,F,2025,0,2025:7,10,late-entry,2022,2022,7
19610425,Gavin,Fuchs,,M,2025,0,2025:5,9,observed,2022,2025,5
19610401,Ava,Gaggini,,F,2025,0,2025:3,9,observed,2022,2025,3
18817429,Aiden,Garrison,,M,2025,0,2025:13,9,observed,2021,2024,13
18817430,Caiden,Gaunt,,M,2025,0,2025:7,9,observed,2021,2021,7
29412017,Noah,Gonzalez,,M,2025,0,2025:17,11,late-entry,2023,2024,17
23622504,Sara,Greenspan,,F,2025,0,2025:4,11,late-entry,2023,2023,4
18817431,Barret,Grimm,,M,2025,0,2025:39,9,observed,2021,2024,39
30959281,Anna,Grunow,,F,2025,0,2025:76,9,observed,2021,2025,76
19343152,Kate,Hales,,F,2025,0,2025:2,10,late-entry,2023,2023,2
24549566,Landon,Hartmann,,M,2025,0,2025:5,11,late-entry,2024,2025,5
22081357,Kadin,Hess,,M,2025,0,2025:2,10,late-entry,2023,2023,2
19610402,Addison,Hodgen,,F,2025,0,2025:1,9,observed,2022,2022,1
19610403,Claire,Kershner,,F,2025,0,2025:2,9,observed,2022,2022,2
19610406,Amarys,Martinez,,F,2025,0,2025:3,9,observed,2022,2023,3
18817432,Jackson,Martson,,M,2025,0,2025:9,9,observed,2021,2021,9
18817433,Victor,McAuley,,M,2025,0,2025:80,9,observed,2021,2025,80
27638488,Malachi,McClellan,,M,2025,0,2025:1,12,late-entry,2025,2025,1
23622513,Addison,Mclachlan,,F,2025,0,2025:6,11,late-entry,2023,2023,6
27638490,Wilson,Medina,,M,2025,0,2025:2,12,late-entry,2025,2025,2
24616954,Caden,Mikulak,,M,2025,0,2025:2,11,late-entry,2024,2025,2
18587334,Paiton,Miller,,F,2025,0,2025:3,11,late-entry,2024,2024,3
19610428,Allen Kaden,Moore,,M,2025,0,2025:3,9,observed,2022,2023,3
18817419,Keegan,Mortier,,M,2025,0,2025:88,9,observed,2021,2025,88
18364189,Ava,Oliveros,,F,2025,0,2025:5,9,observed,2022,2022,5
19610407,Montana,Parker,,F,2025,0,2025:5,9,observed,2022,2023,5
19610408,June,Pease,,F,2025,0,2025:2,9,observed,2022,2023,2
22081374,Michael,Rivera,,M,2025,0,2025:1,10,late-entry,2023,2023,1
18817434,Carter,Samter,,M,2025,0,2025:9,9,observed,2021,2021,9
19010593,Ilana,Savage,,F,2025,0,2025:52,9,observed,2021,2025,52
22081379,Shaurya,Saxena,,M,2025,0,2025:3,10,late-entry,2023,2024,3
19610430,Bridger,Schaffer,,M,2025,0,2025:1,9,observed,2022,2022,1
29845177,Abel,Schwanz,,M,2025,0,2025:33,10,late-entry,2023,2025,33
18817421,Audrey,Segura,,F,2025,0,2025:25,9,observed,2021,2022,25
19610411,Ayla,Shimp,,F,2025,0,2025:1,9,observed,2022,2022,1
18817422,Kirsten,Slater,,F,2025,0,2025:14,9,observed,2021,2022,14
19610413,Jasmine,Spurling,,F,2025,0,2025:1,9,observed,2022,2022,1
27638595,Neal,Steger,,M,2025,0,2025:1,12,late-entry,2025,2025,1
21123438,Mila,Switzer,,F,2025,0,2025:19,10,late-entry,2022,2023,19
24673822,Alex,Szklarz,,M,2025,0,2025:3,11,late-entry,2024,2025,3
19610415,Gentry,Vargas,,F,2025,0,2025:10,9,observed,2022,2025,10
30168654,Andrew,Waletich,,M,2025,0,2025:35,9,observed,2022,2025,35
19610432,Layton,Walter,,M,2025,0,2025:8,9,observed,2022,2025,8
18817435,Jack,Weggeland,,M,2025,0,2025:75,9,observed,2021,2025,75
30194568,Dylan,Weniger,,M,2025,0,2025:80,9,observed,2022,2025,80
14185105,Annie,Westover,,F,2025,0,2025:13,9,observed,2022,2022,13
19610433,Ethan,Wetzler,,M,2025,0,2025:5,9,observed,2022,2022,5
14185126,Amira,Whitson,,F,2025,0,2025:4,11,late-entry,2024,2025,4
22081389,Noah,Williams,,M,2025,0,2025:3,10,late-entry,2023,2023,3
18817423,Ella,Wright,,F,2025,0,2025:41,9,observed,2021,2023,41
18817424,Juliet,Yoo,,F,2025,0,2025:73,9,observed,2021,2025,73
30340934,Carter,Allen,,M,2026,0,2026:65,9,observed,2022,2026,65
24651820,Brandon,Arreguin,,M,2026,0,2026:10,10,late-entry,2024,2026,10
17481352,Isaac,Bean,,M,2026,0,2026:2,11,late-entry,2025,2026,2
22081333,Brody,Black,,M,2026,0,2026:8,9,observed,2023,2026,8
27456372,Jacob,Blaser,,M,2026,0,2026:3,11,late-entry,2025,2026,3
20014896,Evan,Bloomstrom,,M,2026,0,2026:3,10,late-entry,2024,2024,3
30482239,Bastian,Bowden,,M,2026,0,2026:3,12,late-entry,2026,2026,3
21123435,Emma,Chan,,F,2026,0,2026:52,9,observed,2022,2025,52
22081339,Brandon,Colli,,M,2026,0,2026:11,9,observed,2023,2026,11
22081314,Addison,Cutsforth,,F,2026,0,2026:28,9,observed,2023,2026,28
22081343,Jones,Dickover,,M,2026,0,2026:4,9,observed,2023,2026,4
22081344,Joshua,Dicks,,M,2026,0,2026:5,9,observed,2023,2024,5
27637412,Kinzey,Doern,,F,2026,0,2026:1,11,late-entry,2025,2025,1
17481364,Joey,Domingo,,M,2026,0,2026:8,10,late-entry,2023,2023,8
24973707,Aaron,Dube,,M,2026,0,2026:4,10,late-entry,2024,2026,4
11592131,Blake,Dunn,,M,2026,0,2026:12,10,late-entry,2024,2026,12
22081347,Samuel,Duricka,,M,2026,0,2026:5,9,observed,2023,2026,5
30692097,Robin,Estrada,,M,2026,0,2026:1,12,late-entry,2026,2026,1
22081350,Ian,Evans,,M,2026,0,2026:12,9,observed,2023,2026,12
20014912,Jack,Fairman,,M,2026,0,2026:1,11,late-entry,2025,2025,1
22081316,Caroline,Fischer,,F,2026,0,2026:20,9,observed,2023,2024,20
22081353,Jonah,Furino,,M,2026,0,2026:4,9,observed,2023,2025,4
22081354,Alexander,Gallinger-Long,,M,2026,0,2026:5,9,observed,2023,2026,5
16012411,Morgan,Gill,,F,2026,0,2026:23,9,observed,2022,2025,23
27637416,Kiara,Hafen,,F,2026,0,2026:2,11,late-entry,2025,2025,2
21164428,Aiden,Hannon,,M,2026,1,2026:66 2027:6,9,observed,2022,2026,72
27670116,Nick,Hardaker,,M,2026,0,2026:1,12,late-entry,2026,2026,1
22081356,Jackson,Henderson,,M,2026,0,2026:10,9,observed,2023,2026,10
22081358,Luke,Johnson,,M,2026,0,2026:2,9,observed,2023,2023,2
22081360,Samson,Johnson,,M,2026,0,2026:2,9,observed,2023,2023,2
22081361,Josiah,Jones,,M,2026,0,2026:1,9,observed,2023,2023,1
22081319,Brooklyn,Jones,,F,2026,0,2026:11,9,observed,2023,2026,11
17481428,Riley,Kliever,,F,2026,0,2026:61,9,observed,2022,2025,61
22081321,Vivian,La,,F,2026,0,2026:2,9,observed,2023,2023,2
22081365,Payton,MacDonald,,M,2026,0,2026:2,9,observed,2023,2023,2
30340951,Davis,Malan,,M,2026,0,2026:63,9,observed,2022,2026,63
22081322,Audrey,Marples,,F,2026,0,2026:2,9,observed,2023,2023,2
25329318,John,McDonald,,M,2026,0,2026:3,10,late-entry,2024,2026,3
24652198,Finn,McEvoy,,M,2026,0,2026:4,10,late-entry,2024,2025,4
32970141,Sofia,Minera-Burrola,,F,2026,0,2026:51,9,observed,2022,2026,51
22081368,Jayden,Morris,,M,2026,0,2026:2,9,observed,2023,2023,2
22081369,Ethan,Morris,,M,2026,0,2026:4,11,late-entry,2025,2026,4
22081323,Reina,Najjar,,F,2026,0,2026:5,9,observed,2023,2023,5
26365539,Ryan,Nations,,M,2026,0,2026:41,11,late-entry,2024,2026,41
22081370,Connor,Oliver,,M,2026,0,2026:3,9,observed,2023,2023,3
30340953,Caleb,Olson,,M,2026,0,2026:51,9,observed,2022,2026,51
24544011,Alexander,Osborn,,M,2026,0,2026:2,10,late-entry,2024,2026,2
22081373,Carson,Pulver,,M,2026,0,2026:2,9,observed,2023,2023,2
30340957,Spencer,Rasmussen,,M,2026,0,2026:72,9,observed,2022,2026,72
22081376,Parker,Roderick,,M,2026,0,2026:2,9,observed,2023,2023,2
27638582,Aedyn,Rodriguez,,M,2026,0,2026:1,11,late-entry,2025,2025,1
21183943,Natalie,Romig,,F,2026,0,2026:6,9,observed,2022,2022,6
22081325,Alexis,Russell,,F,2026,0,2026:3,9,observed,2023,2026,3
30367506,Grace,Sappenfield,,F,2026,0,2026:78,9,observed,2022,2026,78
16012311,Nathan,Sauer,,M,2026,0,2026:14,9,observed,2022,2023,14
22296519,Israel,Savage,,M,2026,0,2026:1,9,observed,2023,2023,1
24776685,Tanner,Smith,,M,2026,0,2026:1,11,late-entry,2025,2025,1
27804333,Mary Ellis,Smith,,F,2026,0,2026:2,11,late-entry,2025,2025,2
16012289,Braden,Stein,,M,2026,0,2026:51,9,observed,2022,2026,51
18122820,Andrew,Sten,,M,2026,0,2026:26,9,observed,2022,2026,26
26350647,Seth,Toader,,M,2026,0,2026:6,11,late-entry,2024,2024,6
17481412,Jackson,Traff,,M,2026,0,2026:6,9,observed,2022,2022,6
21155718,Julia,Voss,,F,2026,0,2026:7,9,observed,2022,2022,7
21164440,Eric,Weber,,M,2026,0,2026:68,9,observed,2022,2026,68
24652287,Dominick,Weckerly,,M,2026,0,2026:13,10,late-entry,2024,2024,13
22081327,Katelyn,Werle,,F,2026,0,2026:5,9,observed,2023,2026,5
22081390,Carson,Wright,,M,2026,0,2026:21,9,observed,2023,2026,21
22081391,Jayden,Wright,,M,2026,0,2026:33,9,observed,2023,2026,33
24651804,Jesmund,Adjei,,M,2027,0,2027:7,9,observed,2024,2024,7
24621643,Jayley,Aguayo Murga,,F,2027,0,2027:3,9,observed,2024,2024,3
24714340,Mark,Albright,,M,2027,0,2027:3,9,observed,2024,2024,3
24788683,Jack,Anaya,,M,2027,0,2027:3,9,observed,2024,2025,3
18122783,Branson,Bamforth,,M,2027,0,2027:5,9,observed,2024,2025,5
15115810,Nittaya,Bates,,F,2027,0,2027:9,9,observed,2023,2025,9
24761759,Ivan,Batllia,,M,2027,0,2027:7,9,observed,2024,2026,7
30367518,Evylee,Bugher,,F,2027,0,2027:70,9,observed,2023,2026,76
18122784,Caden,Burnett,,M,2027,0,2027:12,9,observed,2024,2025,12
30497121,Allison,Burnett,,F,2027,0,2027:26,9,observed,2024,2026,26
23621628,Arthur,Chapman,,M,2027,0,2027:27,9,observed,2023,2026,27
23628240,Desmond,Christie,,M,2027,0,2027:14,9,observed,2023,2025,14
24626215,Makaila,Crawford,,F,2027,0,2027:2,9,observed,2024,2024,2
26367228,Chloe,D'Angelo,,F,2027,0,2027:8,10,late-entry,2024,2025,8
24617380,Ashlynn,Davis,,F,2027,0,2027:11,9,observed,2024,2024,11
23628239,Levi,Dorsey,,M,2027,0,2027:5,9,observed,2023,2023,5
23622498,Ellie,Dotson,,F,2027,0,2027:30,9,observed,2023,2026,30
18122785,Chad,Dunn,,M,2027,0,2027:32,9,observed,2024,2026,32
22604385,Jacob,Easterly,,M,2027,0,2027:5,9,observed,2024,2025,5
24652024,Archer,Eckard,,M,2027,0,2027:2,9,observed,2024,2024,2
30340943,Joel,Eddington,,M,2027,0,2027:52,9,observed,2023,2026,52
30340947,Brady,Edinger,,M,2027,0,2027:60,9,observed,2023,2026,60
26367226,Annalise,Ellis,,F,2027,0,2027:5,10,late-entry,2024,2024,5
21417791,Ammon,Escobar,,M,2027,0,2027:1,10,late-entry,2025,2025,1
24443505,Malia,Evonuk,,F,2027,0,2027:1,11,late-entry,2026,2026,1
27638308,Nathanael,Fagan,,M,2027,0,2027:1,10,late-entry,2025,2025,1
9133029,Petra,Hagan,,F,2027,0,2027:29,9,observed,2024,2026,29
30340950,Blake,Horner,,M,2027,0,2027:32,9,observed,2023,2026,32
30959304,Merrill,Humphrey,,F,2027,0,2027:63,9,observed,2023,2026,63
20014878,Jameson,Jepson,,M,2027,0,2027:6,9,observed,2024,2025,6
18122796,Levi,Klostreich,,M,2027,0,2027:2,10,late-entry,2025,2026,2
27638343,Jacob,Leicht,,M,2027,0,2027:3,10,late-entry,2025,2026,3
23622510,Siyi,Liang,,F,2027,0,2027:7,9,observed,2023,2025,7
20014979,Andrea,Manish,,F,2027,0,2027:4,9,observed,2023,2023,4
20014982,Nevaeh,Mattson,,F,2027,0,2027:2,9,observed,2024,2024,2
30499777,Greyson,McCulloch,,M,2027,0,2027:2,11,late-entry,2026,2026,2
17481433,Abbi,McCullough,,F,2027,0,2027:39,9,observed,2023,2026,39
30545751,Benson,McDonald,,M,2027,0,2027:2,11,late-entry,2026,2026,2
27670243,Jayden,Mendez,,M,2027,0,2027:3,10,late-entry,2025,2026,3
22568243,Camilla,Moran,,F,2027,0,2027:6,9,observed,2023,2023,6
16685117,Braedon,Motland,,M,2027,0,2027:42,9,observed,2023,2026,42
17586188,Kole,Norman,,M,2027,0,2027:68,9,observed,2023,2026,70
30523249,Emma,Norman,,F,2027,0,2027:38,9,observed,2024,2026,38
23622521,Carly,Onstot,,F,2027,0,2027:30,9,observed,2023,2026,30
24652232,Abram,Perez,,M,2027,0,2027:2,9,observed,2024,2025,2
32900153,Valentina,Perona,,F,2027,0,2027:3,12,late-entry,2026,2026,3
23621663,Conner,Petty,,M,2027,0,2027:59,9,observed,2023,2026,59
22568213,Brynley,Phelps,,F,2027,0,2027:41,9,observed,2024,2026,41
27637406,Malia,Plaster,,F,2027,0,2027:2,10,late-entry,2025,2025,2
20200946,Esme,Richards,,F,2027,0,2027:6,9,observed,2023,2023,6
26127650,Jazlyn,Rose,,F,2027,0,2027:5,12,late-entry,2026,2026,5
17481438,Rachel,See,,F,2027,0,2027:26,9,observed,2023,2026,26
30340962,Carter,Shepherd,,M,2027,0,2027:53,9,observed,2023,2026,53
30367522,Hayden,Shimp,,F,2027,0,2027:47,9,observed,2023,2026,47
25094290,Wyatt,Tarter,,M,2027,0,2027:7,9,observed,2024,2026,7
27804412,Sofia,Tavera,,F,2027,0,2027:1,10,late-entry,2025,2025,1
30367521,Tyler,Thomas,,F,2027,0,2027:83,9,observed,2023,2026,84
30499885,Mace,Tingey,,M,2027,0,2027:2,11,late-entry,2026,2026,2
9682693,Lyla,Valdez,,F,2027,0,2027:42,9,observed,2023,2026,42
18122803,Gavin,Vargas,,M,2027,0,2027:2,10,late-entry,2025,2026,2
18122804,Roman,Vazquez,,M,2027,0,2027:3,9,observed,2024,2024,3
24973681,Nicholas,Videtich,,M,2027,0,2027:3,9,observed,2024,2026,3
24630758,Bodhi,Welsh,,M,2027,0,2027:10,9,observed,2024,2026,10
18122764,Breanna,Werle,,F,2027,0,2027:5,9,observed,2024,2026,5
17481444,Julia,Williams,,F,2027,0,2027:16,10,late-entry,2025,2026,16
30499925,Hunter,Wylie,,M,2027,0,2027:2,11,late-entry,2026,2026,2
20012400,Carter,Anderson,,M,2028,0,2028:5,9,observed,2024,2024,5
22568333,Maizie,Barker,,F,2028,0,2028:2,11,late-entry,2026,2026,2
29514729,Fisher,Barry,,M,2028,0,2028:27,10,late-entry,2025,2026,27
26899686,Weston,Boaz,,M,2028,0,2028:1,9,observed,2025,2025,1
25215248,Keagan,Bone,,F,2028,0,2028:3,9,observed,2025,2025,3
30340938,Finley,Borchardt,,M,2028,0,2028:28,9,observed,2024,2026,28
30482243,Castle,Bowden,,M,2028,0,2028:2,10,late-entry,2026,2026,2
32392526,Calvin,Brandl,,M,2028,0,2028:34,9,observed,2024,2026,34
27722108,Sebastian,Bravo,,M,2028,0,2028:2,9,observed,2025,2025,2
20900069,Sophia,Brown,,F,2028,0,2028:3,9,observed,2025,2025,3
18425649,Jace,Brown,,M,2028,0,2028:3,10,late-entry,2026,2026,3
27456666,Bradley,Caldwell,,M,2028,0,2028:4,9,observed,2025,2025,4
26367224,Tempe,Carkin,,F,2028,0,2028:4,9,observed,2024,2024,4
25215565,Sophie,Cooper,,F,2028,0,2028:5,9,observed,2025,2026,5
25212072,Ben,Corning,,M,2028,0,2028:32,9,observed,2024,2026,32
30619360,Nolan,Daily,,M,2028,0,2028:2,10,late-entry,2026,2026,2
19013063,Taylor,Demcak,,F,2028,0,2028:1,9,observed,2025,2025,1
13498071,Andrew,Douglass,,M,2028,0,2028:2,10,late-entry,2026,2026,2
19062296,Adalade,Ertner,,F,2028,0,2028:27,9,observed,2024,2026,27
27378853,Olivia,Ferguson,,F,2028,0,2028:4,9,observed,2025,2025,4
19062217,Joe,Giles,,M,2028,0,2028:33,9,observed,2024,2026,33
20012743,Carlos,Gomez,,M,2028,0,2028:2,9,observed,2025,2025,2
20012753,Adelynn,Harold,,F,2028,0,2028:6,9,observed,2025,2026,6
20012831,Zoe,Hays,,F,2028,0,2028:4,9,observed,2025,2026,4
30708403,Nate,Johnson,,M,2028,0,2028:14,10,late-entry,2026,2026,14
29456205,Mose,Kang,,M,2028,0,2028:8,10,late-entry,2025,2025,8
27637422,Sophia,Kelley,,F,2028,0,2028:9,9,observed,2025,2026,9
30847929,Eli,King,,M,2028,0,2028:3,10,late-entry,2026,2026,3
26365528,Matthew,LaBounty,,M,2028,0,2028:6,9,observed,2024,2024,6
26522819,Justin,Leroux,,M,2028,0,2028:29,9,observed,2024,2026,29
27638346,Mason,Lucero,,M,2028,0,2028:3,9,observed,2025,2026,3
27378863,Kaylee,Marshall,,F,2028,0,2028:2,9,observed,2025,2025,2
27378866,Mae,Mcgalis,,F,2028,0,2028:5,9,observed,2025,2025,5
29412206,Wyatt,Mckechnie,,M,2028,0,2028:7,10,late-entry,2025,2025,7
22568002,Ayla,Moller,,F,2028,0,2028:3,9,observed,2025,2025,3
32900149,Jaynie,Mounteer,,F,2028,0,2028:3,11,late-entry,2026,2026,3
33190069,Caue,Pedrazzani Lemos,,M,2028,0,2028:1,11,late-entry,2026,2026,1
27638557,Jayden,Perez,,M,2028,0,2028:2,9,observed,2025,2025,2
26522812,Bryce,Ramos,,M,2028,0,2028:13,9,observed,2024,2025,13
23198525,Brinley,Rygh,,F,2028,0,2028:1,10,late-entry,2026,2026,1
23840991,Logan,Schooler,,M,2028,0,2028:7,9,observed,2024,2024,7
27378852,Kaitlyn,Sharp,,F,2028,0,2028:1,9,observed,2025,2025,1
27638586,Parker,Sleeman,,M,2028,0,2028:2,9,observed,2025,2025,2
26481411,Jordan,Starnes,,F,2028,0,2028:27,9,observed,2024,2026,27
26367232,Emma,Stein,,F,2028,0,2028:13,9,observed,2024,2025,13
26403544,Sofie,Stoffregen,,F,2028,0,2028:8,9,observed,2024,2024,8
30477175,Tanner,Sturm,,M,2028,0,2028:9,10,late-entry,2026,2026,9
30592942,Cora,Swanson,,F,2028,0,2028:24,10,late-entry,2025,2026,24
20012921,Niku,Tavazoie,,F,2028,0,2028:33,9,observed,2024,2026,33
27638621,Jacob,Taylor,,M,2028,0,2028:6,9,observed,2024,2024,6
26299842,Griffin,Thomas,,M,2028,0,2028:32,9,observed,2024,2026,32
20012929,Adithya,Thothala,,M,2028,0,2028:4,9,observed,2025,2026,4
26299843,Lucy,Tomb,,F,2028,0,2028:23,9,observed,2024,2026,23
30499900,Luca,Visan,,M,2028,0,2028:2,10,late-entry,2026,2026,2
26365536,Koen,Voss,,M,2028,0,2028:6,9,observed,2024,2024,6
22567977,Adelle,Wahlberg,,F,2028,0,2028:1,9,observed,2025,2025,1
27638641,Levi,Wuertz,,M,2028,0,2028:4,9,observed,2025,2026,4
30482202,Anthony,Arreguin,,M,2029,0,2029:2,9,observed,2026,2026,2
30619765,Drake,Avila,,M,2029,0,2029:1,9,observed,2026,2026,1
30495776,McKay,Baggaley,,M,2029,0,2029:1,9,observed,2026,2026,1
30482211,Logan,Bagozzi,,M,2029,0,2029:14,9,observed,2026,2026,14
28328313,Autumn,Baldwin,,F,2029,0,2029:27,9,observed,2025,2026,27
29446230,Emmett,Barton,,M,2029,0,2029:27,9,observed,2025,2026,27
28046494,Maya,Barton,,F,2029,0,2029:5,9,observed,2026,2026,5
26707666,Kai,Brown,,M,2029,0,2029:10,9,observed,2026,2026,10
30367520,Nezeya,Bugher,,F,2029,0,2029:32,9,observed,2023,2026,38
23840974,Hunter,Burnett,,M,2029,0,2029:26,9,observed,2025,2026,26
22604918,Arlo,Butler,,M,2029,0,2029:4,9,observed,2026,2026,4
29543977,Camden,Crawford,,M,2029,0,2029:10,9,observed,2025,2026,10
30482479,Jameson,Dickover,,M,2029,0,2029:2,9,observed,2026,2026,2
21417894,Reese,Gill,,F,2029,0,2029:10,9,observed,2026,2026,10
30864447,Levi,Hall,,M,2029,0,2029:2,9,observed,2026,2026,2
29446211,Kaleb,Hannon,,M,2029,0,2029:20,9,observed,2025,2026,20
25212115,Paul,Hasler,,M,2029,0,2029:18,9,observed,2026,2026,18
30578066,Cody,Hawkins,,M,2029,0,2029:3,9,observed,2026,2026,3
30728339,Hunter,Herndon,,M,2029,0,2029:4,9,observed,2026,2026,4
20186765,Breeanna,Hollins,,F,2029,0,2029:20,9,observed,2025,2026,20
28046571,Itaru,Imade,,M,2029,0,2029:6,9,observed,2026,2026,6
28046576,Kiwamu,Imade,,M,2029,0,2029:5,9,observed,2026,2026,5
30620258,Watson,Jolden,,M,2029,0,2029:3,9,observed,2026,2026,3
30522258,Ela,Keliiheleua,,F,2029,0,2029:4,9,observed,2026,2026,4
28499062,Eleanor,Lamb,,F,2029,0,2029:4,9,observed,2026,2026,4
28046596,Lincoln,Marshall,,M,2029,0,2029:2,9,observed,2026,2026,2
23844791,Sam,Mayorga,,M,2029,0,2029:26,9,observed,2025,2026,26
30545758,Jackson,McDonald,,M,2029,0,2029:2,9,observed,2026,2026,2
25214364,Adyson,Meiners,,F,2029,0,2029:2,9,observed,2026,2026,2
30499821,Karston,Meyerhofer,,M,2029,0,2029:13,9,observed,2026,2026,13
31151949,Brayden,Morton,,M,2029,0,2029:1,9,observed,2026,2026,1
28046634,Liam,O'Connell,,M,2029,0,2029:13,9,observed,2026,2026,13
30710947,Leighton,O'Connor,,F,2029,0,2029:19,9,observed,2026,2026,19
28046635,Jack,Parson,,M,2029,0,2029:17,9,observed,2026,2026,17
30499839,Collin,Pitts,,M,2029,0,2029:2,9,observed,2026,2026,2
26708025,Damon,Plaster,,M,2029,0,2029:17,9,observed,2026,2026,17
30499846,Kaden,Reaney,,M,2029,0,2029:16,9,observed,2026,2026,16
30600193,Jakobi,Ribera,,M,2029,0,2029:1,9,observed,2026,2026,1
29329462,Addison,Selby,,F,2029,0,2029:12,9,observed,2026,2026,12
25213580,Gavin,Sturgeon,,M,2029,0,2029:26,9,observed,2025,2026,26
32906088,Silas,Suh,,M,2029,0,2029:2,10,late-entry,2026,2026,2
30499886,Bo,Tingey,,M,2029,0,2029:2,9,observed,2026,2026,2
30499887,Aiden,Travis,,M,2029,0,2029:2,9,observed,2026,2026,2
25213617,Oliver,Vaught,,M,2029,0,2029:2,9,observed,2026,2026,2
22605185,James,Waletich,,M,2029,0,2029:2,9,observed,2026,2026,2
29514741,Alex,Whitaker,,M,2029,0,2029:25,9,observed,2025,2026,25
25214637,Avery,Wilson,,F,2029,0,2029:30,9,observed,2025,2026,30
28047153,Ava,Wright,,F,2029,0,2029:6,9,observed,2025,2025,6
23840880,Andrew,Beckham,,M,2030,0,2030:2,9,observed,2026,2026,2
31131463,Caleb,Boyle,,M,2030,0,2030:5,9,observed,2026,2026,5
23841005,Rex,Eddington,,M,2030,0,2030:5,9,observed,2026,2026,5
32900143,Isabel,Emery,,F,2030,0,2030:5,9,observed,2026,2026,5
32924320,Joshua,Hawkins,,M,2030,0,2030:4,9,observed,2026,2026,4
29781903,Joseph,Heny,,M,2030,0,2030:4,9,observed,2026,2026,4
32900144,Sadie,Horton,,F,2030,0,2030:5,9,observed,2026,2026,5
20465137,Joseph,List,,M,2030,0,2030:5,9,observed,2026,2026,5
32896522,Deaglan,Moorman Burns,,M,2030,0,2030:5,9,observed,2026,2026,5
31131739,Joey,Morton,,M,2030,0,2030:5,9,observed,2026,2026,5
26708019,Peter,Mounteer,,M,2030,0,2030:1,9,observed,2026,2026,1
33088552,Hannah,Nelson,,F,2030,0,2030:3,9,observed,2026,2026,3
28046642,Daniel,Rendel,,M,2030,0,2030:3,9,observed,2026,2026,3
32948348,Larson,Schooler,,M,2030,0,2030:2,9,observed,2026,2026,2
29098940,Jackson,Siebers,,M,2030,0,2030:2,9,observed,2026,2026,2
20486864,Emmalyn,Spare,,F,2030,0,2030:5,9,observed,2026,2026,5
23840924,Camden,Storfa,,M,2030,0,2030:4,9,observed,2026,2026,4
25213595,Beckett,Swanson,,M,2030,0,2030:5,9,observed,2026,2026,5
33002211,Jack,Turner,,M,2030,0,2030:1,9,observed,2026,2026,1
