athleteId,schoolYear,sport,grade,nRaces,best800,best1500,best3000,best5000,bestAny
841,2004,tfo,11,1,,,,,11.01
841,2005,tfo,12,2,,,,,10.89
855,2004,tfo,12,2,,,,,28.23
856,2004,tfo,12,3,,299.8,670.12,,299.8
857,2004,tfo,12,2,,325.2,696.3,,325.2
858,2004,tfo,12,1,145.19,,,,145.19
859,2004,tfo,10,2,189.9,,,,80.14
860,2004,tfo,10,2,153.6,,748.1,,153.6
860,2005,xc,11,1,,,,1373,1373
860,2005,tfo,11,3,164.2,334.2,,,164.2
860,2006,xc,12,9,,,,1264,1264
862,2004,tfo,11,1,,,,,60.52
862,2005,xc,12,1,,,,1281,1281
862,2005,tfo,12,3,152.03,,,,27.64
863,2004,tfo,11,2,,,,,13.17
863,2005,tfo,12,1,,,,,13.32
864,2004,tfo,10,3,,,,,14.14
865,2005,tfo,11,1,,,,,17.24
867,2005,tfo,11,1,,,,,14.64
869,2004,tfo,11,2,,,,,14.14
871,2005,tfo,11,1,,,,,15.14
877,2004,tfo,12,4,116.71,238.91,564.55,,116.71
878,2004,tfo,12,2,116.1,,,,55.04
879,2004,tfo,11,2,,275.3,578.57,,275.3
879,2005,xc,12,1,,,,1027,1027
879,2005,tfo,12,3,,274.9,567.26,,274.9
882,2004,tfo,11,3,134.1,268.6,615.3,,134.1
882,2005,tfo,12,4,130.6,269.7,596.6,,130.6
883,2004,tfo,10,2,147.7,294.7,,,147.7
883,2006,xc,12,6,,,,1156,1156
884,2004,tfo,11,2,150.1,296.7,,,150.1
884,2005,tfo,12,3,143.4,286.7,,,143.4
885,2004,tfo,12,2,140.8,294.3,,,140.8
886,2004,tfo,10,2,,266.4,566.26,,266.4
886,2005,xc,11,1,,,,1024,1024
886,2005,tfo,11,3,127.7,257.42,554.34,,127.7
886,2006,xc,12,10,,,,972,972
886,2006,tfo,12,3,124.8,257.4,578.2,,124.8
887,2004,tfo,10,1,,,,,53.59
887,2005,tfo,11,2,146.7,,,,53.14
887,2006,xc,12,9,,,,1070,1070
887,2006,tfo,12,3,129.7,,,,23.64
888,2004,tfo,10,2,,,,,11.54
888,2005,tfo,11,2,,,,,11.74
888,2006,tfo,12,2,,,,,24.14
889,2004,tfo,10,2,,,,,12.31
889,2005,tfo,11,3,,,,,12.04
890,2004,tfo,10,2,,,,,11.04
890,2005,tfo,11,3,,,,,11.19
890,2006,tfo,12,2,,,,,11.04
891,2006,xc,12,7,,,,1176,1176
891,2006,tfo,12,1,,,,,57.24
892,2005,tfo,11,1,,,,,12.34
892,2006,tfo,12,1,,,,,12.14
893,2004,tfo,11,1,,,,,13.14
893,2005,tfo,12,1,,,,,13.24
896,2004,tfo,10,1,,,,,55.39
896,2005,tfo,11,2,,,,,25.74
897,2004,tfo,10,1,,,,,13.84
919,2004,tfo,12,2,132.6,279.4,,,132.6
921,2004,tfo,12,2,148.3,287.1,,,148.3
929,2004,tfo,11,1,,,,,26.54
930,2004,tfo,11,3,,,,,12.74
934,2004,tfo,10,2,,,,,13.44
934,2005,tfo,11,2,,,,,13.14
935,2004,tfo,10,3,142,278.3,618.24,,142
935,2006,xc,12,9,,,,1069,1069
940,2004,tfo,10,2,,,,,11.84
940,2005,tfo,11,2,,,,,11.54
940,2006,tfo,12,3,,,,,11.34
942,2004,tfo,10,1,,,,,12.44
942,2005,tfo,11,2,,,,,12.84
943,2004,tfo,10,1,,,,,13.3
944,2004,tfo,10,2,,,,,12.44
946,2004,tfo,10,2,,,,,26.04
946,2005,tfo,11,2,,,,,25.84
947,2004,tfo,9,2,,,,,13.54
948,2004,tfo,9,2,,,,,11.54
948,2005,tfo,10,2,,,,,11.64
948,2006,tfo,11,2,,,,,11.61
949,2004,tfo,9,2,,,,,13.94
950,2004,tfo,9,2,,,,,13.84
950,2005,tfo,10,3,,,,,13.74
950,2006,tfo,11,2,,,,,25.84
951,2004,tfo,9,2,151.9,297.8,,,151.9
951,2005,tfo,10,3,138.4,283.4,,,138.4
953,2004,tfo,9,2,,,,,12.94
953,2006,xc,11,6,,,,1253,1253
954,2004,tfo,9,2,,,,,13.24
954,2005,tfo,10,2,,,,,27.24
954,2006,tfo,11,2,,,,,26.04
954,2007,tfo,12,3,,,,,25.94
958,2005,tfo,10,2,,,,,14.14
960,2004,tfo,9,2,151.5,307.73,,,151.5
960,2005,xc,10,1,,,,1192,1192
960,2005,tfo,10,2,154.1,302.39,,,154.1
960,2006,xc,11,8,,,,1179.2,1179.2
960,2007,xc,12,10,,,,1215.6,1215.6
961,2004,tfo,9,1,,,,,13.54
963,2004,tfo,9,1,,,,,14.44
963,2005,tfo,10,1,,,,,14.44
963,2006,tfo,11,1,,,,,14.94
964,2004,tfo,,1,,,,,16.74
966,2004,tfo,9,1,155.8,,,,155.8
967,2004,tfo,10,2,248.4,,,,99.24
969,2004,tfo,10,1,,,,,15.84
972,2004,tfo,10,2,210.6,,,,93.24
972,2005,tfo,11,1,216.6,,,,216.6
973,2004,tfo,10,2,204.8,,,,76.34
973,2006,xc,12,9,,,,1334.5,1334.5
975,2004,tfo,11,2,235.1,,,,102.74
977,2004,tfo,12,2,,,,,28.64
984,2004,tfo,9,3,134.6,264.6,575.67,,134.6
984,2005,tfo,10,4,127.9,263,570.2,,127.9
984,2006,tfo,11,3,122.51,266.2,,,55.94
985,2004,tfo,10,2,,,,,11.84
985,2005,tfo,11,3,,,,,11.64
985,2006,tfo,12,3,,,,,11.64
986,2004,tfo,10,1,147,,,,147
986,2005,tfo,11,1,141,,,,141
986,2006,tfo,12,2,139.2,312.2,,,139.2
987,2004,tfo,10,3,156.4,326,705.8,,156.4
987,2005,xc,11,1,,,,1260,1260
987,2005,tfo,11,2,,325.2,687.5,,325.2
987,2006,xc,12,8,,,,1222,1222
987,2006,tfo,12,2,,352,697.39,,352
1013,2004,tfo,11,2,143.65,309.38,,,143.65
1013,2005,tfo,12,4,146.72,318.2,682.86,,146.72
1014,2004,tfo,9,2,170.2,332.1,,,170.2
1014,2005,tfo,10,2,154.8,333,,,154.8
1014,2006,xc,11,6,,,,1141,1141
1014,2006,tfo,11,2,151.2,308.6,,,151.2
1014,2007,xc,12,9,,,,1100,1100
1018,2004,tfo,9,1,,,,,15.74
1018,2006,xc,11,8,,,,1214,1214
1018,2007,xc,12,9,,,,1188,1188
1064,2004,tfo,11,1,,,,,13.04
1065,2004,tfo,9,1,,,,,54.14
1065,2005,tfo,10,2,125.06,,,,51.98
1065,2007,tfo,12,4,136.35,,,,12.04
1069,2004,tfo,10,2,161.2,330.7,,,161.2
1104,2005,tfo,10,3,,,,,12.74
1104,2006,tfo,11,1,,,,,12.74
1131,2004,tfo,9,2,,,,,13.14
1131,2005,tfo,10,2,,,,,13.04
1873,2004,tfo,11,3,,,,,13.74
14337,2005,tfo,9,1,,,,,12.54
14337,2006,tfo,10,1,,,,,12.34
14337,2007,tfo,11,1,,,,,70
14339,2005,tfo,9,3,147.4,307.4,,,147.4
14339,2006,xc,10,9,,,,1124,1124
14339,2006,tfo,10,2,142.6,316.2,,,142.6
14339,2007,xc,11,9,,,,1138.5,1138.5
14339,2008,xc,12,8,,,,1184,1184
14340,2005,tfo,9,4,144.8,292,651.8,,144.8
14340,2006,xc,10,9,,,,1081,1081
14340,2006,tfo,10,3,141.8,284,637.2,,141.8
14340,2007,xc,11,8,,,,1067,1067
14340,2007,tfo,11,4,,271.11,662,,57.3
14340,2008,xc,12,9,,,,1068,1068
14340,2008,tfo,12,5,125.6,277.1,617.9,,58
14341,2005,tfo,10,3,,,,,12.74
14341,2006,tfo,11,3,,,,,12.44
14342,2005,tfo,10,2,,,,,13.84
14343,2005,tfo,10,2,,,,,13.54
14343,2006,tfo,11,2,,,,,13.54
14344,2005,tfo,9,1,,,,,14.04
14345,2005,tfo,9,1,,,,,15.24
14346,2005,tfo,10,3,136.2,301.3,,,58.54
14347,2005,tfo,12,2,122.58,,,,56.14
14348,2005,tfo,12,2,,,,,12.44
14349,2005,tfo,10,3,136.7,291.4,,,61.74
14350,2005,tfo,9,2,,,,,26.74
14351,2005,tfo,9,3,137.9,293.9,,,62.14
14351,2006,xc,10,9,,,,1107,1107
14351,2006,tfo,10,2,141.3,302.8,,,141.3
14352,2005,tfo,11,1,156.5,,,,156.5
14352,2006,xc,12,7,,,,1239,1239
14352,2006,tfo,12,1,165.6,,,,165.6
14353,2005,tfo,11,2,154.7,362.6,,,154.7
14353,2006,xc,12,4,,,779,1248,779
14353,2006,tfo,12,2,167.2,359.9,,,167.2
14355,2005,tfo,9,2,147,326,,,147
14355,2006,tfo,10,2,136,294.7,,,136
14355,2007,xc,11,9,,,,1112.3,1112.3
14355,2008,xc,12,8,,,,1109.5,1109.5
14355,2008,tfo,12,4,132.1,296.9,,,58.8
14357,2005,tfo,9,2,155,326.8,,,155
14357,2006,tfo,10,1,170.1,,,,170.1
14357,2007,tfo,11,2,171.2,,,,74
14364,2012,tfo,,1,,,,,401
14374,2005,tfo,11,1,,,,,12.84
14379,2005,tfo,9,1,300,,,,300
14381,2005,tfo,12,1,,,,,12.54
14423,2005,tfo,9,2,,,,,13.34
14425,2005,tfo,10,2,,,,,15.34
14425,2006,tfo,11,2,,,,,15.04
14426,2005,tfo,10,2,,,,,14.34
14426,2007,tfo,12,1,,,,,14.44
14428,2005,tfo,9,2,,,,,13.54
14428,2006,tfo,10,2,,,,,13.44
14428,2007,xc,11,8,,,,1343.9,1343.9
14428,2007,tfo,11,4,,,,,13.58
14428,2008,tfo,12,3,,,,,13.07
14429,2005,tfo,10,2,,,,,14.84
14430,2005,tfo,9,2,,,,,15.64
14430,2006,tfo,10,1,,,,,16.24
14430,2007,tfo,11,2,,,,,15.4
14431,2005,tfo,9,2,,,,,16.34
14433,2005,xc,9,1,,,,1219,1219
14433,2005,tfo,9,4,142.32,298.1,672.1,,64.34
14433,2006,xc,10,10,,,,1165,1165
14433,2006,tfo,10,3,144.99,308.3,690.7,,144.99
14433,2007,xc,11,8,,,,1182.2,1182.2
14433,2007,tfo,11,6,146.91,306.5,701.2,,64.7
14433,2008,xc,12,9,,,,1215,1215
14433,2008,tfo,12,4,151.8,333.3,,,67.6
14434,2005,tfo,9,4,154.1,306.25,697.7,,67.54
14434,2006,xc,10,9,,,,1189,1189
14434,2006,tfo,10,3,168.3,322.66,743.5,,168.3
14434,2007,xc,11,8,,,,1213.7,1213.7
14434,2007,tfo,11,6,157.4,313.42,708.6,,69
14434,2008,xc,12,4,,,,1303,1303
14435,2005,tfo,10,2,169.8,352.1,,,169.8
14435,2006,tfo,11,2,,,,,15.94
14436,2005,tfo,11,2,182,379.4,,,182
14437,2005,tfo,9,2,170.7,347.9,,,170.7
14437,2006,xc,10,8,,,,1385,1385
14437,2006,tfo,10,3,172.1,345,,,79.14
14437,2007,xc,11,8,,,,1362,1362
14437,2007,tfo,11,6,175.3,356.1,787.4,,78
14437,2008,xc,12,9,,,,1357,1357
14437,2008,tfo,12,4,171.9,345,,,74.4
16235,2005,xc,9,1,,,,1149,1149
16235,2005,tfo,9,2,,306.26,646,,306.26
16235,2006,xc,10,10,,,,1145.2,1145.2
16235,2006,tfo,10,3,162.3,318.17,707.67,,162.3
16235,2007,xc,11,9,,,,1205,1205
16235,2008,xc,12,8,,,,1256,1256
16246,2005,tfo,10,1,,,,,13.84
16255,2005,tfo,10,2,,,,,13.24
16269,2005,tfo,10,2,,269.2,593.4,,269.2
16269,2006,xc,11,9,,,,1008.2,1008.2
16269,2006,tfo,11,2,,270.54,593,,270.54
16269,2007,xc,12,7,,,,1025,1025
16271,2005,tfo,9,2,,,,,26.14
16271,2006,tfo,10,1,,,,,54.5
16271,2007,tfo,11,3,,,,,24.24
16271,2008,tfo,12,4,,,,,11.56
16272,2005,tfo,11,2,,,,,12.54
16272,2006,tfo,12,1,,,,,11.94
20704,2005,tfo,9,1,,,,,12.04
20704,2006,tfo,10,3,,,,,11.74
20704,2007,tfo,11,3,,,,,11.94
22875,2006,xc,11,9,,,,1380,1380
22876,2006,xc,11,8,,,,1380,1380
22877,2005,xc,9,1,,,,1284,1284
22877,2006,xc,10,9,,,,1273.2,1273.2
22931,2006,xc,9,9,,,837,1294,837
22931,2006,tfo,9,3,,,,,13.64
22931,2007,xc,10,8,,,,1227,1227
22931,2007,tfo,10,3,,,,,13.94
22931,2008,xc,11,10,,,,1183.3,1183.3
22931,2008,tfo,11,3,,,,,14.84
22931,2009,xc,12,9,,,719,1202,719
22931,2009,tfo,12,2,,,,,67.6
22932,2006,xc,12,5,,,,1492,1492
22933,2006,xc,10,7,,,,1218.8,1218.8
22933,2006,tfo,10,2,,316.53,700.01,,316.53
22933,2007,xc,11,9,,,,1184.8,1184.8
22933,2007,tfo,11,6,156.4,305.57,654.85,,72
22933,2008,xc,12,8,,,,1181.2,1181.2
22933,2008,tfo,12,4,155.1,297.98,635.7,,70.5
22934,2006,xc,9,10,,,,1211.6,1211.6
22934,2007,xc,10,10,,,,1206,1206
22934,2009,xc,12,5,,,793,1351,793
22935,2006,xc,,3,,,944,1477,944
22936,2006,xc,10,6,,,,1049.2,1049.2
22936,2006,tfo,10,3,139.4,295.5,,,62.94
22937,2006,xc,10,9,,,,1246,1246
22937,2007,xc,11,9,,,915,1318,915
22938,2006,xc,9,3,,,,1051,1051
22938,2006,tfo,9,3,128,277.8,653.6,,128
22938,2007,xc,10,8,,,,1038,1038
22938,2007,tfo,10,4,124.11,271,,,53.9
22938,2008,xc,11,9,,,,1015.3,1015.3
22938,2009,xc,12,10,,,591,1000.9,591
22939,2006,xc,10,9,,,,1155,1155
22940,2006,xc,9,9,,,771,1141,771
22940,2007,xc,10,9,,,,1129,1129
22940,2008,xc,11,8,,,,1118,1118
22940,2009,xc,12,6,,,,1172,825.4
22941,2006,xc,,3,,,848,1490,848
22942,2006,xc,11,9,,,,1106,1106
22942,2006,tfo,11,2,135,290.1,,,135
22942,2007,xc,12,8,,,,1071,1071
22943,2006,xc,10,8,,,,1223,1223
22944,2006,xc,11,9,,,,1060,1060
22944,2007,xc,12,8,,,,1061.8,1061.8
22945,2006,xc,9,9,,,,1077,1077
22945,2006,tfo,9,2,,288.9,612.2,,288.9
22945,2007,xc,10,9,,,,1049,1049
22945,2007,tfo,10,4,135.2,274.11,581,,67
22945,2008,xc,11,10,,,,983.7,983.7
22945,2008,tfo,11,5,137.5,259.7,545.05,,60
22945,2009,xc,12,10,,,558,943,558
22945,2009,tfo,12,4,,247.83,528.48,,57.6
22946,2006,xc,11,9,,,,1278,1278
22946,2007,xc,12,9,,,,1292,1292
22947,2006,xc,9,9,,,,1068,1068
22947,2006,tfo,9,2,,270.6,578.8,,270.6
22947,2007,xc,10,10,,,,1008,1008
22947,2007,tfo,10,4,135.8,263.43,559.53,,135.8
22947,2008,xc,11,10,,,,980.4,980.4
22947,2008,tfo,11,5,129,253.44,559.44,,55.2
22947,2009,xc,12,10,,,570,991,570
22947,2009,tfo,12,5,121.89,263.9,609.7,,53.4
22948,2006,xc,10,5,,,,1208,1208
22948,2007,xc,11,3,,,769,1239,769
22948,2008,xc,12,4,,,,1194,1194
22950,2006,xc,10,5,,,,1321,1321
22950,2007,xc,11,6,,,1011,1372,1011
22950,2008,xc,12,9,,,,1313,1313
22950,2008,tfo,12,3,166.6,339.3,,,166.6
22951,2006,xc,12,7,,,,1293,1293
23259,2006,xc,12,8,,,,1062.8,1062.8
23260,2006,xc,9,8,,,799,1210,799
23260,2006,tfo,9,3,,,,,13.64
23260,2007,xc,10,9,,,900,1164,900
23260,2007,tfo,10,4,148.4,294.9,,,59
23260,2008,xc,11,7,,,,1138.5,784
23260,2008,tfo,11,4,147.2,292.8,661.6,,59.7
23261,2006,xc,9,8,,,893,1436,893
23261,2006,tfo,9,2,175.1,370.6,,,175.1
23261,2007,xc,10,7,,,,1433,1433
23262,2006,xc,9,10,,,,1259,1259
23262,2007,xc,10,7,,,,1292,1292
35885,2006,tfo,9,3,,,,,14.14
35885,2007,tfo,10,1,,,,,14.82
35885,2008,tfo,11,1,,,,,14.42
35894,2006,tfo,9,2,,,,,30.64
35896,2006,tfo,9,3,,,,,14.54
35896,2007,tfo,10,3,,,,,29.64
35900,2006,tfo,9,2,,,,,29.14
35900,2007,tfo,10,4,153.5,,,,29.14
35900,2008,tfo,11,3,,,,,29.34
35900,2009,tfo,12,2,,,,,67.9
35904,2006,tfo,9,2,,,,,15.14
35907,2006,tfo,9,1,,,,,14.24
35907,2007,tfo,10,3,166.8,,,,69
35908,2006,tfo,9,2,,,,,15.34
35908,2007,tfo,10,3,,,,,15.4
35910,2006,tfo,9,3,,,,,14.74
35910,2007,tfo,10,3,,,,,30.14
35921,2006,tfo,12,4,146.5,,,,14.14
35922,2006,tfo,9,2,,,,,14.34
35923,2006,tfo,11,2,,,,,14.24
35924,2006,tfo,9,2,,,,,14.44
35925,2006,tfo,9,2,,,,,15.64
35926,2006,tfo,12,1,,,,,14.84
35927,2006,tfo,9,2,,,,,16.14
35928,2006,tfo,10,2,,,,,16.84
35930,2006,tfo,9,2,148.1,320.8,,,148.1
35930,2007,tfo,10,5,149.94,316.2,758,,69
35930,2008,xc,11,4,,,,1225,1225
35930,2008,tfo,11,6,151.48,321.15,749.76,,70
35930,2009,xc,12,8,,,720,1222.6,720
35930,2009,tfo,12,4,158.8,316.99,724.28,,74.5
35934,2006,tfo,12,2,,,,,15.04
35938,2006,tfo,12,1,,,,,14.54
35945,2006,tfo,11,1,,,,,12.14
35946,2006,tfo,9,3,,,,,12.34
35946,2007,tfo,10,3,,,,,24.64
35946,2008,tfo,11,3,,,,,14.14
35947,2006,tfo,11,2,,,,,12.04
35950,2006,tfo,9,2,,,,,12.34
35950,2007,tfo,10,2,,,,,12.94
35950,2008,tfo,11,2,,,,,11.93
35950,2009,tfo,12,2,,,,,11.94
35951,2006,tfo,11,1,,,,,26.04
35952,2006,tfo,9,3,,,,,12.04
35952,2007,tfo,10,3,,,,,11.81
35952,2008,tfo,11,2,,,,,11.68
35955,2006,tfo,10,2,,,,,28.04
35987,2006,tfo,11,2,,,,,12.24
35989,2006,tfo,11,2,,,,,12.74
35990,2006,tfo,9,2,,,,,12.94
35990,2007,tfo,10,1,,,,,12.84
35995,2006,tfo,10,3,,,,,14.64
36000,2006,tfo,9,2,,,,,13.64
36000,2007,tfo,10,3,,,,,26.64
36000,2008,tfo,11,3,,,,,25.4
36003,2006,tfo,9,2,,,,,13.94
36027,2006,tfo,9,3,143.1,294,,,62.64
36047,2006,tfo,9,3,,,,,12.84
36047,2007,tfo,10,3,,,,,12.34
36063,2006,tfo,9,1,,,,,60.94
36144,2007,tfo,11,2,,,,,13.64
36177,2007,tfo,10,1,,,,,64
42139,2006,tfo,12,1,,,,,12.74
42160,2006,tfo,10,2,142.6,298.4,,,142.6
42160,2007,tfo,11,3,,,,,26.04
42160,2008,tfo,12,2,,,,,25.47
42221,2006,tfo,9,1,,,,,14.62
42236,2006,tfo,9,1,,,,,15.44
42236,2008,tfo,11,1,,,,,31.44
42237,2006,tfo,10,2,,,,,13.94
42237,2007,tfo,11,4,,,,,14.24
42240,2006,tfo,9,2,,,,,30.54
50747,2006,tfo,10,1,,,,,12.54
50749,2006,tfo,11,3,,,,,12.84
50772,2006,tfo,9,2,180.6,384.8,,,180.6
50772,2007,tfo,10,4,173.5,388.69,,,76
50772,2008,tfo,11,4,174.3,359.08,,,77
82721,2007,xc,9,9,,,1140,1418.2,1140
82721,2007,tfo,9,1,,,,,64.4
82721,2008,xc,10,10,,,,1298.3,1298.3
82721,2008,tfo,10,1,,,,,66.3
82721,2009,xc,11,9,,,752,1284,752
82721,2009,tfo,11,1,,,,,67.4
82722,2007,xc,11,3,,,,1468,1468
82723,2007,xc,9,4,,,,1369.3,1369.3
82723,2008,xc,10,9,,,,1343,1343
82723,2009,xc,11,4,,,799,1419.6,799
82724,2007,xc,9,9,,,1081,1403.4,1081
82724,2007,tfo,9,6,166.3,349.7,,,15.04
82724,2008,xc,10,9,,,,1366,1366
82724,2008,tfo,10,5,158.3,329.8,740.2,,68.6
82724,2009,xc,11,8,,,794,1323,794
82724,2009,tfo,11,5,167.3,344.11,781.2,,71.9
82724,2010,xc,12,6,,,,1439.4,1439.4
82726,2007,xc,10,3,,,931,1557,931
82728,2007,xc,10,9,,,,1371,1371
82728,2008,xc,11,8,,,,1371.8,1371.8
82729,2007,xc,10,7,,,1116,1689,1116
82729,2009,xc,12,8,,,908,1514,908
82734,2007,xc,10,6,,,959,1537.4,959
82734,2008,xc,11,9,,,,1336,1336
82734,2009,xc,12,6,,,836,1446.2,836
82737,2007,xc,9,3,,,1175,1675.9,1175
82737,2007,tfo,9,2,,,,,16.44
82737,2008,xc,10,9,,,,1650,1188
82741,2007,xc,10,8,,,,1316.7,1316.7
82741,2008,xc,11,7,,,,1374,1374
82746,2007,xc,9,8,,,,1252,1252
82746,2009,xc,11,6,,,821,1311.5,821
82748,2007,xc,9,10,,,,1161.8,1161.8
82748,2007,tfo,9,4,155.9,286.44,633.17,,63
82748,2008,xc,10,10,,,,1130,1130
82748,2008,tfo,10,5,145.2,286.97,613.17,,62.3
82748,2009,xc,11,10,,,672,1122.6,672
82748,2009,tfo,11,4,153.3,286.32,623.28,,62.4
82748,2010,xc,12,9,,,,1103.2,1103.2
82748,2010,tfo,12,6,140.7,284.11,614.2,,62.1
82753,2007,xc,,2,,,,1298,1298
82755,2007,xc,9,9,,,,1143.3,1143.3
82755,2008,xc,10,3,,,,1151,1151
82758,2007,xc,9,6,,,,1137.6,1137.6
82758,2008,xc,10,9,,,,1083.9,1083.9
82758,2008,tfo,10,5,138.3,290.5,643.9,,59.1
82758,2009,xc,11,8,,,652,1071.4,652
82758,2010,xc,12,7,,,,1109.3,1109.3
82764,2007,xc,9,7,,,,1170.3,1170.3
82764,2010,tfo,12,3,143.4,301.7,,,63.5
82766,2007,xc,9,9,,,870,1174.6,870
82766,2007,tfo,9,7,135.9,285,,,13.54
82766,2008,xc,10,9,,,,1072,1072
82766,2008,tfo,10,4,133.3,266.27,605.1,,59.2
82766,2009,xc,11,10,,,627,1050,627
82766,2009,tfo,11,5,133.15,279.79,673.8,,58.8
82766,2010,xc,12,7,,,,1094,1094
82766,2010,tfo,12,4,129.8,270.8,,,55.7
82769,2007,xc,10,6,,,,1257.9,1257.9
82770,2007,xc,9,8,,,,1129,1129
82770,2008,xc,10,9,,,,1120,1120
82770,2009,xc,11,7,,,,1157.2,1157.2
82770,2010,xc,12,7,,,,1179.2,1179.2
86592,2007,xc,9,5,,,1023,1700,1023
86594,2007,xc,10,9,,,,1106,1106
86594,2007,tfo,10,4,126.84,,,,54.5
86594,2008,xc,11,8,,,,1080.4,1080.4
86594,2008,tfo,11,3,124.8,,,,55.1
86595,2007,xc,9,9,,,,1150,1150
86595,2007,tfo,9,4,150.7,294.3,,,62
86595,2008,xc,10,9,,,,1076,1076
86595,2008,tfo,10,4,133.4,282.9,596.8,,60.9
86595,2009,xc,11,10,,,630,1047,630
86595,2009,tfo,11,4,133.8,278.72,597.22,,59.6
86595,2010,xc,12,6,,,,1018,1018
86595,2010,tfo,12,5,130.5,269.7,593,,56.3
86596,2007,xc,9,6,,,,1444,1444
86596,2007,tfo,9,1,,,,,14.34
91217,2007,xc,11,8,,,783,1183,783
93644,2007,xc,9,7,,,1021,1460,1021
93644,2008,xc,10,10,,,,1301.9,1301.9
93644,2008,tfo,10,5,175.1,328.8,729.2,,74
93644,2009,xc,11,9,,,,1234,1234
93644,2009,tfo,11,3,,331.8,717.43,,72.9
93644,2010,xc,12,9,,,,1206.3,1206.3
93658,2007,xc,9,5,,,,1310.2,1310.2
93658,2007,tfo,9,3,150.9,319.6,,,66.5
93658,2008,xc,10,9,,,,1172.8,1172.8
93658,2009,xc,11,7,,,,1138,1138
93658,2010,xc,12,3,,,,1153,1153
113408,2007,tfo,10,2,,,,,13.24
113408,2008,tfo,11,1,,,,,59.4
113408,2009,tfo,12,1,,,,,58.3
113409,2007,tfo,10,2,,,,,73
113410,2007,tfo,10,4,151.5,304.1,,,63
113411,2007,tfo,10,2,,,,,70
113413,2007,tfo,10,2,,,,,15.14
113416,2007,tfo,10,3,,,,,12.54
113416,2008,tfo,11,3,,,,,12.64
113416,2009,tfo,12,2,,,,,51.6
113418,2008,tfo,11,1,,,,,15.14
113419,2007,tfo,10,2,,,,,12.54
113420,2007,tfo,9,2,,,,,12.24
113420,2008,tfo,10,2,,,,,11.74
113420,2009,tfo,11,1,,,,,11.5
113421,2007,tfo,9,2,,,,,15.14
113422,2007,tfo,9,1,,,,,71
113423,2007,tfo,9,4,,,,,15.24
113424,2007,tfo,9,3,,,,,12.73
113424,2009,tfo,11,4,,,,,12.8
113424,2010,tfo,12,4,,,,,12.46
113425,2007,tfo,9,3,,,,,27.04
113425,2008,tfo,10,3,,,,,24.63
113425,2009,tfo,11,3,,,,,25.47
113425,2010,tfo,12,3,,,,,24.87
113426,2007,tfo,9,3,,,,,14.14
113427,2007,tfo,9,2,,,,,12.48
113427,2008,tfo,10,1,,,,,58.4
113429,2007,tfo,9,3,,,,,14.39
113429,2008,tfo,10,2,,,,,14.04
113429,2009,tfo,11,2,,,,,13.91
113429,2010,tfo,12,1,,,,,17.56
113430,2007,tfo,9,3,,,,,14.06
113430,2008,tfo,10,2,,,,,13.37
113430,2009,tfo,11,2,,,,,13.66
113430,2010,tfo,12,2,,,,,14.19
113431,2007,tfo,9,3,,,,,15.04
113433,2007,tfo,12,1,,,,,12.64
113434,2007,tfo,12,2,,,,,12.74
113435,2007,tfo,12,3,,,,,24.54
113488,2007,tfo,11,4,190.4,408.98,,,82
113488,2008,tfo,12,4,180.2,367.3,,,87.1
113490,2007,tfo,11,1,,,,,12.98
113491,2007,tfo,11,1,,,,,12.74
113492,2007,tfo,11,1,,,,,14.64
113495,2008,tfo,10,1,,,,,69.6
113495,2010,tfo,12,1,,,,,14.1
113498,2007,tfo,9,1,,,,,72
113499,2007,tfo,9,2,,,,,15.47
114146,2007,tfo,9,2,,,,,14.14
114146,2008,tfo,10,2,,,,,14.06
114154,2007,tfo,11,2,,,,,13.24
114158,2007,tfo,11,2,,,,,25.94
116368,2008,tfo,12,2,,,,,57.1
116373,2007,tfo,9,4,,,,,13.68
116373,2008,tfo,10,2,,,,,13.44
116373,2010,tfo,12,2,,,,,13.67
116386,2007,tfo,9,2,,,,,15.24
116386,2008,xc,10,7,,,,1723,1086
116386,2008,tfo,10,2,,,,,16.04
116386,2010,xc,12,7,,,,1419,1419
118471,2007,tfo,9,3,178.7,,,,71
118474,2007,tfo,9,3,,,,,13.02
118476,2010,xc,12,8,,,,1394.3,1394.3
118480,2007,tfo,10,3,,,,,12.54
118480,2008,tfo,11,2,,,,,12.34
118480,2009,tfo,12,4,,,,,12.47
118481,2007,tfo,11,2,,,,,16.01
118481,2008,xc,12,9,,,,1408.5,981
118481,2008,tfo,12,2,,,,,14.54
119608,2007,tfo,12,2,,,,,14.14
139512,2007,tfo,9,2,,,,,15.25
139512,2008,tfo,10,2,,,,,15.04
139512,2009,tfo,11,2,,,,,15
139617,2007,tfo,9,2,,,,,70
139617,2008,tfo,10,2,,,,,32.14
139867,2007,tfo,11,1,,,,,12.44
139881,2007,tfo,12,3,,,,,12.14
140029,2007,tfo,9,1,,,,,63
140044,2007,tfo,9,2,,,,,63
152422,2007,tfo,9,2,,,,,15.94
152422,2008,tfo,10,2,,,,,15.04
152423,2007,tfo,9,3,,,,,29.14
152424,2007,tfo,9,3,,,,,29.34
152810,2007,tfo,12,1,,,,,12.74
175100,2007,tfo,12,2,,,,,14.1
175489,2007,tfo,9,1,,,,,12.07
175489,2010,tfo,12,2,,,,,11.33
237615,2008,xc,9,9,,,,1212.7,1212.7
237616,2008,xc,12,6,,,,1234,848
237617,2008,xc,10,8,,,,1278,886
237617,2010,xc,12,7,,,,1245.3,1245.3
237618,2008,xc,9,8,,,,1278.7,857
237619,2008,xc,9,9,,,,1266,850
237620,2008,xc,9,9,,,,1319.4,877
237620,2008,tfo,9,3,160.8,333.6,,,68.2
237620,2010,xc,11,6,,,,1219.6,1219.6
237621,2008,xc,9,7,,,,1227.9,833
237621,2008,tfo,9,2,,,,,13.24
237622,2008,xc,9,9,,,,1194,1194
237622,2008,tfo,9,2,,,,,13.04
237623,2008,xc,11,8,,,,1118.7,1118.7
237624,2008,xc,,1,,,,,1140
237625,2008,xc,10,9,,,,1577,1043
237626,2008,xc,9,9,,,,1359.6,981
237626,2008,tfo,9,4,165.7,,,,32.44
237626,2009,xc,10,10,,,784,1303,784
237626,2009,tfo,10,4,171.9,349.1,784.49,,71.7
237626,2010,xc,11,8,,,,1309.1,1309.1
237626,2010,tfo,11,3,169.34,330.1,735.65,,169.34
237626,2011,xc,12,9,,,,1236,1236
237627,2008,xc,9,7,,,,1231,856
237627,2008,tfo,9,4,157.4,308.4,,,68.9
237627,2009,xc,10,6,,,693,1178,693
237627,2009,tfo,10,3,145.4,299.4,,,67.8
237627,2010,xc,11,6,,,,1068,1068
237627,2011,xc,12,7,,,,1093,1093
237629,2008,xc,12,7,,,,1360,1360
237630,2008,xc,11,8,,,,1212.9,851
237630,2009,xc,12,8,,,717,1207,717
237630,2009,tfo,12,4,,325.32,681.9,,72
237631,2008,xc,12,7,,,,1389.3,968
238522,2008,xc,9,9,,,,1441,958
238522,2008,tfo,9,4,160,327.3,744.6,,71.6
238522,2009,xc,10,9,,,839,1365,839
238522,2009,tfo,10,4,181.3,360.19,823.5,,77
238522,2010,xc,11,7,,,,1459,929.1
238522,2010,tfo,11,4,170,357.1,808.88,,72
238523,2008,xc,9,5,,,,1344,991
240401,2008,xc,11,4,,,,1689.7,1154
242661,2008,xc,11,9,,,,1428,926
242662,2008,xc,9,9,,,,1322.5,960
242662,2009,xc,10,4,,,838,1400.9,838
242662,2010,xc,11,5,,,,1458,1458
242663,2008,xc,9,4,,,,1434.4,986
242663,2008,tfo,9,1,,,,,71.2
242663,2010,tfo,11,1,,,,,32.29
244113,2008,xc,10,6,,,,1552,1218
244984,2008,xc,9,9,,,,1192,815
252810,2008,xc,12,4,,,,1747,1747
252810,2008,tfo,12,1,,,,,16.94
256404,2008,xc,11,6,,,,1330.4,848.8
256404,2009,xc,12,3,,,,1428,1428
257177,2008,xc,9,8,,,,1273.6,1273.6
288854,2008,tfo,12,2,,,,,17.76
288945,2008,tfo,12,1,,,,,12.64
288952,2008,tfo,11,3,,,,,12.84
288961,2009,xc,11,9,,,897,1413,897
288961,2009,tfo,11,2,,,,,14.63
288961,2010,xc,12,4,,,,1446.6,1446.6
288963,2008,tfo,10,2,,,,,16.34
288969,2008,tfo,10,1,,,,,16.14
288973,2009,tfo,11,1,,,,,79
288973,2010,tfo,12,1,,,,,31.89
288975,2008,tfo,10,1,,,,,59.6
288975,2009,tfo,11,1,,,,,60.5
288975,2010,tfo,12,1,,,,,61.9
288994,2008,tfo,9,4,,,,,12.44
288994,2009,tfo,10,4,,,,,11.29
288994,2010,tfo,11,4,,,,,11.25
288994,2011,tfo,12,5,122.2,,,,11.74
288996,2008,tfo,9,2,,,,,13.02
288996,2009,tfo,10,2,,,,,12.46
288996,2010,xc,11,5,,,,1144.5,1144.5
288996,2010,tfo,11,3,143.57,289.2,,,59
288998,2008,tfo,9,6,150,301.1,671.5,,28.84
288998,2009,tfo,10,3,142.84,301.73,,,62.2
288998,2010,tfo,11,4,132.6,276.3,,,57.9
288998,2011,tfo,12,5,131.4,264.95,,,57
289000,2008,tfo,9,4,160.1,301.4,637.1,,69.4
289000,2009,tfo,10,4,149.5,292.82,625.45,,63
289000,2010,xc,11,8,,,,1092,1092
289000,2010,tfo,11,3,150.86,285.7,607.5,,150.86
289000,2011,xc,12,8,,,,1032,1032
289000,2011,tfo,12,3,,272.52,577.58,,75
289002,2008,tfo,9,5,159.1,309.86,677.9,,69.5
289002,2009,tfo,10,4,,312.8,680.68,,66.7
289002,2010,tfo,11,5,156.63,310.4,682.72,,69.2
289002,2011,tfo,12,5,161.3,315.66,680.81,,74.2
289003,2008,tfo,9,6,156.4,,,,15.34
289003,2009,xc,10,10,,,728,1206,728
289003,2009,tfo,10,4,145.52,315.7,,,66.1
289003,2010,xc,11,9,,,,1178.1,1178.1
289003,2010,tfo,11,5,142.12,310,672.75,,62.3
289003,2011,xc,12,9,,,,1175,1175
289004,2008,tfo,9,3,,,,,13.04
289004,2009,tfo,10,2,,,,,12.81
289006,2008,tfo,9,3,,,,,12.84
289006,2009,tfo,10,2,,,,,11.86
289006,2010,tfo,11,2,,,,,11.82
289006,2011,tfo,12,2,,,,,11.86
289007,2008,tfo,9,2,,,,,15.57
289008,2008,tfo,9,2,,,,,12.74
289008,2009,tfo,10,2,,,,,12.12
289008,2010,tfo,11,2,,,,,12.12
289011,2008,tfo,9,3,134.9,279.1,,,59.8
289011,2009,xc,10,10,,,639,1059.7,639
289011,2009,tfo,10,3,127.28,269.76,,,56.6
289011,2010,xc,11,8,,,,1017,1017
289011,2010,tfo,11,4,125.11,277.93,,,56
289011,2011,xc,12,8,,,,1077,1077
289012,2008,tfo,9,2,,,,,26.44
289012,2009,tfo,10,2,,,,,55.25
289012,2010,tfo,11,3,,,,,23.95
289012,2011,tfo,12,2,,,,,50.41
289013,2008,tfo,9,3,,,,,12.41
289013,2009,tfo,10,3,,,,,12.24
289937,2009,tfo,11,1,,,,,27.01
289938,2008,tfo,10,3,,,,,25.54
289978,2008,tfo,9,1,,,,,12.66
289980,2008,tfo,9,5,180.3,337.84,716.5,,20.81
289980,2009,tfo,10,6,168.75,302.44,629.47,,19.64
289980,2010,tfo,11,9,147.39,333,749.5,,19.22
289980,2011,tfo,12,7,164.5,316.56,,,18.48
289982,2008,tfo,9,3,,,,,30.74
289984,2008,tfo,9,2,,,,,12.59
289984,2009,tfo,10,1,,,,,11.99
291073,2008,tfo,9,1,,,,,15.34
295969,2008,tfo,9,1,,,,,15.34
295970,2008,tfo,9,4,,,,,14.84
295970,2009,tfo,10,2,,,,,64.4
295971,2009,tfo,10,1,,,,,73
295971,2010,xc,11,7,,,,1523.6,1523.6
295973,2008,tfo,9,3,,,,,30.94
295973,2009,tfo,10,1,,,,,68.1
295973,2011,xc,12,9,,,,1293,891
295973,2011,tfo,12,1,,,,,74
295974,2008,tfo,9,2,,,,,15.99
295977,2008,tfo,9,2,,,,,13.94
295977,2009,tfo,10,2,,,,,14.37
295979,2008,tfo,9,2,,,,,15.77
295979,2009,tfo,10,2,,,,,15.18
295981,2008,tfo,9,4,,,,,13.45
295981,2009,tfo,10,3,,,,,26.74
295981,2010,tfo,11,3,,,,,27.17
295995,2010,tfo,12,1,,,,,13.58
299988,2008,tfo,10,4,150.14,,,,65.5
299988,2009,tfo,11,4,148.8,330.3,,,69.1
299996,2008,tfo,9,2,,,,,28.94
299999,2008,tfo,9,1,,,,,68.9
300005,2008,tfo,9,1,,,,,15
300005,2009,tfo,10,2,,,,,14.7
302873,2008,tfo,9,3,,,,,12.76
302873,2009,tfo,10,4,,,,,12.75
304030,2008,tfo,11,3,,,,,26.76
304039,2009,tfo,12,2,,,,,12.04
320948,2008,tfo,9,4,128.6,272.3,,,58
320948,2009,xc,10,10,,,594,1015,594
320948,2009,tfo,10,5,129.8,263.47,570.06,,57
320948,2010,xc,11,5,,,,991.7,991.7
320948,2011,xc,12,7,,,,1100,1100
327434,2008,tfo,9,3,126.1,,,,54
327434,2009,tfo,10,4,129.09,,,,52.9
327434,2010,tfo,11,4,,,,,11.6
432849,2008,tfo,9,2,,,,,15.34
516220,2009,xc,10,10,,,869,1415,869
516220,2010,xc,11,7,,,,1328,1328
516220,2011,xc,12,9,,,,1292,1292
516220,2011,tfo,12,4,,348.92,763.68,,75.6
516222,2009,xc,9,8,,,888,1385,888
516222,2010,xc,10,5,,,,1489.6,1021
516222,2011,xc,11,6,,,,1508,970
516223,2009,xc,11,7,,,1025,1693,1025
516225,2009,xc,11,2,,,961,,936.2
516225,2010,xc,12,3,,,,1550.3,1550.3
516226,2009,xc,9,9,,,1001,1472,1001
516227,2009,xc,9,5,,,,1158,770.4
516227,2010,xc,10,5,,,,1192.9,1192.9
516227,2011,xc,11,8,,,,1161,1161
516228,2009,xc,9,9,,,732,1213,732
516228,2010,xc,10,7,,,,1188,1188
516228,2011,xc,11,8,,,,1139,1139
516228,2012,xc,12,9,,,,1118,769
516229,2009,xc,9,9,,,733,1214,733
516230,2009,xc,9,9,,,716,1093,716
516230,2009,tfo,9,3,,277.47,608,,61.8
516230,2010,xc,10,9,,,,997.6,997.6
516230,2010,tfo,10,3,,276.25,575.5,,276.25
516230,2011,xc,11,9,,,,968,968
516230,2012,xc,12,10,,,,964,650
516231,2009,xc,12,9,,,652,1073,652
516232,2009,xc,9,9,,,663,1119,663
516232,2010,xc,10,8,,,,1075.2,1075.2
516232,2011,xc,11,8,,,,1095,1095
516234,2009,xc,9,8,,,752,1197,752
516234,2010,xc,10,8,,,,1275,1275
516234,2011,xc,11,8,,,,1268,877
516238,2009,xc,10,8,,,786,1217,786
516238,2010,xc,11,7,,,,1180.3,1180.3
516241,2009,xc,12,9,,,756,1251.3,756
516452,2009,xc,9,9,,,862,1355,862
516452,2010,xc,10,1,,,,1554,1554
516453,2009,xc,9,8,,,701,1186,701
516453,2009,tfo,9,3,,,,,26.24
516453,2010,xc,10,3,,,,1213,1213
516453,2010,tfo,10,3,,,,,25.4
516453,2011,xc,11,8,,,,1118,1118
516453,2011,tfo,11,3,,,,,25.34
516453,2012,xc,12,7,,,,1128,741
516621,2009,xc,10,9,,,867,1492,867
516621,2010,xc,11,8,,,,1458.7,930.5
516623,2009,xc,11,6,,,975,1542,975
517077,2009,xc,10,10,,,748,1223,748
517077,2009,tfo,10,4,174.9,338.99,727.01,,79.3
517077,2010,xc,11,8,,,,1280,1280
517077,2010,tfo,11,3,176.33,343.5,721.1,,176.33
517077,2011,xc,12,8,,,,1261,1261
517904,2009,xc,11,5,,,816,1507,816
520093,2009,xc,12,1,,,753,,753
533047,2009,xc,12,6,,,,1364,950.4
533055,2009,xc,9,4,,,,1547,990.5
534703,2009,xc,12,5,,,,1153,768.5
544588,2009,xc,9,3,,,,1345,1345
544588,2010,xc,10,5,,,,1248.5,762
747791,2009,tfo,9,1,,,,,55.1
747791,2010,tfo,10,1,,,,,55.1
747791,2011,tfo,11,1,,,,,53
747795,2009,tfo,9,2,,,,,67.47
747795,2010,tfo,10,2,,,,,68
747795,2011,tfo,11,1,,,,,68.5
747796,2009,tfo,9,2,,,,,13.81
747796,2010,tfo,10,2,,,,,13.45
747796,2011,tfo,11,2,,,,,13.78
747797,2009,tfo,9,4,136.17,296.7,693.2,,63.1
747797,2010,xc,10,8,,,,1092.3,1092.3
747797,2010,tfo,10,4,132.66,292.4,652.6,,60.5
747797,2011,xc,11,9,,,,1128,1128
747797,2011,tfo,11,5,142.11,304,695.48,,61.1
747797,2012,xc,12,7,,,,1150,762
747797,2012,tfo,12,4,134.39,311,,,58.2
747798,2009,tfo,9,2,,,,,12.19
747799,2010,xc,10,6,,,,1677.8,1003
747802,2009,tfo,9,2,,,,,13.78
747803,2009,tfo,9,2,,,,,70.4
747803,2010,tfo,10,2,,,,,15.43
747803,2011,tfo,11,2,,,,,15.84
747805,2009,tfo,9,2,,,,,12.54
747805,2010,tfo,10,2,,,,,12.31
747806,2011,tfo,11,2,,,,,12.14
747807,2009,tfo,9,2,,,,,12.34
747807,2010,tfo,10,1,,,,,12.04
747808,2009,tfo,9,3,,,,,28.43
747808,2010,tfo,10,2,,,,,63.68
747809,2009,tfo,9,3,,,,,25.67
747809,2010,tfo,10,1,,,,,57.63
747810,2009,tfo,9,1,187.47,,,,187.47
747811,2009,tfo,9,2,,,,,13.92
747811,2010,tfo,10,1,,,,,14.38
747811,2011,tfo,11,1,,,,,15.2
747813,2009,tfo,9,2,,,,,12.39
747813,2010,tfo,10,2,,,,,12.23
747814,2009,tfo,9,4,,,,,13.12
747814,2010,tfo,10,4,133.7,298.6,,,57.8
747814,2011,tfo,11,5,132.6,298.7,,,26.39
747814,2012,tfo,12,3,129.58,289.3,,,55.9
747817,2009,tfo,9,1,,,,,14.65
747817,2010,tfo,10,1,,,,,14.26
747817,2011,tfo,11,1,,,,,15.12
747825,2010,xc,11,5,,,,1900.7,1242
747826,2009,tfo,10,2,,,,,12.61
747828,2009,tfo,10,2,,,,,14.73
747830,2009,tfo,10,2,,,,,15.38
747830,2010,xc,11,5,,,,1427.5,1427.5
747830,2011,xc,12,8,,,,1423,1423
747832,2009,tfo,10,2,,,,,14.9
747832,2010,xc,11,5,,,,1473.8,1473.8
747832,2010,tfo,11,4,,,,,14.92
747832,2011,xc,12,5,,,,1459,1459
747832,2011,tfo,12,2,,,,,34.11
747836,2010,tfo,11,1,,,,,60.1
747837,2009,tfo,10,2,,,,,27.08
747837,2010,tfo,11,2,,,,,12.87
747838,2009,tfo,10,2,,,,,66.6
747839,2009,tfo,10,1,,,,,12.51
747839,2010,tfo,11,1,,,,,60
747840,2009,tfo,10,1,,,,,12.03
747842,2009,tfo,9,1,,,,,16.38
747843,2009,tfo,9,4,159.32,361.3,,,72.8
747846,2009,tfo,10,1,,,,,29.47
747847,2009,tfo,11,1,,,,,14.17
747847,2010,tfo,12,1,,,,,72.5
747848,2009,tfo,11,2,166.9,370.78,,,166.9
747848,2010,xc,12,3,,,,1446,859.3
747848,2010,tfo,12,1,156.8,,,,156.8
747850,2009,tfo,11,2,,,,,13.33
747850,2010,tfo,12,3,,,,,13.24
747852,2009,tfo,11,2,,,,,14.6
747857,2009,tfo,12,2,,,,,14.96
755135,2009,tfo,9,1,,,,,14.58
755135,2010,tfo,10,2,,,,,14.62
755135,2011,tfo,11,2,,,,,15.02
755141,2009,tfo,9,2,152.6,325.71,,,152.6
755141,2010,tfo,10,2,,,,,12.69
755146,2009,tfo,10,2,,,,,14.65
755151,2010,tfo,12,2,136.1,,,,56
755152,2009,tfo,11,2,,,,,16.68
755344,2009,tfo,12,1,,,,,12.96
755359,2009,tfo,12,1,,,,,12.06
755360,2009,tfo,12,2,,,,,14.96
760329,2009,tfo,9,1,,,,,14.94
760330,2009,tfo,9,3,,,,,30.77
760332,2009,tfo,9,1,,,,,12.58
760332,2010,tfo,10,1,,,,,12.33
760333,2009,tfo,9,2,,,,,13.54
760336,2009,tfo,11,3,142.3,,,,13.92
760337,2009,tfo,10,1,,,,,15.81
760338,2010,tfo,11,1,,,,,75.2
760338,2011,tfo,12,1,,,,,80.1
763404,2009,tfo,9,1,,,,,12.48
763404,2010,tfo,10,1,,,,,12.32
763407,2009,tfo,9,1,,,,,15.49
763407,2011,tfo,11,1,,,,,29.64
763408,2009,tfo,9,1,,,,,31.23
763410,2009,tfo,9,3,142.9,293.2,,,62.4
763410,2010,xc,10,6,,,,1085.5,696.6
763410,2010,tfo,10,1,140.04,,,,140.04
763410,2011,xc,11,8,,,,1072,1072
763410,2011,tfo,11,4,129.6,286.2,,,59.5
763410,2012,xc,12,5,,,,1044,707
763410,2012,tfo,12,3,128.32,266.96,,,58.8
763415,2009,tfo,10,1,,,,,13.66
790177,2009,tfo,10,1,,,,,12.4
790177,2011,tfo,12,2,,,,,12.08
790184,2009,tfo,9,2,,,,,12.51
790184,2010,tfo,10,1,,,,,25.2
790192,2009,tfo,9,2,,,,,12.93
790204,2009,tfo,9,2,,,,,25.66
790204,2010,tfo,10,2,,,,,12.41
790207,2009,tfo,9,3,,,,,13.08
790207,2010,tfo,10,1,,,,,57.2
790207,2011,tfo,11,1,,,,,60.1
790209,2009,tfo,9,3,,,,,12.72
790213,2009,tfo,9,2,,,,,12.1
790227,2009,tfo,9,1,,,,,15.01
790227,2010,tfo,10,1,,,,,14.8
794215,2009,tfo,10,2,141.68,307.45,,,141.68
794219,2009,tfo,9,1,,,,,14.93
794219,2010,tfo,10,2,,,,,14.57
797061,2009,tfo,10,3,149,316.6,,,62
797061,2010,xc,11,3,,,,1242,736.7
825099,2009,xc,11,6,,,977,1571,977
830317,2009,tfo,11,3,,,,,13.16
834630,2009,tfo,9,1,,,,,68.1
1407252,2010,xc,10,7,,,,1473.9,979.1
1407252,2011,xc,11,7,,,,1474,964.8
1407262,2010,xc,10,8,,,,1279,1279
1407265,2010,xc,12,3,,,,1887,1171.3
1407270,2010,xc,9,4,,,,1679.3,1065.1
1407274,2010,xc,9,8,,,,1351,903.1
1407274,2010,tfo,9,1,,,,,14.18
1407274,2011,xc,10,8,,,,1384,956
1407274,2011,tfo,10,1,,,,,31.68
1407274,2012,xc,11,3,,,,1587.6,1102
1407274,2013,xc,12,9,,,979,1492,979
1407275,2010,xc,9,8,,,,1789,1119.1
1407275,2010,tfo,9,3,191.1,405.7,,,86
1407275,2011,xc,10,7,,,,1879,1111.3
1407275,2011,tfo,10,3,206.3,430.44,,,88.9
1407275,2012,xc,11,8,,,,1598,1193
1407275,2013,xc,12,7,,,,1805,1278
1407276,2010,xc,9,7,,,,1350,946
1407276,2011,xc,10,7,,,,1250.6,1250.6
1407276,2012,xc,11,7,,,,1245,904
1407276,2013,xc,12,6,,,,1287,909
1407277,2010,xc,9,6,,,,1448,908.2
1407277,2010,tfo,9,2,,,,,14.02
1407277,2011,xc,10,3,,,,1491,1029
1407280,2010,xc,12,3,,,,1695,1002.2
1407281,2010,xc,9,7,,,,1414.5,896.2
1407282,2010,xc,9,7,,,,1719.3,1088.2
1407287,2010,xc,10,7,,,,1114.1,1114.1
1407287,2011,xc,11,8,,,,1140,1140
1407287,2012,xc,12,7,,,,1127.7,751
1407288,2011,xc,10,6,,,,1316,857.5
1407290,2010,xc,11,5,,,,1230.3,1230.3
1407292,2010,xc,11,6,,,,1208,1208
1407292,2010,tfo,11,1,144.8,,,,144.8
1407293,2010,xc,9,6,,,,1222.5,784.3
1407293,2010,tfo,9,1,,,,,26.32
1407297,2010,xc,12,6,,,,1023,1023
1407297,2010,tfo,12,4,,253.4,571.74,,57.1
1407301,2010,xc,10,6,,,,1267.2,1267.2
1407301,2011,xc,11,7,,,,1312,1312
1409684,2010,xc,9,8,,,,1108.8,1108.8
1409684,2010,tfo,9,4,148,289.82,658.64,,67
1409684,2011,xc,10,6,,,,1111,1111
1409684,2012,xc,11,8,,,,1147,768
1409684,2012,tfo,11,3,162.12,301.9,642.19,,162.12
1409685,2010,xc,12,2,,,,1294.8,1294.8
1415489,2010,xc,9,5,,,,1293,784.7
1415489,2010,tfo,9,3,138.6,287.7,,,59.5
1415489,2011,xc,10,7,,,,1172,1172
1435780,2010,xc,9,6,,,,1173,719.1
1435780,2011,xc,10,8,,,,1145,1145
1435786,2010,xc,12,7,,,,1129.5,1129.5
1435786,2010,tfo,12,4,141.3,281.7,640.9,,61
1441046,2010,xc,12,7,,,,1252.1,1252.1
1442067,2010,xc,12,4,,,,1645,1051.8
1498751,2010,xc,9,5,,,,1514.8,1514.8
1498751,2010,tfo,9,3,178.5,365.2,,,79
1498751,2011,xc,10,8,,,,1388,1388
1498751,2011,tfo,10,4,185.6,362.6,772.57,,78.9
1498751,2012,xc,11,9,,,,1368,956
1498751,2012,tfo,11,4,179.9,357.87,814.5,,85.6
1498751,2013,xc,12,6,,,,1414.3,1019
1651048,2009,tfo,9,2,,,,,14.71
1863882,2010,tfo,9,1,,,,,14.94
1863883,2010,tfo,9,1,,,,,14.79
1863892,2010,tfo,9,3,175.1,364.8,,,74.7
1863895,2010,tfo,9,1,,,,,13.42
1863895,2011,xc,10,8,,,,1287,881
1863896,2010,tfo,9,1,,,,,67.6
1863897,2010,tfo,9,1,,,,,14.77
1863898,2010,tfo,9,3,178.7,372,,,82.9
1863899,2010,tfo,9,2,,,,,12.91
1863899,2011,tfo,10,2,,,,,26.37
1863899,2012,tfo,11,2,,,,,53.8
1863899,2013,tfo,12,3,,,,,24.33
1863903,2010,tfo,9,1,,,,,29.05
1863903,2011,xc,10,8,,,,1352,866
1863903,2011,tfo,10,3,169.3,348.12,,,73.1
1863903,2012,tfo,11,4,163.6,338.86,796.75,,71
1863903,2013,xc,12,9,,,,1344,890
1863903,2013,tfo,12,3,159.1,316.3,,,71.9
1863905,2010,tfo,9,4,,,,,13.13
1863905,2011,tfo,10,4,,,,,13.23
1863905,2012,xc,11,6,,,,1357,900
1863905,2012,tfo,11,3,,,,,13.03
1863905,2013,tfo,12,2,,,,,14.17
1863906,2010,tfo,9,2,,,,,14.26
1863906,2011,tfo,10,1,,,,,30.07
1863910,2010,tfo,9,2,,,,,14.81
1863910,2011,tfo,10,2,,,,,14.87
1863910,2012,tfo,11,2,,,,,14.14
1863912,2010,tfo,9,1,140.6,,,,140.6
1863912,2011,xc,10,6,,,,1245,837
1863916,2010,tfo,9,1,,,,,13.67
1863918,2010,tfo,9,3,,,,,14.22
1863937,2010,tfo,10,2,,,,,13.02
1863937,2011,tfo,11,2,,,,,13.17
1863941,2010,tfo,10,2,,,,,12.9
1863996,2010,tfo,12,3,183.9,401.92,,,83.2
1864002,2010,tfo,12,2,,,,,14.19
1864050,2010,tfo,12,1,,,,,17.61
1864076,2010,tfo,11,3,162.4,341.06,,,65.5
1864084,2010,tfo,11,2,,,,,14.19
1864109,2010,tfo,11,5,123.88,269.8,,,12.04
1868779,2010,tfo,9,4,,,,,12.27
1868779,2011,tfo,10,4,,,,,12.23
1868779,2012,tfo,11,3,,,,,24.44
1868785,2010,tfo,9,4,136.1,316.13,,,58.4
1868837,2010,tfo,10,1,,,,,14.39
1868856,2010,tfo,10,2,,,,,26.52
1871743,2010,tfo,10,2,,,,,12.99
1871744,2010,tfo,10,1,,,,,16.55
1871745,2010,tfo,10,1,,,,,15.53
1875917,2010,tfo,10,4,,,,,11.73
1875917,2011,tfo,11,2,,,,,11.78
1877610,2010,tfo,9,3,,,,,12.16
1877610,2011,tfo,10,1,,,,,13.17
1877611,2010,tfo,9,2,,,,,11.79
1877611,2011,tfo,10,3,,,,,11.91
1877611,2012,tfo,11,2,,,,,11.96
1877612,2010,tfo,10,1,,,,,30.8
1885494,2010,tfo,11,2,,,,,14.91
1885494,2011,xc,12,7,,,,1462,963
1885764,2010,tfo,10,1,,,,,15.42
1885776,2010,tfo,10,2,,,,,12.83
1885785,2010,tfo,10,3,,,,,11.88
1885785,2012,xc,12,9,,,,1111,741
1894886,2010,tfo,10,1,,,,,14.8
1894919,2010,tfo,10,2,,,,,15.52
1895031,2010,tfo,10,1,,,,,13.85
1921392,2010,tfo,9,3,,,,,24.95
1921412,2010,tfo,9,2,,,,,64.25
1921412,2011,tfo,10,2,,,,,27.73
1979434,2010,tfo,9,2,,,,,13.32
1979434,2011,tfo,10,2,,,,,12.27
2522337,2011,xc,10,7,,,,1015,1015
2522337,2012,xc,11,9,,,,1013,684
2522337,2013,xc,12,10,,,,1020,703
2522337,2013,tfo,12,3,124.04,,,,54
2522339,2011,xc,11,8,,,,1368,1368
2522339,2012,xc,12,9,,,,1329,937
2522341,2011,xc,12,8,,,,1422,1002
2522342,2011,xc,9,7,,,,1378,898
2522343,2011,xc,9,5,,,,1299,1299
2522343,2012,xc,10,8,,,,1264,872
2522343,2013,xc,11,6,,,,1365,936
2522343,2014,xc,12,9,,,,1281.3,995
2522345,2011,xc,9,9,,,,1245,853
2522345,2012,xc,10,9,,,,1301,927
2522345,2013,xc,11,8,,,,1339,902
2522345,2014,xc,12,10,,,,1315,883
2522354,2011,xc,10,7,,,,1296,877
2522354,2012,xc,11,9,,,,1269,860
2522354,2013,xc,12,7,,,,1279,923
2522360,2011,xc,9,8,,,,1185,802
2522360,2012,xc,10,9,,,,1146,790
2522360,2013,xc,11,3,,,,1267,800
2522360,2014,xc,12,7,,,,1189.6,786
2522366,2011,xc,10,8,,,,1070,1070
2522366,2012,xc,11,9,,,,1082.4,736
2522366,2013,xc,12,8,,,,1120,745
2522368,2011,xc,10,8,,,,1289,1289
2522368,2012,tfo,11,4,163.4,347.09,,,70.64
2522370,2011,xc,10,8,,,,1141,778
2522370,2012,xc,11,8,,,,1152,803
2522370,2013,xc,12,1,,,,,827
2522371,2011,xc,9,8,,,,1122,1122
2522371,2011,tfo,9,4,141.43,295.37,,,58.7
2522371,2012,xc,10,10,,,,1087,755
2522371,2012,tfo,10,3,,286.5,639.39,,61.3
2522371,2013,xc,11,8,,,,1104.5,735
2522371,2013,tfo,11,3,140.4,282.4,,,59
2522371,2014,xc,12,9,,,,1089.7,772
2522371,2014,tfo,12,3,135.84,269.36,,,59
2522373,2011,xc,10,6,,,,1384,914
2522373,2011,tfo,10,3,,354.7,739.81,,78.9
2522373,2012,xc,11,1,,,,,875
2522373,2012,tfo,11,3,,326.96,695.4,,76.6
2522373,2013,xc,12,9,,,,1234,813
2522373,2013,tfo,12,3,,320.11,673.16,,79.5
2522377,2011,xc,11,2,,,,1374,1374
2522385,2011,xc,9,8,,,,1401,927.1
2522385,2011,tfo,9,2,164.52,344.6,,,164.52
2522385,2012,xc,10,8,,,,1320,899
2522385,2012,tfo,10,4,166.83,324.59,804.46,,69
2522385,2013,xc,11,8,,,,1290,906
2522385,2014,xc,12,10,,,,1311.9,877
2526649,2011,xc,10,8,,,,1332,971
2526649,2011,tfo,10,4,178.7,375.6,801.8,,82.2
2526649,2012,xc,11,9,,,,1364,946
2526649,2013,xc,12,7,,,957,1451,957
2526650,2011,xc,9,8,,,,1050,1050
2526650,2012,xc,10,10,,,,1027,698
2526650,2013,xc,11,10,,,,1014,677
2526650,2014,xc,12,10,,,,1028,690
2532456,2011,xc,10,7,,,,1093,841
2558604,2011,xc,10,4,,,,1307.3,909
2563998,2011,xc,11,3,,,,2073,1426.3
2593014,2011,xc,11,7,,,,1119,1119
2593014,2011,tfo,11,5,146.3,277.98,614.8,,59.9
2593014,2012,xc,12,6,,,,1108,773
2593014,2012,tfo,12,2,,307.7,655.9,,307.7
2607976,2011,xc,11,4,,,,1253,802.6
2928532,2011,tfo,9,2,,,,,27.41
2928532,2013,tfo,11,1,,,,,12.72
2928535,2011,tfo,9,1,,,,,12.38
2928548,2011,tfo,9,1,,,,,15.24
2928551,2011,tfo,9,2,,,,,11.87
2928551,2012,tfo,10,2,,,,,12.2
2928553,2011,tfo,9,2,,,,,11.91
2928553,2012,tfo,10,2,,,,,11.77
2928553,2013,tfo,11,2,,,,,11.09
2928553,2014,tfo,12,2,,,,,11.01
2928557,2011,tfo,9,2,,,,,12.55
2928557,2012,tfo,10,1,,,,,28.44
2928560,2011,tfo,9,4,185.43,364.43,878,,88.8
2928583,2011,tfo,9,1,,,,,60.2
2928583,2012,tfo,10,1,,,,,59
2928587,2011,tfo,9,2,,,,,15.43
2928587,2013,tfo,11,1,,,,,14.55
2928587,2014,tfo,12,1,,,,,14.32
2928594,2011,tfo,9,2,,,,,25.42
2928597,2012,tfo,10,1,,,,,15.77
2928597,2013,tfo,11,1,,,,,15.15
2928597,2014,tfo,12,1,,,,,15.87
2928601,2011,tfo,9,4,,,,,13.51
2928601,2012,tfo,10,2,,,,,60.9
2928601,2013,tfo,11,3,,,,,13.07
2928601,2014,tfo,12,1,,,,,61.7
2928605,2011,tfo,9,1,,,,,12.51
2928609,2014,tfo,12,1,,,,,59.2
2928614,2011,tfo,9,1,,,,,15.26
2928624,2011,tfo,9,1,,,,,67.9
2928624,2012,tfo,10,1,,,,,67.7
2928624,2013,tfo,11,1,,,,,64.5
2928624,2014,tfo,12,1,,,,,84.1
2928632,2011,tfo,9,3,,,,,14.46
2928678,2011,tfo,10,3,,301.14,644.7,,60.7
2928678,2012,xc,11,9,,,,1117.3,736
2928678,2013,xc,12,8,,,,1136,748
2928683,2011,tfo,10,2,189.67,,,,79
2928689,2011,tfo,10,1,,,,,13.72
2928689,2012,tfo,11,1,,,,,26.25
2928704,2011,tfo,10,1,,,,,15.31
2928715,2011,tfo,10,2,173.3,,,,79.9
2928720,2011,tfo,10,3,188.6,378.53,,,86.9
2928730,2011,tfo,10,1,,,,,12
2928790,2011,tfo,11,1,,,,,13.39
2928816,2011,tfo,11,2,,,,,14.27
2928816,2012,tfo,12,2,,,,,13.54
2928819,2011,tfo,11,1,,,,,14.73
2928841,2011,tfo,12,2,,,,,60.05
2928847,2011,tfo,12,4,150.74,294.75,651.27,,60.1
2934309,2011,tfo,12,3,146.81,308.23,,,60.4
2934311,2011,tfo,12,2,,,,,12.5
2934376,2011,tfo,9,3,148.63,308.13,,,61
2934376,2012,xc,10,9,,,,1197,807
2934376,2012,tfo,10,4,143.1,303.49,682.5,,65.1
2934376,2013,xc,11,9,,,,1123,783
2934376,2013,tfo,11,3,132.9,293.78,,,59.2
2934376,2014,xc,12,8,,,,1158,774
2940137,2011,tfo,11,2,,,,,12.99
2940138,2011,tfo,10,5,130.86,282.85,,,25.69
2940138,2012,tfo,11,3,132.7,,,,52.1
2940138,2013,tfo,12,3,131.04,,,,50.5
2940140,2011,tfo,9,3,,,,,28.4
2945137,2011,tfo,11,1,,,,,15.86
2945137,2012,tfo,12,2,,,,,15.83
2945282,2011,tfo,10,4,,,,,12.23
2945282,2012,tfo,11,3,,,,,23.75
2945282,2013,tfo,12,3,,,,,11.6
2949951,2011,tfo,11,3,156.85,332.87,,,70.1
2949951,2012,xc,12,9,,,800.6,1252,557
2965044,2011,tfo,10,2,,,,,13.9
2965044,2013,xc,12,8,,,,1356,907
2965119,2011,tfo,11,2,,,,,13.63
2965119,2012,tfo,12,2,,,,,13.15
2965215,2011,tfo,11,2,,344.81,,,69.1
2965215,2012,tfo,12,2,,,,,60.2
2984256,2011,tfo,10,1,144.9,,,,144.9
3385511,2018,xc,9,9,,,740.3,1154.8,740.3
3385511,2018,tfo,9,2,142.92,294.54,,,142.92
3385511,2019,xc,10,8,,,,1141.7,1092
3385511,2019,tfo,10,1,,313.1,,,313.1
3385511,2020,xc,11,7,,,717.5,1135.7,717.5
3570783,2012,xc,9,9,,,811.9,1274,549
3570783,2012,tfo,9,4,167.8,326.22,715.3,,79
3570783,2013,xc,10,9,,,,1254,864
3570783,2013,tfo,10,4,169.7,324.43,706.8,,66
3570783,2014,xc,11,10,,,,1213.6,826
3570783,2014,tfo,11,4,163.52,327.67,680.59,,66
3570783,2015,xc,12,8,,,765,1229.3,765
3570783,2015,tfo,12,2,,328.6,712.9,,328.6
3570786,2012,xc,9,9,,,,1135,461
3570786,2013,xc,10,9,,,,1086,770
3570786,2013,tfo,10,3,,274.08,610.95,,58.1
3570786,2014,xc,11,10,,,,1115.3,740
3570788,2012,xc,9,8,,,,1115.6,756
3570788,2013,xc,10,10,,,,1060,723
3570788,2014,xc,11,10,,,,1050.5,716
3570788,2015,xc,12,9,,,,1035.8,1035.8
3570790,2012,xc,9,9,,,,1127,455
3570790,2013,xc,10,9,,,,1082.2,738
3570793,2012,xc,9,8,,,,1246.5,494
3570793,2012,tfo,9,3,155.1,319.46,,,66.1
3570793,2013,xc,10,9,,,,1242,881
3570793,2013,tfo,10,3,152.7,306.4,,,67
3570793,2014,xc,11,9,,,,1257.3,872
3570793,2014,tfo,11,4,154.67,306.9,664.98,,59
3570793,2015,xc,12,8,,,,1115,1115
3570793,2015,tfo,12,2,,306.6,662.1,,306.6
3570795,2012,xc,9,10,,,,1085,757
3570795,2013,xc,10,9,,,,1112,734
3570801,2012,xc,9,4,,,,1076.8,770
3570801,2012,tfo,9,2,,297.57,604.6,,297.57
3570801,2013,xc,10,10,,,,1038,748
3570801,2014,xc,11,8,,,,1066.5,730
3570802,2012,xc,9,10,,,,1039,453
3570802,2013,xc,10,10,,,,992,710
3570802,2013,tfo,10,3,,250.3,545.16,,55.1
3570802,2014,xc,11,11,,,,965.6,683
3570802,2014,tfo,11,4,123.45,251.2,541.7,,53.2
3570802,2015,xc,12,9,,,,987.6,987.6
3570802,2015,tfo,12,4,117.87,261.53,556.9,,51.7
3570810,2012,xc,9,8,,,949.8,1521,645
3570829,2012,xc,11,9,,,,1117,446
3570829,2012,tfo,11,3,143.4,298.41,,,64.3
3570865,2012,xc,11,6,,,,1385,894
3570882,2012,xc,10,8,,,790.3,1252,561
3570882,2012,tfo,10,4,156,324.2,811.18,,67
3570882,2013,xc,11,2,,,,,896
3570887,2012,xc,9,9,,,,1181,472
3570887,2013,xc,10,6,,,,1142,885
3570887,2014,xc,11,10,,,,1051.9,738
3570892,2012,xc,9,8,,,,1224,478
3570892,2013,xc,10,9,,,,1236.6,858
3570892,2014,xc,11,10,,,,1254.2,884
3570896,2012,xc,11,8,,,,1377,579
3570896,2012,tfo,11,4,181.9,358.9,,,79.8
3570896,2013,xc,12,8,,,,1392.1,987
3570941,2012,xc,9,8,,,1049.4,1560,693
3570941,2012,tfo,9,4,188.86,,899.91,,82
3570941,2013,xc,10,9,,,,1488,1002
3570941,2014,xc,11,10,,,,1422,998
3570941,2015,xc,12,7,,,851,1453,851
3570993,2012,xc,11,6,,,,1302,910
3575420,2012,xc,9,9,,,,1180,488
3575420,2013,xc,10,8,,,,1206,864
3587627,2012,xc,9,6,,,838.7,1304,564
3613579,2012,xc,11,7,,,871.1,1410,600
3933725,2012,tfo,9,4,133.9,280.5,632.44,,56.2
3933725,2013,tfo,10,3,122.37,277.7,,,52.5
3933725,2014,tfo,11,4,124.5,,,,24.22
3933725,2015,tfo,12,3,,,,,23.88
3933735,2012,tfo,9,4,,,,,13.86
3933735,2013,tfo,10,3,,,,,27.78
3933735,2014,tfo,11,4,,,,,13.44
3933735,2015,tfo,12,3,,,,,27.76
3933748,2012,tfo,9,2,,,,,15.28
3933748,2013,tfo,10,2,,,,,15.38
3933748,2014,tfo,11,2,,,,,14.05
3933748,2015,tfo,12,3,,,,,14.48
3933757,2015,tfo,12,2,,,,,29.52
3933775,2012,tfo,9,2,,,,,13.53
3933775,2013,tfo,10,2,,,,,13.37
3933784,2012,tfo,9,3,,283.29,629.6,,60
3933784,2013,tfo,10,4,140.16,275.94,609.2,,59
3933855,2012,tfo,10,3,154.1,303.27,,,66.8
3933855,2013,xc,11,9,,,,1210,806
3933855,2013,tfo,11,3,141.68,298.5,,,59.1
3933855,2014,xc,12,10,,,,1314,863
3933862,2012,tfo,10,1,,,,,12.07
3938096,2012,tfo,12,3,,,,,12.07
3938101,2012,tfo,12,2,216.25,,,,112.1
3944341,2012,tfo,9,3,,,,,12.17
3944341,2013,tfo,10,1,,,,,24.51
3944341,2014,tfo,11,1,,,,,12.84
3944341,2015,tfo,12,1,,,,,11.72
3944638,2012,tfo,11,2,,,,,19.11
3946279,2012,tfo,10,1,,,,,13.97
3952404,2012,tfo,9,3,,,,,13.48
3952404,2013,tfo,10,2,,,,,13.18
3952404,2014,tfo,11,3,,,,,13.22
3952406,2012,tfo,9,1,,,,,16.44
3971149,2012,tfo,11,1,,,,,31.64
3971217,2012,tfo,9,3,,305.5,739.13,,62
3971217,2013,xc,10,9,,,,1196,819
3971217,2013,tfo,10,3,151.38,313.26,,,68.9
3971217,2014,xc,11,8,,,,1254,845
3981522,2012,tfo,12,2,,,,,13.32
3991389,2012,tfo,9,5,146.13,302.25,772.23,,13.66
3991389,2013,xc,10,4,,,,1215.9,1215.9
3991389,2013,tfo,10,3,131.45,288.95,,,56.2
3991389,2014,xc,11,5,,,,1116.1,1116.1
3991395,2013,tfo,12,1,,,,,12.55
4056235,2012,tfo,9,2,,,,,12.4
4076486,2012,tfo,12,1,,,,,71.74
4161976,2012,tfo,9,2,,,,,14.7
4161976,2013,xc,10,4,,,880,1576,880
4161976,2013,tfo,10,1,,,,,15.37
4161976,2014,tfo,11,3,177.87,396.19,,,78
4161976,2015,tfo,12,2,180.52,371.6,,,180.52
4185959,2012,tfo,9,4,,,,,12.65
4185959,2013,tfo,10,5,152.85,,,,12.74
4657458,2013,xc,9,9,,,815,1331,815
4657458,2014,xc,10,6,,,,1394.1,917
4657460,2013,xc,12,9,,,803,1339,803
4657461,2013,xc,9,9,,,,1093,742
4657461,2014,xc,10,9,,,,1102.3,744
4657461,2014,tfo,10,3,139.7,298.75,,,61.1
4657461,2015,xc,11,4,,,,1167.2,1167.2
4657461,2015,tfo,11,3,131.5,302.56,,,61.7
4657461,2016,tfo,12,3,126.69,,,,57
4657462,2013,xc,10,7,,,696,1168,696
4657463,2013,xc,9,10,,,,1066.1,711
4657463,2013,tfo,9,4,134.6,287.8,,,55.05
4657463,2014,xc,10,10,,,,1048,698
4657463,2014,tfo,10,3,,,,,24.47
4657463,2015,tfo,11,3,,,,,24.5
4657463,2016,tfo,12,6,,,,,11.94
4657464,2013,xc,9,9,,,,1118,770
4657464,2013,tfo,9,3,,279.8,592.26,,60
4657464,2014,xc,10,8,,,,1078.4,767
4657464,2014,tfo,10,2,,296.67,610.8,,296.67
4657464,2015,xc,11,8,,,668,1071.3,668
4657464,2015,tfo,11,3,,270.02,593.55,,66.1
4657464,2016,xc,12,9,,,,1065.1,1065.1
4657464,2016,tfo,12,3,,276.66,609.4,,276.66
4657465,2013,xc,9,9,,,789,1297.1,789
4657465,2013,tfo,9,4,151.9,306.66,685,,64
4657465,2014,xc,10,10,,,,1277,838
4657465,2014,tfo,10,4,159.16,330.6,702.83,,64
4657465,2015,xc,11,8,,,,1242.6,1242.6
4657465,2015,tfo,11,2,,294.2,644.62,,294.2
4657465,2016,xc,12,8,,,,1199.3,1199.3
4657466,2013,xc,9,8,,,806,1334,806
4657466,2014,xc,10,9,,,,1295.7,865
4657466,2015,xc,11,2,,,,1370,1370
4657477,2013,xc,9,9,,,,1333,916
4657477,2013,tfo,9,5,163.44,327.8,720.3,,67.3
4657477,2014,xc,10,10,,,,1308.5,926
4657477,2014,tfo,10,3,,323.37,711.81,,71
4657484,2013,xc,12,8,,,,1459.3,1002
4657485,2013,xc,10,7,,,881,1491,881
4657485,2014,xc,11,10,,,,1486.2,1041
4657485,2015,xc,12,6,,,879,1422,879
4657486,2013,xc,10,9,,,934,1562,934
4657486,2014,xc,11,10,,,,1412,937
4657486,2015,xc,12,2,,,,1587.9,1587.9
4662470,2013,xc,9,8,,,964,1473,964
4662470,2013,tfo,9,4,185.96,333.3,753.9,,79.8
4662470,2014,xc,10,10,,,,1279.1,986
4662470,2014,tfo,10,3,,329.74,782.47,,71.2
4662470,2015,xc,11,7,,,,1354.4,1354.4
4662470,2015,tfo,11,2,174.84,350.3,,,174.84
4662470,2016,xc,12,9,,,,1439.6,1439.6
4672735,2013,xc,9,7,,,890,1367.4,890
4672735,2014,xc,10,6,,,,1462,1095
4672735,2015,xc,11,6,,,912,1359,912
4672735,2015,tfo,11,7,150.7,339.2,620.6,,14.77
4672735,2016,xc,12,4,,,857,1538.7,857
4683857,2010,tfo,9,3,170.7,356.2,,,80.4
4744651,2013,xc,10,7,,,716,1204.6,716
4744651,2014,xc,11,7,,,,1111.6,744
5154919,2013,tfo,9,1,,,,,14.77
5154919,2014,tfo,10,4,,,,,15.65
5154924,2013,tfo,9,2,,,,,13.59
5154934,2013,tfo,9,1,,,,,13.09
5154939,2013,tfo,9,4,140.44,286.8,624,,60.1
5154943,2015,tfo,11,1,,,,,13.28
5154943,2016,tfo,12,1,,,,,8.14
5154962,2013,tfo,9,3,142.65,307.28,,,63
5154976,2013,tfo,9,2,,,,,14.53
5154981,2013,tfo,9,1,,,,,12.87
5154981,2015,tfo,11,3,,,,,12.73
5154988,2013,tfo,9,3,135.24,280.38,,,60.4
5154988,2014,tfo,10,3,130.95,280.6,,,57.5
5154988,2015,tfo,11,3,129.6,285.3,,,58.4
5154988,2016,tfo,12,1,132.3,,,,132.3
5154992,2013,tfo,9,2,,,,,12.49
5154992,2014,tfo,10,3,,,,,12.42
5154992,2015,tfo,11,2,,,,,11.82
5154997,2013,tfo,9,2,,,,,12.47
5155005,2014,tfo,10,1,,,,,14.33
5155005,2015,tfo,11,1,,,,,14.43
5155013,2013,tfo,9,2,,,,,15.12
5155013,2014,tfo,10,4,,,,,15.9
5155018,2013,tfo,9,2,,,,,27.61
5155018,2014,tfo,10,3,,,,,13.54
5155018,2015,tfo,11,2,,,,,12.9
5155018,2016,tfo,12,3,,,,,8.54
5155021,2013,tfo,9,1,,,,,12.27
5155021,2014,tfo,10,3,,,,,11.82
5155021,2015,tfo,11,2,,,,,11.87
5155021,2016,tfo,12,2,,,,,7.64
5155024,2013,tfo,9,3,163.56,332.7,,,73.9
5155024,2014,tfo,10,3,163.5,343.28,,,76
5155024,2015,tfo,11,4,172.35,,,,35.07
5155024,2016,tfo,12,3,180.66,393.3,,,180.66
5155028,2013,tfo,9,1,,,,,14.56
5155028,2016,tfo,12,1,,,,,10.34
5155031,2015,tfo,11,2,,,,,14.76
5155031,2016,tfo,12,1,,,,,16.93
5155035,2013,tfo,9,2,,,,,13.39
5155035,2014,tfo,10,4,,,,,12.55
5155035,2015,tfo,11,3,,,,,24.92
5155035,2016,tfo,12,4,,,,,19.34
5155040,2013,tfo,9,2,,,,,13.86
5155044,2013,tfo,9,3,,,,,13.16
5155044,2014,tfo,10,4,134.74,,,,26.14
5155044,2015,tfo,11,3,131.3,323.51,,,60.9
5161288,2013,tfo,9,1,,,,,13.08
5161293,2015,tfo,12,1,,367.3,,,367.3
5161297,2014,tfo,11,1,,,,,69.6
5161299,2013,tfo,10,4,,,,,12.37
5161299,2014,tfo,11,3,,,,,11.81
5161301,2013,tfo,10,4,177.8,364.6,818.5,,78
5161301,2014,xc,11,9,,,,1505,965
5161301,2015,xc,12,3,,,872,1576,872
5161305,2013,tfo,10,3,,,,,12.9
5161306,2014,tfo,11,2,,,,,73.53
5161309,2013,tfo,10,2,,,,,14.47
5161309,2014,tfo,11,2,,,,,14.78
5161309,2015,tfo,12,2,,,,,14.78
5161323,2014,tfo,12,2,,,,,12.29
5161324,2013,tfo,11,1,,,,,12.35
5161328,2013,tfo,11,1,,,,,12.25
5161332,2013,tfo,11,2,,,,,12.61
5161352,2013,tfo,12,1,,,,,13.64
5165320,2013,tfo,9,2,,,,,13.56
5166224,2013,tfo,10,3,,,,,12.82
5166224,2014,tfo,11,2,,,,,12.64
5166225,2013,tfo,9,1,,,,,15.01
5182715,2013,tfo,10,2,,,,,12.45
5182715,2014,tfo,11,3,,,,,11.61
5182715,2015,tfo,12,2,,,,,11.64
5182717,2013,tfo,12,2,,,,,15.66
5182730,2013,tfo,9,3,149.82,331.94,,,65.1
5182730,2014,tfo,10,3,,,,,13.23
5182730,2015,tfo,11,3,,,,,13.53
5182730,2016,tfo,12,6,,,,,8.74
5182732,2013,tfo,9,1,,,,,15.38
5182735,2013,tfo,9,2,,,,,67.3
5182743,2013,tfo,11,2,,,,,11.73
5683202,2016,tfo,9,4,,,,,8.24
5683202,2017,tfo,10,1,,,,,63.3
5699195,2011,tfo,,3,,,,,18.48
5837368,2014,xc,9,9,,,,1185,780
5837368,2014,tfo,9,3,140.5,286.26,,,61.1
5837368,2015,tfo,10,2,,282.7,700.3,,282.7
5837368,2016,tfo,11,3,127.4,271.1,,,55.4
5837368,2017,xc,12,8,,,,1079.5,1079.5
5837371,2014,xc,11,10,,,,1266.5,890
5837371,2015,xc,12,7,,,764,1254.5,764
5837374,2014,xc,10,8,,,858,1421.5,858
5837376,2014,xc,9,8,,,,1149.8,780
5837376,2015,xc,10,8,,,668,1117,668
5837378,2014,xc,9,9,,,808,1249.6,808
5837378,2015,xc,10,7,,,,1177.4,1177.4
5837378,2015,tfo,10,2,,294.6,634.3,,294.6
5837378,2016,xc,11,7,,,,1081.2,1081.2
5837378,2016,tfo,11,4,133.7,263,595.4,,133.7
5837378,2017,xc,12,8,,,,1040.1,1040.1
5837378,2017,tfo,12,4,124.66,270.1,597.3,,56.9
5837381,2014,xc,9,8,,,,1318.1,964
5837382,2014,xc,9,10,,,,1177.4,790
5837382,2015,xc,10,7,,,741,1180.5,741
5837387,2014,xc,9,10,,,,1231.9,809
5837387,2015,xc,10,3,,,,1326,1326
5837388,2014,xc,9,10,,,,1232.1,820
5837388,2014,tfo,9,4,143.14,301.2,657,,62
5837388,2015,xc,10,6,,,,1203.1,1203.1
5837388,2015,tfo,10,3,,309.04,708.6,,73.3
5837388,2016,xc,11,6,,,740,1267.2,740
5837388,2016,tfo,11,2,,325.1,765.6,,325.1
5837391,2014,xc,9,8,,,,1188.6,810
5837391,2014,tfo,9,1,,308.4,,,308.4
5837391,2015,xc,10,7,,,,1104.3,1104.3
5837391,2015,tfo,10,2,,280.92,597.99,,280.92
5837391,2016,xc,11,6,,,,1105,1105
5837391,2016,tfo,11,4,133.3,279.69,617.6,,133.3
5837391,2017,xc,12,6,,,,1145,1145
5837392,2014,xc,10,9,,,,1457.3,1026
5837393,2014,xc,9,9,,,,1224.4,904
5837393,2014,tfo,9,4,155,311.85,700.3,,66.4
5837393,2015,xc,10,7,,,,1177.2,1177.2
5837393,2015,tfo,10,4,141.24,286.38,664.9,,63.8
5837393,2016,xc,11,11,,,,1098.5,1098.5
5837393,2016,tfo,11,5,141.56,283.38,620.63,,62.6
5837393,2017,xc,12,12,,,,1076.7,1076.7
5837393,2017,tfo,12,4,142.16,281.16,610.63,,62.4
5837394,2014,xc,9,10,,,906,1438.9,906
5837394,2015,xc,10,6,,,,1499.9,1499.9
5837394,2016,xc,11,8,,,,1482.2,1482.2
5837394,2016,tfo,11,2,179.1,,,,76.34
5837398,2014,xc,11,8,,,,1278.6,903
5837399,2014,xc,9,8,,,,1569,956
5837399,2014,tfo,9,4,181.82,352.17,784.4,,78.8
5837399,2015,xc,10,7,,,,1324,1324
5837399,2015,tfo,10,3,164.2,336.8,711.1,,164.2
5837399,2016,xc,11,10,,,,1281.7,1281.7
5837399,2016,tfo,11,4,162.73,340.8,771.9,,162.73
5837399,2017,xc,12,11,,,,1251.5,1251.5
5837399,2017,tfo,12,3,164.3,327.3,728.88,,164.3
5837400,2014,xc,12,9,,,,1311.5,887
5837402,2014,xc,9,8,,,888,1465.4,888
5837402,2014,tfo,9,3,,,,,14.19
5837402,2015,xc,10,8,,,857,1455.4,857
5837402,2016,xc,11,9,,,,1482.3,1482.3
5837403,2014,xc,12,4,,,1072,1870,1072
5837404,2014,xc,9,10,,,,1289,982
5837404,2014,tfo,9,3,,357.8,751.7,,77.5
5837404,2015,xc,10,8,,,,1286.2,1286.2
5837404,2015,tfo,10,3,165.62,331.9,730.03,,165.62
5837404,2016,xc,11,10,,,,1267.3,1267.3
5837404,2016,tfo,11,4,162.8,325.17,707.3,,162.8
5837404,2017,xc,12,12,,,,1232,1232
5837404,2017,tfo,12,3,168.77,346.7,760,,168.77
5837405,2014,xc,12,10,,,,1490.3,998
5837408,2014,xc,9,10,,,1003,1588.5,1003
5837408,2014,tfo,9,3,194.04,398.07,,,96
5837408,2015,xc,10,6,,,964,1622,964
5837408,2015,tfo,10,2,193.7,382.9,,,193.7
5837408,2016,xc,11,9,,,,1490.6,1490.6
5837408,2016,tfo,11,3,,387.8,825.65,,387.8
5837408,2017,xc,12,8,,,,1531.6,1531.6
5837408,2017,tfo,12,3,192.71,384.97,855.12,,192.71
5840078,2014,xc,12,10,,,,1539.1,1117
5843825,2014,xc,9,10,,,856,1434.9,856
5843825,2014,tfo,9,4,170.79,357.87,859.81,,77.1
5843825,2015,xc,10,7,,,853,1478.3,853
5843825,2016,xc,11,7,,,,1543.8,1543.8
5917794,2014,xc,11,7,,,1117,1727.5,1117
5995071,2020,xc,12,9,,,637.7,1072.8,637.7
5995090,2018,xc,10,7,,,,1457,1457
5995090,2019,xc,11,5,,,,1367,1310.8
5995090,2020,xc,12,6,,,,1365,1365
6424758,2014,tfo,12,4,140.94,282.57,647.38,,64
6424761,2014,tfo,12,2,,,,,13.35
6424767,2014,tfo,12,3,,,,,11.74
6424798,2014,tfo,11,3,,,,,12.86
6424802,2014,tfo,11,2,,,,,13.17
6424805,2014,tfo,11,2,,,,,13.24
6424809,2014,tfo,11,1,,,,,15.58
6424819,2014,tfo,10,2,,,,,11.94
6424819,2015,tfo,11,1,,,,,12.17
6424821,2014,tfo,10,2,161.71,,,,71
6424821,2015,tfo,11,3,160.3,,,,69.6
6424821,2016,tfo,12,3,155.41,356.6,,,155.41
6424823,2014,tfo,10,2,,,,,12.34
6424826,2014,tfo,10,2,,,,,17.06
6424826,2015,tfo,11,2,,,,,17.54
6424826,2016,tfo,12,2,,,,,17.19
6424831,2014,tfo,10,2,,,,,12.07
6424836,2014,tfo,10,3,,,,,25.87
6424836,2015,tfo,11,3,,,,,25.31
6424836,2016,tfo,12,5,,,,,19.74
6424841,2014,tfo,10,3,,,,,14.81
6424845,2014,tfo,10,2,,,,,16.3
6424848,2014,tfo,10,4,,,,,12.91
6424850,2014,tfo,10,4,,,,,14.73
6424857,2014,tfo,10,2,,,,,12.84
6424861,2014,tfo,10,2,,,,,12.88
6424875,2014,tfo,10,2,,,,,15.84
6424883,2014,tfo,10,3,164.67,372.48,,,71
6424883,2015,tfo,11,4,169.64,,,,28.8
6424883,2016,tfo,12,5,,,,,21.74
6424897,2014,tfo,10,4,,,,,12.89
6424897,2015,tfo,11,3,,,,,12.97
6424903,2014,tfo,10,1,,,,,14.33
6424907,2014,tfo,10,3,,,,,12.13
6424907,2015,tfo,11,1,,,,,13.24
6424923,2014,tfo,10,3,,,,,14.29
6424936,2014,tfo,9,2,,,,,13
6424936,2015,tfo,10,2,,,,,13.15
6424936,2016,tfo,11,2,,,,,12.95
6424936,2017,tfo,12,2,,,,,13.25
6424940,2014,tfo,9,2,,,,,12.44
6424942,2014,tfo,9,2,,,,,13.73
6424942,2015,tfo,10,2,,,,,13.99
6424942,2017,tfo,12,2,,,,,14.06
6424943,2014,tfo,9,4,,,,,15.12
6424943,2015,tfo,10,1,,,,,15.78
6424950,2014,tfo,9,3,,,,,13.49
6424950,2015,tfo,10,2,,,,,13.87
6424950,2016,xc,11,8,,,960,1648.3,960
6424950,2016,tfo,11,3,,,,,8.94
6424954,2014,tfo,9,1,,,,,14.48
6424954,2015,tfo,10,1,,,,,15.39
6424954,2016,tfo,11,2,,,,,9.84
6424954,2017,tfo,12,1,,,,,15.63
6424964,2014,tfo,9,1,,,,,15.84
6424964,2015,tfo,10,1,,,,,15.88
6424968,2014,tfo,9,3,128.91,294.99,,,57.5
6424968,2015,tfo,10,2,136.07,266.4,,,136.07
6424968,2016,tfo,11,2,129.8,265.32,,,129.8
6424974,2015,tfo,10,2,,,,,13.28
6424974,2016,tfo,11,1,,,,,8.84
6424985,2014,tfo,9,3,,,,,15.21
6424985,2015,tfo,10,1,,,,,15.68
6424985,2016,tfo,11,2,,,,,16.02
6424989,2014,tfo,9,3,127.82,299.85,,,58
6424989,2015,xc,10,7,,,677,1089,677
6424989,2015,tfo,10,4,124.5,,,,25.52
6424989,2016,xc,11,8,,,,1048,1048
6424989,2016,tfo,11,6,120.94,,,,17.34
6424989,2017,xc,12,9,,,,1014,1014
6424989,2017,tfo,12,3,122.21,,,,52.5
6424993,2016,tfo,11,1,,,,,10.04
6424997,2014,tfo,9,3,203.38,418.97,,,89
6424997,2015,xc,10,4,,,,1686.9,1686.9
6424997,2015,tfo,10,2,203.18,410.41,,,203.18
6424997,2016,tfo,11,4,212.2,429.7,909.5,,212.2
6424997,2017,xc,12,7,,,1065.4,1688.6,1065.4
6424999,2014,tfo,9,2,,,,,12.43
6425001,2014,tfo,9,3,,,,,12.3
6425001,2015,tfo,10,2,,,,,11.88
6425001,2016,tfo,11,4,,,,,7.64
6425001,2017,tfo,12,3,,,,,11.65
6425003,2015,tfo,10,2,,,,,13.73
6425003,2016,tfo,11,2,,,,,9.74
6434040,2014,tfo,9,2,,,,,11.84
6434040,2015,tfo,10,3,,,,,12.49
6434041,2014,tfo,9,3,,,,,14.06
6434041,2017,tfo,12,2,,,,,14.76
6434046,2014,tfo,9,1,,,,,13.74
6434048,2014,tfo,9,2,,,,,15.34
6434057,2014,tfo,10,3,185.37,384.86,,,78
6434059,2014,tfo,10,3,,,,,14.25
6434071,2014,tfo,11,2,166.9,,,,71.4
6434071,2015,tfo,12,1,,,,,73.86
6436425,2014,tfo,10,3,,,,,12.81
6441719,2014,tfo,10,3,,,,,12.46
6453441,2014,tfo,10,1,,,,,72
6453441,2015,tfo,11,2,,,,,30.89
6453441,2016,tfo,12,2,,,,,24.34
6453446,2014,tfo,9,3,,,,,15.34
6453448,2014,tfo,9,4,,,,,13.54
6453448,2015,tfo,10,3,,,,,24.91
6453448,2016,tfo,11,5,,,,,18.94
6453448,2017,tfo,12,3,,,,,23.85
6524073,2014,tfo,10,2,,,,,12.74
6545500,2014,tfo,11,1,,,,,13.8
6545500,2015,tfo,12,1,,,,,27.33
6548656,2014,tfo,9,3,158.03,317.76,,,69
6548656,2015,tfo,10,3,148,300.5,,,65.4
6592523,2014,tfo,10,4,,,,,38.3
6592523,2015,tfo,11,2,,,,,45
6630032,2014,tfo,11,2,,,,,13.29
6630037,2014,tfo,11,1,,,,,13.39
7305962,2015,xc,9,7,,,930,1433.5,930
7305962,2015,tfo,9,2,,368,808.87,,368
7305962,2016,xc,10,7,,,,1391.9,1391.9
7305962,2016,tfo,10,4,172.2,338.9,720.86,,172.2
7305962,2017,xc,11,9,,,,1255.1,1255.1
7305962,2017,tfo,11,3,171.02,325.09,703.23,,171.02
7305962,2018,xc,12,7,,,,1315,1315
7305962,2018,tfo,12,1,,355.83,,,355.83
7305964,2015,xc,10,7,,,963,1675.8,963
7305964,2017,xc,12,8,,,,1541.1,1541.1
7305968,2015,xc,10,6,,,932,1600,932
7305968,2015,tfo,10,2,,375.4,855.27,,375.4
7305968,2016,xc,11,9,,,,1445.4,1445.4
7305968,2017,xc,12,7,,,,1469.2,1469.2
7305971,2015,xc,9,8,,,894,1494.9,894
7305971,2015,tfo,9,2,173.85,363.3,,,173.85
7305971,2016,xc,10,6,,,,1499.6,1499.6
7305971,2016,tfo,10,3,175.55,352.1,,,175.55
7305971,2017,xc,11,8,,,,1432,1432
7305971,2017,tfo,11,3,165.66,351.11,803.77,,165.66
7305971,2018,xc,12,4,,,,1445.2,1445.2
7305971,2018,tfo,12,2,165.69,353.22,,,165.69
7305974,2015,xc,10,1,,,,1406,1406
7305977,2015,xc,9,8,,,772,1264.1,772
7305977,2015,tfo,9,4,151.93,301.15,688.7,,65.5
7305977,2016,xc,10,9,,,,1214.9,1214.9
7305977,2016,tfo,10,2,163,320.35,,,163
7305977,2017,xc,11,7,,,,1325.3,1325.3
7305982,2015,xc,12,5,,,,1354,1354
7305986,2015,xc,10,7,,,,1359.4,1359.4
7305986,2016,xc,11,7,,,848,1438.9,848
7305986,2017,xc,12,4,,,,1438.1,1438.1
7311711,2015,xc,9,1,,,627,,627
7311711,2017,tfo,11,2,157.16,,,,63.43
7311717,2015,xc,9,8,,,734,1203,734
7311717,2016,xc,10,8,,,,1226.5,1226.5
7311717,2017,xc,11,9,,,,1226.2,1226.2
7324256,2015,xc,9,6,,,817,1386,817
7324256,2015,tfo,9,1,,319.16,,,319.16
7324256,2016,xc,10,9,,,,1248.8,1248.8
7324256,2017,xc,11,8,,,,1304.3,1304.3
7324261,2015,xc,9,1,,,854,,854
7324265,2015,xc,9,6,,,,1245,1245
7324265,2015,tfo,9,5,152.67,,,,14.48
7324265,2016,xc,10,5,,,,1198.6,1198.6
7324265,2017,xc,11,1,,,,1276.1,1276.1
7407527,2015,xc,11,6,,,,1094,1094
7407527,2015,tfo,11,1,,286.7,,,286.7
7433601,2015,xc,9,6,,,,1275.6,1275.6
7433602,2015,xc,9,5,,,781.7,1276,781.7
7433602,2015,tfo,9,3,,,,,28.18
7433602,2016,xc,10,7,,,,1140.7,1140.7
7433602,2016,tfo,10,4,139.18,324,697.2,,139.18
7433602,2017,xc,11,9,,,,1091.1,1091.1
7433602,2017,tfo,11,3,146.97,286.66,630.7,,146.97
7433602,2018,xc,12,7,,,,1098.8,1098.8
7433602,2018,tfo,12,5,139.12,309.2,667,,13.44
7437720,2015,xc,10,4,,,,1653,1653
7480849,2015,xc,12,4,,,,1542,1542
7480849,2015,tfo,12,2,182.8,357.6,,,182.8
7859343,2015,tfo,11,4,,,,,14.37
7859343,2016,tfo,12,5,,,,,13.66
7859372,2015,tfo,11,3,,,,,29.81
7859372,2016,tfo,12,5,,,,,13.88
7859373,2016,tfo,11,1,,,,,9.94
7859375,2015,tfo,10,1,,312.3,,,312.3
7859375,2016,tfo,11,1,,311.78,,,311.78
7859375,2017,tfo,12,4,,,,,12.96
7859377,2015,tfo,10,3,,,,,12.95
7859415,2015,tfo,10,2,,323.9,743,,323.9
7859415,2016,tfo,11,5,145.5,,,,19.94
7859415,2017,xc,12,9,,,,1185,1185
7859415,2017,tfo,12,6,148.64,324.52,708.6,,13.35
7859417,2015,tfo,10,3,,,,,13.23
7859418,2015,tfo,10,2,,,,,29.37
7859421,2015,tfo,10,2,,,,,12.48
7859421,2016,tfo,11,5,,,,,7.44
7859421,2017,tfo,12,2,,,,,11.85
7859423,2015,tfo,10,2,,,,,55.4
7859423,2016,tfo,11,3,,,,,16.64
7859423,2017,tfo,12,1,,,,,50.4
7859431,2015,tfo,10,4,150.19,,,,27.49
7859436,2015,tfo,9,2,,,,,13.91
7859439,2015,tfo,9,1,,,,,13.24
7859439,2016,tfo,10,2,,,,,8.24
7859441,2015,tfo,9,2,,306.25,,,67.5
7859441,2016,tfo,10,3,,,,,26.88
7859441,2017,tfo,11,3,,,,,26.7
7859441,2018,tfo,12,3,,,,,12.72
7859442,2015,tfo,9,3,,,,,27.65
7859442,2016,tfo,10,5,,,,,21.84
7859442,2017,tfo,11,4,,,,,13.28
7859445,2015,tfo,9,2,,,,,12.72
7859446,2015,tfo,9,1,,,,,12.74
7859446,2016,tfo,10,1,,,,,13.14
7859447,2015,tfo,9,4,151.41,303.1,655.7,,69.9
7859447,2016,xc,10,9,,,,1109.6,1109.6
7859447,2016,tfo,10,3,,289.81,631.49,,289.81
7859447,2017,xc,11,8,,,,1043.7,1043.7
7859447,2017,tfo,11,2,,273.1,593.45,,273.1
7859447,2018,xc,12,10,,,,1030.1,1030.1
7859447,2018,tfo,12,2,,277.9,606.8,,277.9
7859449,2015,tfo,9,1,,,,,13.46
7859449,2016,tfo,10,1,,,,,60.9
7859452,2015,tfo,9,2,,,,,13.9
7859454,2015,tfo,9,2,,,,,11.57
7859454,2016,tfo,10,1,,,,,12.14
7859454,2017,tfo,11,2,,,,,11.75
7859459,2015,tfo,9,3,142.95,295.67,,,62.1
7859464,2015,tfo,9,2,,,,,12.92
7859464,2016,tfo,10,5,,,,,7.94
7859466,2015,tfo,9,2,,300.4,650.8,,300.4
7859466,2016,xc,10,8,,,,1153.3,1153.3
7859466,2016,tfo,10,4,147.16,292.2,635.5,,147.16
7859466,2017,xc,11,9,,,,1057.7,1057.7
7859466,2017,tfo,11,3,138.1,273.6,587.92,,138.1
7859466,2018,xc,12,9,,,,1071,1071
7859466,2018,tfo,12,2,,276.62,589.94,,276.62
7859468,2015,tfo,9,3,,,,,13.81
7859468,2016,tfo,10,1,,,,,8.34
7859468,2017,tfo,11,1,,,,,62.6
7859468,2018,tfo,12,1,,,,,12.08
7859469,2015,tfo,9,3,,,,,12.33
7859469,2016,tfo,10,6,,,,,8.34
7859469,2017,tfo,11,4,,,,,12.05
7859469,2018,tfo,12,1,,,,,12.01
7859470,2015,tfo,9,1,,,,,15.22
7859477,2015,tfo,9,2,,326.5,707,,326.5
7859477,2016,xc,10,8,,,,1214.8,1214.8
7859477,2016,tfo,10,4,149.5,310.38,700.6,,149.5
7859477,2017,xc,11,7,,,,1214.4,1214.4
7859477,2017,tfo,11,1,,330.33,,,330.33
7859477,2018,xc,12,8,,,789.2,1259.1,789.2
7859477,2018,tfo,12,2,157.43,339.9,,,157.43
7859480,2015,tfo,9,2,,,,,13.12
7859480,2016,tfo,10,3,,,,,12.5
7859481,2015,tfo,9,4,,,,,12.84
7859481,2016,tfo,10,2,,,,,13.15
7859485,2015,tfo,9,3,,289.8,605.11,,66.8
7859485,2016,xc,10,9,,,,1052.4,1052.4
7859485,2016,tfo,10,3,,272.38,599,,272.38
7859485,2017,xc,11,9,,,,1025.2,1025.2
7859485,2017,tfo,11,3,136.08,269,581.3,,136.08
7859485,2018,xc,12,10,,,,1036,1036
7859485,2018,tfo,12,2,,279,609,,279
7859489,2015,tfo,9,2,,,,,27.44
7859492,2015,tfo,12,2,,,,,13.77
7859500,2015,tfo,11,2,,,,,14.34
7859501,2015,tfo,11,2,,,,,15.62
7859524,2015,tfo,11,2,,,,,14.89
7859528,2015,tfo,11,2,,,,,15.78
7859528,2016,tfo,12,1,,,,,9.74
7859535,2015,tfo,11,3,,,,,15.06
7859535,2016,tfo,12,1,,,,,24.14
7859539,2015,tfo,10,2,,,,,15.33
7859548,2015,tfo,10,2,,,,,13.8
7859551,2016,tfo,11,1,,,,,16.64
7859552,2015,tfo,10,2,,,,,15.34
7859555,2015,tfo,10,2,,,,,15.85
7859561,2015,tfo,10,4,,,,,14.43
7859561,2016,tfo,11,3,,,,,21.64
7859561,2017,tfo,12,2,,,,,28.1
7859565,2015,tfo,10,3,164.24,327.83,710.87,,164.24
7859565,2016,xc,11,10,,,,1193.5,1193.5
7859565,2016,tfo,11,4,159,322.05,687.94,,159
7859565,2017,xc,12,12,,,,1199.6,1199.6
7859569,2015,tfo,10,2,,,,,15.99
7859570,2015,tfo,10,2,,,,,16.29
7859570,2016,tfo,11,2,,,,,10.64
7859573,2015,tfo,10,3,169.7,349.42,,,75.65
7859573,2016,xc,11,9,,,,1350.7,1350.7
7859573,2016,tfo,11,1,,357.75,,,357.75
7859577,2015,tfo,9,2,,,,,13.84
7859577,2016,tfo,10,3,,,,,9.24
7859579,2015,tfo,9,1,,,,,34.12
7859581,2016,tfo,10,1,,,,,9.84
7859582,2015,tfo,9,1,,,,,14.46
7859582,2016,tfo,10,2,,,,,9.44
7859585,2015,tfo,9,1,,,,,14.75
7859585,2016,tfo,10,1,,,,,15.44
7859586,2015,tfo,9,2,,,,,14.75
7859587,2015,tfo,9,4,162.2,,,,29.62
7859587,2017,tfo,11,3,177.51,,,,67.71
7859587,2018,tfo,12,2,,,,,29.39
7859589,2015,tfo,9,3,144.57,317.9,,,74.3
7859589,2016,xc,10,9,,,,1164.7,1164.7
7859589,2016,tfo,10,5,140.85,318.3,,,61.5
7859589,2017,xc,11,12,,,,1163.9,1163.9
7859589,2017,tfo,11,4,139.19,,697.42,,60.5
7859589,2018,xc,12,10,,,,1215,1215
7859592,2015,tfo,9,1,,,,,13.85
7859592,2016,tfo,10,2,,,,,9.24
7859592,2017,tfo,11,1,,,,,13.12
7859592,2018,tfo,12,1,,,,,12.71
7859593,2015,tfo,9,2,,,,,14.14
7859593,2016,tfo,10,3,,,,,9.24
7859593,2017,tfo,11,1,,,,,14.22
7859593,2018,tfo,12,1,,,,,13.82
7859595,2016,tfo,10,1,,,,,15.41
7859596,2015,tfo,9,2,,,,,15.89
7859596,2016,tfo,10,1,,,,,15.95
7859596,2017,tfo,11,1,,382.4,,,382.4
7859596,2018,tfo,12,1,,400,,,400
7859598,2015,tfo,9,1,,,,,15.58
7859601,2016,tfo,10,1,,,,,10.74
7859603,2016,tfo,10,1,,,,,12.74
7859604,2015,tfo,9,2,,,,,19.04
7859608,2015,tfo,9,1,,382.18,,,382.18
7859608,2016,xc,10,9,,,,1550,1550
7859608,2016,tfo,10,2,,408.7,,,408.7
7859608,2017,xc,11,7,,,,1555.5,1555.5
7859609,2015,tfo,9,2,,,,,15.34
7859611,2015,tfo,9,2,,,,,16.15
7859616,2015,tfo,9,4,,,,,13.07
7859616,2016,tfo,10,6,,,,,12.84
7859616,2017,tfo,11,4,,,,,12.77
7859616,2018,tfo,12,2,,,,,13.41
7859617,2015,tfo,9,3,,,,,14.91
7859617,2016,tfo,10,3,,,,,9.34
7875713,2015,tfo,11,2,,,,,15.97
7875823,2015,tfo,,2,,,,,15.24
7877738,2015,tfo,12,3,152.98,342.35,767.64,,152.98
7883986,2015,tfo,9,1,,333.2,,,333.2
7884107,2015,tfo,10,1,,,,,76
7884108,2015,tfo,10,2,,342.51,,,65.2
7923526,2015,tfo,12,4,,,,,16.02
8026154,2019,tfo,10,2,,,,,14.59
8026156,2018,tfo,9,2,,,,,14.43
8026183,2018,tfo,9,1,,,,,12.46
8035512,2015,tfo,9,1,,,,,16.54
8035512,2016,tfo,10,1,,,,,10.54
8623721,2016,xc,9,7,,,,1149.6,1149.6
8623721,2016,tfo,9,2,,279.1,611.55,,279.1
8623721,2017,xc,10,4,,,,1051,1051
8623721,2017,tfo,10,2,,258.92,563.77,,258.92
8623721,2018,xc,11,9,,,,1022,1022
8623721,2018,tfo,11,3,131.27,257.83,576.62,,131.27
8623721,2019,xc,12,10,,,,1004.8,959.8
8623721,2019,tfo,12,4,126.94,250.31,578.81,,58
8623780,2016,xc,9,9,,,,1088.2,1088.2
8623780,2017,xc,10,9,,,,1029.6,1029.6
8623809,2016,xc,9,5,,,,1084,1084
8623809,2017,xc,10,3,,,,1154.8,1154.8
8623842,2016,xc,9,7,,,785,1293.9,785
8623843,2016,xc,9,9,,,,1100.4,1100.4
8623843,2016,tfo,9,3,145.2,303.5,632.86,,145.2
8623843,2017,xc,10,6,,,,1149,1149
8623843,2017,tfo,10,3,130.67,272.72,590.95,,130.67
8623843,2018,xc,11,11,,,,1016.7,1016.7
8623843,2018,tfo,11,4,137.59,262.89,583.02,,60.12
8623843,2019,xc,12,4,,,,1073.5,1073.5
8623844,2016,xc,9,8,,,907,1541.4,907
8623845,2016,xc,10,9,,,,1194.3,1194.3
8623845,2017,xc,11,9,,,,1183.3,1183.3
8623846,2016,xc,10,9,,,783,1330.6,783
8623846,2016,tfo,10,3,144.73,320.3,731,,144.73
8623846,2017,xc,11,8,,,,1278.8,1278.8
8623846,2017,tfo,11,2,142.33,306.95,,,142.33
8623846,2018,xc,12,9,,,,1201.2,1201.2
8623846,2018,tfo,12,2,139.07,329.4,,,139.07
8623847,2016,xc,9,4,,,,1163.1,1163.1
8623849,2016,xc,9,9,,,,1149.1,1149.1
8623851,2016,xc,11,1,,,1583,,1583
8623852,2016,xc,9,9,,,,1299.1,1299.1
8623852,2016,tfo,9,3,169.54,338.24,,,169.54
8623852,2017,tfo,10,1,,365.59,,,365.59
8623853,2016,xc,9,10,,,,1142.5,1142.5
8623853,2017,xc,10,12,,,,1135.8,1135.8
8623853,2017,tfo,10,2,,303.93,675.13,,303.93
8623853,2018,xc,11,10,,,,1137,1137
8623853,2019,xc,12,11,,,,1206.5,1147.1
8623854,2016,xc,10,5,,,834,1392.1,834
8623855,2016,xc,11,8,,,902,1670.5,902
8623856,2016,xc,9,7,,,,1579.5,1579.5
8623856,2016,tfo,9,1,,,,,465.8
8623856,2017,xc,10,1,,,990,,990
8623857,2016,xc,12,7,,,902,1505.6,902
8623858,2016,xc,11,5,,,,1361.7,1361.7
8623858,2017,xc,12,9,,,,1298.2,1298.2
8668729,2016,xc,9,8,,,,1554,1554
8668729,2016,tfo,9,4,,,,,10.24
8668789,2016,xc,9,9,,,896,1499.8,896
8668789,2016,tfo,9,4,,,,,23.14
8668789,2017,xc,10,9,,,967,1548.8,967
8668789,2018,xc,11,5,,,1168.1,1623,1168.1
8668789,2018,tfo,11,2,,,,,30.54
8681591,2016,xc,10,9,,,,1163.1,1163.1
8681591,2017,xc,11,8,,,,1310,1310
8721924,2016,xc,9,2,,,,1107,1107
8738753,2016,xc,9,6,,,,1578.7,1578.7
8738753,2017,xc,10,8,,,,1458.7,1458.7
8751425,2019,tfo,9,3,,,,,26.24
8751429,2019,xc,9,9,,,659.8,1056.2,659.8
8751429,2019,tfo,9,4,135.07,269.33,608.6,,58.5
8751429,2020,xc,10,12,,,633.6,1001.8,633.6
8751429,2021,xc,11,2,,,,1123,1123
8751429,2021,tfo,11,2,129.88,273.44,,,129.88
8751429,2022,xc,12,10,,,616.1,1036.8,616.1
8751429,2022,tfo,12,2,127.44,276.355,,,127.44
8751432,2019,tfo,9,2,,,,,59.98
8751432,2020,xc,10,9,,,686.2,1120.7,686.2
8751432,2021,xc,11,4,,,,1198,1198
8751432,2021,tfo,11,1,,,,,57.14
8751432,2022,xc,12,8,,,,1130,1130
8751432,2022,tfo,12,1,,,,,12.14
8751435,2018,xc,9,9,,,,1175.3,1175.3
8751435,2019,xc,10,2,,,,1311.5,1311.5
8751437,2019,xc,9,9,,,688.4,1122.6,688.4
8751437,2020,xc,10,10,,,667.1,1061.8,667.1
8751437,2021,xc,11,4,,,,1131,1131
8751437,2022,xc,12,7,,,,1113.5,1113.5
8751440,2019,tfo,9,2,,,,,13.28
8751440,2021,tfo,11,1,,,,,13.51
8751440,2022,tfo,12,1,,,,,13.85
8751442,2018,xc,9,8,,,737,1164,737
8751442,2019,xc,10,8,,,,1125.7,1097.3
8751442,2020,xc,11,9,,,664.5,1125.1,664.5
8751442,2021,xc,12,2,,,,1370.3,1370.3
8762567,2019,tfo,9,4,128.38,,,,12.47
8762567,2021,tfo,11,3,,,,,11.44
8762567,2022,tfo,12,4,123.558,,,,11.391
8873353,2004,tfo,12,2,,277.27,593.21,,277.27
9123970,2015,tfo,9,4,,,,,12.12
9123970,2016,tfo,10,7,129.2,,,,17.44
9123970,2017,tfo,11,2,,,,,23.61
9123970,2018,tfo,12,1,,,,,52.88
9123995,2015,tfo,9,3,,,,,14.4
9123995,2016,tfo,10,3,,,,,9.04
9123995,2017,tfo,11,1,,,,,64.3
9197882,2017,tfo,9,1,,,,,12.94
9197882,2018,tfo,10,1,,,,,12.78
9214619,2016,tfo,11,3,,,,,8.34
9214619,2017,tfo,12,3,,,,,12.71
9372699,2016,tfo,10,1,,,,,82.34
9372710,2016,tfo,11,1,,,,,84.41
9372716,2016,tfo,11,2,208.2,,,,83.21
9372720,2016,tfo,9,4,171.4,363.43,807.9,,171.4
9372720,2017,xc,10,3,,,,1473,1473
9372720,2017,tfo,10,2,172.42,369.68,,,172.42
9372720,2018,xc,11,9,,,,1415.5,1415.5
9372720,2019,xc,12,9,,,879.1,1515.6,879.1
9372729,2016,tfo,12,2,,440.92,,,432.5
9399823,2016,tfo,9,2,,,,,15.33
9399823,2017,tfo,10,2,,,,,15.85
9399823,2018,tfo,11,2,,,,,15.57
9399833,2016,tfo,9,4,,,,,8.74
9399833,2017,tfo,10,3,,,,,30.06
9399833,2018,tfo,11,2,,,,,27.55
9399833,2019,tfo,12,3,,,,,28.16
9399836,2016,tfo,9,2,,,,,19.2
9399844,2016,tfo,9,2,,,,,14.4
9399866,2016,tfo,9,1,,,,,10.94
9399872,2016,tfo,9,5,,,,,14.2
9399872,2017,tfo,10,5,151.01,,,,14.73
9399876,2016,tfo,9,1,,,,,31.03
9399882,2016,tfo,9,3,,,,,9.14
9399885,2016,tfo,9,2,,,,,15.11
9399890,2016,tfo,9,1,,,,,15.48
9399897,2017,tfo,10,3,,,,,15.09
9399897,2018,tfo,11,1,,,,,15.5
9399921,2016,tfo,9,2,,,,,17.14
9399925,2016,tfo,9,3,,,,,9.34
9399928,2016,tfo,9,4,,,,,9.44
9399934,2016,tfo,9,2,,,,,15.29
9399936,2016,tfo,9,2,,,,,9.34
9399938,2016,tfo,9,4,,,,,9.74
9399946,2016,tfo,9,5,,,,,8.24
9399946,2017,tfo,10,4,,,,,12.22
9399949,2016,tfo,9,4,,,,,7.84
9399949,2017,tfo,10,4,,,,,11.32
9399949,2018,tfo,11,1,,,,,11.36
9399949,2019,tfo,12,1,,,,,11.61
9399951,2017,tfo,10,1,,,,,12.62
9399959,2016,tfo,9,5,,,,,23.14
9399959,2017,tfo,10,2,,,,,27.4
9399959,2018,tfo,11,2,,,,,27.3
9399959,2019,tfo,12,2,,,,,26.78
9399962,2016,tfo,9,4,,,,,11.24
9399967,2016,tfo,9,3,131.18,264.9,588.6,,131.18
9399967,2017,xc,10,8,,,,1000.5,1000.5
9399967,2018,xc,11,4,,,,1084,1084
9399971,2016,tfo,9,3,148.91,,,,8.54
9399971,2017,tfo,10,2,,,,,26.36
9399982,2016,tfo,9,2,,,,,15.61
9400006,2016,tfo,9,3,,,,,9.04
9400006,2017,tfo,10,1,,,,,12.58
9400017,2016,tfo,9,4,,,,,9.54
9400017,2017,tfo,10,2,,,,,13.47
9400021,2016,tfo,9,4,,,,,20.44
9400021,2017,xc,10,9,,,,1059.4,1059.4
9400021,2017,tfo,10,3,137.4,,,,57.4
9400021,2018,xc,11,11,,,,1040.2,1040.2
9400021,2018,tfo,11,3,131.91,260.3,565.12,,131.91
9400021,2019,xc,12,10,,,,1029.5,966
9400021,2019,tfo,12,3,,257.18,556.61,,61.5
9400051,2016,tfo,9,1,,,,,9.84
9401646,2016,tfo,11,2,167.4,,,,78.28
9401646,2017,xc,12,8,,,864,1435,864
9401646,2017,tfo,12,2,160.15,333.3,,,160.15
9401652,2016,tfo,9,4,136.4,286.44,,,63.6
9401652,2017,tfo,10,2,130.9,273.11,,,130.9
9401652,2018,tfo,11,2,123.66,263.37,,,123.66
9401652,2019,tfo,12,3,121.62,271.2,,,52.9
9401658,2016,tfo,12,1,,,,,333.59
9422647,2016,tfo,10,7,,,,,8.54
9422648,2016,tfo,9,2,,,,,9.14
9422651,2016,tfo,10,1,,,,,16.94
9422651,2017,tfo,11,1,,,,,17.11
9432883,2016,tfo,10,4,,,,,14.01
9432883,2018,tfo,12,2,,,,,14.4
9432896,2016,tfo,11,4,,,,,9.34
9432896,2017,tfo,12,1,,,,,15.01
9433001,2016,tfo,11,2,,,,,14.74
9433001,2017,tfo,12,1,,,,,15.65
9433005,2016,tfo,12,4,,,,,11.04
9433062,2016,tfo,11,5,,,,,8.44
9433071,2016,tfo,,1,,,,,10.14
9433081,2016,tfo,10,3,,,,,9.64
9433090,2016,tfo,10,3,,,,,8.74
9433090,2017,tfo,11,1,,,,,13.2
9433487,2016,tfo,11,1,,,,,12.34
9433492,2016,tfo,12,1,,,,,9.24
9433497,2016,tfo,9,2,,,,,14.64
9433516,2016,tfo,9,3,,,,,9.84
9433516,2017,tfo,10,3,,,,,14.83
9433522,2016,tfo,10,3,,,,,10.84
9433522,2018,tfo,12,2,,,,,15.32
9433529,2016,tfo,9,2,,,,,16.12
9433530,2016,tfo,9,2,,,,,15.84
9433536,2016,tfo,11,4,,,,,7.94
9433584,2016,tfo,9,3,,,,,9.74
9460300,2016,tfo,9,4,,,,,9.44
9460300,2017,tfo,10,4,,,,,13.6
9460300,2018,tfo,11,2,,,,,13.32
9460300,2019,tfo,12,3,,,,,12.54
9487382,2016,tfo,10,3,,,,,14.68
9487382,2017,tfo,11,2,,,,,14.93
9487396,2016,tfo,10,3,,,,,13.9
9487409,2016,tfo,10,2,,,,,13.7
9487409,2017,tfo,11,1,,,,,13.33
9487409,2018,tfo,12,2,,,,,13.04
9487413,2016,tfo,10,3,,,,,12.94
9614807,2018,tfo,9,2,,,,,14.64
9614808,2019,tfo,9,1,,,,,13.24
9614821,2019,tfo,9,3,161.63,328.28,702.61,,161.63
9614852,2018,tfo,9,2,,,,,14.46
9614853,2020,xc,10,10,,,708.1,1174.1,708.1
9614853,2021,xc,11,3,,,,1285.8,1285.8
9614853,2022,xc,12,10,,,799.8,1160.5,799.8
9614858,2020,xc,12,8,,,,1049.6,1016.2
9614859,2019,xc,9,6,,,727.5,1344,727.5
9614859,2019,tfo,9,4,,,,,13.91
9614867,2019,tfo,9,2,154.15,328.2,,,154.15
9614867,2021,tfo,11,1,147.05,,,,147.05
9654588,2016,tfo,9,2,,,,,16.64
9654588,2017,tfo,10,2,,,,,16.24
9654682,2016,tfo,9,2,,,,,13.34
9654682,2017,tfo,10,1,,,,,13.11
9654752,2016,tfo,,2,,,,,13.72
9667341,2016,tfo,9,2,,,,,15.42
9745088,2024,tfo,9,4,,,,,13.351
9745088,2025,tfo,10,2,,,,,12.519
9745088,2026,tfo,11,3,,,,,12.532
9749782,2023,tfo,9,2,,,,,14.018
9749782,2024,tfo,10,2,,,,,13.828
9749782,2025,tfo,11,1,,,,,13.832
9749789,2022,xc,11,9,,,661.9,1105.2,661.9
9749789,2023,xc,12,9,,,625.1,1054.9,625.1
9830762,2016,tfo,10,2,,,,,12.68
9830762,2017,tfo,11,2,,,,,27.25
9830762,2018,tfo,12,2,,,,,12.62
10149205,2015,tfo,9,3,,,,,14.57
10149205,2016,tfo,10,3,,,,,9.04
10149205,2017,tfo,11,2,,,,,14.04
10149205,2018,tfo,12,1,,,,,14
10208896,2017,xc,9,8,,,,966,966
10208896,2017,tfo,9,4,123.7,250.33,559.01,,52.6
10208896,2018,xc,10,9,,,,959,959
10208896,2018,tfo,10,3,118.04,239.16,,,52.25
10208896,2019,xc,11,9,,,,941.6,897.3
10208896,2019,tfo,11,5,114.79,239.8,,,50.4
10208896,2020,xc,12,10,,,551.5,921.4,551.5
10388348,2017,xc,10,6,,,,1229,1229
10388348,2017,tfo,10,2,,,,,13.29
10388351,2017,xc,9,7,,,678.5,1079,678.5
10388352,2017,xc,9,9,,,754,1194.8,754
10388357,2017,xc,9,9,,,,1041.4,1041.4
10388357,2017,tfo,9,3,131.85,263.82,579,,131.85
10388357,2018,xc,10,10,,,,1035.2,1035.2
10388357,2018,tfo,10,3,125.43,267.4,586.47,,125.43
10388357,2019,xc,11,6,,,,1001,1001
10388357,2019,tfo,11,3,119.73,245.33,549.85,,119.73
10388357,2020,xc,12,1,,,574.7,,574.7
10388362,2017,xc,9,8,,,771.9,1321,771.9
10388368,2017,xc,11,9,,,,1049.1,1049.1
10388369,2017,xc,9,2,,,794.1,1473.4,794.1
10388372,2017,xc,11,8,,,809.9,1250.2,809.9
10388376,2017,xc,9,9,,,,1075.2,1075.2
10388376,2018,xc,10,3,,,,1197.3,1197.3
10388376,2019,xc,11,8,,,,1104.1,1104.1
10388379,2017,xc,9,8,,,777.7,1222.3,777.7
10388379,2018,xc,10,7,,,,1267.4,1267.4
10388381,2017,xc,9,1,,,,1577.6,1577.6
10392302,2017,xc,10,1,,,1115.7,,1115.7
10392304,2017,xc,9,8,,,897,1541.4,897
10392304,2017,tfo,9,2,,,,,14.34
10392304,2018,xc,10,7,,,975,1621,975
10392304,2018,tfo,10,1,,,,,14.22
10392304,2019,xc,11,5,,,969.4,1693.7,969.4
10392304,2019,tfo,11,2,,,,,14.71
10392304,2020,xc,12,6,,,934.8,1692.5,934.8
10392305,2017,xc,9,9,,,,1435.9,1435.9
10392305,2017,tfo,9,3,171.52,355.4,768.01,,171.52
10392305,2018,xc,10,9,,,,1402,1402
10392305,2018,tfo,10,2,173.9,337.3,,,173.9
10392305,2019,tfo,11,1,,355.8,,,355.8
10392308,2017,xc,9,9,,,891.1,1408.8,891.1
10392308,2018,xc,10,9,,,,1427.4,1427.4
10392308,2019,xc,11,9,,,874.2,1493.8,874.2
10392308,2020,xc,12,10,,,874.6,1471.2,874.6
10392310,2017,xc,9,9,,,901.3,1377.7,901.3
10392310,2017,tfo,9,3,182.77,386.1,855.57,,182.77
10392310,2018,xc,10,9,,,902,1409.5,902
10392310,2018,tfo,10,2,180.4,383.23,,,180.4
10392310,2019,xc,11,9,,,,1387.4,1377.3
10392310,2019,tfo,11,2,167.27,351.63,,,167.27
10392310,2020,xc,12,8,,,850.8,1422.3,850.8
10419058,2017,xc,9,8,,,918,1502.4,918
10419058,2017,tfo,9,3,186.55,400.96,858.46,,186.55
10419058,2018,xc,10,8,,,,1518,1518
10419058,2018,tfo,10,1,,402.65,,,402.65
10419058,2019,xc,11,9,,,905.6,1524,905.6
10419058,2019,tfo,11,2,191.9,418.71,,,191.9
10419058,2020,xc,12,9,,,878.1,1482.1,878.1
10419059,2017,xc,10,10,,,,1213.3,1213.3
10419059,2018,xc,11,3,,,,1339.6,1339.6
10419059,2018,tfo,11,3,155.71,327.42,708.7,,155.71
10419059,2019,xc,12,8,,,,1253,1253
10419059,2019,tfo,12,1,159.59,,,,159.59
10428659,2017,xc,9,6,,,,1432.8,1432.8
10428665,2017,xc,12,7,,,,1253.3,1253.3
10428667,2017,xc,10,6,,,,1416.6,1416.6
10428667,2018,xc,11,5,,,,1436.1,1436.1
10428672,2017,xc,10,9,,,878,1304.1,878
10428672,2018,xc,11,9,,,,1226.8,1226.8
10428672,2019,xc,12,10,,,,1245.9,1157.7
10428672,2019,tfo,12,1,157.02,,,,157.02
10454028,2017,xc,9,9,,,,1140.4,1140.4
10454028,2017,tfo,9,3,130.7,263.06,585,,130.7
10454028,2018,xc,10,10,,,,1018,1018
10454028,2018,tfo,10,3,132.85,262.52,572.68,,132.85
10454028,2019,xc,11,10,,,,1011,957.8
10454028,2019,tfo,11,3,123.58,260.1,,,56.3
10454028,2020,xc,12,12,,,591.2,1013.8,591.2
10489917,2013,tfo,9,3,,284.9,587.76,,62.1
10489917,2014,xc,10,11,,,,1009.5,724
10489917,2014,tfo,10,3,,259.54,548.16,,62
10489917,2015,xc,11,9,,,,950.7,950.7
10489917,2015,tfo,11,3,124.69,246.84,534.88,,124.69
10489917,2016,xc,12,9,,,,929.7,929.7
10489917,2016,tfo,12,5,117.88,238.98,513.45,,52
10529662,2017,xc,12,8,,,887,1360.4,887
10543624,2017,xc,11,7,,,,1383.2,1383.2
10543624,2018,xc,12,7,,,,1358,1358
10555986,2017,xc,9,1,,,,1460,1460
10584047,2020,xc,9,8,,,656,1115.5,656
10584047,2021,xc,10,4,,,,1076.3,1076.3
10584047,2021,tfo,10,3,129.65,281.72,601.97,,129.65
10584047,2022,xc,11,10,,,602.6,999.1,602.6
10584047,2022,tfo,11,3,129.9,249.735,531.733,,129.9
10584047,2023,xc,12,9,,,,976.7,976.7
10584047,2023,tfo,12,3,,254.87,540.776,,254.87
10584051,2018,xc,9,4,,,,1314.8,1314.8
10584059,2019,xc,10,9,,,737.8,1315.8,737.8
10584059,2019,tfo,10,3,149.26,305.56,678.29,,149.26
10584059,2020,xc,11,7,,,672.9,1150.4,672.9
10584059,2021,tfo,12,2,148.6,327.13,,,148.6
10584064,2019,xc,9,8,,,723.9,1242.7,723.9
10584064,2020,xc,10,9,,,710.8,1167.1,710.8
10584068,2018,xc,9,9,,,727,1079.2,727
10584068,2018,tfo,9,3,132.84,266.18,588.6,,132.84
10584068,2019,xc,10,7,,,,1054,986.7
10584068,2020,xc,11,7,,,,1043.7,1012.5
10584071,2019,xc,9,10,,,630.4,1039.8,630.4
10584071,2019,tfo,9,4,129.31,259.1,558.84,,55.9
10584071,2020,xc,10,9,,,,974.3,954.9
10584071,2022,xc,12,1,,,,985.6,985.6
10584074,2018,xc,9,5,,,826.8,1223.6,826.8
10584074,2019,xc,10,8,,,,1182.8,1152.9
10584096,2020,xc,9,9,,,714.7,1197.3,714.7
10584096,2021,xc,10,1,,,,1218.1,1218.1
10584097,2020,xc,9,8,,,767.9,1174.6,767.9
10584102,2019,xc,9,11,,,,1214.5,1173.3
10584102,2019,tfo,9,3,150.02,324.8,701.17,,150.02
10584102,2020,xc,10,11,,,746.6,1234.8,746.6
10584102,2021,xc,11,5,,,,1296.5,1296.5
10584102,2022,xc,12,9,,,,1221.9,1221.9
10584103,2022,xc,11,9,,,886.6,1498.1,886.6
10584103,2023,xc,12,6,,,862.8,1455.5,862.8
10589614,2020,xc,9,11,,,767.8,1248.8,767.8
10589614,2021,xc,10,1,,,,1495.2,1495.2
10589614,2022,xc,11,10,,,754.2,1259.8,754.2
10589614,2023,xc,12,8,,,,1299.1,1299.1
10589619,2020,xc,9,9,,,724.5,1209.2,724.5
10589619,2021,xc,10,1,,,,1413,1413
10589619,2021,tfo,10,1,,294.95,,,294.95
10589619,2022,xc,11,9,,,,1077,1077
10589619,2022,tfo,11,3,130.827,265.383,580.14,,130.827
10589619,2023,xc,12,9,,,,1023.3,1023.3
10589619,2023,tfo,12,3,131.259,259.834,584.307,,131.259
10589620,2020,xc,9,10,,,920,1487.6,920
10589620,2021,xc,10,4,,,886.5,1579.5,886.5
10589620,2021,tfo,10,2,179.82,368.44,,,179.82
10589620,2022,xc,11,10,,,871.4,1396.2,871.4
10589620,2022,tfo,11,2,164.039,324.906,,,164.039
10589620,2023,xc,12,9,,,703.7,1208.7,703.7
10589620,2023,tfo,12,3,158.382,312.486,676.439,,158.382
10595253,2017,xc,12,4,,,,1262.9,1262.9
10614844,2020,xc,9,8,,,780.4,1372.8,780.4
10614844,2022,xc,11,8,,,,1230.1,1230.1
10614844,2022,tfo,11,3,143.535,288.615,655.339,,143.535
10614844,2023,xc,12,8,,,,1129.9,1129.9
10614844,2023,tfo,12,6,137.637,285.447,607.712,,13.54
10626431,2018,tfo,9,1,,,,,14.02
10626431,2019,tfo,10,1,,,,,12.64
10922548,2016,xc,10,4,,,,1284.7,1284.7
10922548,2016,tfo,10,2,142.72,,,,59.8
10922548,2017,tfo,11,4,,,,,12.49
10922548,2018,tfo,12,3,,,,,12.14
11094529,2017,tfo,9,2,,,,,12.16
11094529,2018,tfo,10,2,,,,,11.9
11094529,2019,tfo,11,3,,,,,11.78
11094552,2017,tfo,9,2,,,,,13.63
11094558,2017,tfo,9,3,157.1,,,,27.47
11094558,2018,tfo,10,2,,,,,13.04
11094569,2018,tfo,10,1,,,,,12.95
11094627,2017,tfo,12,2,,,,,13.35
11094643,2017,tfo,9,1,,,,,13.5
11098774,2017,tfo,9,1,,357.3,,,357.3
11098774,2018,xc,10,8,,,,1284,1284
11098774,2019,xc,11,10,,,,1266.5,1204.6
11098774,2019,tfo,11,3,159.76,328.41,725.3,,159.76
11098774,2020,xc,12,9,,,761,1298.1,761
11098779,2017,tfo,11,3,,,,,14.12
11098779,2018,tfo,12,2,,,,,14.18
11098783,2017,tfo,9,3,149.62,308.5,692.99,,149.62
11098783,2018,xc,10,7,,,,1244,1244
11098783,2018,tfo,10,2,151.86,329.92,,,151.86
11098783,2019,xc,11,10,,,,1207,1165.9
11098783,2019,tfo,11,2,152.72,323.58,,,152.72
11098783,2020,xc,12,11,,,747.7,1228.7,747.7
11098792,2017,tfo,9,3,160.9,314.92,668.13,,160.9
11098792,2018,xc,10,9,,,,1128,1128
11098792,2018,tfo,10,3,146.8,295.9,623.05,,146.8
11098792,2019,xc,11,11,,,,1093,1070.9
11098792,2019,tfo,11,3,149.5,285.95,605.88,,149.5
11098792,2020,xc,12,10,,,634.2,1068.6,634.2
11098794,2017,tfo,9,2,,,,,14.33
11098794,2018,tfo,10,1,,,,,13.99
11098794,2019,tfo,11,1,,,,,13.88
11098801,2017,tfo,9,1,,,,,15.54
11098804,2017,tfo,12,1,,,,,14.1
11098808,2018,xc,10,9,,,,1322,1322
11098808,2018,tfo,10,3,158.99,325.2,742.28,,158.99
11098808,2019,xc,11,10,,,,1292.1,1250.7
11098808,2019,tfo,11,3,159.21,327.18,716.42,,159.21
11098808,2020,xc,12,10,,,730.5,1240.8,730.5
11098813,2017,tfo,10,2,,,,,14.77
11098813,2018,tfo,11,2,,,,,14.35
11098813,2019,tfo,12,2,,,,,14.05
11116507,2017,tfo,9,2,,393.2,933.63,,393.2
11116507,2018,tfo,10,1,,,,,16.62
11116510,2017,tfo,9,3,146.68,294.35,638.5,,146.68
11135813,2017,tfo,9,2,,,,,13.43
11135813,2018,tfo,10,1,,,,,12.86
11135813,2019,tfo,11,1,,304.83,,,304.83
11135829,2017,tfo,9,2,,,,,12.82
11135831,2017,tfo,9,2,,,,,16.56
11135831,2018,tfo,10,1,,,,,16.41
11135840,2017,tfo,9,3,151.72,293,627.17,,151.72
11135840,2018,tfo,10,3,148.85,291.45,623.89,,148.85
11135840,2019,tfo,11,2,,314.58,671.54,,314.58
11135840,2020,xc,12,2,,,,1238.3,1238.3
11135842,2017,tfo,9,3,,348.3,794.12,,71.01
11135842,2018,tfo,10,3,179.46,,,,14.81
11135844,2017,tfo,9,2,,,,,14.31
11135847,2017,tfo,9,3,195.8,419.7,932.29,,195.8
11135872,2017,tfo,11,2,,,,,13.01
11135872,2018,tfo,12,3,,,,,12.57
11135875,2017,tfo,10,2,,,,,14.15
11135875,2018,tfo,11,2,,,,,13.54
11135882,2017,tfo,10,1,,320.4,,,320.4
11135992,2017,tfo,11,2,,,,,12.32
11234230,2017,tfo,9,3,,,,,11.78
11234230,2018,tfo,10,2,,,,,11.73
11234230,2019,tfo,11,2,,,,,12.04
11237468,2017,tfo,9,2,,,,,14.14
11237468,2018,tfo,10,2,,,,,13.87
11240613,2017,tfo,10,3,,,,,11.9
11241252,2017,tfo,10,2,,,,,12.36
11241252,2018,tfo,11,2,,,,,12.05
11241254,2017,tfo,10,2,,,,,13.89
11241257,2017,tfo,12,1,,,,,14
11287542,2017,tfo,9,1,,,,,16.02
11449875,2020,xc,9,9,,,828.5,1386.8,828.5
11449886,2019,tfo,9,2,,,,,14.59
11449892,2019,tfo,9,1,,,,,14.35
11449905,2020,xc,9,10,,,794.2,1341.2,794.2
11449927,2021,tfo,10,1,,,,,14.37
11449932,2020,xc,9,6,,,729.6,1268.6,729.6
11449932,2021,xc,10,4,,,797.5,1304,797.5
11449932,2021,tfo,10,2,146.74,300.36,,,146.74
11449932,2022,xc,11,5,,,,1287.4,1287.4
11449932,2022,tfo,11,2,154.766,,,,62.71
11449932,2023,tfo,12,2,153.657,325.4,,,153.657
11466304,2024,tfo,9,2,,,,,14.086
11466304,2025,tfo,10,2,,,,,13.817
11466304,2026,tfo,11,1,,,,,13.722
11652315,2017,tfo,9,2,147.62,321.8,,,147.62
11652315,2018,tfo,10,2,153.77,299.32,,,153.77
11678616,2019,xc,9,8,,,,1119.8,1055.7
11678616,2019,tfo,9,3,139.96,280.5,621.77,,139.96
11678616,2020,xc,10,11,,,602.7,1034.4,602.7
11678616,2021,tfo,11,1,123.11,,,,123.11
11678616,2022,xc,12,6,,,,985.7,985.7
11678616,2022,tfo,12,3,114.404,247.015,,,53.34
11776245,2018,tfo,9,2,,,,,25.91
11776245,2019,tfo,10,4,,,,,11.81
12052074,2016,tfo,9,5,,,,,21.74
12052074,2017,tfo,10,5,,,,,13.78
12052074,2018,tfo,11,3,,,,,13.24
12052074,2019,tfo,12,4,,,,,13.31
12172514,2018,xc,10,8,,,,1116.1,1116.1
12172514,2018,tfo,10,2,133.98,279.3,,,133.98
12172514,2019,xc,11,9,,,703.8,1118.9,703.8
12172514,2019,tfo,11,2,138.8,288.65,,,138.8
12172516,2018,xc,10,7,,,,1143.4,1143.4
12172517,2018,xc,11,9,,,1051,1457.4,1051
12172517,2018,tfo,11,2,,,,,18.85
12172517,2019,xc,12,7,,,1072,1251,1072
12172517,2019,tfo,12,2,,,,,16.94
12172519,2018,xc,9,9,,,706.1,1137.3,706.1
12172519,2018,tfo,9,2,130.78,286.95,,,130.78
12172519,2019,xc,10,8,,,,1076,1055.9
12172519,2019,tfo,10,1,130.24,,,,130.24
12172519,2020,xc,11,9,,,619.1,1056.6,619.1
12172519,2020,tfo,11,2,130,,,,57.14
12172519,2021,xc,12,4,,,,1190.6,1190.6
12172519,2021,tfo,12,1,132.43,,,,132.43
12172521,2018,xc,9,6,,,814.4,1225.9,814.4
12172521,2018,tfo,9,2,,,,,13.4
12172521,2019,xc,10,9,,,764,1129.2,764
12172521,2019,tfo,10,3,146.1,337.48,,,12.84
12172521,2020,xc,11,10,,,696.8,1106.1,696.8
12172521,2021,xc,12,3,,,681.8,1179.9,681.8
12172521,2021,tfo,12,3,128.04,284.11,,,12.63
12172523,2018,xc,9,9,,,695.3,1080.8,695.3
12172523,2018,tfo,9,3,147.99,289.3,613.6,,147.99
12172523,2019,xc,10,9,,,,1072.9,1061.7
12172523,2019,tfo,10,1,142.65,,,,142.65
12172523,2020,xc,11,9,,,647.1,1076.1,647.1
12181926,2018,xc,12,7,,,1149,2034.8,1149
12181930,2018,xc,11,8,,,914,1558,914
12181930,2019,xc,12,7,,,,1461,1461
12181931,2018,xc,9,9,,,,1281.6,1281.6
12181931,2018,tfo,9,1,,,,,68.41
12181931,2019,xc,10,9,,,,1245.1,1192.9
12181931,2019,tfo,10,3,159.17,,,,66.65
12181931,2020,xc,11,11,,,730.5,1216.4,730.5
12181934,2018,xc,9,9,,,1180,2091.2,1180
12181936,2018,xc,9,1,,,,1260.2,1260.2
12181936,2018,tfo,9,2,,295.37,639.1,,295.37
12181936,2019,xc,10,10,,,,1134,1088.3
12181936,2019,tfo,10,3,145.97,294.34,639.51,,145.97
12181936,2020,xc,11,10,,,715.3,1163.2,715.3
12181937,2018,xc,9,8,,,1017,1715,1017
12181937,2019,xc,10,5,,,936,1637.4,936
12181939,2018,xc,10,9,,,,1330.8,1330.8
12181939,2019,xc,11,7,,,,1366.9,1366.9
12181939,2020,xc,12,8,,,,1373.2,1373.2
12336568,2021,tfo,9,3,,,,,14.46
12336568,2022,tfo,10,2,,,,,13.74
12336576,2022,xc,10,3,,,1011.3,2030.8,1011.3
12336576,2024,xc,12,1,,,967.9,,967.9
12336578,2021,xc,11,2,,,,1443,1443
12336581,2019,xc,9,9,,,,1175,1129.1
12336581,2019,tfo,9,1,152.56,,,,152.56
12336581,2020,xc,10,9,,,,1140.9,1140.9
12336581,2021,xc,11,5,,,,1261.9,1261.9
12336581,2021,tfo,11,3,152.45,306.14,658.02,,152.45
12336581,2022,xc,12,10,,,698.6,1153.6,698.6
12336581,2022,tfo,12,4,151.3,289.979,612.535,,151.3
12343221,2021,xc,9,2,,,893.8,,893.8
12343221,2022,xc,10,7,,,936.7,1302.9,936.7
12343221,2022,tfo,10,2,169.934,357.4,,,169.934
12343221,2023,tfo,11,1,149.734,,,,149.734
12343221,2024,xc,12,6,,,,1299.44,1299.44
12496504,2015,xc,9,9,,,,989,989
12496504,2015,tfo,9,4,126.57,253.8,546.15,,58.4
12496504,2016,xc,10,10,,,,955.3,955.3
12496504,2016,tfo,10,3,,246.1,524.21,,246.1
12496504,2017,xc,11,11,,,,922.7,922.7
12496504,2017,tfo,11,3,121.44,241.7,519.54,,121.44
12496504,2018,xc,12,11,,,,934.4,934.4
12496504,2018,tfo,12,3,,249.38,554.38,,249.38
12939301,2018,tfo,9,2,,,,,13.17
12939315,2018,tfo,9,2,,,,,13.72
12939318,2018,xc,9,9,,,788,1287.1,788
12939318,2020,xc,11,5,,,,1160,1160
12939322,2018,xc,9,9,,,697.9,1137.6,697.9
12939322,2018,tfo,9,3,136.9,286.96,637.54,,136.9
12939322,2019,xc,10,9,,,,1105.7,1043.8
12939322,2019,tfo,10,4,133.08,277.64,605,,59
12939322,2020,xc,11,10,,,626.4,1065.4,626.4
12939322,2021,xc,12,5,,,,1035.6,1035.6
12939322,2021,tfo,12,3,126.57,262.87,578.17,,126.57
12939323,2018,tfo,9,2,,,,,12.8
12939323,2019,tfo,10,1,,,,,12.56
12939327,2018,tfo,9,3,147.66,285.1,614.2,,147.66
12939327,2019,tfo,10,2,,,,,13.57
12939329,2018,tfo,9,2,,295.55,636.88,,295.55
12939329,2019,xc,10,9,,,,1060,1019.5
12939329,2019,tfo,10,2,,293.79,639.57,,293.79
12939329,2020,xc,11,10,,,661,1069,661
12939329,2021,xc,12,4,,,,1221.4,1221.4
12939329,2021,tfo,12,3,152.89,294.5,648.95,,152.89
12939331,2018,tfo,9,2,,,,,13.74
12939359,2018,tfo,9,1,,,,,14.5
12939360,2018,tfo,9,2,,,,,16.68
12939380,2018,xc,9,10,,,,1226.3,1226.3
12939380,2018,tfo,9,2,,335.86,701.1,,335.86
12939380,2019,xc,10,9,,,,1245.1,1203.6
12939380,2019,tfo,10,2,,330.33,702.29,,330.33
12939380,2020,xc,11,11,,,737.4,1285.6,737.4
12939380,2021,xc,12,5,,,,1366.2,1366.2
12939380,2021,tfo,12,2,,356.41,748.14,,356.41
12939386,2018,tfo,9,3,,,,,14.16
12939386,2019,tfo,10,3,,,,,28.62
12939386,2021,tfo,12,2,,,,,14.88
12939388,2018,xc,9,9,,,,1290,1290
12939388,2018,tfo,9,2,,330.62,699.5,,330.62
12939388,2019,xc,10,9,,,,1206,1158.5
12939388,2019,tfo,10,2,,324.43,702.21,,324.43
12939388,2020,xc,11,12,,,707.8,1183.7,707.8
12939388,2021,xc,12,5,,,,1316.1,1316.1
12939388,2021,tfo,12,3,175.87,335.51,714.89,,175.87
12939389,2018,tfo,9,2,,,,,16.35
12939396,2018,tfo,9,2,,,,,15.41
12939448,2018,tfo,9,1,,,,,13.89
12939448,2019,tfo,10,1,,,,,13.44
12939470,2018,tfo,9,2,,,,,15.02
12939479,2018,tfo,9,2,,,,,30.16
12939479,2019,tfo,10,1,,,,,68.45
12939479,2021,tfo,12,2,,,,,14.48
12939488,2019,tfo,10,3,,,,,14.76
12939509,2018,tfo,9,1,,,,,13.66
12939509,2019,tfo,10,1,,,,,13.63
12939547,2018,tfo,10,1,,,,,15.71
12939612,2018,tfo,11,2,,,,,16.65
12955688,2016,tfo,10,4,,,,,8.34
12957980,2018,tfo,9,2,167.21,354.3,,,167.21
12957980,2019,xc,10,3,,,,1375,1375
12958041,2018,tfo,9,2,142.75,297.69,,,142.75
12958041,2019,xc,10,4,,,,1171.3,1171.3
12958041,2019,tfo,10,2,,293.77,643.6,,293.77
12958041,2020,xc,11,6,,,684.4,1154,684.4
12978025,2018,tfo,9,2,,,,,15.42
12978036,2018,tfo,9,2,,,,,14.57
12978036,2019,xc,10,8,,,,1264,1264
12978036,2019,tfo,10,3,162.66,332.29,,,76.5
12978036,2020,xc,11,9,,,715.2,1217.2,715.2
12978036,2021,xc,12,5,,,,1130.5,1130.5
12978036,2021,tfo,12,3,159.1,301.49,625.25,,159.1
12978379,2018,tfo,12,1,,,,,16.83
12978542,2018,tfo,9,1,,,,,14.5
12978891,2018,tfo,12,2,,,,,13.31
12978915,2019,tfo,11,2,,,,,31.54
12978919,2018,tfo,10,2,,,,,12.45
12978944,2018,tfo,9,1,,,,,15.98
12979188,2018,tfo,10,1,,,,,12.85
12979189,2018,tfo,9,2,,,,,15.28
12979198,2018,tfo,9,1,,,,,13.02
12979198,2019,tfo,10,1,,,,,12.8
12979265,2018,tfo,9,2,,,,,13.88
12979269,2018,tfo,9,1,,,,,15.95
12979312,2018,tfo,11,1,,,,,12.77
12979318,2018,tfo,11,1,,,,,11.95
12979378,2018,tfo,9,2,,,,,13.02
12979490,2018,tfo,12,3,,,,,12.93
12979492,2018,tfo,10,2,,,,,14.37
12979494,2018,tfo,9,2,,,,,13.16
12979494,2019,tfo,10,1,,,,,13.3
12979496,2018,tfo,9,2,,,,,13.35
12979496,2019,tfo,10,1,,,,,26.18
13005056,2018,tfo,9,1,,,,,12.87
13005056,2019,tfo,10,1,,,,,12.63
13005078,2018,tfo,9,1,,,,,13.59
13005078,2019,tfo,10,1,,,,,13.17
13010224,2018,tfo,9,2,,,,,14.5
13010224,2019,tfo,10,3,158.4,332.9,723.94,,158.4
13016110,2018,tfo,9,2,,,,,14.18
13016110,2019,tfo,10,1,,,,,15.54
13018568,2018,tfo,9,2,,,,,13.49
13028237,2021,tfo,11,2,,,,,13.88
13028237,2022,tfo,12,2,,,,,13.94
13028266,2019,tfo,9,3,,,,,11.99
13028266,2021,tfo,11,2,,,,,11.98
13028266,2022,tfo,12,1,,,,,11.54
13028268,2019,tfo,9,1,,,,,13.15
13028273,2021,xc,10,1,,,949.1,,949.1
13028282,2019,tfo,9,2,,,,,11.73
13113835,2018,tfo,9,3,,,,,12.68
13113835,2019,tfo,10,1,,,,,11.84
13169165,2019,tfo,9,1,,,,,13.34
13169165,2021,tfo,11,2,,,,,12.15
13169165,2022,tfo,12,2,,,,,11.94
13170440,2018,tfo,10,2,,,,,12.29
13228199,2026,tfo,9,1,,,,,14.238
13238259,2018,tfo,12,1,,,,,15.64
13263509,2019,tfo,9,2,,,,,14.04
13263509,2021,tfo,11,2,,,,,14.01
13263509,2022,tfo,12,2,,,,,14.05
13862266,2018,tfo,10,2,,,,,12.16
13862266,2019,tfo,11,1,,,,,11.65
13933996,2019,xc,9,2,,,798.8,,798.8
13933996,2021,xc,11,2,,,773,1462.7,773
13933996,2021,tfo,11,2,141.21,,,,58.14
13934006,2019,xc,10,7,,,,1078,1044.6
13934006,2019,tfo,10,4,,,,,11.95
13934007,2019,xc,10,9,,,919.6,1500.2,919.6
13934007,2019,tfo,10,2,175.25,367.02,,,175.25
13934007,2020,xc,11,9,,,806,1407.6,806
13934007,2021,xc,12,4,,,,1374.6,1374.6
13934007,2021,tfo,12,3,182.35,349.12,760.78,,182.35
14039039,2019,xc,10,6,,,802.7,1373.7,802.7
14039039,2020,xc,11,1,,,917.5,,917.5
14039040,2019,xc,9,8,,,909.3,1463.7,909.3
14039042,2019,xc,9,8,,,,1447,1384.7
14039042,2020,xc,10,10,,,796.7,1359.5,796.7
14039042,2021,tfo,11,1,,351.35,,,351.35
14039042,2022,xc,12,6,,,834,1413,834
14039042,2022,tfo,12,1,,366.56,,,366.56
14039207,2019,xc,11,3,,,993,1857.5,993
14039207,2019,tfo,11,1,,,,,17.44
14039273,2019,xc,9,7,,,955.5,1609.8,955.5
14039311,2019,xc,12,6,,,,1338.8,1287.4
14039311,2019,tfo,12,1,167.74,,,,167.74
14039378,2019,xc,11,3,,,988.5,1923.7,988.5
14081507,2019,xc,10,2,,,946,,946
14122628,2022,xc,9,8,,,902.8,1441.5,902.8
14122628,2022,tfo,9,3,184.79,365.417,810.051,,184.79
14122628,2023,xc,10,9,,,795.7,1369.7,795.7
14122628,2023,tfo,10,3,177.509,351.022,758.608,,177.509
14122628,2024,xc,11,4,,,,1325.5,1325.5
14122628,2024,tfo,11,2,,342.572,719.91,,342.572
14122628,2025,xc,12,5,,,741.47,1328.8,741.47
14122628,2025,tfo,12,1,,340.12,,,340.12
14122637,2022,xc,9,10,,,710.1,1093.2,710.1
14122637,2022,tfo,9,3,144.6,286.681,616.52,,144.6
14122637,2023,xc,10,8,,,673.4,1085.8,673.4
14122637,2023,tfo,10,3,137.577,273.361,584.832,,137.577
14122637,2024,xc,11,5,,,,1105.27,1105.27
14122637,2024,tfo,11,2,,270.86,592.518,,270.86
14122637,2025,xc,12,6,,,595.11,1046.72,595.11
14122638,2022,xc,9,9,,,731.9,1130.9,731.9
14122641,2022,xc,9,8,,,853.6,1340,853.6
14122641,2022,tfo,9,1,159.091,,,,159.091
14122641,2023,xc,10,8,,,771.9,1277.9,771.9
14122647,2021,tfo,9,2,,,,,28.01
14378002,2018,tfo,11,3,,,,,13.79
14378002,2019,tfo,12,4,,,,,13.73
14378003,2018,tfo,10,2,,,,,11.7
14378003,2019,tfo,11,2,,,,,11.23
14378128,2018,tfo,10,1,,,,,12.63
14378128,2019,tfo,11,1,,,,,62.2
14500729,2020,xc,9,10,,,702.6,1214.1,702.6
14500729,2021,xc,10,2,,,798.6,,798.6
14500729,2022,xc,11,3,,,,1457.6,1457.6
14500729,2023,xc,12,5,,,,1469.4,1469.4
14684104,2019,tfo,9,2,,,,,14.14
14684110,2019,tfo,9,2,,,,,27.15
14684112,2019,tfo,9,2,,,,,12.54
14684112,2021,tfo,11,1,,,,,12.9
14684118,2019,tfo,9,2,,,,,12.05
14684149,2019,tfo,9,2,,,,,12.11
14684330,2019,tfo,9,3,,,,,12.01
14684330,2022,tfo,12,2,,,,,11.98
14684354,2019,tfo,9,2,,,,,12.64
14684357,2019,tfo,9,1,,,,,14.22
14684439,2019,tfo,9,2,,,,,14.49
14684446,2019,tfo,9,2,,,,,15.02
14684446,2021,tfo,11,1,,,,,16.88
14684448,2019,tfo,9,2,,,,,14.74
14684460,2019,tfo,9,2,,,,,13.24
14687974,2019,tfo,9,2,,,,,19.03
14757882,2019,tfo,9,2,,,,,14.02
14759081,2019,tfo,9,1,,,,,16.8
14850539,2019,tfo,10,1,,,,,13.02
14852574,2019,tfo,11,2,,,,,12.85
14852872,2019,tfo,9,1,185.74,,,,185.74
14852873,2019,tfo,10,3,159.43,324.67,723.77,,159.43
14855248,2019,tfo,10,2,,,,,12.7
14855248,2021,tfo,12,2,,,,,12.54
14872199,2019,tfo,10,3,,,,,14.84
14876517,2019,tfo,11,1,,,,,12.84
14902734,2019,tfo,10,1,,,,,12.24
14902742,2019,tfo,10,2,,,,,14.92
14907061,2019,tfo,10,2,,,,,13.06
14944780,2019,tfo,10,2,,,,,12.58
14945890,2019,tfo,9,1,,,,,20.94
14957132,2022,xc,9,8,,,978.1,1489.2,978.1
14957132,2022,tfo,9,3,186.122,372.03,808.843,,186.122
14957132,2023,xc,10,7,,,926.2,1475.6,926.2
14957132,2023,tfo,10,1,,,,,15.177
14957149,2021,tfo,9,2,,,,,15.35
14957178,2021,tfo,9,1,,,,,13.31
14957178,2022,tfo,10,1,,,,,12.94
14957180,2021,xc,9,4,,,737.4,1241,737.4
14957180,2021,tfo,9,3,142.59,291.56,658.68,,142.59
14957180,2022,xc,10,11,,,654,1070.5,654
14957180,2022,tfo,10,2,,282.773,595.32,,282.773
14957180,2023,xc,11,9,,,602,1017,602
14957180,2023,tfo,11,5,133.562,261.283,574.688,,133.562
14957180,2024,xc,12,7,,,,1013.9,1013.9
14957180,2024,tfo,12,2,,271.569,591.114,,271.569
14957893,2019,tfo,10,1,,,,,61.16
14958189,2019,tfo,11,2,,,,,13.34
14958535,2019,tfo,10,3,156.27,326.1,716.62,,156.27
14958604,2019,tfo,9,2,,,,,13.54
14958604,2022,tfo,12,2,,,,,12.24
14959519,2019,tfo,10,2,,,,,15.48
14972544,2019,tfo,10,1,,,,,13.14
15070673,2019,tfo,10,2,,,,,13.64
15070679,2019,tfo,10,1,,,,,17.24
15071223,2019,tfo,12,2,,,,,12.94
15073140,2019,tfo,11,1,,,,,15.21
15189577,2025,tfo,9,3,126.71,,,,12.214
15189577,2026,tfo,10,2,,,,,11.534
15737472,2020,xc,10,9,,,677.3,1142.8,677.3
15737472,2021,xc,11,4,,,,1270.5,1270.5
15737472,2021,tfo,11,1,146.86,,,,146.86
15737472,2022,xc,12,10,,,725.4,1186.5,725.4
15737473,2020,xc,9,7,,,892,1473.7,892
15760712,2020,xc,9,6,,,986.6,1568.1,986.6
15760724,2020,xc,9,10,,,852.3,1439.7,852.3
15760724,2021,xc,10,4,,,896,1489,896
15760724,2021,tfo,10,2,166.97,373.61,,,166.97
15760724,2022,xc,11,7,,,,1357,1357
15760724,2022,tfo,11,3,160.081,333.981,,,67.57
15760724,2023,xc,12,8,,,805.3,1291.5,805.3
15760724,2023,tfo,12,2,161.577,339.145,,,161.577
15791838,2020,xc,9,10,,,740.3,1222.7,740.3
15799940,2020,xc,9,7,,,797.2,1301,797.2
15799943,2020,xc,9,7,,,959.9,1524.8,959.9
15799943,2021,xc,10,3,,,887.2,1626,887.2
15799943,2022,xc,11,8,,,889,1416.7,889
15799943,2023,xc,12,2,,,,1523.4,1523.4
15844639,2020,xc,9,7,,,1180.8,1817.6,1180.8
15927062,2020,xc,10,8,,,917.5,1462.4,917.5
15936686,2023,tfo,9,1,,,,,30.736
15936694,2023,xc,9,5,,,1047.2,1649.2,1047.2
15936694,2024,xc,10,8,,,927.5,1606.32,927.5
15936694,2025,xc,11,4,,,1086.11,1819.4,1086.11
15936694,2026,xc,12,4,,,1064.02,1867.35,1064.02
16254542,2021,tfo,11,2,,,,,11.7
16254542,2022,tfo,12,2,,,,,22.71
16278177,2016,tfo,9,1,,,,,10.44
16296541,2018,tfo,11,2,,,,,10.87
16296541,2019,tfo,12,4,,,,,10.56
16352146,2018,tfo,11,2,,,,,11.03
16352146,2019,tfo,12,2,,,,,10.69
16799221,2021,xc,11,3,,,699.7,1230,699.7
16799221,2021,tfo,11,2,135.11,283.8,,,135.11
16812249,2017,tfo,9,1,,,,,70.8
16812249,2019,tfo,11,1,,,,,63.2
17514324,2021,tfo,10,2,,,,,12.32
17514324,2022,tfo,11,2,,,,,11.44
17514324,2023,tfo,12,2,,,,,11.26
17562144,2017,tfo,9,3,125.45,,,,52.03
17562144,2018,xc,10,9,,,,1066,1066
17562144,2018,tfo,10,4,123.27,,,,11.93
17562144,2019,xc,11,9,,,,1071.6,992.2
17562144,2019,tfo,11,3,,,,,23.19
17562144,2020,xc,12,10,,,648.9,1066.6,648.9
17637007,2021,xc,9,4,,,951.2,1732.8,951.2
17637007,2021,tfo,9,2,202.28,404.44,,,202.28
17637007,2022,xc,10,9,,,,1583.3,1583.3
17637007,2022,tfo,10,3,183.58,385.965,878.09,,183.58
17637007,2023,xc,11,9,,,823.9,1399.9,823.9
17637007,2023,tfo,11,1,176.89,,,,176.89
17637007,2024,xc,12,9,,,,1423.84,1423.84
17637007,2024,tfo,12,3,170.58,344.77,770.077,,170.58
17655998,2021,xc,10,2,,,920.2,1675.3,920.2
17656002,2021,xc,9,4,,,790.7,1304,790.7
17656002,2021,tfo,9,2,152.24,307.43,,,152.24
17656002,2022,xc,10,8,,,,1124.7,1124.7
17656002,2022,tfo,10,3,142.27,286.404,626.5,,142.27
17656002,2023,xc,11,9,,,697.5,1093.2,697.5
17656002,2023,tfo,11,3,145.119,280.007,608.094,,145.119
17656002,2024,xc,12,9,,,,1032.8,1032.8
17656002,2024,tfo,12,6,136.222,274.573,613.579,,12.724
18033932,2021,tfo,9,1,,,,,16.46
18034983,2021,tfo,10,2,,,,,13
18035975,2021,tfo,10,1,,,,,57.64
18044159,2021,tfo,9,1,,,,,15.21
18048771,2019,tfo,10,1,,,,,13.33
18151232,2021,tfo,11,2,,,,,12.06
18151232,2022,tfo,12,2,,,,,11.24
18165806,2021,tfo,10,1,,,,,26.32
18165806,2022,tfo,11,2,,,,,12.14
18246233,2021,tfo,9,2,,,,,12.35
18246233,2022,tfo,10,2,,,,,12.031
18246233,2023,tfo,11,2,,,,,11.654
18725781,2021,tfo,9,2,,,,,11.5
18725781,2022,tfo,10,1,,,,,11.608
18725781,2023,tfo,11,1,,,,,11.567
18725781,2024,tfo,12,2,,,,,11.29
18848591,2022,xc,9,9,,,767.2,1206.3,767.2
18848591,2022,tfo,9,3,141.34,301.539,677.011,,141.34
18848591,2023,xc,10,8,,,673.5,1148.2,673.5
18848591,2023,tfo,10,2,142.716,301.04,,,142.716
18848591,2024,xc,11,6,,,,1244.7,1244.7
18848591,2025,xc,12,4,,,760.27,1275,760.27
18848591,2025,tfo,12,1,141.383,,,,141.383
18848596,2022,xc,9,7,,,,1131.7,1131.7
18848596,2022,tfo,9,3,139.3,273.013,585.687,,139.3
18848596,2023,xc,10,8,,,,1029.3,1029.3
18848596,2023,tfo,10,3,134.992,263.215,565.673,,134.992
18848596,2024,xc,11,8,,,,974.4,974.4
18848596,2024,tfo,11,3,118.693,253.253,539.397,,118.693
18848596,2025,xc,12,4,,,,965.3,965.3
18848596,2025,tfo,12,1,123.422,,,,123.422
18848599,2022,xc,9,8,,,824.6,1347.3,824.6
18848599,2022,tfo,9,2,165.88,331.402,,,165.88
18848603,2022,xc,9,8,,,759.5,1257.5,759.5
18848603,2022,tfo,9,1,150.739,,,,150.739
18848603,2023,xc,10,3,,,,1211.8,1211.8
18848604,2022,xc,9,8,,,856.4,1281,856.4
18848604,2023,xc,10,8,,,,1253.2,1253.2
18848657,2022,xc,9,9,,,970,1588.1,970
18848660,2022,xc,9,5,,,,1397,1397
18848686,2022,xc,11,9,,,1003.6,1646.7,1003.6
18848686,2023,xc,12,7,,,946.1,1574.4,946.1
18848688,2022,xc,9,7,,,942.4,1377.2,942.4
18848688,2023,xc,10,6,,,891.4,1466.3,891.4
18848688,2024,xc,11,5,,,,1400.1,1400.1
18853655,2022,xc,9,6,,,883.6,1386.3,883.6
18872575,2022,xc,9,9,,,885.5,1439.4,885.5
18872575,2022,tfo,9,3,173.676,347.851,772.757,,173.676
18872575,2023,xc,10,9,,,795.6,1341.5,795.6
18872575,2023,tfo,10,2,170.191,356.997,,,170.191
18872575,2024,xc,11,10,,,,1309.3,1309.3
18872575,2024,tfo,11,3,167.135,340.441,754.94,,167.135
18872575,2025,xc,12,8,,,847.88,1339.45,847.88
18872575,2025,tfo,12,2,160.147,345.317,,,160.147
18919966,2022,xc,9,8,,,913.1,1402.5,913.1
18919966,2023,xc,10,4,,,,1389.3,1389.3
18919966,2024,xc,11,8,,,,1170.49,1170.49
18919966,2025,xc,12,6,,,,1175.9,1175.9
19022175,2024,tfo,9,2,,,,,13.854
19022175,2025,tfo,10,3,,,,,13.795
19022175,2026,tfo,11,3,,,,,13.422
19022179,2025,xc,9,5,,,911.7,1483.1,911.7
19022179,2025,tfo,9,1,187.347,,,,187.347
19022194,2024,xc,9,8,,,,1104.96,1104.96
19022194,2024,tfo,9,2,,,,,12.95
19022194,2025,xc,10,7,,,655.36,1121,655.36
19022194,2025,tfo,10,1,,,,,12.703
19022194,2026,xc,11,8,,,624.24,1011.94,624.24
19022194,2026,tfo,11,3,129.639,265.902,577.596,,129.639
19022194,2027,xc,12,5,,,575.83,1000.13,575.83
19022195,2024,tfo,9,1,,,,,13.396
19022196,2024,xc,9,7,,,,1074.25,1074.25
19022196,2024,tfo,9,5,134.568,260.85,574.534,,134.568
19022196,2025,xc,10,8,,,578.4,989.541,578.4
19022196,2025,tfo,10,3,131.738,247.778,540.542,,131.738
19022196,2026,xc,11,10,,,558.15,969.32,558.15
19022196,2026,tfo,11,5,121.013,246.246,551.28,,121.013
19022196,2027,xc,12,6,,,542.406,950.43,542.406
19022197,2025,xc,9,8,,,684.74,1138.14,684.74
19022197,2025,tfo,9,3,162.318,309.418,647.616,,162.318
19022197,2026,xc,10,7,,,,1142.09,1142.09
19022197,2026,tfo,10,2,,298.528,625.984,,298.528
19022197,2027,xc,11,4,,,615.71,1073.11,615.71
19022205,2023,tfo,9,3,,,,,12.675
19022205,2026,xc,12,4,,,,1183.61,1183.61
19022209,2023,xc,9,8,,,,1139.2,1139.2
19022209,2023,tfo,9,3,142.569,284.382,602.27,,142.569
19022209,2024,xc,10,9,,,,1034.7,1034.7
19022209,2024,tfo,10,2,,267.434,576.898,,267.434
19022209,2025,xc,11,4,,,,1019.015,1019.015
19022209,2025,tfo,11,3,130.109,265.347,580.928,,130.109
19022209,2026,xc,12,7,,,604.65,1038.4,604.65
19022209,2026,tfo,12,2,132.187,266.129,,,132.187
19022210,2025,xc,9,4,,,1378.8,2422.8,1378.8
19022210,2026,xc,10,5,,,1279.04,2380.63,1279.04
19023778,2022,xc,9,1,,,,1516.3,1516.3
19023778,2022,tfo,9,2,145.621,306.9,,,145.621
19023778,2023,xc,10,8,,,722.5,1210.9,722.5
19023778,2023,tfo,10,2,144.605,306.181,,,144.605
19023778,2024,xc,11,9,,,,1278.1,1278.1
19023778,2024,tfo,11,2,,,,,12.986
19023778,2025,xc,12,6,,,,1291.705,1291.705
19064675,2022,xc,10,5,,,,1196.3,1196.3
19064675,2022,tfo,10,4,135.67,300.2,,,12.44
19064675,2023,xc,11,5,,,,1083.1,1083.1
19064675,2023,tfo,11,2,122.031,,,,53.807
19064675,2024,xc,12,8,,,,1039.1,1039.1
19064675,2024,tfo,12,2,123.804,,,,52.078
19071436,2026,xc,11,1,,,1100.33,,1100.33
19087908,2024,tfo,9,1,,,,,31.307
19117211,2022,xc,9,1,,,,1711.5,1711.5
19289443,2018,tfo,9,2,,,,,14.11
19289443,2019,tfo,10,2,,,,,13.14
19289443,2021,tfo,12,2,,,,,12.5
19659836,2018,tfo,10,2,,,,,13.24
19659836,2019,tfo,11,4,205.67,421.8,,,13.38
19951381,2022,tfo,10,2,,,,,13.402
19951398,2022,tfo,10,1,,,,,13.44
19951448,2022,tfo,11,1,,,,,12.15
19951494,2022,tfo,10,1,,,,,12.64
19951523,2022,tfo,10,1,,,,,13.34
19951546,2022,tfo,9,2,,,,,12.84
19951546,2023,tfo,10,2,,,,,12.619
19951546,2025,tfo,12,3,,,,,11.974
19952769,2023,tfo,12,1,,,,,12.464
19952815,2022,tfo,10,1,,,,,14.24
19962210,2026,tfo,10,1,,,,,14.83
19962216,2025,xc,9,4,,,768.32,1328.4,768.32
19962216,2025,tfo,9,1,,,,,68.186
19962232,2025,tfo,9,2,,,,,12.852
19962232,2026,tfo,10,3,,,,,12.582
19962236,2024,xc,9,3,,,854.9,1701.19,854.9
19962251,2026,tfo,10,1,,448.779,,,448.779
19962263,2023,xc,9,5,,,,1154.6,1154.6
19962263,2023,tfo,9,3,143.879,291.738,606.273,,143.879
19962263,2024,xc,10,8,,,,1077.93,1077.93
19962263,2024,tfo,10,3,135.366,274.96,592.25,,135.366
19962263,2025,xc,11,3,,,,1051,1051
19962263,2025,tfo,11,3,129.687,263.345,576.607,,129.687
19962277,2023,tfo,9,2,,,,,12.833
19962277,2024,tfo,10,2,,,,,12.258
19962277,2025,tfo,11,2,,,,,12.149
19962277,2026,tfo,12,1,,,,,12.175
19962292,2026,xc,10,8,,,643.71,1050.729,643.71
19962292,2026,tfo,10,3,126.489,253.768,559.669,,126.489
19962292,2027,xc,11,3,,,555.23,963.949,555.23
19964228,2022,tfo,11,1,154.023,,,,154.023
19965372,2022,tfo,9,2,,,,,12.14
19965372,2023,tfo,10,1,,,,,12.219
19965372,2024,tfo,11,1,,,,,12.207
19965386,2022,tfo,11,2,,,,,12.352
19965386,2023,tfo,12,3,,,,,12.029
19965522,2022,tfo,11,1,,,,,12.269
19965755,2022,tfo,9,1,,334.159,,,334.159
19966021,2022,tfo,10,1,,,,,14.64
19966027,2022,tfo,10,1,,,,,15.44
19966027,2023,tfo,11,1,,,,,15.558
19966034,2022,tfo,9,1,,,,,14.34
19966043,2022,tfo,9,1,,,,,14.64
19966055,2022,tfo,9,1,,,,,15.082
19966055,2023,tfo,10,2,,,,,14.58
19966055,2025,tfo,12,2,,,,,13.985
19966058,2022,tfo,9,1,,,,,14.94
19966102,2022,tfo,9,1,,,,,16.555
19966198,2022,tfo,9,1,,,,,15.001
19966212,2022,tfo,9,1,,,,,13.94
19983629,2023,tfo,10,1,,,,,16.69
19994012,2025,xc,9,8,,,834.3,1331.5,834.3
19994012,2025,tfo,9,3,162.183,314.804,687.511,,162.183
19994012,2026,xc,10,9,,,684.24,1137.28,684.24
19994012,2026,tfo,10,3,152.83,300.098,656.066,,152.83
19994012,2027,xc,11,4,,,649.13,1122.89,649.13
20001398,2022,tfo,9,1,,,,,14.64
20087530,2022,tfo,9,2,,,,,14.304
20087530,2023,tfo,10,2,,,,,13.33
20087530,2024,tfo,11,1,,,,,12.999
20087530,2025,tfo,12,1,,,,,12.968
20110816,2022,tfo,11,2,,,,,13.74
20424662,2026,tfo,9,1,,,,,56.087
20470265,2022,tfo,9,1,,,,,14.587
20637268,2022,tfo,9,2,,,,,13.09
20637268,2023,tfo,10,2,,,,,11.765
20637268,2024,tfo,11,3,,,,,11.496
21119398,2023,tfo,9,2,,,,,25.871
21119398,2024,tfo,10,2,,,,,24.974
21119398,2025,xc,11,8,,,691.85,1106.8,691.85
21119398,2025,tfo,11,2,124.992,,,,54.616
21119398,2026,xc,12,8,,,636.08,1041.16,636.08
21119398,2026,tfo,12,2,122.936,276.947,,,122.936
21189581,2023,xc,9,8,,,895.2,1398.5,895.2
21189581,2023,tfo,9,2,165.787,344.489,,,165.787
21189581,2024,xc,10,10,,,,1339.05,1339.05
21189581,2024,tfo,10,3,171.563,337.869,744.47,,171.563
21189581,2025,xc,11,8,,,786.94,1305.25,786.94
21189581,2025,tfo,11,3,162.499,328.664,730.511,,162.499
21189581,2026,xc,12,9,,,753.1,1263.1,753.1
21189581,2026,tfo,12,3,164.952,329.569,719.99,,164.952
21189582,2023,xc,9,6,,,947.6,1522.4,947.6
21189582,2023,tfo,9,2,,,,,15.287
21189582,2024,xc,10,7,,,,1522.72,1522.72
21189582,2024,tfo,10,1,187.172,,,,187.172
21189582,2025,xc,11,6,,,1030.6,1615,1030.6
21189583,2023,xc,9,6,,,1037.9,1697.8,1037.9
21189583,2023,tfo,9,1,218.552,,,,218.552
21189583,2024,xc,10,4,,,,1904.6,1904.6
21189583,2024,tfo,10,1,230.31,,,,230.31
21189584,2023,xc,9,7,,,744.9,1237.7,744.9
21189584,2023,tfo,9,3,160.901,336.15,731.457,,160.901
21189584,2024,xc,10,3,,,,1352.3,1352.3
21189584,2024,tfo,10,2,,329.43,762.051,,329.43
21189584,2025,xc,11,8,,,753.2,1299.87,753.2
21189584,2025,tfo,11,3,157.219,323.751,706.998,,157.219
21189584,2026,xc,12,9,,,738.37,1235.95,738.37
21189584,2026,tfo,12,3,158.723,336.946,741.251,,158.723
21199863,2023,xc,9,5,,,997.5,1606,997.5
21199863,2023,tfo,9,2,159.378,393.478,,,159.378
21199863,2024,xc,10,9,,,894.9,1464.98,894.9
21199863,2024,tfo,10,1,153.595,,,,153.595
21199863,2025,xc,11,4,,,,1508.71,1508.71
21199863,2026,xc,12,8,,,918.3,1564.87,918.3
21199864,2023,xc,9,3,,,,1433.1,1433.1
21199864,2023,tfo,9,2,153.404,317.401,,,153.404
21199864,2024,xc,10,8,,,,1224.44,1224.44
21199864,2024,tfo,10,2,147.688,334.524,,,147.688
21199864,2025,xc,11,4,,,,1299.16,1299.16
21199864,2026,xc,12,2,,,,1419.97,1419.97
21199866,2023,xc,9,8,,,1020.2,1634.5,1020.2
21199866,2024,xc,10,8,,,953.6,1721.6,953.6
21199866,2025,xc,11,5,,,1085.3,1767.012,1085.3
21199866,2026,xc,12,7,,,1129.2,1716.04,1129.2
21199868,2023,xc,12,9,,,830.9,1320.6,830.9
21199873,2023,xc,9,5,,,830.9,1311.3,830.9
21199875,2023,xc,9,8,,,763.9,1207.2,763.9
21199875,2024,xc,10,9,,,,1203.72,1203.72
21199875,2025,xc,11,7,,,658.69,1132.66,658.69
21199885,2023,xc,9,6,,,701.6,1192.2,701.6
21199885,2023,tfo,9,3,151.055,303.748,679.312,,151.055
21199885,2024,xc,10,4,,,,1252.6,1252.6
21199888,2023,xc,12,9,,,682.2,1106.5,682.2
21200248,2023,xc,9,7,,,755.1,1256.5,755.1
21200248,2024,xc,10,5,,,,1282.47,1282.47
21200248,2024,tfo,10,3,150.27,298.639,688.318,,150.27
21200248,2025,xc,11,7,,,686.17,1169.89,686.17
21200248,2025,tfo,11,3,145.754,281.664,627.24,,145.754
21200248,2026,xc,12,8,,,664.16,1092.26,664.16
21200248,2026,tfo,12,3,139.531,276.269,622.011,,139.531
21246977,2023,xc,9,5,,,,1378.4,1378.4
21246977,2023,tfo,9,2,163.123,327.337,,,163.123
21246977,2024,xc,10,8,,,,1241.2,1241.2
21402909,2026,xc,9,8,,,973.49,1435.49,973.49
21402909,2026,tfo,9,3,189.637,360.311,784.151,,189.637
21402909,2027,xc,10,4,,,793.48,1370.43,793.48
21402915,2026,xc,9,7,,,1157.1,1898.06,1157.1
21402915,2027,xc,10,4,,,956.53,,956.53
21402916,2026,tfo,9,3,151.92,298.411,654.869,,151.92
21402918,2024,xc,9,7,,,,1157.15,1157.15
21402918,2025,xc,10,4,,,,1055.3,1055.3
21402918,2026,xc,11,3,,,606.99,1086.58,606.99
21402919,2026,tfo,9,3,125.933,261.122,582.546,,125.933
21402919,2027,xc,10,4,,,585.1,1000.65,585.1
21402922,2026,xc,9,7,,,,1118.63,1118.63
21402922,2026,tfo,9,3,150.214,288.658,634.559,,150.214
21402922,2027,xc,10,3,,,656.91,1115.37,656.91
21419640,2026,xc,9,8,,,820.06,1320.27,820.06
21419640,2026,tfo,9,1,,306.572,,,306.572
21419640,2027,xc,10,4,,,684.78,1212.23,684.78
21443683,2024,tfo,9,3,,,,,13.191
21443683,2025,tfo,10,2,,,,,13.036
21485776,2023,xc,9,1,,,,1620.2,1620.2
21485777,2023,xc,9,2,,,,1334.5,1334.5
21485777,2023,tfo,9,3,156.205,313.585,684.301,,156.205
21485777,2024,xc,10,6,,,,1147.91,1147.91
21485777,2024,tfo,10,2,150.018,309.331,,,150.018
21485777,2025,xc,11,6,,,,1246.6,1246.6
21485777,2025,tfo,11,2,,343.803,,,61.527
21506900,2026,xc,9,4,,,874.2,1538.22,874.2
21628514,2025,tfo,9,2,,,,,14.272
21756576,2025,tfo,9,2,,,,,13.723
21756576,2026,tfo,10,1,,,,,14.158
22069329,2023,tfo,9,2,,,,,16.582
22069329,2024,tfo,10,2,,,,,16.545
22070819,2023,tfo,10,2,,,,,15.93
22297198,2025,xc,9,7,,,838.96,1399.7,838.96
22297198,2025,tfo,9,3,182.268,358.576,786.03,,182.268
22297202,2025,tfo,9,2,,,,,27.484
22297202,2026,tfo,10,1,,,,,62.192
22297217,2026,tfo,9,2,,,,,12.526
22297221,2026,xc,9,6,,,782.5,1279.08,782.5
22297222,2026,xc,9,7,,,726.04,1178.08,726.04
22297224,2026,xc,9,8,,,866.95,1337.86,866.95
22297224,2026,tfo,9,2,165.464,333.861,,,165.464
22297224,2027,xc,10,2,,,803.33,,803.33
22297232,2025,tfo,9,3,166.865,306.902,717.728,,166.865
22297244,2024,tfo,9,1,,,,,12.378
22297244,2026,tfo,11,2,,,,,12.262
22297253,2024,xc,9,7,,,,1169,1169
22297253,2024,tfo,9,3,135.575,275.505,606.374,,135.575
22297253,2025,xc,10,8,,,634.07,1051.73,634.07
22297253,2025,tfo,10,3,132.49,260.816,578.103,,132.49
22297253,2026,xc,11,8,,,606.63,1048.05,606.63
22297253,2026,tfo,11,3,133.469,266.304,580.424,,133.469
22297253,2027,xc,12,5,,,599.19,1015.48,599.19
22331009,2023,tfo,9,2,,,,,12.265
22331009,2024,tfo,10,1,,,,,12.443
22331009,2025,xc,11,5,,,827.5,1368.7,827.5
22331009,2025,tfo,11,1,,,,,12.097
22331525,2023,tfo,10,2,,,,,15.136
22331525,2024,tfo,11,2,148.59,331.573,,,148.59
22331525,2025,tfo,12,2,147.954,305.931,,,147.954
22340689,2023,tfo,9,2,,,,,15.933
22340689,2024,xc,10,4,,,,1751.49,1751.49
22340689,2024,tfo,10,1,,,,,15.941
22340689,2025,tfo,11,1,,,,,15.298
22340689,2026,tfo,12,1,,,,,15.453
22344338,2023,tfo,9,2,,,,,12.743
22344338,2024,tfo,10,1,,,,,13.127
22344338,2025,tfo,11,1,,,,,13.299
22415939,2023,tfo,9,3,,,,,12.262
22416079,2023,tfo,9,2,,,,,12.394
22416079,2024,tfo,10,2,,,,,12.032
22416079,2025,tfo,11,2,,,,,11.985
22416106,2023,tfo,10,1,,,,,14.219
22417369,2023,tfo,10,2,,,,,13.99
22417369,2024,tfo,11,4,147.563,,,,13.154
22417415,2023,tfo,11,2,,,,,13.3
22417514,2023,tfo,10,1,,,,,14.046
22417545,2023,tfo,9,2,,,,,27.209
22417545,2024,tfo,10,2,,,,,26.099
22417545,2025,tfo,11,2,,,,,11.785
22417545,2026,tfo,12,3,,,,,11.463
22417697,2023,tfo,12,2,,,,,26.404
22426102,2025,tfo,11,3,258.016,,1284.009,,103.59
22433161,2024,tfo,10,1,,,,,12.934
22442858,2023,tfo,9,2,,,,,14.888
22442900,2023,tfo,12,2,,,,,12.74
22442929,2023,tfo,9,2,,,,,14.035
22442929,2024,xc,10,6,,,,1451.1,1451.1
22442929,2024,tfo,10,1,,,,,64.07
22442950,2023,tfo,10,2,,,,,12.714
22442970,2023,tfo,10,2,,,,,14.691
22442970,2024,tfo,11,3,,,,,14.724
22443021,2023,tfo,9,1,200.922,,,,200.922
22443062,2023,tfo,9,2,,,,,14.08
22443062,2024,tfo,10,1,,,,,13.457
22443062,2025,tfo,11,1,,,,,13.391
22443139,2023,tfo,9,1,,,,,30.998
22443139,2024,tfo,10,2,,,,,12.873
22443139,2025,tfo,11,1,,,,,12.64
22443139,2026,tfo,12,2,,,,,12.336
22443199,2023,tfo,12,3,,,,,12.596
22452623,2017,xc,9,8,,,,1092.8,1092.8
22452623,2017,tfo,9,1,,,,,56.5
22452623,2018,tfo,10,2,,,,,25.07
22452623,2019,tfo,11,2,,,,,52.74
22463266,2023,tfo,10,2,158.193,345.055,,,158.193
22463266,2024,xc,11,6,,,818.7,1302.47,818.7
22463268,2023,tfo,9,2,149.933,302.328,,,149.933
22463268,2024,xc,10,2,,,741.5,1343.7,741.5
22463418,2023,tfo,9,1,195.507,,,,195.507
22463459,2023,tfo,10,1,192.568,,,,192.568
22463461,2023,tfo,10,2,203.77,,,,82.231
22463466,2023,tfo,9,1,181.817,,,,181.817
22463869,2023,tfo,9,6,141.247,293.722,673.628,,62.489
22463869,2024,xc,10,1,,,,1340.82,1340.82
22463869,2024,tfo,10,1,136.456,,,,136.456
22463869,2025,xc,11,1,,,,1385.3,1385.3
22463869,2025,tfo,11,2,140.578,,,,62.072
22463869,2026,xc,12,8,,,,1230.66,1230.66
22463869,2026,tfo,12,3,136.938,300.546,,,61.88
22506949,2023,tfo,11,1,,,,,11.346
22776546,2023,tfo,11,1,,,,,11.766
22776546,2024,tfo,12,1,,,,,11.803
22786171,2025,tfo,9,2,,,,,11.771
22786171,2026,tfo,10,2,,,,,11.422
22793226,2023,tfo,11,1,,,,,13.635
22793226,2024,tfo,12,1,,,,,12.739
22896976,2024,tfo,9,1,,,,,14.9
22957778,2026,tfo,9,2,,,,,13.448
23652826,2024,xc,10,8,,,,1623.27,1623.27
23652826,2024,tfo,10,2,185.835,431.495,,,185.835
23652826,2025,tfo,11,2,179.492,388.252,,,179.492
23652828,2024,xc,9,9,,,,1271.8,1271.8
23652828,2024,tfo,9,3,154.641,323.785,,,67.188
23652828,2025,xc,10,8,,,750.07,1242.1,750.07
23652828,2025,tfo,10,3,147.865,308.921,713.927,,147.865
23652828,2026,xc,11,9,,,717.78,1214.97,717.78
23652828,2026,tfo,11,3,150.334,336.403,,,65.304
23652828,2027,xc,12,5,,,700.82,1244.3,700.82
23652830,2024,xc,10,9,,,918.9,1563.96,918.9
23652830,2024,tfo,10,2,192.033,411.838,,,192.033
23652830,2025,xc,11,6,,,1009.23,1692.95,1009.23
23652830,2026,xc,12,4,,,,1662.12,1662.12
23652834,2024,xc,10,3,,,907.4,1702.26,907.4
23652837,2024,xc,11,2,,,895.1,1884.6,895.1
23652843,2024,xc,11,4,,,,1498.17,1498.17
23652843,2025,xc,12,6,,,894.16,1437.1,894.16
23667154,2024,xc,9,5,,,872.8,1396.9,872.8
23667155,2024,xc,12,5,,,,1247.11,1247.11
23676426,2024,xc,10,8,,,,1167.43,1167.43
23676426,2024,tfo,10,2,144.102,290.591,,,144.102
23676426,2025,xc,11,8,,,693.13,1137.7,693.13
23676426,2026,xc,12,7,,,685.75,1137.69,685.75
23777671,2024,xc,9,5,,,,1332.5,1332.5
23777671,2025,tfo,10,1,145.985,,,,145.985
23819177,2027,xc,9,4,,,680.16,1193.793,680.16
23819190,2025,xc,9,5,,,761.6,1252.6,761.6
23819190,2026,xc,10,6,,,690.2,1141.43,690.2
23819190,2027,xc,11,2,,,667.4,,667.4
23819194,2027,xc,9,3,,,838.15,,838.15
23850198,2025,xc,9,7,,,656.27,1080,656.27
23850198,2026,xc,10,7,,,620.83,1063.71,620.83
23850198,2026,tfo,10,1,135.304,,,,135.304
23850198,2027,xc,11,1,,,,,997.7
23851550,2027,xc,9,4,,,664.39,1155.36,664.39
23858490,2024,xc,12,2,,,,1358.7,1358.7
23893089,2025,xc,9,6,,,918.8,1567,918.8
23893089,2026,xc,10,1,,,,2080.55,2080.55
23914897,2019,xc,9,9,,,654.4,1058.9,654.4
23914897,2019,tfo,9,4,133.56,259.81,587.2,,60.8
23914897,2020,xc,10,11,,,584,987.5,584
23914897,2021,xc,11,4,,,,960.7,565.4
23914897,2021,tfo,11,3,116.56,235.44,,,53.31
23914897,2022,xc,12,11,,,529,890.5,529
23914897,2022,tfo,12,5,113.9,229.08,490.91,,52.54
24167072,2022,xc,9,9,,,,1223.6,1223.6
24167072,2023,xc,10,9,,,710.4,1262.4,710.4
24167072,2023,tfo,10,2,,,,,13.538
24522101,2021,tfo,10,2,,,,,11.89
24522101,2022,tfo,11,3,,,,,11.34
24522101,2023,tfo,12,3,,,,,11.815
24634309,2024,tfo,11,2,,,,,13.48
24704121,2024,tfo,9,2,149.301,332.583,,,149.301
24704121,2025,xc,10,7,,,792.03,1176.8,792.03
24704121,2025,tfo,10,1,,295.843,,,295.843
24704121,2026,xc,11,7,,,701.56,1166.73,701.56
24704121,2026,tfo,11,2,,301.778,708.684,,301.778
24704179,2024,tfo,9,2,193.925,433.407,,,193.925
24706503,2024,tfo,10,1,,,,,13.535
24784012,2024,tfo,12,1,,,,,15.492
24784013,2024,tfo,9,3,157.54,318.121,753.389,,157.54
24784013,2025,tfo,10,2,158.261,317.165,,,158.261
24784016,2024,tfo,10,1,,,,,13.622
24784016,2025,tfo,11,1,,,,,13.804
24784020,2024,tfo,10,3,,,,,11.28
24784020,2025,tfo,11,2,,,,,10.762
24784020,2026,tfo,12,2,,,,,10.705
24784022,2024,tfo,9,2,,,,,14.18
24784023,2024,tfo,9,1,,,,,56.818
24784023,2025,tfo,10,1,,,,,57.885
24784024,2024,tfo,10,2,,,,,11.896
24784026,2024,tfo,9,2,147.031,318.328,,,147.031
24784029,2024,tfo,9,3,,,,,11.212
24784029,2025,tfo,10,2,,,,,10.956
24784029,2026,tfo,11,2,,,,,10.908
24784031,2024,tfo,10,2,146.49,,,,68.011
24784033,2024,tfo,9,2,150.222,360.252,,,150.222
24784034,2024,tfo,10,1,187.82,,,,187.82
24784035,2024,tfo,10,2,,,,,15.174
24784035,2025,tfo,11,2,,,,,14.91
24784036,2024,tfo,9,2,,,,,12.906
24784036,2026,tfo,11,2,,,,,13.025
24784037,2024,tfo,9,1,,,,,13.927
24784037,2026,tfo,11,4,172.879,369.539,,,13.761
24784037,2027,xc,12,4,,,855.44,1232.836,818.2
24784039,2024,tfo,9,1,,,,,14.891
24784039,2025,tfo,10,1,156.768,,,,156.768
24784040,2024,tfo,9,2,,,,,12.536
24784045,2024,tfo,9,3,141.102,284.676,609.196,,141.102
24784045,2025,tfo,10,2,,279.319,604.208,,279.319
24784046,2024,tfo,9,2,,,,,12.788
24784046,2025,tfo,10,2,,,,,12.648
24784046,2026,tfo,11,2,,,,,12.722
24784048,2024,tfo,9,2,174.32,407.592,,,174.32
24784048,2025,xc,10,6,,,1046.69,1702.7,1046.69
24784050,2024,tfo,10,2,,,,,15.245
24784050,2025,tfo,11,1,,,,,14.601
24784051,2024,tfo,9,1,,328.74,,,328.74
24784056,2024,tfo,9,1,,,,,15.463
24787264,2027,xc,9,3,,,647.74,1117.96,647.74
24787274,2027,xc,10,3,,,1040.11,,1040.11
24787285,2025,tfo,9,2,166.904,391.305,,,166.904
24787291,2025,tfo,9,2,,,,,12.349
24787291,2026,tfo,10,1,,,,,12.013
24787980,2024,tfo,9,1,,,,,12.561
24800103,2024,tfo,9,2,,,,,15.933
24839698,2024,tfo,9,2,,,,,16.847
24841033,2024,tfo,11,2,,,,,27.133
24885048,2024,tfo,9,2,136.547,313.3,,,136.547
24885048,2025,xc,10,1,,,,1238.79,1238.79
24885048,2025,tfo,10,1,130.112,,,,130.112
24956946,2025,tfo,10,2,,,,,12.009
25077111,2024,tfo,9,1,165.831,,,,165.831
25095844,2024,tfo,12,1,212.157,,,,212.157
25116972,2024,tfo,9,3,,,,,12.766
25116972,2025,xc,10,8,,,656.67,1023.4,656.67
25116972,2025,tfo,10,3,123.171,,,,12.25
25116972,2026,xc,11,8,,,579.69,971.99,579.69
25116972,2026,tfo,11,2,120.073,258.197,,,120.073
25116972,2027,xc,12,4,,,546.67,953.89,546.67
25225696,2024,tfo,9,1,168.709,,,,168.709
25264386,2025,tfo,10,2,,,,,12.979
25384845,2026,tfo,10,2,,,,,15.54
26300659,2021,tfo,9,2,140.08,285.12,,,140.08
26300659,2022,tfo,10,4,134.929,268.23,,,134.929
26300659,2023,tfo,11,6,132.68,271.41,597.876,,59.898
26300659,2024,xc,12,7,,,,1076,1076
26300659,2024,tfo,12,6,131.713,264.74,615.962,,60.952
26431510,2025,xc,11,3,,,950.23,1472.66,950.23
26431523,2025,xc,9,7,,,742.7,1281.28,742.7
26431523,2026,xc,10,5,,,,1282.42,1282.42
26431529,2025,xc,11,3,,,,1404.7,1404.7
26431536,2025,xc,11,5,,,825.69,1312.5,825.69
26431536,2026,xc,12,5,,,,1257,1257
26431538,2025,xc,9,4,,,,1214.44,1214.44
26431538,2025,tfo,9,3,156.061,298.284,673.806,,156.061
26431538,2026,xc,10,8,,,660.71,1079.43,660.71
26431538,2026,tfo,10,3,135.733,276.195,601.015,,135.733
26431538,2027,xc,11,3,,,584.61,985.85,584.61
26431540,2025,xc,9,2,,,1278.7,2610.139,1278.7
26431551,2025,xc,11,6,,,866.6,1523.3,866.6
26431551,2025,tfo,11,2,177.127,395.028,,,177.127
26449710,2025,xc,9,7,,,855.6,1464.87,855.6
26449710,2025,tfo,9,2,150.958,,,,69.836
26449710,2026,xc,10,7,,,808.36,1345.35,808.36
26449710,2026,tfo,10,2,160.641,342.417,,,160.641
26449710,2027,xc,11,4,,,705.61,1260.39,705.61
26488652,2025,xc,9,6,,,,1198.78,1198.78
26488652,2025,tfo,9,3,144.969,293.651,681.344,,144.969
26488652,2026,tfo,10,2,134.179,288.849,,,134.179
26574868,2025,xc,9,3,,,,1374,1374
26594005,2027,xc,9,3,,,954.53,,954.53
26649337,2022,tfo,10,2,138.115,292.32,,,138.115
26649337,2023,xc,11,9,,,652.5,1121.8,652.5
26649337,2023,tfo,11,2,122.962,268.551,,,122.962
26649337,2024,xc,12,7,,,,1052.57,1052.57
26649337,2024,tfo,12,3,124.507,262.114,,,55.572
26668431,2027,xc,9,2,,,777.1,,777.1
26668438,2026,xc,9,8,,,820.06,1324.76,820.06
26668438,2026,tfo,9,3,150.467,305.935,686.053,,150.467
26668438,2027,xc,10,3,,,779.53,1316.658,779.53
26668454,2027,xc,9,4,,,716.78,1310.07,716.78
26695598,2025,xc,10,4,,,792.9,1316.77,792.9
26695598,2025,tfo,10,1,146.852,,,,146.852
26695598,2026,xc,11,4,,,,1344.65,1344.65
26695598,2026,tfo,11,2,145.448,307.915,,,145.448
26696844,2026,tfo,9,3,148.189,,,,12.603
26714563,2021,xc,9,5,,,,1347.2,1347.2
26714563,2021,tfo,9,2,,,,,29.32
26714563,2022,xc,10,10,,,743,1206.8,743
26714563,2022,tfo,10,3,138.127,313.409,,,63.255
26714563,2023,xc,11,10,,,695.3,1167.8,695.3
26714563,2023,tfo,11,2,140.674,,,,60.925
26714563,2024,xc,12,9,,,,1169.6,1169.6
26714563,2024,tfo,12,4,141.939,,,,13.161
26796532,2025,xc,9,2,,,,1358.1,1358.1
26796532,2025,tfo,9,3,167.507,330.947,753.83,,167.507
26796532,2026,tfo,10,2,,326.508,703.948,,326.508
26796532,2027,xc,11,3,,,704.02,1289.5,704.02
26897429,2025,tfo,9,2,,,,,11.719
26923431,2023,xc,9,5,,,698.5,1191.1,698.5
26923431,2024,xc,10,4,,,,1161.33,1161.33
26923431,2024,tfo,10,1,,,,,12.702
26923431,2025,xc,11,1,,,,1276.27,1276.27
26923431,2025,tfo,11,1,,,,,12.738
27003714,2021,tfo,9,2,,,,,13.72
27003714,2022,tfo,10,1,,,,,12.59
27003714,2023,tfo,11,1,,,,,12.845
27003714,2024,tfo,12,1,,,,,12.82
27032743,2020,xc,9,11,,,,1015.6,988.4
27032743,2021,xc,10,4,,,,948.5,948.5
27032743,2021,tfo,10,4,120.45,243.55,523.45,,55.47
27032743,2022,xc,11,11,,,544,926.2,544
27032743,2022,tfo,11,5,118.1,231.58,511.082,,118.1
27032743,2023,xc,12,4,,,,972,972
27032743,2023,tfo,12,6,114.71,233.87,529.282,,114.71
27084195,2020,xc,9,9,,,810.5,1429.5,810.5
27084195,2021,tfo,10,3,,,,,13.11
27084195,2022,tfo,11,3,,,,,12.06
27084195,2023,tfo,12,3,,,,,12.339
27512178,2025,tfo,9,1,,,,,12.816
27512178,2026,tfo,10,1,,,,,26.303
27646721,2023,tfo,9,2,,,,,12.563
27646721,2024,tfo,10,2,,,,,11.827
27653591,2023,tfo,9,1,,,,,26.913
27653591,2024,tfo,10,2,,,,,12.287
27731279,2026,tfo,9,2,,,,,12.363
27731292,2026,tfo,9,2,,,,,13.532
27731301,2026,xc,9,8,,,891.19,1335.58,891.19
27731301,2026,tfo,9,2,156.389,323.584,,,156.389
27731301,2027,xc,10,3,,,743.65,1322.75,743.65
27945355,2022,tfo,10,1,,,,,26.04
28138337,2025,tfo,9,3,,,,,13.517
28138337,2026,tfo,10,2,,,,,12.706
28138389,2025,tfo,10,1,,,,,12.419
28138449,2025,tfo,9,2,,,,,12.505
28138547,2025,tfo,9,2,,,,,12.889
28138547,2026,tfo,10,2,,,,,13.356
28138572,2025,tfo,9,2,,,,,13.092
28138590,2025,tfo,12,2,,,,,11.195
28138646,2025,tfo,11,2,,,,,13.466
28138646,2026,tfo,12,2,,,,,12.793
28138662,2025,tfo,10,2,,,,,12.71
28138784,2025,tfo,11,2,,,,,13.577
28138812,2025,tfo,9,2,,,,,12.37
28138812,2026,tfo,10,3,,,,,12.441
28138901,2025,tfo,10,1,,,,,12.678
28139400,2025,tfo,9,2,,,,,27.488
28139400,2026,tfo,10,2,,,,,27.997
28139448,2025,tfo,11,1,,,,,11.667
28139448,2026,tfo,12,1,,,,,12.036
28139680,2025,tfo,10,2,,,,,15.268
28139805,2025,tfo,10,2,,,,,14.621
28165020,2025,tfo,10,1,,331.049,,,331.049
28168223,2025,tfo,9,2,,,,,12.776
28168237,2025,tfo,9,2,156.189,,,,14.569
28168237,2026,tfo,10,1,140.905,,,,140.905
28168295,2025,tfo,9,2,,,,,12.742
28351258,2026,tfo,9,2,,,,,14.35
28363752,2024,tfo,9,3,,,,,11.889
28363752,2025,tfo,10,3,,,,,11.361
28363752,2026,tfo,11,2,,,,,22.294
28367734,2025,tfo,12,1,,,,,12.242
28431155,2025,tfo,12,2,,,,,13.414
28507260,2025,tfo,,2,,,,,13.734
28562105,2025,tfo,12,1,178.442,,,,178.442
28674565,2025,tfo,10,2,,,,,14.642
28698466,2025,tfo,10,1,,,,,15.34
28756633,2025,tfo,9,2,,,,,14.796
28985860,2022,xc,9,9,,,816.7,1259.2,816.7
28985860,2022,tfo,9,2,146.063,302.001,,,146.063
28985860,2023,xc,10,8,,,705.1,1157.2,705.1
28985860,2023,tfo,10,3,128.977,289.504,652.99,,128.977
28985860,2024,xc,11,9,,,,1076.8,1076.8
28985860,2024,tfo,11,4,123.79,270.751,,,53.973
28985860,2025,xc,12,2,,,,1067.1,1067.1
28985860,2025,tfo,12,2,120.112,,,,54.279
29194235,2019,tfo,9,1,,,,,15.14
29289568,2022,tfo,10,2,,,,,11.84
29289568,2023,tfo,11,1,,,,,11.868
29289568,2024,tfo,12,2,,,,,11.575
29329690,2024,tfo,9,3,,,,,13.17
29463783,2022,xc,9,8,,,1067.3,1580.4,1067.3
29463783,2022,tfo,9,3,189.8,389.369,879.231,,189.8
29463783,2023,xc,10,8,,,903.7,1433.7,903.7
29463783,2023,tfo,10,2,174.494,330.118,,,174.494
29463783,2024,xc,11,10,,,,1270.74,1270.74
29463783,2025,xc,12,6,,,,1303,1303
29463783,2025,tfo,12,2,155.807,313.38,,,155.807
29475682,2026,xc,9,7,,,781,1342.11,781
29475682,2027,xc,10,4,,,757.24,1426.04,757.24
29475688,2026,xc,9,8,,,850.74,1356.68,850.74
29475688,2026,tfo,9,1,,,,,64.929
29475688,2027,xc,10,2,,,857.18,,857.18
29475698,2026,xc,9,7,,,1075.8,1721.89,1075.8
29475698,2026,tfo,9,2,197.427,392.015,,,197.427
29475698,2027,xc,10,3,,,965.88,,965.88
29475701,2026,xc,10,6,,,,1437.72,1437.72
29475701,2026,tfo,10,3,175.427,359.935,802.253,,175.427
29700468,2027,xc,9,4,,,946.91,,946.91
29734147,2026,xc,9,6,,,1124.2,1667.17,1124.2
29734147,2026,tfo,9,2,197.77,392.527,,,197.77
29734147,2027,xc,10,4,,,945.22,1595.383,945.22
29818208,2026,xc,9,3,,,,1236.48,1236.48
29831320,2026,xc,10,3,,,,1459.53,1459.53
29831320,2027,xc,11,4,,,856.33,,856.33
29848300,2027,xc,9,4,,,703.8,1205.52,703.8
30044414,2024,tfo,11,1,,,,,27.513
30044414,2025,tfo,12,3,,,,,12.517
30145227,2022,tfo,10,3,,,,,13.278
30145227,2023,tfo,11,3,,,,,13.361
30149904,2024,xc,9,10,,,,1078.8,1078.8
30149904,2024,tfo,9,5,143.78,284.97,605.61,,143.78
30149904,2025,xc,10,9,,,643.77,1076.17,643.77
30149904,2025,tfo,10,4,141.716,282.683,606.084,,141.716
30149904,2026,xc,11,9,,,627.61,1071.18,627.61
30149904,2027,xc,12,5,,,670.08,1178.24,670.08
30305985,2022,tfo,9,2,,,,,11.716
30305985,2023,tfo,10,2,,,,,11.369
30305985,2024,tfo,11,3,,,,,11.233
30305985,2025,tfo,12,3,,,,,10.765
30421534,2021,tfo,9,2,,,,,12.21
30421534,2022,tfo,10,2,,,,,11.898
30421534,2023,tfo,11,2,,,,,12.188
30421534,2024,tfo,12,2,,,,,11.608
30454290,2026,tfo,9,3,,,,,12.216
30539780,2026,tfo,9,3,132.524,287.544,663.948,,132.524
30543632,2026,tfo,10,1,,,,,17.591
30640486,2026,tfo,9,2,145.379,315.441,,,145.379
30643385,2026,tfo,9,2,,,,,14.129
30648753,2026,tfo,11,2,,,,,13.707
30648753,2027,xc,12,3,,,774.1,1338.85,774.1
30650188,2026,tfo,10,2,,,,,18.552
30663060,2026,tfo,9,2,,,,,13.36
30692760,2026,tfo,10,2,,,,,17.951
30737510,2026,tfo,9,3,148.145,324.526,709.245,,148.145
30811399,2027,xc,9,3,,,682.79,,682.79
30827962,2026,tfo,9,2,,,,,12.657
30829142,2026,tfo,11,1,,,,,12.528
30829196,2026,tfo,10,2,,,,,13.696
30829203,2026,tfo,10,2,,,,,15.306
30830029,2026,tfo,9,2,,,,,13.193
30846819,2026,tfo,9,2,,,,,13.588
30847761,2026,tfo,11,2,,,,,11.523
30850088,2026,tfo,9,2,,,,,13.821
30850377,2026,tfo,10,1,,,,,15.166
30962636,2026,xc,9,8,,,694.65,1072.06,694.65
30962636,2026,tfo,9,3,141.748,282.251,615.723,,141.748
30962636,2027,xc,10,4,,,598.042,1048.7,598.042
30962637,2027,xc,10,2,,,747.44,1292.18,747.44
30962638,2026,tfo,9,1,,,,,12.675
30962640,2026,tfo,9,3,,,,,13.315
30962644,2026,tfo,9,2,,331.488,774.138,,331.488
30962646,2027,xc,9,5,,,658.55,1166.385,658.55
30962647,2026,tfo,9,2,,,,,11.879
31261367,2026,tfo,9,2,,,,,14.19
31301542,2026,tfo,9,1,,,,,28.14
31301589,2026,tfo,11,1,,,,,37.546
31301596,2026,tfo,12,1,,,,,21.496
31301601,2026,tfo,12,1,,,,,19.606
31301606,2026,tfo,12,1,,,,,21.908
31301612,2026,tfo,11,1,,,,,21.739
31301644,2026,tfo,10,1,,,,,17.545
31301656,2026,tfo,12,1,,,,,15.054
31301661,2026,tfo,11,3,,,,,14.415
31301742,2026,tfo,12,1,,,,,16.765
31302044,2026,tfo,9,1,,,,,41.961
31307852,2026,tfo,9,1,,,,,14.461
31526608,2026,tfo,12,1,,,,,12.415
31983803,2026,tfo,9,2,,,,,15.305
32191225,2026,tfo,9,2,,,,,15.581
32211158,2026,tfo,11,1,,,,,37.637
32615059,2024,xc,9,7,,,,1247.84,1247.84
32615059,2024,tfo,9,3,,,,,12.955
32615059,2025,xc,10,6,,,,1340.33,1340.33
32615059,2025,tfo,10,2,,,,,12.486
32615059,2026,tfo,11,2,,,,,11.941
32690145,2026,tfo,12,3,,,,,10.248
32933445,2027,xc,10,4,,,776.98,1402.73,776.98
32933451,2027,xc,9,3,,,743.43,,743.43
32933452,2027,xc,9,2,,,890.43,,890.43
32933454,2027,xc,9,2,,,919.88,,919.88
32933465,2027,xc,12,3,,,847.29,1548.93,847.29
32933471,2027,xc,9,3,,,958.18,,958.18
32933475,2027,xc,9,4,,,837.96,,837.96
33028072,2010,xc,9,8,,,,1398.1,958
33028072,2010,tfo,9,3,,,,,14.18
33028072,2011,xc,10,8,,,,1301,1301
33028072,2011,tfo,10,4,163.5,340.33,,,71.9
33028072,2012,xc,11,8,,,,1356,926
33028072,2012,tfo,11,3,185.79,392.5,,,79.8
33028072,2013,xc,12,5,,,,1563,976
