athleteId,season,sport,date,dist,seconds,place,grade,meetId
879,2004,xc,2004-11-06,5000,1027,66,12,4475
886,2004,xc,2004-11-06,5000,1024,60,11,4475
987,2004,xc,2004-11-06,5000,1260,86,11,4475
862,2004,xc,2004-11-06,5000,1281,102,12,4475
14433,2004,xc,2004-11-06,5000,1219,45,9,4475
960,2004,xc,2004-11-06,5000,1192,24,10,4475
860,2004,xc,2004-11-06,5000,1373,139,11,4475
16235,2004,xc,2004-11-06,5000,1149,10,9,4475
22877,2004,xc,2004-11-06,5000,1284,104,9,4475
22936,2005,xc,2005-09-07,5000,1089,13,10,56
22936,2005,xc,2005-10-05,5000,1054,1,10,114
22936,2005,xc,2005-10-12,5000,1059,1,10,115
22936,2005,xc,2005-10-15,5000,1049.2,46,10,28
22936,2005,xc,2005-10-19,5000,1064,,10,116
22936,2005,xc,2005-10-27,5000,1088,33,10,117
23259,2005,xc,2005-09-07,5000,1149,26,12,56
23259,2005,xc,2005-09-17,5000,1062.8,42,12,24
23259,2005,xc,2005-09-21,5000,1128,17,12,113
23259,2005,xc,2005-09-24,5000,1080,26,12,15
23259,2005,xc,2005-10-05,5000,1101,,12,114
23259,2005,xc,2005-10-12,5000,1107,8,12,115
23259,2005,xc,2005-10-15,5000,1086.8,94,12,28
23259,2005,xc,2005-10-27,5000,1112,9,12,117
935,2005,xc,2005-09-07,5000,1132,22,12,56
935,2005,xc,2005-09-17,5000,1069.4,46,12,24
935,2005,xc,2005-09-21,5000,1122,15,12,113
935,2005,xc,2005-09-24,5000,1098,34,12,15
935,2005,xc,2005-10-05,5000,1069,,12,114
935,2005,xc,2005-10-12,5000,1101,7,12,115
935,2005,xc,2005-10-15,5000,1081.9,85,12,28
935,2005,xc,2005-10-19,5000,1084,,12,116
935,2005,xc,2005-10-27,5000,1078,31,12,117
22937,2005,xc,2005-09-07,5000,1434,54,10,56
22937,2005,xc,2005-09-17,5000,1246,105,10,24
22937,2005,xc,2005-09-21,5000,1358,33,10,113
22937,2005,xc,2005-09-24,5000,1340,168,10,15
22937,2005,xc,2005-10-05,5000,1249,,10,114
22937,2005,xc,2005-10-12,5000,1252,,10,115
22937,2005,xc,2005-10-15,5000,1312,,10,28
22937,2005,xc,2005-10-19,5000,1308,,10,116
22937,2005,xc,2005-10-27,5000,1256,69,10,117
22938,2005,xc,2005-09-07,5000,1175,5,9,56
22938,2005,xc,2005-09-17,5000,1051,1,9,24
22938,2005,xc,2005-09-21,5000,1221,22,9,113
883,2005,xc,2005-09-07,5000,1297,27,12,56
883,2005,xc,2005-09-17,5000,1183,52,12,24
883,2005,xc,2005-09-21,5000,1179,3,12,113
883,2005,xc,2005-09-24,5000,1217,83,12,15
883,2005,xc,2005-10-05,5000,1156,7,12,114
883,2005,xc,2005-10-27,5000,1189,44,12,117
1014,2005,xc,2005-09-07,5000,1355,40,11,56
1014,2005,xc,2005-09-17,5000,1178,52,11,24
1014,2005,xc,2005-09-21,5000,1243,10,11,113
1014,2005,xc,2005-10-05,5000,1142,5,11,114
1014,2005,xc,2005-10-12,5000,1141,,11,115
1014,2005,xc,2005-10-27,5000,1179,36,11,117
14352,2005,xc,2005-09-07,5000,1388,44,12,56
14352,2005,xc,2005-09-17,5000,1241,98,12,24
14352,2005,xc,2005-09-21,5000,1351,32,12,113
14352,2005,xc,2005-09-24,5000,1335,165,12,15
14352,2005,xc,2005-10-12,5000,1308,,12,115
14352,2005,xc,2005-10-15,5000,1261,,12,28
14352,2005,xc,2005-10-27,5000,1239,63,12,117
891,2005,xc,2005-09-07,5000,1246,18,12,56
891,2005,xc,2005-09-17,5000,1176,49,12,24
891,2005,xc,2005-09-21,5000,1200,9,12,113
891,2005,xc,2005-09-24,5000,1222,86,12,15
891,2005,xc,2005-10-05,5000,1201,,12,114
891,2005,xc,2005-10-19,5000,1253,,12,116
891,2005,xc,2005-10-27,5000,1236,61,12,117
22939,2005,xc,2005-09-07,5000,1264,23,10,56
22939,2005,xc,2005-09-17,5000,1177,50,10,24
22939,2005,xc,2005-09-21,5000,1192,5,10,113
22939,2005,xc,2005-09-24,5000,1200,71,10,15
22939,2005,xc,2005-10-05,5000,1177,,10,114
22939,2005,xc,2005-10-12,5000,1212,,10,115
22939,2005,xc,2005-10-15,5000,1155,,10,28
22939,2005,xc,2005-10-19,5000,1162,,10,116
22939,2005,xc,2005-10-27,5000,1192,45,10,117
14353,2005,xc,2005-09-07,3000,779,5,12,56
14353,2005,xc,2005-09-17,5000,1248,107,12,24
14353,2005,xc,2005-09-21,5000,1445,37,12,113
14353,2005,xc,2005-10-05,5000,1400,,12,114
22940,2005,xc,2005-09-07,3000,771,3,9,56
22940,2005,xc,2005-09-17,5000,1317,145,9,24
22940,2005,xc,2005-09-21,5000,1251,13,9,113
22940,2005,xc,2005-09-24,5000,1262,121,9,15
22940,2005,xc,2005-10-05,5000,1182,,9,114
22940,2005,xc,2005-10-12,5000,1152,,9,115
22940,2005,xc,2005-10-15,5000,1141,,9,28
22940,2005,xc,2005-10-19,5000,1171,,9,116
22940,2005,xc,2005-10-27,5000,1164,28,9,117
23260,2005,xc,2005-09-07,3000,799,8,10,56
23260,2005,xc,2005-09-17,5000,1245,103,10,24
23260,2005,xc,2005-09-21,5000,1308,21,10,113
23260,2005,xc,2005-09-24,5000,1283,137,10,15
23260,2005,xc,2005-10-05,5000,1210,,10,114
23260,2005,xc,2005-10-12,5000,1253,,10,115
23260,2005,xc,2005-10-19,5000,1227,,10,116
23260,2005,xc,2005-10-27,5000,1220,57,10,117
886,2005,xc,2005-09-07,5000,1022,3,12,56
886,2005,xc,2005-09-17,5000,977,3,12,24
886,2005,xc,2005-09-21,5000,1006,1,12,113
886,2005,xc,2005-09-24,5000,1013,1,12,15
886,2005,xc,2005-10-05,5000,972,2,12,114
886,2005,xc,2005-10-12,5000,1082,3,12,115
886,2005,xc,2005-10-15,5000,1016.5,25,12,28
886,2005,xc,2005-10-19,5000,1012,1,12,116
886,2005,xc,2005-10-27,5000,993,2,12,117
886,2005,xc,2005-11-05,5000,1025,35,12,3
1018,2005,xc,2005-09-07,5000,1406,51,11,56
1018,2005,xc,2005-09-17,5000,1214,83,11,24
1018,2005,xc,2005-09-21,5000,1250,11,11,113
1018,2005,xc,2005-09-24,5000,1274,133,11,15
1018,2005,xc,2005-10-05,5000,1259,,11,114
1018,2005,xc,2005-10-12,5000,1227,,11,115
1018,2005,xc,2005-10-15,5000,1227,,11,28
1018,2005,xc,2005-10-27,5000,1224,58,11,117
14340,2005,xc,2005-09-07,5000,1178,32,10,56
14340,2005,xc,2005-09-17,5000,1124,19,10,24
14340,2005,xc,2005-09-21,5000,1159,2,10,113
14340,2005,xc,2005-09-24,5000,1144,44,10,15
14340,2005,xc,2005-10-05,5000,1081,,10,114
14340,2005,xc,2005-10-12,5000,1109,9,10,115
14340,2005,xc,2005-10-15,5000,1112.1,117,10,28
14340,2005,xc,2005-10-19,5000,1101,,10,116
14340,2005,xc,2005-10-27,5000,1100,40,10,117
22941,2005,xc,2005-09-07,3000,848,14,,56
22941,2005,xc,2005-09-17,5000,1490,199,,24
22941,2005,xc,2005-09-21,5000,1496,38,,113
22942,2005,xc,2005-09-07,5000,1188,8,11,56
22942,2005,xc,2005-09-17,5000,1108.3,74,11,24
22942,2005,xc,2005-09-21,5000,1146,1,11,113
22942,2005,xc,2005-09-24,5000,1129,56,11,15
22942,2005,xc,2005-10-05,5000,1106,3,11,114
22942,2005,xc,2005-10-12,5000,1135,,11,115
22942,2005,xc,2005-10-15,5000,1109,,11,28
22942,2005,xc,2005-10-19,5000,1129,,11,116
22942,2005,xc,2005-10-27,5000,1119,13,11,117
953,2005,xc,2005-09-07,5000,1412,53,11,56
953,2005,xc,2005-09-17,5000,1253,113,11,24
953,2005,xc,2005-09-21,5000,1350,31,11,113
953,2005,xc,2005-10-12,5000,1302,,11,115
953,2005,xc,2005-10-19,5000,1391,,11,116
953,2005,xc,2005-10-27,5000,1308,88,11,117
22943,2005,xc,2005-09-07,5000,1342,38,10,56
22943,2005,xc,2005-09-17,5000,1223,89,10,24
22943,2005,xc,2005-09-21,5000,1295,19,10,113
22943,2005,xc,2005-09-24,5000,1293,141,10,15
22943,2005,xc,2005-10-05,5000,1286,,10,114
22943,2005,xc,2005-10-12,5000,1290,,10,115
22943,2005,xc,2005-10-15,5000,1268,,10,28
22943,2005,xc,2005-10-27,5000,1283,81,10,117
22944,2005,xc,2005-09-07,5000,1129,21,11,56
22944,2005,xc,2005-09-17,5000,1075.6,50,11,24
22944,2005,xc,2005-09-21,5000,1089,6,11,113
22944,2005,xc,2005-09-24,5000,1103,38,11,15
22944,2005,xc,2005-10-05,5000,1079,,11,114
22944,2005,xc,2005-10-12,5000,1060,2,11,115
22944,2005,xc,2005-10-15,5000,1078.4,81,11,28
22944,2005,xc,2005-10-19,5000,1092,,11,116
22944,2005,xc,2005-10-27,5000,1116,47,11,117
22945,2005,xc,2005-09-07,5000,1159,2,9,56
22945,2005,xc,2005-09-17,5000,1077,4,9,24
22945,2005,xc,2005-09-21,5000,1109,12,9,113
22945,2005,xc,2005-09-24,5000,1123,44,9,15
22945,2005,xc,2005-10-05,5000,1094,2,9,114
22945,2005,xc,2005-10-12,5000,1126,,9,115
22945,2005,xc,2005-10-15,5000,1087,,9,28
22945,2005,xc,2005-10-19,5000,1123,1,9,116
22945,2005,xc,2005-10-27,5000,1093,5,9,117
22946,2005,xc,2005-09-07,5000,1408,52,11,56
22946,2005,xc,2005-09-17,5000,1278,125,11,24
22946,2005,xc,2005-09-21,5000,1312,22,11,113
22946,2005,xc,2005-09-24,5000,1395,189,11,15
22946,2005,xc,2005-10-05,5000,1358,,11,114
22946,2005,xc,2005-10-12,5000,1313,,11,115
22946,2005,xc,2005-10-15,5000,1311,,11,28
22946,2005,xc,2005-10-19,5000,1350,,11,116
22946,2005,xc,2005-10-27,5000,1302,86,11,117
22947,2005,xc,2005-09-07,5000,1138,24,9,56
22947,2005,xc,2005-09-17,5000,1076,3,9,24
22947,2005,xc,2005-09-21,5000,1109,11,9,113
22947,2005,xc,2005-09-24,5000,1100,19,9,15
22947,2005,xc,2005-10-05,5000,1076,,9,114
22947,2005,xc,2005-10-12,5000,1091,5,9,115
22947,2005,xc,2005-10-15,5000,1075,,9,28
22947,2005,xc,2005-10-19,5000,1110,,9,116
22947,2005,xc,2005-10-27,5000,1068,28,9,117
22948,2005,xc,2005-09-07,5000,1359,41,10,56
22948,2005,xc,2005-09-17,5000,1208,76,10,24
22948,2005,xc,2005-09-21,5000,1281,17,10,113
22948,2005,xc,2005-10-12,5000,1286,,10,115
22948,2005,xc,2005-10-27,5000,1244,66,10,117
16269,2005,xc,2005-09-07,5000,1070,7,11,56
16269,2005,xc,2005-09-17,5000,1008.2,12,11,24
16269,2005,xc,2005-09-21,5000,1064,4,11,113
16269,2005,xc,2005-09-24,5000,1047,6,11,15
16269,2005,xc,2005-10-05,5000,1014,10,11,114
16269,2005,xc,2005-10-12,5000,1114,10,11,115
16269,2005,xc,2005-10-15,5000,1030.6,35,11,28
16269,2005,xc,2005-10-19,5000,1042,,11,116
16269,2005,xc,2005-10-27,5000,1043,18,11,117
14351,2005,xc,2005-09-07,5000,1291,25,10,56
14351,2005,xc,2005-09-17,5000,1306,137,10,24
14351,2005,xc,2005-09-21,5000,1194,6,10,113
14351,2005,xc,2005-09-24,5000,1223,89,10,15
14351,2005,xc,2005-10-05,5000,1162,9,10,114
14351,2005,xc,2005-10-12,5000,1137,,10,115
14351,2005,xc,2005-10-15,5000,1107,,10,28
14351,2005,xc,2005-10-19,5000,1142,,10,116
14351,2005,xc,2005-10-27,5000,1131,18,10,117
22950,2005,xc,2005-09-07,5000,1400,47,10,56
22950,2005,xc,2005-09-17,5000,1341,155,10,24
22950,2005,xc,2005-09-21,5000,1321,26,10,113
22950,2005,xc,2005-09-24,5000,1411,197,10,15
22950,2005,xc,2005-10-05,5000,1358,,10,114
887,2005,xc,2005-09-07,5000,1174,4,12,56
887,2005,xc,2005-09-17,5000,1095.5,67,12,24
887,2005,xc,2005-09-21,5000,1133,18,12,113
887,2005,xc,2005-09-24,5000,1099,35,12,15
887,2005,xc,2005-10-05,5000,1117,,12,114
887,2005,xc,2005-10-12,5000,1083,4,12,115
887,2005,xc,2005-10-15,5000,1070,,12,28
887,2005,xc,2005-10-19,5000,1167,,12,116
887,2005,xc,2005-10-27,5000,1081,1,12,117
14339,2005,xc,2005-09-07,5000,1226,14,10,56
14339,2005,xc,2005-09-17,5000,1128,21,10,24
14339,2005,xc,2005-09-21,5000,1189,4,10,113
14339,2005,xc,2005-09-24,5000,1167,51,10,15
14339,2005,xc,2005-10-05,5000,1124,,10,114
14339,2005,xc,2005-10-12,5000,1134,,10,115
14339,2005,xc,2005-10-15,5000,1133,,10,28
14339,2005,xc,2005-10-19,5000,1161,,10,116
14339,2005,xc,2005-10-27,5000,1136,20,10,117
22951,2005,xc,2005-09-07,5000,1341,37,12,56
22951,2005,xc,2005-09-17,5000,1334,152,12,24
22951,2005,xc,2005-09-21,5000,1317,24,12,113
22951,2005,xc,2005-10-05,5000,1330,,12,114
22951,2005,xc,2005-10-12,5000,1310,,12,115
22951,2005,xc,2005-10-19,5000,1330,,12,116
22951,2005,xc,2005-10-27,5000,1293,84,12,117
987,2005,xc,2005-09-07,5000,1290,10,12,56
987,2005,xc,2005-09-17,5000,1222,38,12,24
987,2005,xc,2005-09-21,5000,1267,9,12,113
987,2005,xc,2005-09-24,5000,1257,27,12,15
987,2005,xc,2005-10-05,5000,1227,7,12,114
987,2005,xc,2005-10-12,5000,1261,6,12,115
987,2005,xc,2005-10-15,5000,1244.2,73,12,28
987,2005,xc,2005-10-27,5000,1278,20,12,117
14437,2005,xc,2005-09-17,5000,1385,38,10,24
14437,2005,xc,2005-09-21,5000,1391,21,10,113
14437,2005,xc,2005-09-24,5000,1452,43,10,15
14437,2005,xc,2005-10-05,5000,1386,24,10,114
14437,2005,xc,2005-10-12,5000,1409,15,10,115
14437,2005,xc,2005-10-15,5000,1393,57,10,28
14437,2005,xc,2005-10-19,5000,1409,21,10,116
14437,2005,xc,2005-10-27,5000,1403,12,10,117
22931,2005,xc,2005-09-07,3000,837,3,9,56
22931,2005,xc,2005-09-17,5000,1326,13,9,24
22931,2005,xc,2005-09-21,5000,1370,17,9,113
22931,2005,xc,2005-09-24,5000,1354,16,9,15
22931,2005,xc,2005-10-05,5000,1294,15,9,114
22931,2005,xc,2005-10-12,5000,1338,10,9,115
22931,2005,xc,2005-10-15,5000,1333,37,9,28
22931,2005,xc,2005-10-19,5000,1339,13,9,116
22931,2005,xc,2005-10-27,5000,1319,3,9,117
14434,2005,xc,2005-09-07,5000,1254,4,10,56
14434,2005,xc,2005-09-17,5000,1189,21,10,24
14434,2005,xc,2005-09-21,5000,1236,6,10,113
14434,2005,xc,2005-09-24,5000,1221,13,10,15
14434,2005,xc,2005-10-05,5000,1210,5,10,114
14434,2005,xc,2005-10-15,5000,1253,12,10,28
14434,2005,xc,2005-10-19,5000,1270,6,10,116
14434,2005,xc,2005-10-27,5000,1232,10,10,117
14434,2005,xc,2005-11-05,5000,1259,75,10,3
22875,2005,xc,2005-09-07,5000,1572,9,11,56
22875,2005,xc,2005-09-17,5000,1435,64,11,24
22875,2005,xc,2005-09-21,5000,1448,26,11,113
22875,2005,xc,2005-09-24,5000,1453,44,11,15
22875,2005,xc,2005-10-05,5000,1380,23,11,114
22875,2005,xc,2005-10-12,5000,1416,16,11,115
22875,2005,xc,2005-10-15,5000,1395,47,11,28
22875,2005,xc,2005-10-19,5000,1440,23,11,116
22875,2005,xc,2005-10-27,5000,1399,10,11,117
14433,2005,xc,2005-09-07,5000,1260,5,10,56
14433,2005,xc,2005-09-17,5000,1180,19,10,24
14433,2005,xc,2005-09-21,5000,1200,2,10,113
14433,2005,xc,2005-09-24,5000,1223,16,10,15
14433,2005,xc,2005-10-05,5000,1165,3,10,114
14433,2005,xc,2005-10-12,5000,1201,1,10,115
14433,2005,xc,2005-10-15,5000,1177.1,30,10,28
14433,2005,xc,2005-10-19,5000,1221,2,10,116
14433,2005,xc,2005-10-27,5000,1192,5,10,117
14433,2005,xc,2005-11-05,5000,1237,61,10,3
23262,2005,xc,2005-09-07,5000,1403,1,9,56
23262,2005,xc,2005-09-17,5000,1294,7,9,24
23262,2005,xc,2005-09-21,5000,1341,14,9,113
23262,2005,xc,2005-09-24,5000,1306,9,9,15
23262,2005,xc,2005-10-05,5000,1301,16,9,114
23262,2005,xc,2005-10-12,5000,1297,9,9,115
23262,2005,xc,2005-10-15,5000,1346,42,9,28
23262,2005,xc,2005-10-19,5000,1271,7,9,116
23262,2005,xc,2005-10-27,5000,1259,1,9,117
23262,2005,xc,2005-11-05,5000,1273,83,9,3
960,2005,xc,2005-09-07,5000,1273,7,11,56
960,2005,xc,2005-09-17,5000,1179.2,17,11,24
960,2005,xc,2005-09-21,5000,1221,4,11,113
960,2005,xc,2005-09-24,5000,1235,20,11,15
960,2005,xc,2005-10-15,5000,1264,16,11,28
960,2005,xc,2005-10-19,5000,1284,8,11,116
960,2005,xc,2005-10-27,5000,1246,15,11,117
960,2005,xc,2005-11-05,5000,1225,49,11,3
22876,2005,xc,2005-09-07,5000,1512,6,11,56
22876,2005,xc,2005-09-17,5000,1380,36,11,24
22876,2005,xc,2005-09-24,5000,1462,47,11,15
22876,2005,xc,2005-10-05,5000,1420,25,11,114
22876,2005,xc,2005-10-12,5000,1423,17,11,115
22876,2005,xc,2005-10-15,5000,1436,89,11,28
22876,2005,xc,2005-10-19,5000,1523,29,11,116
22876,2005,xc,2005-10-27,5000,1451,18,11,117
860,2005,xc,2005-09-07,5000,1381,18,12,56
860,2005,xc,2005-09-17,5000,1305,12,12,24
860,2005,xc,2005-09-21,5000,1300,12,12,113
860,2005,xc,2005-09-24,5000,1323,11,12,15
860,2005,xc,2005-10-12,5000,1271,7,12,115
860,2005,xc,2005-10-15,5000,1282.6,93,12,28
860,2005,xc,2005-10-19,5000,1288,9,12,116
860,2005,xc,2005-10-27,5000,1264,19,12,117
860,2005,xc,2005-11-05,5000,1296,105,12,3
973,2005,xc,2005-09-07,5000,1352,15,12,56
973,2005,xc,2005-09-17,5000,1334.5,86,12,24
973,2005,xc,2005-09-21,5000,1364,16,12,113
973,2005,xc,2005-09-24,5000,1387,28,12,15
973,2005,xc,2005-10-05,5000,1336,19,12,114
973,2005,xc,2005-10-12,5000,1396,14,12,115
973,2005,xc,2005-10-15,5000,1365,46,12,28
973,2005,xc,2005-10-19,5000,1410,20,12,116
973,2005,xc,2005-10-27,5000,1367,5,12,117
23261,2005,xc,2005-09-07,3000,893,7,9,56
23261,2005,xc,2005-09-21,5000,1486,28,9,113
23261,2005,xc,2005-09-24,5000,1503,60,9,15
23261,2005,xc,2005-10-05,5000,1436,26,9,114
23261,2005,xc,2005-10-12,5000,1439,19,9,115
23261,2005,xc,2005-10-15,5000,1447,94,9,28
23261,2005,xc,2005-10-19,5000,1470,25,9,116
23261,2005,xc,2005-10-27,5000,1439,15,9,117
16235,2005,xc,2005-09-07,5000,1246,2,10,56
16235,2005,xc,2005-09-17,5000,1159.4,8,10,24
16235,2005,xc,2005-09-21,5000,1217,3,10,113
16235,2005,xc,2005-09-24,5000,1185,6,10,15
16235,2005,xc,2005-10-05,5000,1154,1,10,114
16235,2005,xc,2005-10-12,5000,1201,1,10,115
16235,2005,xc,2005-10-15,5000,1145.2,19,10,28
16235,2005,xc,2005-10-19,5000,1215,1,10,116
16235,2005,xc,2005-10-27,5000,1166,2,10,117
16235,2005,xc,2005-11-05,5000,1172,20,10,3
22932,2005,xc,2005-09-07,5000,1605,11,12,56
22932,2005,xc,2005-09-17,5000,1506,86,12,24
22932,2005,xc,2005-09-21,5000,1492,29,12,113
22932,2005,xc,2005-09-24,5000,1531,68,12,15
22932,2005,xc,2005-10-27,5000,1528,25,12,117
22877,2005,xc,2005-09-07,5000,1432,3,10,56
22877,2005,xc,2005-09-17,5000,1341,20,10,24
22877,2005,xc,2005-09-21,5000,1345,15,10,113
22877,2005,xc,2005-09-24,5000,1381,25,10,15
22877,2005,xc,2005-10-05,5000,1290,14,10,114
22877,2005,xc,2005-10-12,5000,1281,8,10,115
22877,2005,xc,2005-10-15,5000,1273.2,90,10,28
22877,2005,xc,2005-10-19,5000,1355,14,10,116
22877,2005,xc,2005-10-27,5000,1293,2,10,117
22933,2005,xc,2005-09-07,5000,1283,8,10,56
22933,2005,xc,2005-09-17,5000,1218.8,35,10,24
22933,2005,xc,2005-09-21,5000,1244,8,10,113
22933,2005,xc,2005-09-24,5000,1268,30,10,15
22933,2005,xc,2005-10-05,5000,1223,6,10,114
22933,2005,xc,2005-10-12,5000,1236,4,10,115
22933,2005,xc,2005-10-15,5000,1222.1,55,10,28
22934,2005,xc,2005-09-07,5000,1403,2,9,56
22934,2005,xc,2005-09-17,5000,1282,5,9,24
22934,2005,xc,2005-09-21,5000,1274,11,9,113
22934,2005,xc,2005-09-24,5000,1291,36,9,15
22934,2005,xc,2005-10-05,5000,1233,8,9,114
22934,2005,xc,2005-10-12,5000,1254,5,9,115
22934,2005,xc,2005-10-15,5000,1211.6,50,9,28
22934,2005,xc,2005-10-19,5000,1255,5,9,116
22934,2005,xc,2005-10-27,5000,1239,13,9,117
22934,2005,xc,2005-11-05,5000,1255,70,9,3
22935,2005,xc,2005-09-07,3000,944,10,,56
22935,2005,xc,2005-09-17,5000,1550,99,,24
22935,2005,xc,2005-09-21,5000,1477,27,,113
86594,2006,xc,2006-08-30,5000,1404,,10,2841
86594,2006,xc,2006-09-06,5000,1322,24,10,1081
86594,2006,xc,2006-09-16,5000,1212.1,48,10,312
86594,2006,xc,2006-09-20,5000,1226,13,10,1082
86594,2006,xc,2006-09-27,5000,1201,13,10,519
86594,2006,xc,2006-09-30,5000,1133.4,12,10,381
86594,2006,xc,2006-10-11,5000,1106,2,10,1083
86594,2006,xc,2006-10-18,5000,1140,39,10,1084
86594,2006,xc,2006-10-26,5000,1122.2,22,10,1085
82753,2006,xc,2006-08-30,5000,1356,,,2841
82753,2006,xc,2006-09-06,5000,1298,15,,1081
82755,2006,xc,2006-08-30,5000,1300,,9,2841
82755,2006,xc,2006-09-06,5000,1294,17,9,1081
82755,2006,xc,2006-09-16,5000,1260.2,88,9,312
82755,2006,xc,2006-09-20,5000,1249,21,9,1082
82755,2006,xc,2006-09-27,5000,1182,8,9,519
82755,2006,xc,2006-09-30,5000,1227.7,69,9,381
82755,2006,xc,2006-10-11,5000,1195,22,9,1083
82755,2006,xc,2006-10-18,5000,1179,15,9,1084
82755,2006,xc,2006-10-26,5000,1143.3,32,9,1085
22937,2006,xc,2006-08-30,5000,1436,,11,2841
22937,2006,xc,2006-09-06,3000,915,9,11,1081
22937,2006,xc,2006-09-16,5000,1442.9,160,11,312
22937,2006,xc,2006-09-20,5000,1400,51,11,1082
22937,2006,xc,2006-09-27,5000,1443,59,11,519
22937,2006,xc,2006-09-30,5000,1318,98,11,381
22937,2006,xc,2006-10-11,5000,1405,79,11,1083
22937,2006,xc,2006-10-18,5000,1368,55,11,1084
22937,2006,xc,2006-10-26,5000,1355,99,11,1085
86595,2006,xc,2006-08-30,5000,1305,,9,2841
86595,2006,xc,2006-09-06,5000,1314,20,9,1081
86595,2006,xc,2006-09-16,5000,1254.5,82,9,312
86595,2006,xc,2006-09-20,5000,1252,22,9,1082
86595,2006,xc,2006-09-27,5000,1203,14,9,519
86595,2006,xc,2006-09-30,5000,1171.3,40,9,381
86595,2006,xc,2006-10-11,5000,1178,17,9,1083
86595,2006,xc,2006-10-18,5000,1150,8,9,1084
86595,2006,xc,2006-10-26,5000,1177.5,46,9,1085
22938,2006,xc,2006-08-30,5000,1081,,10,2841
22938,2006,xc,2006-09-06,5000,1141,20,10,1081
22938,2006,xc,2006-09-16,5000,1039.3,19,10,312
22938,2006,xc,2006-09-27,5000,1077,10,10,519
22938,2006,xc,2006-09-30,5000,1067.7,42,10,381
22938,2006,xc,2006-10-11,5000,1038,24,10,1083
22938,2006,xc,2006-10-18,5000,1047,18,10,1084
22938,2006,xc,2006-10-26,5000,1039.3,21,10,1085
1014,2006,xc,2006-08-30,5000,1172,,12,2841
1014,2006,xc,2006-09-06,5000,1214,31,12,1081
1014,2006,xc,2006-09-16,5000,1145.6,78,12,312
1014,2006,xc,2006-09-20,5000,1176,28,12,1082
1014,2006,xc,2006-09-27,5000,1131,27,12,519
1014,2006,xc,2006-09-30,5000,1110.1,5,12,381
1014,2006,xc,2006-10-11,5000,1117,53,12,1083
1014,2006,xc,2006-10-18,5000,1100,30,12,1084
1014,2006,xc,2006-10-26,5000,1121.2,21,12,1085
82758,2006,xc,2006-09-06,5000,1422,,9,1081
82758,2006,xc,2006-09-16,5000,1202.3,43,9,312
82758,2006,xc,2006-09-20,5000,1202,6,9,1082
82758,2006,xc,2006-09-27,5000,1179,6,9,519
82758,2006,xc,2006-09-30,5000,1137.6,15,9,381
82758,2006,xc,2006-10-26,5000,1137.9,31,9,1085
22940,2006,xc,2006-08-30,5000,1248,,10,2841
22940,2006,xc,2006-09-06,5000,1267,11,10,1081
22940,2006,xc,2006-09-16,5000,1185.4,34,10,312
22940,2006,xc,2006-09-20,5000,1202,5,10,1082
22940,2006,xc,2006-09-27,5000,1178,5,10,519
22940,2006,xc,2006-09-30,5000,1135.5,14,10,381
22940,2006,xc,2006-10-11,5000,1129,6,10,1083
22940,2006,xc,2006-10-18,5000,1133,6,10,1084
22940,2006,xc,2006-10-26,5000,1133.4,29,10,1085
23260,2006,xc,2006-08-30,5000,1339,,11,2841
23260,2006,xc,2006-09-06,5000,1338,28,11,1081
23260,2006,xc,2006-09-16,5000,1214.7,50,11,312
23260,2006,xc,2006-09-20,3000,900,4,11,1082
23260,2006,xc,2006-09-27,5000,1308,38,11,519
23260,2006,xc,2006-09-30,5000,1216.7,60,11,381
23260,2006,xc,2006-10-11,5000,1207,26,11,1083
23260,2006,xc,2006-10-18,5000,1164,11,11,1084
23260,2006,xc,2006-10-26,5000,1182.6,50,11,1085
1018,2006,xc,2006-08-30,5000,1418,,12,2841
1018,2006,xc,2006-09-06,5000,1424,42,12,1081
1018,2006,xc,2006-09-16,5000,1277.3,98,12,312
1018,2006,xc,2006-09-20,5000,1272,27,12,1082
1018,2006,xc,2006-09-27,5000,1261,23,12,519
1018,2006,xc,2006-09-30,5000,1245.2,81,12,381
1018,2006,xc,2006-10-11,5000,1225,32,12,1083
1018,2006,xc,2006-10-18,5000,1201,21,12,1084
1018,2006,xc,2006-10-26,5000,1188,58,12,1085
14340,2006,xc,2006-09-06,5000,1256,34,11,1081
14340,2006,xc,2006-09-16,5000,1159.6,83,11,312
14340,2006,xc,2006-09-20,5000,1172,27,11,1082
14340,2006,xc,2006-09-27,5000,1127,21,11,519
14340,2006,xc,2006-09-30,5000,1123.7,72,11,381
14340,2006,xc,2006-10-11,5000,1071,40,11,1083
14340,2006,xc,2006-10-18,5000,1067,23,11,1084
14340,2006,xc,2006-10-26,5000,1082.6,36,11,1085
22942,2006,xc,2006-08-30,5000,1173,,12,2841
22942,2006,xc,2006-09-06,5000,1211,30,12,1081
22942,2006,xc,2006-09-20,5000,1181,29,12,1082
22942,2006,xc,2006-09-27,5000,1130,25,12,519
22942,2006,xc,2006-09-30,5000,1104.8,62,12,381
22942,2006,xc,2006-10-11,5000,1071,42,12,1083
22942,2006,xc,2006-10-18,5000,1110,32,12,1084
22942,2006,xc,2006-10-26,5000,1119.6,41,12,1085
14355,2006,xc,2006-08-30,5000,1252,,11,2841
14355,2006,xc,2006-09-06,5000,1264,10,11,1081
14355,2006,xc,2006-09-16,5000,1199.4,41,11,312
14355,2006,xc,2006-09-20,5000,1172,1,11,1082
14355,2006,xc,2006-09-27,5000,1148,30,11,519
14355,2006,xc,2006-09-30,5000,1112.3,6,11,381
14355,2006,xc,2006-10-11,5000,1121,56,11,1083
14355,2006,xc,2006-10-18,5000,1133,38,11,1084
14355,2006,xc,2006-10-26,5000,1129.6,27,11,1085
22944,2006,xc,2006-09-06,5000,1171,24,12,1081
22944,2006,xc,2006-09-16,5000,1119.3,67,12,312
22944,2006,xc,2006-09-20,5000,1143,22,12,1082
22944,2006,xc,2006-09-27,5000,1126,20,12,519
22944,2006,xc,2006-09-30,5000,1109.6,65,12,381
22944,2006,xc,2006-10-11,5000,1064,35,12,1083
22944,2006,xc,2006-10-18,5000,1099,29,12,1084
22944,2006,xc,2006-10-26,5000,1061.8,29,12,1085
22945,2006,xc,2006-08-30,5000,1124,,10,2841
22945,2006,xc,2006-09-06,5000,1095,16,10,1081
22945,2006,xc,2006-09-16,5000,1075.3,39,10,312
22945,2006,xc,2006-09-20,5000,1100,15,10,1082
22945,2006,xc,2006-09-27,5000,1084,12,10,519
22945,2006,xc,2006-09-30,5000,1050.8,28,10,381
22945,2006,xc,2006-10-11,5000,1049,31,10,1083
22945,2006,xc,2006-10-18,5000,1054,20,10,1084
22945,2006,xc,2006-10-26,5000,1060.7,28,10,1085
22946,2006,xc,2006-08-30,5000,1413,,12,2841
22946,2006,xc,2006-09-06,5000,1386,38,12,1081
22946,2006,xc,2006-09-16,5000,1325.7,123,12,312
22946,2006,xc,2006-09-20,5000,1376,48,12,1082
22946,2006,xc,2006-09-27,5000,1362,46,12,519
22946,2006,xc,2006-09-30,5000,1321.9,99,12,381
22946,2006,xc,2006-10-11,5000,1314,63,12,1083
22946,2006,xc,2006-10-18,5000,1292,45,12,1084
22946,2006,xc,2006-10-26,5000,1316.6,94,12,1085
82764,2006,xc,2006-08-30,5000,1317,,9,2841
82764,2006,xc,2006-09-06,5000,1314,21,9,1081
82764,2006,xc,2006-09-16,5000,1247.5,77,9,312
82764,2006,xc,2006-09-20,5000,1241,18,9,1082
82764,2006,xc,2006-09-27,5000,1203,15,9,519
82764,2006,xc,2006-09-30,5000,1170.3,38,9,381
82764,2006,xc,2006-10-11,5000,1244,38,9,1083
82766,2006,xc,2006-08-30,5000,1496,,9,2841
82766,2006,xc,2006-09-06,3000,870,3,9,1081
82766,2006,xc,2006-09-16,5000,1249.3,79,9,312
82766,2006,xc,2006-09-20,5000,1254,23,9,1082
82766,2006,xc,2006-09-27,5000,1286,32,9,519
82766,2006,xc,2006-09-30,5000,1212.3,58,9,381
82766,2006,xc,2006-10-11,5000,1270,50,9,1083
82766,2006,xc,2006-10-18,5000,1217,28,9,1084
82766,2006,xc,2006-10-26,5000,1174.6,43,9,1085
82769,2006,xc,2006-08-30,5000,1409,,10,2841
82769,2006,xc,2006-09-06,5000,1424,43,10,1081
82769,2006,xc,2006-09-16,5000,1297.2,107,10,312
82769,2006,xc,2006-09-20,5000,1331,36,10,1082
82769,2006,xc,2006-09-27,5000,1300,36,10,519
82769,2006,xc,2006-09-30,5000,1257.9,83,10,381
22947,2006,xc,2006-08-30,5000,1066,,10,2841
22947,2006,xc,2006-09-06,5000,1073,9,10,1081
22947,2006,xc,2006-09-16,5000,1021.1,12,10,312
22947,2006,xc,2006-09-20,5000,1056,5,10,1082
22947,2006,xc,2006-09-27,5000,1049,3,10,519
22947,2006,xc,2006-09-30,5000,1033.5,17,10,381
22947,2006,xc,2006-10-11,5000,1008,11,10,1083
22947,2006,xc,2006-10-18,5000,1021,13,10,1084
22947,2006,xc,2006-10-26,5000,1012.3,10,10,1085
22947,2006,xc,2006-11-04,5000,1045,72,10,426
22948,2006,xc,2006-08-30,5000,1265,,11,2841
22948,2006,xc,2006-09-20,3000,769,1,11,1082
22948,2006,xc,2006-10-26,5000,1239,74,11,1085
82770,2006,xc,2006-09-06,5000,1278,,9,1081
82770,2006,xc,2006-09-16,5000,1165.1,28,9,312
82770,2006,xc,2006-09-20,5000,1198,32,9,1082
82770,2006,xc,2006-09-27,5000,1187,37,9,519
82770,2006,xc,2006-09-30,5000,1164.5,33,9,381
82770,2006,xc,2006-10-11,5000,1177,16,9,1083
82770,2006,xc,2006-10-18,5000,1129,4,9,1084
82770,2006,xc,2006-10-26,5000,1137.1,30,9,1085
16269,2006,xc,2006-09-06,5000,1075,10,12,1081
16269,2006,xc,2006-09-16,5000,1041.7,21,12,312
16269,2006,xc,2006-09-20,5000,1077,10,12,1082
16269,2006,xc,2006-09-27,5000,1069,7,12,519
16269,2006,xc,2006-09-30,5000,1060.6,33,12,381
16269,2006,xc,2006-10-11,5000,1025,20,12,1083
16269,2006,xc,2006-10-26,5000,1035.6,18,12,1085
91217,2006,xc,2006-09-06,5000,1367,32,11,1081
91217,2006,xc,2006-09-16,5000,1291.8,105,11,312
91217,2006,xc,2006-09-20,3000,783,2,11,1082
91217,2006,xc,2006-09-27,5000,1284,31,11,519
91217,2006,xc,2006-09-30,5000,1234,74,11,381
91217,2006,xc,2006-10-11,5000,1221,30,11,1083
91217,2006,xc,2006-10-18,5000,1183,17,11,1084
91217,2006,xc,2006-10-26,5000,1215.1,64,11,1085
22950,2006,xc,2006-09-06,3000,1011,17,11,1081
22950,2006,xc,2006-09-16,5000,1728.4,181,11,312
22950,2006,xc,2006-09-30,5000,1528.3,134,11,381
22950,2006,xc,2006-10-11,5000,1503,87,11,1083
22950,2006,xc,2006-10-18,5000,1372,57,11,1084
22950,2006,xc,2006-10-26,5000,1399.2,104,11,1085
93658,2006,xc,2006-09-16,5000,1353.8,131,9,312
93658,2006,xc,2006-09-27,5000,1382,50,9,519
93658,2006,xc,2006-09-30,5000,1327.2,100,9,381
93658,2006,xc,2006-10-18,5000,1346,52,9,1084
93658,2006,xc,2006-10-26,5000,1310.2,91,9,1085
14339,2006,xc,2006-08-30,5000,1251,,11,2841
14339,2006,xc,2006-09-06,5000,1312,19,11,1081
14339,2006,xc,2006-09-16,5000,1203.4,44,11,312
14339,2006,xc,2006-09-20,5000,1227,15,11,1082
14339,2006,xc,2006-09-27,5000,1199,11,11,519
14339,2006,xc,2006-09-30,5000,1138.5,17,11,381
14339,2006,xc,2006-10-11,5000,1160,9,11,1083
14339,2006,xc,2006-10-18,5000,1160,9,11,1084
14339,2006,xc,2006-10-26,5000,1149.8,35,11,1085
86596,2006,xc,2006-09-16,5000,1564.3,175,9,312
86596,2006,xc,2006-09-27,5000,1750,65,9,519
86596,2006,xc,2006-09-30,5000,1659.5,143,9,381
86596,2006,xc,2006-10-11,5000,1619,89,9,1083
86596,2006,xc,2006-10-18,5000,1444,61,9,1084
86596,2006,xc,2006-10-26,5000,1553.5,109,9,1085
14437,2006,xc,2006-08-30,5000,1435,,11,2841
14437,2006,xc,2006-09-06,5000,1456,5,11,1081
14437,2006,xc,2006-09-16,5000,1493.9,62,11,312
14437,2006,xc,2006-09-20,5000,1432,2,11,1082
14437,2006,xc,2006-09-27,5000,1415,2,11,519
14437,2006,xc,2006-09-30,5000,1368.7,7,11,381
14437,2006,xc,2006-10-11,5000,1362,2,11,1083
14437,2006,xc,2006-10-26,5000,1368.1,5,11,1085
82721,2006,xc,2006-08-30,5000,1575,,9,2841
82721,2006,xc,2006-09-06,3000,1140,27,9,1081
82721,2006,xc,2006-09-16,5000,1508.4,68,9,312
82721,2006,xc,2006-09-20,5000,1527,16,9,1082
82721,2006,xc,2006-09-27,5000,1636,28,9,519
82721,2006,xc,2006-09-30,5000,1513.2,24,9,381
82721,2006,xc,2006-10-11,5000,1534,29,9,1083
82721,2006,xc,2006-10-18,5000,1444,12,9,1084
82721,2006,xc,2006-10-26,5000,1418.2,16,9,1085
22931,2006,xc,2006-08-30,5000,1332,,10,2841
22931,2006,xc,2006-09-06,5000,1379,19,10,1081
22931,2006,xc,2006-09-16,5000,1295.7,53,10,312
22931,2006,xc,2006-09-20,5000,1348,20,10,1082
22931,2006,xc,2006-09-27,5000,1291,7,10,519
22931,2006,xc,2006-09-30,5000,1263.5,15,10,381
22931,2006,xc,2006-10-11,5000,1227,8,10,1083
22931,2006,xc,2006-10-26,5000,1251.6,18,10,1085
82722,2006,xc,2006-09-16,5000,1495.8,63,11,312
82722,2006,xc,2006-09-20,5000,1468,6,11,1082
82722,2006,xc,2006-09-27,5000,1495,8,11,519
82723,2006,xc,2006-08-30,5000,1435,,9,2841
82723,2006,xc,2006-09-06,5000,1423,2,9,1081
82723,2006,xc,2006-09-16,5000,1369.3,25,9,312
82723,2006,xc,2006-10-26,5000,1385.5,10,9,1085
14434,2006,xc,2006-09-16,5000,1360.8,23,11,312
14434,2006,xc,2006-09-20,5000,1348,21,11,1082
14434,2006,xc,2006-09-27,5000,1388,20,11,519
14434,2006,xc,2006-09-30,5000,1288.3,1,11,381
14434,2006,xc,2006-10-11,5000,1237,11,11,1083
14434,2006,xc,2006-10-18,5000,1240,11,11,1084
14434,2006,xc,2006-10-26,5000,1213.7,12,11,1085
14434,2006,xc,2006-11-04,5000,1233,52,11,426
82724,2006,xc,2006-08-30,5000,1656,,9,2841
82724,2006,xc,2006-09-06,3000,1081,24,9,1081
82724,2006,xc,2006-09-16,5000,1593.5,92,9,312
82724,2006,xc,2006-09-20,5000,1565,20,9,1082
82724,2006,xc,2006-09-27,5000,1607,23,9,519
82724,2006,xc,2006-09-30,5000,1503,22,9,381
82724,2006,xc,2006-10-11,5000,1459,14,9,1083
82724,2006,xc,2006-10-18,5000,1417,7,9,1084
82724,2006,xc,2006-10-26,5000,1403.4,12,9,1085
82726,2006,xc,2006-09-20,3000,931,2,10,1082
82726,2006,xc,2006-10-11,5000,1564,31,10,1083
82726,2006,xc,2006-10-26,5000,1557,40,10,1085
14433,2006,xc,2006-09-06,5000,1256,2,11,1081
14433,2006,xc,2006-09-16,5000,1203.2,15,11,312
14433,2006,xc,2006-09-20,5000,1239,2,11,1082
14433,2006,xc,2006-09-27,5000,1234,3,11,519
14433,2006,xc,2006-09-30,5000,1189.9,5,11,381
14433,2006,xc,2006-10-11,5000,1213,4,11,1083
14433,2006,xc,2006-10-26,5000,1182.2,6,11,1085
14433,2006,xc,2006-11-04,5000,1199,28,11,426
82728,2006,xc,2006-08-30,5000,1520,,10,2841
82728,2006,xc,2006-09-06,5000,1595,15,10,1081
82728,2006,xc,2006-09-16,5000,1474.6,53,10,312
82728,2006,xc,2006-09-20,5000,1487,11,10,1082
82728,2006,xc,2006-09-27,5000,1538,15,10,519
82728,2006,xc,2006-09-30,5000,1453.9,15,10,381
82728,2006,xc,2006-10-11,5000,1420,6,10,1083
82728,2006,xc,2006-10-18,5000,1381,3,10,1084
82728,2006,xc,2006-10-26,5000,1371,6,10,1085
23262,2006,xc,2006-08-30,5000,1319,,10,2841
23262,2006,xc,2006-09-16,5000,1312.6,63,10,312
23262,2006,xc,2006-09-20,5000,1409,1,10,1082
23262,2006,xc,2006-09-27,5000,1351,16,10,519
23262,2006,xc,2006-09-30,5000,1301.1,2,10,381
23262,2006,xc,2006-10-11,5000,1292,23,10,1083
23262,2006,xc,2006-10-26,5000,1310.2,2,10,1085
960,2006,xc,2006-08-30,5000,1285,,12,2841
960,2006,xc,2006-09-06,5000,1326,11,12,1081
960,2006,xc,2006-09-16,5000,1268,39,12,312
960,2006,xc,2006-09-20,5000,1287,10,12,1082
960,2006,xc,2006-09-27,5000,1262,5,12,519
960,2006,xc,2006-09-30,5000,1264.2,17,12,381
960,2006,xc,2006-10-11,5000,1220,6,12,1083
960,2006,xc,2006-10-18,5000,1216,8,12,1084
960,2006,xc,2006-10-26,5000,1215.6,13,12,1085
960,2006,xc,2006-11-04,5000,1249,66,12,426
82729,2006,xc,2006-09-06,3000,1168,32,10,1081
82729,2006,xc,2006-09-16,5000,1890.7,139,10,312
82729,2006,xc,2006-09-20,3000,1116,9,10,1082
82729,2006,xc,2006-09-30,5000,1941.8,81,10,381
82729,2006,xc,2006-10-11,5000,1830,74,10,1083
82729,2006,xc,2006-10-18,5000,1689,40,10,1084
82729,2006,xc,2006-10-26,5000,1741.9,56,10,1085
82734,2006,xc,2006-09-06,3000,1144,29,10,1081
82734,2006,xc,2006-09-16,5000,1730.9,122,10,312
82734,2006,xc,2006-09-20,3000,959,4,10,1082
82734,2006,xc,2006-09-27,5000,1800,32,10,519
82734,2006,xc,2006-09-30,5000,1537.4,28,10,381
82734,2006,xc,2006-10-11,5000,1666,56,10,1083
82737,2006,xc,2006-09-06,3000,1175,33,9,1081
82737,2006,xc,2006-09-16,5000,1784.2,133,9,312
82737,2006,xc,2006-10-26,5000,1675.9,51,9,1085
93644,2006,xc,2006-09-16,5000,1640.6,109,9,312
93644,2006,xc,2006-09-20,3000,1021,6,9,1082
93644,2006,xc,2006-09-27,5000,1642,30,9,519
93644,2006,xc,2006-09-30,5000,1542,31,9,381
93644,2006,xc,2006-10-11,5000,1508,25,9,1083
93644,2006,xc,2006-10-18,5000,1460,17,9,1084
93644,2006,xc,2006-10-26,5000,1468,23,9,1085
23261,2006,xc,2006-08-30,5000,1532,,10,2841
23261,2006,xc,2006-09-16,5000,1496.8,64,10,312
23261,2006,xc,2006-09-20,5000,1491,13,10,1082
23261,2006,xc,2006-09-27,5000,1507,12,10,519
23261,2006,xc,2006-09-30,5000,1457.7,16,10,381
23261,2006,xc,2006-10-18,5000,1433,10,10,1084
23261,2006,xc,2006-10-26,5000,1472.7,24,10,1085
82741,2006,xc,2006-08-30,5000,1319,,10,2841
82741,2006,xc,2006-09-16,5000,1319.7,6,10,312
82741,2006,xc,2006-09-20,5000,1351,22,10,1082
82741,2006,xc,2006-09-27,5000,1415,1,10,519
82741,2006,xc,2006-09-30,5000,1316.7,4,10,381
82741,2006,xc,2006-10-11,5000,1328,1,10,1083
82741,2006,xc,2006-10-18,5000,1344,1,10,1084
82741,2006,xc,2006-10-26,5000,1318.8,3,10,1085
16235,2006,xc,2006-08-30,5000,1272,,11,2841
16235,2006,xc,2006-09-06,5000,1303,6,11,1081
16235,2006,xc,2006-09-16,5000,1274.3,42,11,312
16235,2006,xc,2006-09-20,5000,1259,6,11,1082
16235,2006,xc,2006-09-27,5000,1293,8,11,519
16235,2006,xc,2006-09-30,5000,1222.3,11,11,381
16235,2006,xc,2006-10-11,5000,1219,5,11,1083
16235,2006,xc,2006-10-18,5000,1205,6,11,1084
16235,2006,xc,2006-11-04,5000,1244,57,11,426
86592,2006,xc,2006-09-06,3000,1182,34,9,1081
86592,2006,xc,2006-09-16,5000,1781.4,132,9,312
86592,2006,xc,2006-09-20,3000,1023,7,9,1082
86592,2006,xc,2006-09-30,5000,1723,61,9,381
86592,2006,xc,2006-10-11,5000,1700,60,9,1083
14428,2006,xc,2006-08-30,5000,1346,,11,2841
14428,2006,xc,2006-09-06,5000,1415,22,11,1081
14428,2006,xc,2006-09-16,5000,1354,20,11,312
14428,2006,xc,2006-09-20,5000,1407,28,11,1082
14428,2006,xc,2006-09-27,5000,1415,3,11,519
14428,2006,xc,2006-09-30,5000,1348.8,5,11,381
14428,2006,xc,2006-10-18,5000,1344,2,11,1084
14428,2006,xc,2006-10-26,5000,1343.9,4,11,1085
82746,2006,xc,2006-08-30,5000,1319,,9,2841
82746,2006,xc,2006-09-06,5000,1385,21,9,1081
82746,2006,xc,2006-09-16,5000,1303.8,5,9,312
82746,2006,xc,2006-09-20,5000,1309,13,9,1082
82746,2006,xc,2006-09-30,5000,1315,3,9,381
82746,2006,xc,2006-10-11,5000,1267,18,9,1083
82746,2006,xc,2006-10-18,5000,1252,13,9,1084
82746,2006,xc,2006-10-26,5000,1264.6,1,9,1085
22933,2006,xc,2006-08-30,5000,1253,,11,2841
22933,2006,xc,2006-09-06,5000,1273,4,11,1081
22933,2006,xc,2006-09-16,5000,1224.2,22,11,312
22933,2006,xc,2006-09-20,5000,1253,5,11,1082
22933,2006,xc,2006-09-27,5000,1260,4,11,519
22933,2006,xc,2006-09-30,5000,1279.6,24,11,381
22933,2006,xc,2006-10-18,5000,1194,4,11,1084
22933,2006,xc,2006-10-26,5000,1184.8,8,11,1085
22933,2006,xc,2006-11-04,5000,1216,39,11,426
22934,2006,xc,2006-08-30,5000,1404,,10,2841
22934,2006,xc,2006-09-06,5000,1423,3,10,1081
22934,2006,xc,2006-09-16,5000,1291.7,3,10,312
22934,2006,xc,2006-09-20,5000,1308,12,10,1082
22934,2006,xc,2006-09-27,5000,1279,6,10,519
22934,2006,xc,2006-09-30,5000,1265.1,19,10,381
22934,2006,xc,2006-10-11,5000,1221,7,10,1083
22934,2006,xc,2006-10-18,5000,1207,7,10,1084
22934,2006,xc,2006-10-26,5000,1222.9,14,10,1085
22934,2006,xc,2006-11-04,5000,1206,32,10,426
82748,2006,xc,2006-08-30,5000,1298,,9,2841
82748,2006,xc,2006-09-06,5000,1319,9,9,1081
82748,2006,xc,2006-09-16,5000,1198,12,9,312
82748,2006,xc,2006-09-20,5000,1241,4,9,1082
82748,2006,xc,2006-09-27,5000,1227,2,9,519
82748,2006,xc,2006-09-30,5000,1193.4,6,9,381
82748,2006,xc,2006-10-11,5000,1200,2,9,1083
82748,2006,xc,2006-10-18,5000,1183,2,9,1084
82748,2006,xc,2006-10-26,5000,1161.8,3,9,1085
82748,2006,xc,2006-11-04,5000,1182,17,9,426
237616,2007,xc,2007-09-05,5000,1343,18,12,4596
237616,2007,xc,2007-09-12,5000,1379,49,12,7052
237616,2007,xc,2007-09-15,3218,848,53,12,3935
237616,2007,xc,2007-10-03,5000,1263,54,12,4262
237616,2007,xc,2007-10-17,5000,1234,22,12,4600
237616,2007,xc,2007-10-25,5000,1310.1,87,12,4601
237620,2007,xc,2007-09-05,3200,938,28,9,4596
237620,2007,xc,2007-09-12,5000,1484,63,9,7052
237620,2007,xc,2007-09-15,3218,877,69,9,3935
237620,2007,xc,2007-09-19,5000,1455.7,65,9,4598
237620,2007,xc,2007-10-03,5000,1392,77,9,4262
237620,2007,xc,2007-10-06,5000,1336.4,130,9,4160
237620,2007,xc,2007-10-10,5000,1529,26,9,4599
237620,2007,xc,2007-10-17,5000,1365,34,9,4600
237620,2007,xc,2007-10-25,5000,1319.4,90,9,4601
237621,2007,xc,2007-09-12,5000,1392,53,9,7052
237621,2007,xc,2007-09-15,3218,833,42,9,3935
237621,2007,xc,2007-09-19,5000,1445.2,,9,4598
237621,2007,xc,2007-10-03,5000,1285,59,9,4262
237621,2007,xc,2007-10-06,5000,1227.9,77,9,4160
237621,2007,xc,2007-10-10,5000,1497.7,23,9,4599
237621,2007,xc,2007-10-25,5000,1274.1,78,9,4601
86594,2007,xc,2007-09-05,5000,1142,25,11,4596
86594,2007,xc,2007-09-12,5000,1098,20,11,7052
86594,2007,xc,2007-09-15,5000,1093,92,11,3935
86594,2007,xc,2007-09-19,5000,1119.1,22,11,4598
86594,2007,xc,2007-10-03,5000,1162,37,11,4262
86594,2007,xc,2007-10-06,5000,1080.4,2,11,4160
86594,2007,xc,2007-10-10,5000,1301,17,11,4599
86594,2007,xc,2007-10-25,5000,1088,1,11,4601
82755,2007,xc,2007-09-05,5000,1207,4,10,4596
82755,2007,xc,2007-09-12,5000,1168,4,10,7052
82755,2007,xc,2007-09-15,5000,1151,125,10,3935
86595,2007,xc,2007-09-05,5000,1130,21,10,4596
86595,2007,xc,2007-09-12,5000,1126,25,10,7052
86595,2007,xc,2007-09-15,5000,1097,95,10,3935
86595,2007,xc,2007-09-19,5000,1122.8,24,10,4598
86595,2007,xc,2007-10-03,5000,1083,26,10,4262
86595,2007,xc,2007-10-06,5000,1081,64,10,4160
86595,2007,xc,2007-10-10,5000,1241.2,13,10,4599
86595,2007,xc,2007-10-17,5000,1076,14,10,4600
86595,2007,xc,2007-10-25,5000,1113.2,39,10,4601
22938,2007,xc,2007-09-05,5000,1096,14,11,4596
22938,2007,xc,2007-09-12,5000,1033,10,11,7052
22938,2007,xc,2007-09-15,5000,1024,41,11,3935
22938,2007,xc,2007-09-19,5000,1035.2,8,11,4598
22938,2007,xc,2007-10-03,5000,1035,14,11,4262
22938,2007,xc,2007-10-06,5000,1015.3,24,11,4160
22938,2007,xc,2007-10-10,5000,1166,7,11,4599
22938,2007,xc,2007-10-17,5000,1037,5,11,4600
22938,2007,xc,2007-10-25,5000,1043,20,11,4601
237622,2007,xc,2007-09-05,5000,1352,20,9,4596
237622,2007,xc,2007-09-12,5000,1293,31,9,7052
237622,2007,xc,2007-09-15,5000,1227,64,9,3935
237622,2007,xc,2007-09-19,5000,1255.8,24,9,4598
237622,2007,xc,2007-10-03,5000,1231,38,9,4262
237622,2007,xc,2007-10-06,5000,1214.7,66,9,4160
237622,2007,xc,2007-10-10,5000,1425,17,9,4599
237622,2007,xc,2007-10-17,5000,1194,12,9,4600
237622,2007,xc,2007-10-25,5000,1218.9,60,9,4601
244984,2007,xc,2007-09-05,3200,815,5,9,4596
244984,2007,xc,2007-09-12,5000,1228,17,9,7052
244984,2007,xc,2007-09-15,5000,1227,65,9,3935
244984,2007,xc,2007-09-19,5000,1254,23,9,4598
244984,2007,xc,2007-10-03,5000,1196,22,9,4262
244984,2007,xc,2007-10-06,5000,1192,49,9,4160
244984,2007,xc,2007-10-10,5000,1395,16,9,4599
244984,2007,xc,2007-10-17,5000,1199,13,9,4600
244984,2007,xc,2007-10-25,5000,1224.3,63,9,4601
237623,2007,xc,2007-09-12,5000,1172,6,11,7052
237623,2007,xc,2007-09-15,5000,1139,32,11,3935
237623,2007,xc,2007-09-19,5000,1175.9,37,11,4598
237623,2007,xc,2007-10-03,5000,1127,3,11,4262
237623,2007,xc,2007-10-06,5000,1118.7,95,11,4160
237623,2007,xc,2007-10-10,5000,1361,10,11,4599
237623,2007,xc,2007-10-17,5000,1141,2,11,4600
237623,2007,xc,2007-10-25,5000,1149.9,23,11,4601
82758,2007,xc,2007-09-05,5000,1202,2,10,4596
82758,2007,xc,2007-09-12,5000,1160,3,10,7052
82758,2007,xc,2007-09-15,5000,1129,115,10,3935
82758,2007,xc,2007-09-19,5000,1133.2,27,10,4598
82758,2007,xc,2007-10-03,5000,1119,34,10,4262
82758,2007,xc,2007-10-06,5000,1083.9,3,10,4160
82758,2007,xc,2007-10-10,5000,1269,15,10,4599
82758,2007,xc,2007-10-17,5000,1099,17,10,4600
82758,2007,xc,2007-10-25,5000,1102.6,37,10,4601
237618,2007,xc,2007-09-05,3200,909,19,9,4596
237618,2007,xc,2007-09-12,5000,1398,54,9,7052
237618,2007,xc,2007-09-15,3218,857,62,9,3935
237618,2007,xc,2007-10-03,5000,1293,61,9,4262
237618,2007,xc,2007-10-06,5000,1284,112,9,4160
237618,2007,xc,2007-10-10,5000,1503,24,9,4599
237618,2007,xc,2007-10-17,5000,1285,29,9,4600
237618,2007,xc,2007-10-25,5000,1278.7,82,9,4601
22940,2007,xc,2007-09-12,5000,1205,11,11,7052
22940,2007,xc,2007-09-15,5000,1139,33,11,3935
22940,2007,xc,2007-09-19,5000,1166.9,36,11,4598
22940,2007,xc,2007-10-03,5000,1166,38,11,4262
22940,2007,xc,2007-10-06,5000,1118,11,11,4160
22940,2007,xc,2007-10-10,5000,1310,5,11,4599
22940,2007,xc,2007-10-17,5000,1130,24,11,4600
22940,2007,xc,2007-10-25,5000,1132.9,14,11,4601
23260,2007,xc,2007-09-15,3218,784,17,11,3935
23260,2007,xc,2007-09-19,5000,1258.9,26,11,4598
23260,2007,xc,2007-10-03,5000,1229,37,11,4262
23260,2007,xc,2007-10-06,5000,1138.5,18,11,4160
23260,2007,xc,2007-10-10,5000,1363,11,11,4599
23260,2007,xc,2007-10-17,5000,1142,4,11,4600
23260,2007,xc,2007-10-25,5000,1177.7,38,11,4601
237617,2007,xc,2007-09-05,3200,886,16,10,4596
237617,2007,xc,2007-09-12,5000,1418,57,10,7052
237617,2007,xc,2007-09-15,5000,1377,95,10,3935
237617,2007,xc,2007-10-03,5000,1291,60,10,4262
237617,2007,xc,2007-10-06,5000,1292.4,115,10,4160
237617,2007,xc,2007-10-10,5000,1525,25,10,4599
237617,2007,xc,2007-10-17,5000,1278,27,10,4600
237617,2007,xc,2007-10-25,5000,1305.2,84,10,4601
14340,2007,xc,2007-09-05,5000,1184,34,12,4596
14340,2007,xc,2007-09-12,5000,1183,35,12,7052
14340,2007,xc,2007-09-15,5000,1082,2,12,3935
14340,2007,xc,2007-09-19,5000,1166.9,35,12,4598
14340,2007,xc,2007-10-03,5000,1101,32,12,4262
14340,2007,xc,2007-10-06,5000,1079.7,62,12,4160
14340,2007,xc,2007-10-10,5000,1229,12,12,4599
14340,2007,xc,2007-10-17,5000,1068,12,12,4600
14340,2007,xc,2007-10-25,5000,1096.7,35,12,4601
14355,2007,xc,2007-09-05,5000,1191,40,12,4596
14355,2007,xc,2007-09-12,5000,1152,28,12,7052
14355,2007,xc,2007-09-15,5000,1160,127,12,3935
14355,2007,xc,2007-10-03,5000,1136,36,12,4262
14355,2007,xc,2007-10-06,5000,1109.5,8,12,4160
14355,2007,xc,2007-10-10,5000,1322,18,12,4599
14355,2007,xc,2007-10-17,5000,1150,26,12,4600
14355,2007,xc,2007-10-25,5000,1127.7,12,12,4601
240401,2007,xc,2007-09-05,3200,1154,70,11,4596
240401,2007,xc,2007-09-12,5000,1811,82,11,7052
240401,2007,xc,2007-09-19,5000,1689.7,88,11,4598
240401,2007,xc,2007-10-03,5000,1765,96,11,4262
22945,2007,xc,2007-09-05,5000,1025,7,11,4596
22945,2007,xc,2007-09-12,5000,1002,6,11,7052
22945,2007,xc,2007-09-15,5000,1000,23,11,3935
22945,2007,xc,2007-09-19,5000,1027.1,6,11,4598
22945,2007,xc,2007-10-03,5000,1004,7,11,4262
22945,2007,xc,2007-10-06,5000,983.7,10,11,4160
22945,2007,xc,2007-10-10,5000,1147,3,11,4599
22945,2007,xc,2007-10-17,5000,993,2,11,4600
22945,2007,xc,2007-10-25,5000,1000.2,3,11,4601
22945,2007,xc,2007-11-03,5000,1027,65,11,4244
256404,2007,xc,2007-09-15,3218,848.8,53,11,3935
256404,2007,xc,2007-09-19,5000,1423.1,58,11,4598
256404,2007,xc,2007-10-06,5000,1385.5,140,11,4160
256404,2007,xc,2007-10-10,5000,1666,35,11,4599
256404,2007,xc,2007-10-17,5000,1337,,11,4600
256404,2007,xc,2007-10-25,5000,1330.4,93,11,4601
82766,2007,xc,2007-09-05,5000,1186,35,10,4596
82766,2007,xc,2007-09-12,5000,1129,26,10,7052
82766,2007,xc,2007-09-15,5000,1118,111,10,3935
82766,2007,xc,2007-09-19,5000,1152.5,30,10,4598
82766,2007,xc,2007-10-03,5000,1078,25,10,4262
82766,2007,xc,2007-10-06,5000,1080,63,10,4160
82766,2007,xc,2007-10-10,5000,1282,16,10,4599
82766,2007,xc,2007-10-17,5000,1072,13,10,4600
82766,2007,xc,2007-10-25,5000,1081,26,10,4601
22947,2007,xc,2007-09-05,5000,1023,5,11,4596
22947,2007,xc,2007-09-12,5000,998,4,11,7052
22947,2007,xc,2007-09-15,5000,984,13,11,3935
22947,2007,xc,2007-09-19,5000,1022.3,4,11,4598
22947,2007,xc,2007-10-03,5000,995,3,11,4262
22947,2007,xc,2007-10-06,5000,980.4,8,11,4160
22947,2007,xc,2007-10-10,5000,1109,1,11,4599
22947,2007,xc,2007-10-17,5000,992,1,11,4600
22947,2007,xc,2007-10-25,5000,994,2,11,4601
22947,2007,xc,2007-11-03,5000,999,28,11,4244
22948,2007,xc,2007-09-05,5000,1229,47,12,4596
22948,2007,xc,2007-09-12,5000,1194,10,12,7052
22948,2007,xc,2007-09-15,5000,1509,101,12,3935
22948,2007,xc,2007-09-19,5000,1236.9,16,12,4598
82770,2007,xc,2007-09-05,5000,1262,51,10,4596
82770,2007,xc,2007-09-12,5000,1186,7,10,7052
82770,2007,xc,2007-09-15,5000,1134,25,10,3935
82770,2007,xc,2007-09-19,5000,1196.8,38,10,4598
82770,2007,xc,2007-10-03,5000,1158,,10,4262
82770,2007,xc,2007-10-06,5000,1128.4,13,10,4160
82770,2007,xc,2007-10-10,5000,1351,8,10,4599
82770,2007,xc,2007-10-17,5000,1120,1,10,4600
82770,2007,xc,2007-10-25,5000,1180.2,39,10,4601
257177,2007,xc,2007-09-12,5000,1418,58,9,7052
257177,2007,xc,2007-09-15,5000,1509.4,101,9,3935
257177,2007,xc,2007-09-19,5000,1465.3,67,9,4598
257177,2007,xc,2007-10-03,5000,1486,85,9,4262
257177,2007,xc,2007-10-06,5000,1273.6,101,9,4160
257177,2007,xc,2007-10-10,5000,1704,36,9,4599
257177,2007,xc,2007-10-17,5000,1444,36,9,4600
257177,2007,xc,2007-10-25,5000,1506.8,109,9,4601
22950,2007,xc,2007-09-05,5000,1533,43,12,4596
22950,2007,xc,2007-09-12,5000,1490,65,12,7052
22950,2007,xc,2007-09-15,5000,1586,102,12,3935
22950,2007,xc,2007-09-19,5000,1573.4,75,12,4598
22950,2007,xc,2007-10-03,5000,1410,81,12,4262
22950,2007,xc,2007-10-06,5000,1373.1,137,12,4160
22950,2007,xc,2007-10-10,5000,1764,37,12,4599
22950,2007,xc,2007-10-17,5000,1313,31,12,4600
22950,2007,xc,2007-10-25,5000,1414,102,12,4601
237619,2007,xc,2007-09-05,3200,865,15,9,4596
237619,2007,xc,2007-09-12,5000,1367,44,9,7052
237619,2007,xc,2007-09-15,3218,850,57,9,3935
237619,2007,xc,2007-09-19,5000,1350.9,46,9,4598
237619,2007,xc,2007-10-03,5000,1278,58,9,4262
237619,2007,xc,2007-10-06,5000,1277,105,9,4160
237619,2007,xc,2007-10-10,5000,1575,29,9,4599
237619,2007,xc,2007-10-17,5000,1276,26,9,4600
237619,2007,xc,2007-10-25,5000,1266,76,9,4601
93658,2007,xc,2007-09-05,5000,1357,23,10,4596
93658,2007,xc,2007-09-12,5000,1252,19,10,7052
93658,2007,xc,2007-09-15,5000,1221,57,10,3935
93658,2007,xc,2007-09-19,5000,1234.6,14,10,4598
93658,2007,xc,2007-10-03,5000,1193,20,10,4262
93658,2007,xc,2007-10-06,5000,1180.4,42,10,4160
93658,2007,xc,2007-10-10,5000,1355,9,10,4599
93658,2007,xc,2007-10-17,5000,1187,9,10,4600
93658,2007,xc,2007-10-25,5000,1172.8,34,10,4601
237615,2007,xc,2007-09-05,5000,1368,27,9,4596
237615,2007,xc,2007-09-12,5000,1262,25,9,7052
237615,2007,xc,2007-09-15,5000,1229,67,9,3935
237615,2007,xc,2007-09-19,5000,1292.9,35,9,4598
237615,2007,xc,2007-10-03,5000,1232,40,9,4262
237615,2007,xc,2007-10-06,5000,1212.7,65,9,4160
237615,2007,xc,2007-10-10,5000,1479,21,9,4599
237615,2007,xc,2007-10-17,5000,1225,18,9,4600
237615,2007,xc,2007-10-25,5000,1233.1,66,9,4601
14339,2007,xc,2007-09-05,5000,1353,21,12,4596
14339,2007,xc,2007-09-15,5000,1216,55,12,3935
14339,2007,xc,2007-09-19,5000,1235.8,15,12,4598
14339,2007,xc,2007-10-03,5000,1184,15,12,4262
14339,2007,xc,2007-10-06,5000,1186.3,44,12,4160
14339,2007,xc,2007-10-10,5000,1445,19,12,4599
14339,2007,xc,2007-10-17,5000,1184,8,12,4600
14339,2007,xc,2007-10-25,5000,1206.1,52,12,4601
237627,2007,xc,2007-09-05,3200,947,33,9,4596
237627,2007,xc,2007-09-15,3218,856,61,9,3935
237627,2007,xc,2007-09-19,5000,1360.5,52,9,4598
237627,2007,xc,2007-10-03,5000,1317,63,9,4262
237627,2007,xc,2007-10-06,5000,1275.8,103,9,4160
237627,2007,xc,2007-10-10,5000,1497.1,22,9,4599
237627,2007,xc,2007-10-17,5000,1231,21,9,4600
238523,2007,xc,2007-09-05,3200,991,45,9,4596
238523,2007,xc,2007-09-12,5000,1438,3,9,7052
238523,2007,xc,2007-09-15,5000,1344,7,9,3935
238523,2007,xc,2007-09-19,5000,1355.5,16,9,4598
238523,2007,xc,2007-10-25,5000,1357.3,2,9,4601
14437,2007,xc,2007-09-05,5000,1387,1,12,4596
14437,2007,xc,2007-09-12,5000,1380,22,12,7052
14437,2007,xc,2007-09-15,5000,1357,81,12,3935
14437,2007,xc,2007-09-19,5000,1414.7,5,12,4598
14437,2007,xc,2007-10-03,5000,1420,11,12,4262
14437,2007,xc,2007-10-06,5000,1399.4,21,12,4160
14437,2007,xc,2007-10-10,5000,1694,12,12,4599
14437,2007,xc,2007-10-17,5000,1407,8,12,4600
14437,2007,xc,2007-10-25,5000,1391.2,13,12,4601
82721,2007,xc,2007-09-05,5000,1421,4,10,4596
82721,2007,xc,2007-09-12,5000,1378,20,10,7052
82721,2007,xc,2007-09-15,5000,1344,77,10,3935
82721,2007,xc,2007-09-19,5000,1377.6,22,10,4598
82721,2007,xc,2007-10-03,5000,1328,23,10,4262
82721,2007,xc,2007-10-06,5000,1298.9,54,10,4160
82721,2007,xc,2007-10-10,5000,1504,7,10,4599
82721,2007,xc,2007-10-17,5000,1300,17,10,4600
82721,2007,xc,2007-10-25,5000,1298.3,15,10,4601
82721,2007,xc,2007-11-03,5000,1317,110,10,4244
22931,2007,xc,2007-09-05,5000,1301,15,11,4596
22931,2007,xc,2007-09-12,5000,1261,6,11,7052
22931,2007,xc,2007-09-15,5000,1262,47,11,3935
22931,2007,xc,2007-09-19,5000,1247.1,7,11,4598
22931,2007,xc,2007-10-03,5000,1206,7,11,4262
22931,2007,xc,2007-10-06,5000,1183.3,10,11,4160
22931,2007,xc,2007-10-10,5000,1417,3,11,4599
22931,2007,xc,2007-10-17,5000,1211,6,11,4600
22931,2007,xc,2007-10-25,5000,1303.9,18,11,4601
22931,2007,xc,2007-11-03,5000,1280,87,11,4244
82723,2007,xc,2007-09-05,5000,1447,5,10,4596
82723,2007,xc,2007-09-12,5000,1422,2,10,7052
82723,2007,xc,2007-09-15,5000,1375,13,10,3935
82723,2007,xc,2007-09-19,5000,1400.4,4,10,4598
82723,2007,xc,2007-10-03,5000,1343,2,10,4262
82723,2007,xc,2007-10-06,5000,1360.1,10,10,4160
82723,2007,xc,2007-10-10,5000,1587,3,10,4599
82723,2007,xc,2007-10-17,5000,1366,3,10,4600
82723,2007,xc,2007-10-25,5000,1368.8,6,10,4601
14434,2007,xc,2007-09-05,5000,1352,21,12,4596
14434,2007,xc,2007-09-12,5000,1333,15,12,7052
14434,2007,xc,2007-09-15,5000,1303,60,12,3935
14434,2007,xc,2007-09-19,5000,1381.9,23,12,4598
242662,2007,xc,2007-09-05,3200,960,37,9,4596
242662,2007,xc,2007-09-12,5000,1475,8,9,7052
242662,2007,xc,2007-09-15,5000,1425,27,9,3935
242662,2007,xc,2007-09-19,5000,1392.9,1,9,4598
242662,2007,xc,2007-10-03,5000,1333,25,9,4262
242662,2007,xc,2007-10-06,5000,1322.5,60,9,4160
242662,2007,xc,2007-10-10,5000,1528,11,9,4599
242662,2007,xc,2007-10-17,5000,1329,20,9,4600
242662,2007,xc,2007-10-25,5000,1358.3,3,9,4601
82724,2007,xc,2007-09-05,5000,1483,7,10,4596
82724,2007,xc,2007-09-12,5000,1464,5,10,7052
82724,2007,xc,2007-09-15,5000,1419,25,10,3935
82724,2007,xc,2007-09-19,5000,1443.3,7,10,4598
82724,2007,xc,2007-10-03,5000,1382,7,10,4262
82724,2007,xc,2007-10-06,5000,1392.4,19,10,4160
82724,2007,xc,2007-10-10,5000,1588,4,10,4599
82724,2007,xc,2007-10-17,5000,1366,2,10,4600
82724,2007,xc,2007-10-25,5000,1390.9,12,10,4601
14433,2007,xc,2007-09-05,5000,1287,10,12,4596
14433,2007,xc,2007-09-12,5000,1283,10,12,7052
14433,2007,xc,2007-09-15,5000,1220,28,12,3935
14433,2007,xc,2007-09-19,5000,1272.9,10,12,4598
14433,2007,xc,2007-10-03,5000,1215,8,12,4262
14433,2007,xc,2007-10-06,5000,1215,20,12,4160
14433,2007,xc,2007-10-17,5000,1242,11,12,4600
14433,2007,xc,2007-10-25,5000,1231.9,10,12,4601
14433,2007,xc,2007-11-03,5000,1231,55,12,4244
82728,2007,xc,2007-09-12,5000,1530,16,11,7052
82728,2007,xc,2007-09-15,5000,1473,47,11,3935
82728,2007,xc,2007-09-19,5000,1452.4,9,11,4598
82728,2007,xc,2007-10-03,5000,1384,8,11,4262
82728,2007,xc,2007-10-06,5000,1371.8,14,11,4160
82728,2007,xc,2007-10-10,5000,1631,7,11,4599
82728,2007,xc,2007-10-17,5000,1406,7,11,4600
82728,2007,xc,2007-10-25,5000,1438.4,25,11,4601
116386,2007,xc,2007-09-05,3200,1203,75,10,4596
116386,2007,xc,2007-09-12,5000,1962,55,10,7052
116386,2007,xc,2007-09-15,3218,1086,79,10,3935
116386,2007,xc,2007-09-19,5000,1890.6,64,10,4598
116386,2007,xc,2007-10-03,5000,1723,50,10,4262
116386,2007,xc,2007-10-06,5000,1793.9,89,10,4160
116386,2007,xc,2007-10-25,5000,1785.1,71,10,4601
244113,2007,xc,2007-09-05,3200,1218,77,10,4596
244113,2007,xc,2007-09-12,5000,1781,44,10,7052
244113,2007,xc,2007-09-19,5000,1637.3,41,10,4598
244113,2007,xc,2007-10-03,5000,1569,39,10,4262
244113,2007,xc,2007-10-17,5000,1552,22,10,4600
244113,2007,xc,2007-10-25,5000,1670.3,60,10,4601
82734,2007,xc,2007-09-05,5000,1530,,11,4596
82734,2007,xc,2007-09-12,5000,1474,7,11,7052
82734,2007,xc,2007-09-15,5000,1387,17,11,3935
82734,2007,xc,2007-09-19,5000,1397.5,3,11,4598
82734,2007,xc,2007-10-03,5000,1378,5,11,4262
82734,2007,xc,2007-10-06,5000,1346.2,5,11,4160
82734,2007,xc,2007-10-10,5000,1625,6,11,4599
82734,2007,xc,2007-10-17,5000,1336,1,11,4600
82734,2007,xc,2007-10-25,5000,1345.2,1,11,4601
82737,2007,xc,2007-09-05,3200,1203,74,10,4596
82737,2007,xc,2007-09-12,5000,1942,54,10,7052
82737,2007,xc,2007-09-15,3218,1188,109,10,3935
82737,2007,xc,2007-09-19,5000,1792.6,60,10,4598
82737,2007,xc,2007-10-03,5000,1749,53,10,4262
82737,2007,xc,2007-10-06,5000,1707.8,83,10,4160
82737,2007,xc,2007-10-10,5000,2069,20,10,4599
82737,2007,xc,2007-10-17,5000,1650,28,10,4600
82737,2007,xc,2007-10-25,5000,1677,62,10,4601
93644,2007,xc,2007-09-05,5000,1479,6,10,4596
93644,2007,xc,2007-09-12,5000,1467,6,10,7052
93644,2007,xc,2007-09-15,5000,1404,22,10,3935
93644,2007,xc,2007-09-19,5000,1446.5,8,10,4598
93644,2007,xc,2007-10-03,5000,1331,1,10,4262
93644,2007,xc,2007-10-06,5000,1329.7,4,10,4160
93644,2007,xc,2007-10-10,5000,1528,10,10,4599
93644,2007,xc,2007-10-17,5000,1310,19,10,4600
93644,2007,xc,2007-10-25,5000,1301.9,16,10,4601
93644,2007,xc,2007-11-03,5000,1370,120,10,4244
82741,2007,xc,2007-09-05,5000,1493,8,11,4596
82741,2007,xc,2007-09-12,5000,1450,4,11,7052
82741,2007,xc,2007-09-15,5000,1425,28,11,3935
82741,2007,xc,2007-10-03,5000,1374,4,11,4262
82741,2007,xc,2007-10-06,5000,1388.7,17,11,4160
82741,2007,xc,2007-10-10,5000,1573,2,11,4599
82741,2007,xc,2007-10-25,5000,1456.2,29,11,4601
16235,2007,xc,2007-09-05,5000,1431,30,12,4596
16235,2007,xc,2007-09-12,5000,1385,1,12,7052
16235,2007,xc,2007-09-19,5000,1324.5,13,12,4598
16235,2007,xc,2007-10-03,5000,1256,13,12,4262
16235,2007,xc,2007-10-10,5000,1455,5,12,4599
16235,2007,xc,2007-10-17,5000,1290,15,12,4600
16235,2007,xc,2007-10-25,5000,1325.4,21,12,4601
16235,2007,xc,2007-11-03,5000,1317,109,12,4244
237625,2007,xc,2007-09-05,3200,1122,66,10,4596
237625,2007,xc,2007-09-12,5000,1750,42,10,7052
237625,2007,xc,2007-09-15,3218,1043,56,10,3935
237625,2007,xc,2007-09-19,5000,1652.3,42,10,4598
237625,2007,xc,2007-10-03,5000,1611,44,10,4262
237625,2007,xc,2007-10-06,5000,1601.8,71,10,4160
237625,2007,xc,2007-10-10,5000,1981,18,10,4599
237625,2007,xc,2007-10-17,5000,1577,24,10,4600
237625,2007,xc,2007-10-25,5000,1621.6,56,10,4601
238522,2007,xc,2007-09-05,3200,958,35,9,4596
238522,2007,xc,2007-09-12,5000,1526,15,9,7052
238522,2007,xc,2007-09-15,5000,1494,52,9,3935
238522,2007,xc,2007-09-19,5000,1546,23,9,4598
238522,2007,xc,2007-10-03,5000,1441,17,9,4262
238522,2007,xc,2007-10-06,5000,1441.1,36,9,4160
238522,2007,xc,2007-10-10,5000,1676,10,9,4599
238522,2007,xc,2007-10-17,5000,1443,12,9,4600
238522,2007,xc,2007-10-25,5000,1472.9,33,9,4601
237624,2007,xc,2007-09-05,3200,1140,68,,4596
118481,2007,xc,2007-09-05,3200,1042,,12,4596
118481,2007,xc,2007-09-12,5000,1652,31,12,7052
118481,2007,xc,2007-09-15,3218,981,32,12,3935
118481,2007,xc,2007-09-19,5000,1576.6,29,12,4598
118481,2007,xc,2007-10-03,5000,1458,22,12,4262
118481,2007,xc,2007-10-06,5000,1408.5,26,12,4160
118481,2007,xc,2007-10-10,5000,1681,11,12,4599
118481,2007,xc,2007-10-17,5000,1452,14,12,4600
118481,2007,xc,2007-10-25,5000,1453.7,28,12,4601
237629,2007,xc,2007-09-05,5000,1401,3,12,4596
237629,2007,xc,2007-09-12,5000,1380,21,12,7052
237629,2007,xc,2007-09-15,5000,1360,82,12,3935
237629,2007,xc,2007-09-19,5000,1394.5,2,12,4598
237629,2007,xc,2007-10-03,5000,1362,3,12,4262
237629,2007,xc,2007-10-10,5000,1523,1,12,4599
237629,2007,xc,2007-10-25,5000,1390.2,11,12,4601
242663,2007,xc,2007-09-05,3200,986,44,9,4596
242663,2007,xc,2007-09-12,5000,1602,23,9,7052
242663,2007,xc,2007-10-17,5000,1517,17,9,4600
242663,2007,xc,2007-10-25,5000,1434.4,23,9,4601
237631,2007,xc,2007-09-05,5000,1673,12,12,4596
237631,2007,xc,2007-09-15,3218,968,25,12,3935
237631,2007,xc,2007-09-19,5000,1506.1,12,12,4598
237631,2007,xc,2007-10-06,5000,1389.3,18,12,4160
237631,2007,xc,2007-10-10,5000,1638,8,12,4599
237631,2007,xc,2007-10-17,5000,1442,11,12,4600
237631,2007,xc,2007-10-25,5000,1401.4,15,12,4601
252810,2007,xc,2007-09-19,5000,1808.7,,12,4598
252810,2007,xc,2007-10-03,5000,1828,59,12,4262
252810,2007,xc,2007-10-17,5000,1747,29,12,4600
252810,2007,xc,2007-10-25,5000,1803.8,73,12,4601
237626,2007,xc,2007-09-05,3200,981,42,9,4596
237626,2007,xc,2007-09-12,5000,1542,13,9,7052
237626,2007,xc,2007-09-15,5000,1439,33,9,3935
237626,2007,xc,2007-09-19,5000,1442.5,6,9,4598
237626,2007,xc,2007-10-03,5000,1379,6,9,4262
237626,2007,xc,2007-10-06,5000,1359.6,8,9,4160
237626,2007,xc,2007-10-10,5000,1603,5,9,4599
237626,2007,xc,2007-10-17,5000,1404,6,9,4600
237626,2007,xc,2007-10-25,5000,1365.9,5,9,4601
22933,2007,xc,2007-09-05,5000,1212,5,12,4596
22933,2007,xc,2007-09-12,5000,1210,3,12,7052
22933,2007,xc,2007-09-15,5000,1190,18,12,3935
22933,2007,xc,2007-09-19,5000,1224.7,4,12,4598
22933,2007,xc,2007-10-03,5000,1184,5,12,4262
22933,2007,xc,2007-10-06,5000,1181.2,9,12,4160
22933,2007,xc,2007-10-10,5000,1394,2,12,4599
22933,2007,xc,2007-10-17,5000,1203,4,12,4600
237630,2007,xc,2007-09-15,3218,851,2,11,3935
237630,2007,xc,2007-09-19,5000,1327.7,15,11,4598
237630,2007,xc,2007-10-03,5000,1238,12,11,4262
237630,2007,xc,2007-10-06,5000,1228.7,28,11,4160
237630,2007,xc,2007-10-10,5000,1422,4,11,4599
237630,2007,xc,2007-10-17,5000,1219,7,11,4600
237630,2007,xc,2007-10-25,5000,1212.9,7,11,4601
237630,2007,xc,2007-11-03,5000,1244,62,11,4244
35930,2007,xc,2007-09-05,5000,1301,16,11,4596
35930,2007,xc,2007-09-12,5000,1267,8,11,7052
35930,2007,xc,2007-09-15,5000,1225,30,11,3935
35930,2007,xc,2007-09-19,5000,1254.1,8,11,4598
242661,2007,xc,2007-09-05,3200,926,24,11,4596
242661,2007,xc,2007-09-12,5000,1514,10,11,7052
242661,2007,xc,2007-09-15,5000,1466,44,11,3935
242661,2007,xc,2007-09-19,5000,1506.4,13,11,4598
242661,2007,xc,2007-10-03,5000,1445,18,11,4262
242661,2007,xc,2007-10-06,5000,1460.6,41,11,4160
242661,2007,xc,2007-10-10,5000,1730,13,11,4599
242661,2007,xc,2007-10-17,5000,1428,10,11,4600
242661,2007,xc,2007-10-25,5000,1493.5,34,11,4601
82748,2007,xc,2007-09-05,5000,1211,3,10,4596
82748,2007,xc,2007-09-12,5000,1206,2,10,7052
82748,2007,xc,2007-09-15,5000,1130,4,10,3935
82748,2007,xc,2007-09-19,5000,1194.2,2,10,4598
82748,2007,xc,2007-10-03,5000,1140,1,10,4262
82748,2007,xc,2007-10-06,5000,1137.5,1,10,4160
82748,2007,xc,2007-10-10,5000,1352,1,10,4599
82748,2007,xc,2007-10-17,5000,1152,1,10,4600
82748,2007,xc,2007-10-25,5000,1166.3,1,10,4601
82748,2007,xc,2007-11-03,5000,1182,23,10,4244
516227,2008,xc,2008-09-13,3218,770.4,25,9,9007
516227,2008,xc,2008-09-17,5000,1286,12,9,11096
516227,2008,xc,2008-10-01,5000,1192.6,11,9,12537
516227,2008,xc,2008-10-15,5000,1175,8,9,11474
516227,2008,xc,2008-10-23,5000,1158,27,9,11265
86595,2008,xc,2008-08-28,3000,630,21,11,10022
86595,2008,xc,2008-09-03,5000,1089,16,11,9784
86595,2008,xc,2008-09-13,5000,1074,62,11,9007
86595,2008,xc,2008-09-17,5000,1121,17,11,11096
86595,2008,xc,2008-10-01,5000,1069.3,15,11,12537
86595,2008,xc,2008-10-04,5000,1065.5,64,11,10391
86595,2008,xc,2008-10-08,5000,1048,6,11,11473
86595,2008,xc,2008-10-15,5000,1047,11,11,11474
86595,2008,xc,2008-10-23,5000,1048,20,11,11265
86595,2008,xc,2008-11-01,5000,1084.2,93,11,9780
22938,2008,xc,2008-08-28,3000,591,12,12,10022
22938,2008,xc,2008-09-03,5000,1093,18,12,9784
22938,2008,xc,2008-09-13,5000,1014.2,18,12,9007
22938,2008,xc,2008-09-17,5000,1085,8,12,11096
22938,2008,xc,2008-10-01,5000,1018.7,5,12,12537
22938,2008,xc,2008-10-04,5000,1000.9,18,12,10391
22938,2008,xc,2008-10-08,5000,1011,3,12,11473
22938,2008,xc,2008-10-15,5000,1003,5,12,11474
22938,2008,xc,2008-10-23,5000,1022,11,12,11265
22938,2008,xc,2008-11-01,5000,1048,61,12,9780
516453,2008,xc,2008-08-28,3000,701,22,9,10022
516453,2008,xc,2008-09-03,5000,1270,25,9,9784
516453,2008,xc,2008-09-13,5000,1216.3,93,9,9007
516453,2008,xc,2008-10-01,5000,1230.3,16,9,12537
516453,2008,xc,2008-10-04,5000,1214,95,9,10391
516453,2008,xc,2008-10-08,5000,1200,12,9,11473
516453,2008,xc,2008-10-15,5000,1196,11,9,11474
516453,2008,xc,2008-10-23,5000,1186,37,9,11265
516228,2008,xc,2008-08-28,3000,732,40,9,10022
516228,2008,xc,2008-09-03,3200,830,3,9,9784
516228,2008,xc,2008-09-13,5000,1251.8,137,9,9007
516228,2008,xc,2008-09-17,5000,1319,22,9,11096
516228,2008,xc,2008-10-01,5000,1267.9,28,9,12537
516228,2008,xc,2008-10-04,5000,1242,127,9,10391
516228,2008,xc,2008-10-08,5000,1218,16,9,11473
516228,2008,xc,2008-10-15,5000,1222,23,9,11474
516228,2008,xc,2008-10-23,5000,1213,60,9,11265
82758,2008,xc,2008-08-28,3000,652,31,11,10022
82758,2008,xc,2008-09-03,5000,1169,2,11,9784
82758,2008,xc,2008-09-13,5000,1093.9,78,11,9007
82758,2008,xc,2008-10-01,5000,1071.4,18,11,12537
82758,2008,xc,2008-10-04,5000,1079.3,7,11,10391
82758,2008,xc,2008-10-08,5000,1075,13,11,11473
82758,2008,xc,2008-10-15,5000,1092,21,11,11474
82758,2008,xc,2008-10-23,5000,1090,4,11,11265
22940,2008,xc,2008-09-13,3218,825.4,46,12,9007
22940,2008,xc,2008-09-17,5000,1301,19,12,11096
22940,2008,xc,2008-10-01,5000,1247.7,20,12,12537
22940,2008,xc,2008-10-08,5000,1209,13,12,11473
22940,2008,xc,2008-10-15,5000,1172,7,12,11474
22940,2008,xc,2008-10-23,5000,1197,40,12,11265
516234,2008,xc,2008-08-28,3000,752,52,9,10022
516234,2008,xc,2008-09-03,3200,883,8,9,9784
516234,2008,xc,2008-09-13,5000,1271.8,162,9,9007
516234,2008,xc,2008-09-17,5000,1334,26,9,11096
516234,2008,xc,2008-10-01,5000,1231.4,17,9,12537
516234,2008,xc,2008-10-08,5000,1237,22,9,11473
516234,2008,xc,2008-10-15,5000,1224,25,9,11474
516234,2008,xc,2008-10-23,5000,1197,41,9,11265
544588,2008,xc,2008-10-04,5000,1383.8,214,10,10391
544588,2008,xc,2008-10-15,5000,1429,40,10,11474
544588,2008,xc,2008-10-23,5000,1345,103,10,11265
534703,2008,xc,2008-09-13,3218,768.5,22,12,9007
534703,2008,xc,2008-10-04,5000,1263.9,146,12,10391
534703,2008,xc,2008-10-08,5000,1175,8,12,11473
534703,2008,xc,2008-10-15,5000,1153,5,12,11474
534703,2008,xc,2008-10-23,5000,1159,28,12,11265
516230,2008,xc,2008-08-28,3000,716,30,9,10022
516230,2008,xc,2008-09-03,5000,1281,29,9,9784
516230,2008,xc,2008-09-13,5000,1212.6,86,9,9007
516230,2008,xc,2008-09-17,5000,1245,5,9,11096
516230,2008,xc,2008-10-01,5000,1167.1,7,9,12537
516230,2008,xc,2008-10-04,5000,1184.7,63,9,10391
516230,2008,xc,2008-10-08,5000,1130,2,9,11473
516230,2008,xc,2008-10-15,5000,1136,2,9,11474
516230,2008,xc,2008-10-23,5000,1093,5,9,11265
516238,2008,xc,2008-08-28,3000,786,69,10,10022
516238,2008,xc,2008-09-03,3200,868,5,10,9784
516238,2008,xc,2008-09-13,5000,1301.7,191,10,9007
516238,2008,xc,2008-09-17,5000,1296,15,10,11096
516238,2008,xc,2008-10-01,5000,1266.6,27,10,12537
516238,2008,xc,2008-10-08,5000,1263,27,10,11473
516238,2008,xc,2008-10-15,5000,1217,20,10,11474
516238,2008,xc,2008-10-23,5000,1238,74,10,11265
516232,2008,xc,2008-08-28,3000,663,9,9,10022
516232,2008,xc,2008-09-03,5000,1181,5,9,9784
516232,2008,xc,2008-09-13,5000,1119,89,9,9007
516232,2008,xc,2008-09-17,5000,1181,28,9,11096
516232,2008,xc,2008-10-01,5000,1197.2,34,9,12537
516232,2008,xc,2008-10-04,5000,1128.7,18,9,10391
516232,2008,xc,2008-10-08,5000,1121,1,9,11473
516232,2008,xc,2008-10-15,5000,1155,31,9,11474
516232,2008,xc,2008-10-23,5000,1126,12,9,11265
22945,2008,xc,2008-08-28,3000,558,1,12,10022
22945,2008,xc,2008-09-03,5000,965,1,12,9784
22945,2008,xc,2008-09-13,5000,962.2,3,12,9007
22945,2008,xc,2008-09-17,5000,992,2,12,11096
22945,2008,xc,2008-10-01,5000,973.2,1,12,12537
22945,2008,xc,2008-10-04,5000,943,3,12,10391
22945,2008,xc,2008-10-08,5000,994,1,12,11473
22945,2008,xc,2008-10-15,5000,979,1,12,11474
22945,2008,xc,2008-10-23,5000,975,2,12,11265
22945,2008,xc,2008-11-01,5000,982.4,17,12,9780
256404,2008,xc,2008-10-01,5000,1462.4,50,12,12537
256404,2008,xc,2008-10-08,5000,1494,35,12,11473
256404,2008,xc,2008-10-15,5000,1428,39,12,11474
516229,2008,xc,2008-08-28,3000,733,42,9,10022
516229,2008,xc,2008-09-03,5000,1357,45,9,9784
516229,2008,xc,2008-09-13,5000,1247.1,135,9,9007
516229,2008,xc,2008-09-17,5000,1350,32,9,11096
516229,2008,xc,2008-10-01,5000,1255.6,23,9,12537
516229,2008,xc,2008-10-04,5000,1243.1,128,9,10391
516229,2008,xc,2008-10-08,5000,1220,18,9,11473
516229,2008,xc,2008-10-15,5000,1215,18,9,11474
516229,2008,xc,2008-10-23,5000,1214,61,9,11265
82766,2008,xc,2008-08-28,3000,627,19,11,10022
82766,2008,xc,2008-09-03,5000,1114,24,11,9784
82766,2008,xc,2008-09-13,5000,1095.2,79,11,9007
82766,2008,xc,2008-09-17,5000,1157,26,11,11096
82766,2008,xc,2008-10-01,5000,1084.8,19,11,12537
82766,2008,xc,2008-10-04,5000,1080,8,11,10391
82766,2008,xc,2008-10-08,5000,1060,8,11,11473
82766,2008,xc,2008-10-15,5000,1069,17,11,11474
82766,2008,xc,2008-10-23,5000,1050,21,11,11265
82766,2008,xc,2008-11-01,5000,1117.4,112,11,9780
22947,2008,xc,2008-08-28,3000,570,4,12,10022
22947,2008,xc,2008-09-03,5000,1020,6,12,9784
22947,2008,xc,2008-09-13,5000,991.8,8,12,9007
22947,2008,xc,2008-09-17,5000,1055,4,12,11096
22947,2008,xc,2008-10-01,5000,991,2,12,12537
22947,2008,xc,2008-10-04,5000,999.4,17,12,10391
22947,2008,xc,2008-10-08,5000,1007,2,12,11473
22947,2008,xc,2008-10-15,5000,1005,6,12,11474
22947,2008,xc,2008-10-23,5000,998,4,12,11265
22947,2008,xc,2008-11-01,5000,996.7,21,12,9780
82770,2008,xc,2008-09-03,5000,1247,19,11,9784
82770,2008,xc,2008-09-13,5000,1216.9,94,11,9007
82770,2008,xc,2008-09-17,5000,1259,8,11,11096
82770,2008,xc,2008-10-01,5000,1157.2,4,11,12537
82770,2008,xc,2008-10-08,5000,1164,6,11,11473
82770,2008,xc,2008-10-15,5000,1204,13,11,11474
82770,2008,xc,2008-10-23,5000,1255,82,11,11265
289011,2008,xc,2008-08-28,3000,639,11,10,10022
289011,2008,xc,2008-09-03,5000,1138,33,10,9784
289011,2008,xc,2008-09-13,5000,1071.1,58,10,9007
289011,2008,xc,2008-09-17,5000,1135,18,10,11096
289011,2008,xc,2008-10-01,5000,1068.6,14,10,12537
289011,2008,xc,2008-10-04,5000,1059.7,56,10,10391
289011,2008,xc,2008-10-08,5000,1072,11,10,11473
289011,2008,xc,2008-10-15,5000,1066,16,10,11474
289011,2008,xc,2008-10-23,5000,1069,29,10,11265
289011,2008,xc,2008-11-01,5000,1094.9,98,10,9780
93658,2008,xc,2008-09-13,5000,1202.7,71,11,9007
93658,2008,xc,2008-09-17,5000,1268,9,11,11096
93658,2008,xc,2008-10-01,5000,1150,3,11,12537
93658,2008,xc,2008-10-04,5000,1166.5,41,11,10391
93658,2008,xc,2008-10-08,5000,1138,5,11,11473
93658,2008,xc,2008-10-15,5000,1141,3,11,11474
93658,2008,xc,2008-10-23,5000,1139,20,11,11265
237627,2008,xc,2008-08-28,3000,693,35,10,10022
237627,2008,xc,2008-09-03,5000,1232,15,10,9784
237627,2008,xc,2008-09-13,5000,1208.7,78,10,9007
237627,2008,xc,2008-09-17,5000,1229,2,10,11096
237627,2008,xc,2008-10-15,5000,1189,10,10,11474
237627,2008,xc,2008-10-23,5000,1178,35,10,11265
516241,2008,xc,2008-08-28,3000,756,51,12,10022
516241,2008,xc,2008-09-03,5000,1305,36,12,9784
516241,2008,xc,2008-09-13,5000,1264.3,152,12,9007
516241,2008,xc,2008-09-17,5000,1356,33,12,11096
516241,2008,xc,2008-10-01,5000,1262.7,25,12,12537
516241,2008,xc,2008-10-04,5000,1251.3,134,12,10391
516241,2008,xc,2008-10-08,5000,1260,26,12,11473
516241,2008,xc,2008-10-15,5000,1265,29,12,11474
516241,2008,xc,2008-10-23,5000,1314,96,12,11265
320948,2008,xc,2008-08-28,3000,594,4,10,10022
320948,2008,xc,2008-09-03,5000,1065,12,10,9784
320948,2008,xc,2008-09-13,5000,1037.6,37,10,9007
320948,2008,xc,2008-09-17,5000,1097,9,10,11096
320948,2008,xc,2008-10-01,5000,1053.1,10,10,12537
320948,2008,xc,2008-10-04,5000,1021.6,28,10,10391
320948,2008,xc,2008-10-08,5000,1035,5,10,11473
320948,2008,xc,2008-10-15,5000,1015,8,10,11474
320948,2008,xc,2008-10-23,5000,1018,9,10,11265
320948,2008,xc,2008-11-01,5000,1055.6,68,10,9780
516231,2008,xc,2008-08-28,3000,652,31,12,10022
516231,2008,xc,2008-09-03,5000,1120,26,12,9784
516231,2008,xc,2008-09-13,5000,1085.5,74,12,9007
516231,2008,xc,2008-09-17,5000,1143,22,12,11096
516231,2008,xc,2008-10-01,5000,1086.3,21,12,12537
516231,2008,xc,2008-10-04,5000,1081.9,82,12,10391
516231,2008,xc,2008-10-08,5000,1073,12,12,11473
516231,2008,xc,2008-10-15,5000,1085,19,12,11474
516231,2008,xc,2008-10-23,5000,1116,10,12,11265
516225,2008,xc,2008-09-13,3218,936.2,15,11,9007
516225,2008,xc,2008-09-17,3000,961,7,11,11096
82721,2008,xc,2008-08-28,3000,752,17,11,10022
82721,2008,xc,2008-09-03,5000,1358,20,11,9784
82721,2008,xc,2008-09-13,5000,1311.4,50,11,9007
82721,2008,xc,2008-09-17,5000,1380,15,11,11096
82721,2008,xc,2008-10-01,5000,1343.4,16,11,12537
82721,2008,xc,2008-10-04,5000,1309.8,7,11,10391
82721,2008,xc,2008-10-08,5000,1284,8,11,11473
82721,2008,xc,2008-10-15,5000,1305,14,11,11474
82721,2008,xc,2008-10-23,5000,1305,2,11,11265
22931,2008,xc,2008-08-28,3000,719,5,12,10022
22931,2008,xc,2008-09-03,5000,1259,8,12,9784
22931,2008,xc,2008-09-17,5000,1268,4,12,11096
22931,2008,xc,2008-10-01,5000,1213.2,2,12,12537
22931,2008,xc,2008-10-04,5000,1207.8,26,12,10391
22931,2008,xc,2008-10-08,5000,1219,4,12,11473
22931,2008,xc,2008-10-15,5000,1206,3,12,11474
22931,2008,xc,2008-10-23,5000,1202,5,12,11265
22931,2008,xc,2008-11-01,5000,1231.7,36,12,9780
82723,2008,xc,2008-08-28,3000,799,27,11,10022
82723,2008,xc,2008-09-03,5000,1439,7,11,9784
82723,2008,xc,2008-09-13,5000,1419.6,83,11,9007
82723,2008,xc,2008-09-17,5000,1466,2,11,11096
288961,2008,xc,2008-08-28,3000,897,58,11,10022
288961,2008,xc,2008-09-03,3200,1030,31,11,9784
288961,2008,xc,2008-09-13,3218,983.6,34,11,9007
288961,2008,xc,2008-09-17,5000,1602,16,11,11096
288961,2008,xc,2008-10-01,5000,1478.2,6,11,12537
288961,2008,xc,2008-10-04,5000,1449,45,11,10391
288961,2008,xc,2008-10-08,5000,1413,5,11,11473
288961,2008,xc,2008-10-15,5000,1413,7,11,11474
288961,2008,xc,2008-10-23,5000,1420,15,11,11265
516621,2008,xc,2008-08-28,3000,867,50,10,10022
516621,2008,xc,2008-09-03,3200,1030,30,10,9784
516621,2008,xc,2008-09-13,3218,1000.6,45,10,9007
516621,2008,xc,2008-09-17,5000,1612,20,10,11096
516621,2008,xc,2008-10-01,5000,1575.5,18,10,12537
516621,2008,xc,2008-10-04,5000,1525.5,83,10,10391
516621,2008,xc,2008-10-08,5000,1492,11,10,11473
516621,2008,xc,2008-10-15,5000,1521,15,10,11474
516621,2008,xc,2008-10-23,5000,1520,38,10,11265
516226,2008,xc,2008-08-28,3000,1001,46,9,10022
516226,2008,xc,2008-09-03,3200,1165,51,9,9784
516226,2008,xc,2008-09-13,3218,1064.5,65,9,9007
516226,2008,xc,2008-09-17,5000,1832,41,9,11096
516226,2008,xc,2008-10-01,5000,1643.8,22,9,12537
516226,2008,xc,2008-10-04,5000,1548.7,97,9,10391
516226,2008,xc,2008-10-08,5000,1534,13,9,11473
516226,2008,xc,2008-10-15,5000,1593,23,9,11474
516226,2008,xc,2008-10-23,5000,1472,23,9,11265
242662,2008,xc,2008-08-28,3000,838,37,10,10022
242662,2008,xc,2008-09-03,5000,1500,12,10,9784
242662,2008,xc,2008-09-13,5000,1400.9,16,10,9007
242662,2008,xc,2008-09-17,5000,1477,33,10,11096
82724,2008,xc,2008-08-28,3000,794,26,11,10022
82724,2008,xc,2008-09-03,5000,1418,5,11,9784
82724,2008,xc,2008-09-17,5000,1473,3,11,11096
82724,2008,xc,2008-10-01,5000,1393.4,1,11,12537
82724,2008,xc,2008-10-04,5000,1384.6,23,11,10391
82724,2008,xc,2008-10-08,5000,1341,12,11,11473
82724,2008,xc,2008-10-15,5000,1323,18,11,11474
82724,2008,xc,2008-10-23,5000,1357,7,11,11265
516623,2008,xc,2008-08-28,3000,975,68,11,10022
516623,2008,xc,2008-09-03,3200,1071,38,11,9784
516623,2008,xc,2008-09-13,3218,1032.1,52,11,9007
516623,2008,xc,2008-09-17,5000,1810,37,11,11096
516623,2008,xc,2008-10-08,5000,1639,18,11,11473
516623,2008,xc,2008-10-15,5000,1542,16,11,11474
517904,2008,xc,2008-08-28,3000,816,35,11,10022
517904,2008,xc,2008-09-03,5000,1578,19,11,9784
517904,2008,xc,2008-10-01,5000,1569.3,16,11,12537
517904,2008,xc,2008-10-04,5000,1557.6,101,11,10391
517904,2008,xc,2008-10-08,5000,1507,12,11,11473
520093,2008,xc,2008-08-28,3000,753,13,12,10022
289003,2008,xc,2008-08-28,3000,728,7,10,10022
289003,2008,xc,2008-09-03,5000,1322,13,10,9784
289003,2008,xc,2008-09-13,5000,1271,40,10,9007
289003,2008,xc,2008-09-17,5000,1330,10,10,11096
289003,2008,xc,2008-10-01,5000,1225.9,4,10,12537
289003,2008,xc,2008-10-04,5000,1219.9,31,10,10391
289003,2008,xc,2008-10-08,5000,1217,3,10,11473
289003,2008,xc,2008-10-15,5000,1211,4,10,11474
289003,2008,xc,2008-10-23,5000,1206,6,10,11265
289003,2008,xc,2008-11-01,5000,1234.1,37,10,9780
82729,2008,xc,2008-08-28,3000,908,44,12,10022
82729,2008,xc,2008-09-03,3200,1018,27,12,9784
82729,2008,xc,2008-09-13,3218,1011.3,48,12,9007
82729,2008,xc,2008-09-17,5000,1625,23,12,11096
82729,2008,xc,2008-10-01,5000,1586.7,19,12,12537
82729,2008,xc,2008-10-08,5000,1537,15,12,11473
82729,2008,xc,2008-10-15,5000,1544,18,12,11474
82729,2008,xc,2008-10-23,5000,1514,37,12,11265
517077,2008,xc,2008-08-28,3000,748,11,10,10022
517077,2008,xc,2008-09-03,5000,1322,14,10,9784
517077,2008,xc,2008-09-13,5000,1295.9,45,10,9007
517077,2008,xc,2008-09-17,5000,1342,12,10,11096
517077,2008,xc,2008-10-01,5000,1246.7,7,10,12537
517077,2008,xc,2008-10-04,5000,1250.1,41,10,10391
517077,2008,xc,2008-10-08,5000,1244,6,10,11473
517077,2008,xc,2008-10-15,5000,1229,6,10,11474
517077,2008,xc,2008-10-23,5000,1223,9,10,11265
517077,2008,xc,2008-11-01,5000,1271.4,74,10,9780
533047,2008,xc,2008-09-13,3218,950.4,21,12,9007
533047,2008,xc,2008-09-17,5000,1512,6,12,11096
533047,2008,xc,2008-10-04,5000,1371.3,18,12,10391
533047,2008,xc,2008-10-08,5000,1382,3,12,11473
533047,2008,xc,2008-10-15,5000,1364,1,12,11474
533047,2008,xc,2008-10-23,5000,1364,8,12,11265
82734,2008,xc,2008-08-28,3000,836,32,12,10022
82734,2008,xc,2008-09-03,3200,956,15,12,9784
82734,2008,xc,2008-09-13,5000,1446.2,37,12,9007
82734,2008,xc,2008-09-17,5000,1517,7,12,11096
82734,2008,xc,2008-10-04,5000,1516.9,76,12,10391
82734,2008,xc,2008-10-08,5000,1486,10,12,11473
516223,2008,xc,2008-08-28,3000,1025,76,11,10022
516223,2008,xc,2008-09-03,3200,1166,52,11,9784
516223,2008,xc,2008-09-13,3218,1098.9,76,11,9007
516223,2008,xc,2008-09-17,5000,1812,39,11,11096
516223,2008,xc,2008-10-04,5000,1719.8,155,11,10391
516223,2008,xc,2008-10-08,5000,1693,21,11,11473
516223,2008,xc,2008-10-23,5000,1730,67,11,11265
93644,2008,xc,2008-09-03,5000,1323,1,11,9784
93644,2008,xc,2008-09-13,5000,1315,52,11,9007
93644,2008,xc,2008-09-17,5000,1361,13,11,11096
93644,2008,xc,2008-10-01,5000,1303.9,10,11,12537
93644,2008,xc,2008-10-04,5000,1289.5,69,11,10391
93644,2008,xc,2008-10-08,5000,1238,5,11,11473
93644,2008,xc,2008-10-15,5000,1234,8,11,11474
93644,2008,xc,2008-10-23,5000,1247,14,11,11265
93644,2008,xc,2008-11-01,5000,1289.2,82,11,9780
516220,2008,xc,2008-08-28,3000,869,52,10,10022
516220,2008,xc,2008-09-03,3200,994,21,10,9784
516220,2008,xc,2008-09-13,5000,1525.6,69,10,9007
516220,2008,xc,2008-09-13,3218,1113.7,86,10,9007
516220,2008,xc,2008-09-17,5000,1528,8,10,11096
516220,2008,xc,2008-10-01,5000,1467.1,5,10,12537
516220,2008,xc,2008-10-04,5000,1454.9,47,10,10391
516220,2008,xc,2008-10-08,5000,1415,6,10,11473
516220,2008,xc,2008-10-15,5000,1419,8,10,11474
516220,2008,xc,2008-10-23,5000,1419,13,10,11265
825099,2008,xc,2008-08-28,3000,977,69,11,10022
825099,2008,xc,2008-09-03,3200,1201,56,11,9784
825099,2008,xc,2008-09-17,5000,1931,44,11,11096
825099,2008,xc,2008-10-01,5000,1675.8,23,11,12537
825099,2008,xc,2008-10-04,5000,1938.4,186,11,10391
825099,2008,xc,2008-10-15,5000,1571,20,11,11474
238522,2008,xc,2008-08-28,3000,839,38,10,10022
238522,2008,xc,2008-09-03,5000,1499,11,10,9784
238522,2008,xc,2008-09-13,5000,1443,34,10,9007
238522,2008,xc,2008-09-17,5000,1505,4,10,11096
238522,2008,xc,2008-10-01,5000,1401.2,2,10,12537
238522,2008,xc,2008-10-04,5000,1398.1,29,10,10391
238522,2008,xc,2008-10-08,5000,1365,2,10,11473
238522,2008,xc,2008-10-15,5000,1380,3,10,11474
238522,2008,xc,2008-10-23,5000,1379,12,10,11265
533055,2008,xc,2008-09-13,3218,990.5,40,9,9007
533055,2008,xc,2008-10-04,5000,1597.4,122,9,10391
533055,2008,xc,2008-10-15,5000,1590,22,9,11474
533055,2008,xc,2008-10-23,5000,1547,43,9,11265
82746,2008,xc,2008-08-28,3000,821,40,11,10022
82746,2008,xc,2008-09-03,5000,1469,9,11,9784
82746,2008,xc,2008-10-01,5000,1339.6,13,11,12537
82746,2008,xc,2008-10-04,5000,1311.5,83,11,10391
82746,2008,xc,2008-10-15,5000,1322,17,11,11474
82746,2008,xc,2008-10-23,5000,1339,3,11,11265
237626,2008,xc,2008-08-28,3000,784,16,10,10022
237626,2008,xc,2008-09-03,5000,1458,8,10,9784
237626,2008,xc,2008-09-13,5000,1390.5,12,10,9007
237626,2008,xc,2008-09-17,5000,1398,20,10,11096
237626,2008,xc,2008-10-01,5000,1341.9,15,10,12537
237626,2008,xc,2008-10-04,5000,1318.1,8,10,10391
237626,2008,xc,2008-10-08,5000,1303,10,10,11473
237626,2008,xc,2008-10-15,5000,1304,13,10,11474
237626,2008,xc,2008-10-23,5000,1305,1,10,11265
237626,2008,xc,2008-11-01,5000,1313.2,94,10,9780
516452,2008,xc,2008-08-28,3000,862,31,9,10022
516452,2008,xc,2008-09-03,3200,1014,26,9,9784
516452,2008,xc,2008-09-13,5000,1448,39,9,9007
516452,2008,xc,2008-09-17,5000,1510,5,9,11096
516452,2008,xc,2008-10-01,5000,1403.9,3,9,12537
516452,2008,xc,2008-10-04,5000,1381.9,22,9,10391
516452,2008,xc,2008-10-08,5000,1355,1,9,11473
516452,2008,xc,2008-10-15,5000,1364,2,9,11474
516452,2008,xc,2008-10-23,5000,1372,11,9,11265
237630,2008,xc,2008-08-28,3000,717,4,12,10022
237630,2008,xc,2008-09-03,5000,1253,7,12,9784
237630,2008,xc,2008-09-13,5000,1231.3,22,12,9007
237630,2008,xc,2008-09-17,5000,1282,8,12,11096
237630,2008,xc,2008-10-04,5000,1222.6,35,12,10391
237630,2008,xc,2008-10-08,5000,1207,2,12,11473
237630,2008,xc,2008-10-15,5000,1213,5,12,11474
237630,2008,xc,2008-10-23,5000,1212,8,12,11265
35930,2008,xc,2008-08-28,3000,720,6,12,10022
35930,2008,xc,2008-09-03,5000,1261,9,12,9784
35930,2008,xc,2008-09-13,5000,1222.6,19,12,9007
35930,2008,xc,2008-09-17,5000,1289,9,12,11096
35930,2008,xc,2008-10-01,5000,1271,8,12,12537
35930,2008,xc,2008-10-15,5000,1233,7,12,11474
35930,2008,xc,2008-10-23,5000,1246,13,12,11265
35930,2008,xc,2008-11-01,5000,1257.4,62,12,9780
516222,2008,xc,2008-08-28,3000,888,33,9,10022
516222,2008,xc,2008-09-03,3200,1000,22,9,9784
516222,2008,xc,2008-09-13,5000,1499.3,62,9,9007
516222,2008,xc,2008-09-17,5000,1570,15,9,11096
516222,2008,xc,2008-10-01,5000,1441.6,4,9,12537
516222,2008,xc,2008-10-04,5000,1439.7,42,9,10391
516222,2008,xc,2008-10-08,5000,1385,4,9,11473
516222,2008,xc,2008-10-15,5000,1410,6,9,11474
22934,2008,xc,2008-08-28,3000,793,22,12,10022
22934,2008,xc,2008-09-13,5000,1396.9,15,12,9007
22934,2008,xc,2008-09-17,5000,1446,26,12,11096
22934,2008,xc,2008-10-01,5000,1351,17,12,12537
22934,2008,xc,2008-10-15,5000,1363,24,12,11474
82748,2008,xc,2008-08-28,3000,672,1,11,10022
82748,2008,xc,2008-09-03,5000,1149,1,11,9784
82748,2008,xc,2008-09-13,5000,1159.6,4,11,9007
82748,2008,xc,2008-09-17,5000,1201,2,11,11096
82748,2008,xc,2008-10-01,5000,1177.1,1,11,12537
82748,2008,xc,2008-10-04,5000,1122.6,2,11,10391
82748,2008,xc,2008-10-08,5000,1194,1,11,11473
82748,2008,xc,2008-10-15,5000,1127,1,11,11474
82748,2008,xc,2008-10-23,5000,1136,1,11,11265
82748,2008,xc,2008-11-01,5000,1156.3,11,11,9780
237620,2009,xc,2009-09-19,5000,1289.1,119,11,18346
237620,2009,xc,2009-09-23,5000,1383,51,11,18602
237620,2009,xc,2009-10-03,5000,1219.6,178,11,18746
237620,2009,xc,2009-10-07,5000,1316,,11,19408
237620,2009,xc,2009-10-14,5000,1264,16,11,19409
237620,2009,xc,2009-10-29,5000,1245.6,74,11,19411
516227,2009,xc,2009-09-09,5000,1244,15,10,19407
516227,2009,xc,2009-09-19,5000,1216.5,52,10,18346
516227,2009,xc,2009-09-23,5000,1193,20,10,18602
516227,2009,xc,2009-10-21,5000,1212.6,11,10,19410
516227,2009,xc,2009-10-29,5000,1192.9,48,10,19411
1407293,2009,xc,2009-09-09,3200,829,7,9,19407
1407293,2009,xc,2009-09-19,3218,784.3,64,9,18346
1407293,2009,xc,2009-09-23,5000,1302,40,9,18602
1407293,2009,xc,2009-10-03,5000,1222.5,182,9,18746
1407293,2009,xc,2009-10-07,5000,1286,,9,19408
1407293,2009,xc,2009-10-14,5000,1249,12,9,19409
288996,2009,xc,2009-09-09,5000,1246,17,11,19407
288996,2009,xc,2009-10-03,5000,1144.5,77,11,18746
288996,2009,xc,2009-10-07,5000,1179,,11,19408
288996,2009,xc,2009-10-21,5000,1204.5,10,11,19410
288996,2009,xc,2009-10-29,5000,1169,34,11,19411
747848,2009,xc,2009-09-09,3200,944,22,12,19407
747848,2009,xc,2009-09-19,3218,859.3,103,12,18346
747848,2009,xc,2009-09-23,5000,1446,54,12,18602
289000,2009,xc,2009-09-09,5000,1152,38,11,19407
289000,2009,xc,2009-09-19,5000,1132.6,37,11,18346
289000,2009,xc,2009-09-23,5000,1104,25,11,18602
289000,2009,xc,2009-10-03,5000,1092,137,11,18746
289000,2009,xc,2009-10-07,5000,1130,,11,19408
289000,2009,xc,2009-10-14,5000,1141,14,11,19409
289000,2009,xc,2009-10-21,5000,1176.8,24,11,19410
289000,2009,xc,2009-10-29,5000,1116.2,11,11,19411
86595,2009,xc,2009-09-09,5000,1058,14,12,19407
86595,2009,xc,2009-09-19,5000,1055.4,43,12,18346
86595,2009,xc,2009-09-23,5000,1018,8,12,18602
86595,2009,xc,2009-10-14,5000,1067,5,12,19409
86595,2009,xc,2009-10-21,5000,1103.7,12,12,19410
86595,2009,xc,2009-10-29,5000,1049.8,16,12,19411
1409685,2009,xc,2009-10-07,5000,1338,,12,19408
1409685,2009,xc,2009-10-29,5000,1294.8,94,12,19411
1407290,2009,xc,2009-09-23,5000,1267,31,11,18602
1407290,2009,xc,2009-10-03,5000,1230.3,192,11,18746
1407290,2009,xc,2009-10-14,5000,1297,23,11,19409
1407290,2009,xc,2009-10-21,5000,1325.4,31,11,19410
1407290,2009,xc,2009-10-29,5000,1261.2,85,11,19411
1407292,2009,xc,2009-09-09,5000,1320,35,11,19407
1407292,2009,xc,2009-09-19,5000,1256.1,83,11,18346
1407292,2009,xc,2009-10-03,5000,1250.1,213,11,18746
1407292,2009,xc,2009-10-07,5000,1273,,11,19408
1407292,2009,xc,2009-10-14,5000,1208,8,11,19409
1407292,2009,xc,2009-10-29,5000,1229.5,63,11,19411
1407301,2009,xc,2009-09-09,5000,1365,48,10,19407
1407301,2009,xc,2009-09-19,5000,1323.7,162,10,18346
1407301,2009,xc,2009-09-23,5000,1301,39,10,18602
1407301,2009,xc,2009-10-07,5000,1288,,10,19408
1407301,2009,xc,2009-10-21,5000,1312.5,28,10,19410
1407301,2009,xc,2009-10-29,5000,1267.2,88,10,19411
516453,2009,xc,2009-09-09,5000,1213,8,10,19407
516453,2009,xc,2009-09-19,5000,1258.6,86,10,18346
516453,2009,xc,2009-10-29,5000,1231.9,65,10,19411
516228,2009,xc,2009-09-09,5000,1266,22,10,19407
516228,2009,xc,2009-09-19,5000,1240.4,67,10,18346
516228,2009,xc,2009-09-23,5000,1188,17,10,18602
516228,2009,xc,2009-10-03,5000,1201,150,10,18746
516228,2009,xc,2009-10-07,5000,1257,,10,19408
516228,2009,xc,2009-10-14,5000,1197,6,10,19409
516228,2009,xc,2009-10-29,5000,1193.5,49,10,19411
1407297,2009,xc,2009-09-09,5000,1095,23,12,19407
1407297,2009,xc,2009-09-23,5000,1023,9,12,18602
1407297,2009,xc,2009-10-03,5000,1025.4,56,12,18746
1407297,2009,xc,2009-10-14,5000,1074,6,12,19409
1407297,2009,xc,2009-10-21,5000,1088.5,8,12,19410
1407297,2009,xc,2009-10-29,5000,1047.2,15,12,19411
82758,2009,xc,2009-09-19,5000,1159.4,17,12,18346
82758,2009,xc,2009-09-23,5000,1145,29,12,18602
82758,2009,xc,2009-10-03,5000,1112,44,12,18746
82758,2009,xc,2009-10-07,5000,1147,,12,19408
82758,2009,xc,2009-10-14,5000,1158,15,12,19409
82758,2009,xc,2009-10-21,5000,1135,16,12,19410
82758,2009,xc,2009-10-29,5000,1109.3,9,12,19411
237617,2009,xc,2009-09-19,5000,1369.9,190,12,18346
237617,2009,xc,2009-09-23,5000,1362,48,12,18602
237617,2009,xc,2009-10-03,5000,1277,,12,18746
237617,2009,xc,2009-10-07,5000,1353,,12,19408
237617,2009,xc,2009-10-14,5000,1272,18,12,19409
237617,2009,xc,2009-10-21,5000,1300.1,25,12,19410
237617,2009,xc,2009-10-29,5000,1245.3,73,12,19411
1415489,2009,xc,2009-09-09,3200,889,15,9,19407
1415489,2009,xc,2009-09-19,3218,784.7,65,9,18346
1415489,2009,xc,2009-09-23,5000,1302,41,9,18602
1415489,2009,xc,2009-10-07,5000,1344,,9,19408
1415489,2009,xc,2009-10-14,5000,1293,21,9,19409
516234,2009,xc,2009-09-09,5000,1366.4,49,10,19407
516234,2009,xc,2009-09-19,5000,1305.4,143,10,18346
516234,2009,xc,2009-09-23,5000,1287,37,10,18602
516234,2009,xc,2009-10-03,5000,1275,,10,18746
516234,2009,xc,2009-10-07,5000,1338,,10,19408
516234,2009,xc,2009-10-14,5000,1293,22,10,19409
516234,2009,xc,2009-10-21,5000,1325,30,10,19410
516234,2009,xc,2009-10-29,5000,1305.8,100,10,19411
544588,2009,xc,2009-09-19,3218,762,48,10,18346
544588,2009,xc,2009-10-03,5000,1249.8,212,10,18746
544588,2009,xc,2009-10-14,5000,1292,20,10,19409
544588,2009,xc,2009-10-21,5000,1311.5,27,10,19410
544588,2009,xc,2009-10-29,5000,1248.5,76,10,19411
1435786,2009,xc,2009-09-09,5000,1277,25,12,19407
1435786,2009,xc,2009-09-19,5000,1234.8,64,12,18346
1435786,2009,xc,2009-09-23,5000,1178,14,12,18602
1435786,2009,xc,2009-10-07,5000,1225,,12,19408
1435786,2009,xc,2009-10-14,5000,1198,7,12,19409
1435786,2009,xc,2009-10-21,5000,1203.9,9,12,19410
1435786,2009,xc,2009-10-29,5000,1129.5,14,12,19411
516230,2009,xc,2009-09-09,5000,1107,25,10,19407
516230,2009,xc,2009-09-19,5000,1060,19,10,18346
516230,2009,xc,2009-09-23,5000,1024,10,10,18602
516230,2009,xc,2009-10-03,5000,997.6,34,10,18746
516230,2009,xc,2009-10-07,5000,1046,,10,19408
516230,2009,xc,2009-10-14,5000,1038,2,10,19409
516230,2009,xc,2009-10-21,5000,1055,3,10,19410
516230,2009,xc,2009-10-29,5000,1014.5,6,10,19411
516230,2009,xc,2009-11-07,5000,1044,59,10,18712
516238,2009,xc,2009-09-09,5000,1331,39,11,19407
516238,2009,xc,2009-09-19,5000,1259.1,88,11,18346
516238,2009,xc,2009-09-23,5000,1311,42,11,18602
516238,2009,xc,2009-10-03,5000,1211,164,11,18746
516238,2009,xc,2009-10-07,5000,1239,,11,19408
516238,2009,xc,2009-10-14,5000,1187,3,11,19409
516238,2009,xc,2009-10-21,5000,1180.3,5,11,19410
516232,2009,xc,2009-09-09,5000,1150,37,10,19407
516232,2009,xc,2009-09-19,5000,1110.4,27,10,18346
516232,2009,xc,2009-09-23,5000,1097,23,10,18602
516232,2009,xc,2009-10-03,5000,1075.2,119,10,18746
516232,2009,xc,2009-10-07,5000,1115,,10,19408
516232,2009,xc,2009-10-14,5000,1103,12,10,19409
516232,2009,xc,2009-10-21,5000,1142.1,19,10,19410
516232,2009,xc,2009-10-29,5000,1081.8,32,10,19411
763410,2009,xc,2009-09-19,3218,696.6,9,10,18346
763410,2009,xc,2009-10-03,5000,1126.7,53,10,18746
763410,2009,xc,2009-10-07,5000,1125,,10,19408
763410,2009,xc,2009-10-14,5000,1133,1,10,19409
763410,2009,xc,2009-10-21,5000,1129.4,14,10,19410
763410,2009,xc,2009-10-29,5000,1085.5,33,10,19411
82766,2009,xc,2009-09-09,5000,1160,40,12,19407
82766,2009,xc,2009-09-19,5000,1133.6,38,12,18346
82766,2009,xc,2009-09-23,5000,1133,27,12,18602
82766,2009,xc,2009-10-07,5000,1170,,12,19408
82766,2009,xc,2009-10-14,5000,1094,10,12,19409
82766,2009,xc,2009-10-21,5000,1141.8,18,12,19410
82766,2009,xc,2009-10-29,5000,1096.7,35,12,19411
1435780,2009,xc,2009-09-09,3200,812,4,9,19407
1435780,2009,xc,2009-09-19,3218,719.1,22,9,18346
1435780,2009,xc,2009-09-23,5000,1186,16,9,18602
1435780,2009,xc,2009-10-03,5000,1185.5,132,9,18746
1435780,2009,xc,2009-10-07,5000,1204,,9,19408
1435780,2009,xc,2009-10-14,5000,1173,2,9,19409
82770,2009,xc,2009-09-19,5000,1200.3,36,12,18346
82770,2009,xc,2009-09-23,5000,1271,32,12,18602
82770,2009,xc,2009-10-03,5000,1190.1,138,12,18746
82770,2009,xc,2009-10-07,5000,1284,,12,19408
82770,2009,xc,2009-10-14,5000,1193,5,12,19409
82770,2009,xc,2009-10-21,5000,1291.3,23,12,19410
82770,2009,xc,2009-10-29,5000,1179.2,38,12,19411
289011,2009,xc,2009-09-09,5000,1115,29,11,19407
289011,2009,xc,2009-09-19,5000,1074.7,28,11,18346
289011,2009,xc,2009-09-23,5000,1017,7,11,18602
289011,2009,xc,2009-10-03,5000,1056,93,11,18746
289011,2009,xc,2009-10-07,5000,1095,,11,19408
289011,2009,xc,2009-10-14,5000,1085,7,11,19409
289011,2009,xc,2009-10-21,5000,1101.8,11,11,19410
289011,2009,xc,2009-10-29,5000,1053.3,19,11,19411
93658,2009,xc,2009-09-09,5000,1177,43,12,19407
93658,2009,xc,2009-09-19,5000,1178.2,80,12,18346
93658,2009,xc,2009-09-23,5000,1153,5,12,18602
797061,2009,xc,2009-09-19,3218,736.7,30,11,18346
797061,2009,xc,2009-09-23,5000,1242,26,11,18602
797061,2009,xc,2009-10-07,5000,2023,,11,19408
1407287,2009,xc,2009-09-09,5000,1252,18,10,19407
1407287,2009,xc,2009-09-19,5000,1191.3,29,10,18346
1407287,2009,xc,2009-09-23,5000,1177,13,10,18602
1407287,2009,xc,2009-10-03,5000,1114.1,46,10,18746
1407287,2009,xc,2009-10-14,5000,1204,18,10,19409
1407287,2009,xc,2009-10-21,5000,1168.8,2,10,19410
1407287,2009,xc,2009-10-29,5000,1132,15,10,19411
237627,2009,xc,2009-09-09,5000,1141,34,11,19407
237627,2009,xc,2009-09-19,5000,1130.8,33,11,18346
237627,2009,xc,2009-09-23,5000,1068,17,11,18602
237627,2009,xc,2009-10-03,5000,1104,146,11,18746
237627,2009,xc,2009-10-07,5000,1106,,11,19408
237627,2009,xc,2009-10-14,5000,1131,13,11,19409
320948,2009,xc,2009-09-09,5000,1049,11,11,19407
320948,2009,xc,2009-09-19,5000,1011.1,16,11,18346
320948,2009,xc,2009-09-23,5000,994,3,11,18602
320948,2009,xc,2009-10-03,5000,991.7,28,11,18746
320948,2009,xc,2009-10-14,5000,1044,3,11,19409
516225,2009,xc,2009-09-09,5000,1623,27,12,19407
516225,2009,xc,2009-10-21,5000,1605.4,51,12,19410
516225,2009,xc,2009-10-29,5000,1550.3,55,12,19411
295971,2009,xc,2009-09-09,5000,1578,23,11,19407
295971,2009,xc,2009-09-19,5000,1566.4,48,11,18346
295971,2009,xc,2009-09-23,5000,1591,16,11,18602
295971,2009,xc,2009-10-03,5000,1556.1,151,11,18746
295971,2009,xc,2009-10-07,5000,1533,,11,19408
295971,2009,xc,2009-10-21,5000,1603.1,50,11,19410
295971,2009,xc,2009-10-29,5000,1523.6,48,11,19411
1407279,2009,xc,2009-09-09,3200,958,27,9,19407
1407279,2009,xc,2009-09-19,5000,1452.5,16,9,18346
1407279,2009,xc,2009-09-23,5000,1486,6,9,18602
1407279,2009,xc,2009-10-03,5000,1400.4,48,9,18746
1407279,2009,xc,2009-10-07,5000,1429,,9,19408
1407279,2009,xc,2009-10-14,5000,1415,11,9,19409
1407279,2009,xc,2009-10-21,5000,1428.8,25,9,19410
1407279,2009,xc,2009-10-29,5000,1398.1,9,9,19411
747825,2009,xc,2009-09-09,3200,1242,87,11,19407
747825,2009,xc,2009-10-03,5000,1920.1,246,11,18746
747825,2009,xc,2009-10-07,5000,2009,,11,19408
747825,2009,xc,2009-10-21,5000,2081.5,60,11,19410
747825,2009,xc,2009-10-29,5000,1900.7,80,11,19411
288961,2009,xc,2009-09-09,5000,1561,18,12,19407
288961,2009,xc,2009-09-19,5000,1544.3,41,12,18346
288961,2009,xc,2009-09-23,5000,1600,17,12,18602
288961,2009,xc,2009-10-03,5000,1446.6,77,12,18746
516621,2009,xc,2009-09-09,3200,1040,51,11,19407
516621,2009,xc,2009-09-19,3218,930.5,41,11,18346
516621,2009,xc,2009-09-23,5000,1601,18,11,18602
516621,2009,xc,2009-10-03,5000,1458.7,84,11,18746
516621,2009,xc,2009-10-07,5000,1523,,11,19408
516621,2009,xc,2009-10-14,5000,1565,27,11,19409
516621,2009,xc,2009-10-21,5000,1598.1,48,11,19410
516621,2009,xc,2009-10-29,5000,1578.4,62,11,19411
747797,2009,xc,2009-09-09,5000,1184,4,10,19407
747797,2009,xc,2009-09-19,5000,1149.3,4,10,18346
747797,2009,xc,2009-09-23,5000,1131,2,10,18602
747797,2009,xc,2009-10-03,5000,1092.3,3,10,18746
747797,2009,xc,2009-10-14,5000,1149,2,10,19409
747797,2009,xc,2009-10-21,5000,1152.8,1,10,19410
747797,2009,xc,2009-10-29,5000,1113.3,2,10,19411
747797,2009,xc,2009-11-07,5000,1126,4,10,18712
1409684,2009,xc,2009-09-09,5000,1228,7,9,19407
1409684,2009,xc,2009-09-19,5000,1190.8,2,9,18346
1409684,2009,xc,2009-09-23,5000,1246,7,9,18602
1409684,2009,xc,2009-10-03,5000,1108.8,7,9,18746
1409684,2009,xc,2009-10-07,5000,1187,,9,19408
1409684,2009,xc,2009-10-21,5000,1175.4,3,9,19410
1409684,2009,xc,2009-10-29,5000,1138.8,3,9,19411
1409684,2009,xc,2009-11-07,5000,1168,15,9,18712
242662,2009,xc,2009-09-09,5000,1528,8,11,19407
242662,2009,xc,2009-10-07,5000,1472,,11,19408
242662,2009,xc,2009-10-14,5000,1472,19,11,19409
242662,2009,xc,2009-10-21,5000,1495.3,34,11,19410
242662,2009,xc,2009-10-29,5000,1458,25,11,19411
1407277,2009,xc,2009-09-09,3200,1014,41,9,19407
1407277,2009,xc,2009-09-19,3218,908.2,30,9,18346
1407277,2009,xc,2009-09-23,5000,1452,4,9,18602
1407277,2009,xc,2009-10-03,5000,1613.7,179,9,18746
1407277,2009,xc,2009-10-07,5000,1448,,9,19408
1407277,2009,xc,2009-10-14,5000,1455,17,9,19409
747799,2009,xc,2009-09-09,3200,1109,72,10,19407
747799,2009,xc,2009-09-19,3218,1003,87,10,18346
747799,2009,xc,2009-09-23,5000,1755,28,10,18602
747799,2009,xc,2009-10-03,5000,1677.8,206,10,18746
747799,2009,xc,2009-10-07,5000,1699,,10,19408
747799,2009,xc,2009-10-14,5000,1754,33,10,19409
82724,2009,xc,2009-09-09,5000,1518,7,12,19407
82724,2009,xc,2009-09-19,5000,1548.3,43,12,18346
82724,2009,xc,2009-10-03,5000,1467.4,91,12,18746
82724,2009,xc,2009-10-14,5000,1456,18,12,19409
82724,2009,xc,2009-10-21,5000,1544.9,43,12,19410
82724,2009,xc,2009-10-29,5000,1439.4,17,12,19411
1407274,2009,xc,2009-09-09,3200,1003,39,9,19407
1407274,2009,xc,2009-09-19,3218,903.1,27,9,18346
1407274,2009,xc,2009-09-23,5000,1537,11,9,18602
1407274,2009,xc,2009-10-03,5000,1416.5,59,9,18746
1407274,2009,xc,2009-10-07,5000,1454,,9,19408
1407274,2009,xc,2009-10-14,5000,1436,14,9,19409
1407274,2009,xc,2009-10-21,5000,1415,24,9,19410
1407274,2009,xc,2009-10-29,5000,1351,5,9,19411
1407262,2009,xc,2009-09-09,5000,1341,23,10,19407
1407262,2009,xc,2009-09-19,5000,1331.9,9,10,18346
1407262,2009,xc,2009-09-23,5000,1297,11,10,18602
1407262,2009,xc,2009-10-03,5000,1279,81,10,18746
1407262,2009,xc,2009-10-07,5000,1300,,10,19408
1407262,2009,xc,2009-10-21,5000,1321.6,13,10,19410
1407262,2009,xc,2009-10-29,5000,1288.9,20,10,19411
1407262,2009,xc,2009-11-07,5000,1314,98,10,18712
1407281,2009,xc,2009-09-09,3200,997,38,9,19407
1407281,2009,xc,2009-09-19,3218,896.2,22,9,18346
1407281,2009,xc,2009-09-23,5000,1440,3,9,18602
1407281,2009,xc,2009-10-07,5000,1449,,9,19408
1407281,2009,xc,2009-10-14,5000,1450,16,9,19409
1407281,2009,xc,2009-10-21,5000,1465.2,29,9,19410
1407281,2009,xc,2009-10-29,5000,1414.5,10,9,19411
1407282,2009,xc,2009-09-09,3200,1276,93,9,19407
1407282,2009,xc,2009-09-19,3218,1088.2,130,9,18346
1407282,2009,xc,2009-09-23,5000,1935,31,9,18602
1407282,2009,xc,2009-10-03,5000,1719.3,220,9,18746
1407282,2009,xc,2009-10-07,5000,1888,,9,19408
1407282,2009,xc,2009-10-14,5000,1966,38,9,19409
1407282,2009,xc,2009-10-29,5000,1806.1,78,9,19411
747830,2009,xc,2009-09-23,5000,1507,7,11,18602
747830,2009,xc,2009-10-03,5000,1427.5,67,11,18746
747830,2009,xc,2009-10-07,5000,1499,,11,19408
747830,2009,xc,2009-10-21,5000,1523.8,37,11,19410
747830,2009,xc,2009-10-29,5000,1505.8,41,11,19411
1407275,2009,xc,2009-09-09,3200,1266,91,9,19407
1407275,2009,xc,2009-09-19,3218,1119.1,140,9,18346
1407275,2009,xc,2009-09-23,5000,1882,30,9,18602
1407275,2009,xc,2009-10-03,5000,1789,226,9,18746
1407275,2009,xc,2009-10-07,5000,1856,,9,19408
1407275,2009,xc,2009-10-14,5000,1797,35,9,19409
1407275,2009,xc,2009-10-21,5000,2014.2,59,9,19410
1407275,2009,xc,2009-10-29,5000,1801.4,77,9,19411
1407276,2009,xc,2009-09-09,3200,946,23,9,19407
1407276,2009,xc,2009-09-19,5000,1413.9,8,9,18346
1407276,2009,xc,2009-09-23,5000,1372,1,9,18602
1407276,2009,xc,2009-10-07,5000,1396,,9,19408
1407276,2009,xc,2009-10-14,5000,1374,9,9,19409
1407276,2009,xc,2009-10-21,5000,1414.5,23,9,19410
1407276,2009,xc,2009-10-29,5000,1350,4,9,19411
116386,2009,xc,2009-09-09,5000,1643,28,12,19407
116386,2009,xc,2009-09-19,5000,1451.2,15,12,18346
116386,2009,xc,2009-09-23,5000,1564,14,12,18602
116386,2009,xc,2009-10-07,5000,1446,,12,19408
116386,2009,xc,2009-10-14,5000,1419,13,12,19409
116386,2009,xc,2009-10-21,5000,1460.1,28,12,19410
116386,2009,xc,2009-10-29,5000,1442.7,20,12,19411
747832,2009,xc,2009-09-09,5000,1557,17,11,19407
747832,2009,xc,2009-10-07,5000,1577,,11,19408
747832,2009,xc,2009-10-14,5000,1585,28,11,19409
747832,2009,xc,2009-10-21,5000,1591,47,11,19410
747832,2009,xc,2009-10-29,5000,1473.8,33,11,19411
289003,2009,xc,2009-09-09,5000,1268,10,11,19407
289003,2009,xc,2009-09-19,5000,1210.2,2,11,18346
289003,2009,xc,2009-09-23,5000,1230,5,11,18602
289003,2009,xc,2009-10-03,5000,1178.1,23,11,18746
289003,2009,xc,2009-10-07,5000,1220,,11,19408
289003,2009,xc,2009-10-14,5000,1207,3,11,19409
289003,2009,xc,2009-10-21,5000,1238.1,5,11,19410
289003,2009,xc,2009-10-29,5000,1204.6,8,11,19411
289003,2009,xc,2009-11-07,5000,1203,34,11,18712
517077,2009,xc,2009-09-09,5000,1370,27,11,19407
517077,2009,xc,2009-09-19,5000,1341,11,11,18346
517077,2009,xc,2009-09-23,5000,1289,10,11,18602
517077,2009,xc,2009-10-03,5000,1280,4,11,18746
517077,2009,xc,2009-10-07,5000,1304,,11,19408
517077,2009,xc,2009-10-14,5000,1309,6,11,19409
517077,2009,xc,2009-10-21,5000,1311.8,12,11,19410
517077,2009,xc,2009-10-29,5000,1301.9,21,11,19411
1407265,2009,xc,2009-09-09,3200,1296,95,12,19407
1407265,2009,xc,2009-09-19,3218,1171.3,154,12,18346
1407265,2009,xc,2009-10-07,5000,1887,,12,19408
93644,2009,xc,2009-09-09,5000,1257,9,12,19407
93644,2009,xc,2009-09-19,5000,1252.6,9,12,18346
93644,2009,xc,2009-09-23,5000,1232,6,12,18602
93644,2009,xc,2009-10-03,5000,1206.3,36,12,18746
93644,2009,xc,2009-10-07,5000,1227,,12,19408
93644,2009,xc,2009-10-14,5000,1234,4,12,19409
93644,2009,xc,2009-10-21,5000,1278.2,6,12,19410
93644,2009,xc,2009-10-29,5000,1220.1,10,12,19411
93644,2009,xc,2009-11-07,5000,1247,69,12,18712
516220,2009,xc,2009-09-09,5000,1428,34,11,19407
516220,2009,xc,2009-09-19,5000,1406.9,32,11,18346
516220,2009,xc,2009-09-23,5000,1374,15,11,18602
516220,2009,xc,2009-10-03,5000,1328,17,11,18746
516220,2009,xc,2009-10-07,5000,1329,,11,19408
516220,2009,xc,2009-10-14,5000,1345,8,11,19409
516220,2009,xc,2009-10-29,5000,1382,6,11,19411
238522,2009,xc,2009-09-19,3218,929.1,38,11,18346
238522,2009,xc,2009-09-23,5000,1526,10,11,18602
238522,2009,xc,2009-10-03,5000,1461,86,11,18746
238522,2009,xc,2009-10-07,5000,1512,,11,19408
238522,2009,xc,2009-10-14,5000,1499,22,11,19409
238522,2009,xc,2009-10-21,5000,1487.7,33,11,19410
238522,2009,xc,2009-10-29,5000,1459,26,11,19411
1442067,2009,xc,2009-09-09,3200,1107,70,12,19407
1442067,2009,xc,2009-09-19,3218,1051.8,118,12,18346
1442067,2009,xc,2009-09-23,5000,1706,24,12,18602
1442067,2009,xc,2009-10-07,5000,1645,,12,19408
1498751,2009,xc,2009-10-03,5000,1540.5,138,9,18746
1498751,2009,xc,2009-10-07,5000,1637,,9,19408
1498751,2009,xc,2009-10-14,5000,1534,25,9,19409
1498751,2009,xc,2009-10-21,5000,1668.1,55,9,19410
1498751,2009,xc,2009-10-29,5000,1514.8,44,9,19411
237626,2009,xc,2009-09-09,5000,1413,33,11,19407
237626,2009,xc,2009-09-19,5000,1390.5,26,11,18346
237626,2009,xc,2009-09-23,5000,1365,14,11,18602
237626,2009,xc,2009-10-03,5000,1309.1,11,11,18746
237626,2009,xc,2009-10-07,5000,1352,,11,19408
237626,2009,xc,2009-10-14,5000,1329,7,11,19409
237626,2009,xc,2009-10-21,5000,1347.9,16,11,19410
237626,2009,xc,2009-10-29,5000,1312,1,11,19411
1441046,2009,xc,2009-09-09,5000,1289,13,12,19407
1441046,2009,xc,2009-09-19,5000,1304.2,9,12,18346
1441046,2009,xc,2009-09-23,5000,1254,8,12,18602
1441046,2009,xc,2009-10-03,5000,1252.1,59,12,18746
1441046,2009,xc,2009-10-07,5000,1290,,12,19408
1441046,2009,xc,2009-10-21,5000,1336,14,12,19410
1441046,2009,xc,2009-11-07,5000,1305,95,12,18712
1407270,2009,xc,2009-09-09,3200,1236,85,9,19407
1407270,2009,xc,2009-09-19,3218,1065.1,126,9,18346
1407270,2009,xc,2009-10-03,5000,1867.4,236,9,18746
1407270,2009,xc,2009-10-29,5000,1679.3,70,9,19411
516452,2009,xc,2009-09-09,5000,1554,16,10,19407
1407280,2009,xc,2009-09-09,3200,1086,65,12,19407
1407280,2009,xc,2009-09-19,3218,1002.2,86,12,18346
1407280,2009,xc,2009-09-23,5000,1695,22,12,18602
516222,2009,xc,2009-09-09,3200,1021,43,10,19407
516222,2009,xc,2009-10-03,5000,1586.8,165,10,18746
516222,2009,xc,2009-10-07,5000,1506,,10,19408
516222,2009,xc,2009-10-21,5000,1577.2,45,10,19410
516222,2009,xc,2009-10-29,5000,1489.6,37,10,19411
82748,2009,xc,2009-09-09,5000,1166,2,12,19407
82748,2009,xc,2009-09-19,5000,1140.3,3,12,18346
82748,2009,xc,2009-09-23,5000,1128,1,12,18602
82748,2009,xc,2009-10-03,5000,1115.3,9,12,18746
82748,2009,xc,2009-10-07,5000,1164,,12,19408
82748,2009,xc,2009-10-14,5000,1116,1,12,19409
82748,2009,xc,2009-10-21,5000,1155.7,2,12,19410
82748,2009,xc,2009-10-29,5000,1103.2,1,12,19411
82748,2009,xc,2009-11-07,5000,1124,3,12,18712
118476,2009,xc,2009-09-09,5000,1529,9,12,19407
118476,2009,xc,2009-09-19,5000,1517.4,34,12,18346
118476,2009,xc,2009-09-23,5000,1478,5,12,18602
118476,2009,xc,2009-10-03,5000,1394.3,45,12,18746
118476,2009,xc,2009-10-07,5000,1422,,12,19408
118476,2009,xc,2009-10-14,5000,1415,12,12,19409
118476,2009,xc,2009-10-21,5000,1473.1,30,12,19410
118476,2009,xc,2009-10-29,5000,1459.9,27,12,19411
1407252,2009,xc,2009-09-09,3200,1099,68,10,19407
1407252,2009,xc,2009-09-19,3218,979.1,67,10,18346
1407252,2009,xc,2009-09-23,5000,1663,20,10,18602
1407252,2009,xc,2009-10-03,5000,1473.9,97,10,18746
1407252,2009,xc,2009-10-07,5000,1549,,10,19408
1407252,2009,xc,2009-10-21,5000,1601,49,10,19410
1407252,2009,xc,2009-10-29,5000,1483.9,35,10,19411
1863895,2010,xc,2010-09-08,3200,881,30,10,31671
1863895,2010,xc,2010-09-18,5000,1429,164,10,27081
1863895,2010,xc,2010-09-22,5000,1408,42,10,31672
1863895,2010,xc,2010-09-29,5000,1543,51,10,31673
1863895,2010,xc,2010-10-02,5000,1356,283,10,31677
1863895,2010,xc,2010-10-13,5000,1344,,10,31674
1863895,2010,xc,2010-10-20,5000,1287,41,10,31675
1863895,2010,xc,2010-10-28,5000,1319,130,10,31676
2522337,2010,xc,2010-09-08,5000,1084,27,10,31671
2522337,2010,xc,2010-09-18,5000,1078.5,27,10,27081
2522337,2010,xc,2010-09-29,5000,1160,6,10,31673
2522337,2010,xc,2010-10-02,5000,1045,54,10,31677
2522337,2010,xc,2010-10-13,5000,1071,,10,31674
2522337,2010,xc,2010-10-20,5000,1041,13,10,31675
2522337,2010,xc,2010-10-28,5000,1015,11,10,31676
2522385,2010,xc,2010-09-08,3200,1006,68,9,31671
2522385,2010,xc,2010-09-18,3218,927.1,110,9,27081
2522385,2010,xc,2010-09-22,5000,1503,50,9,31672
2522385,2010,xc,2010-09-29,5000,1682,60,9,31673
2522385,2010,xc,2010-10-02,5000,1456,88,9,31677
2522385,2010,xc,2010-10-13,5000,1419,,9,31674
2522385,2010,xc,2010-10-20,5000,1405,57,9,31675
2522385,2010,xc,2010-10-28,5000,1401,144,9,31676
2532456,2010,xc,2010-09-08,3200,841,16,10,31671
2532456,2010,xc,2010-09-18,5000,1254.4,78,10,27081
2532456,2010,xc,2010-09-22,5000,1223,10,10,31672
2532456,2010,xc,2010-09-29,5000,1398,17,10,31673
2532456,2010,xc,2010-10-13,5000,1141,,10,31674
2532456,2010,xc,2010-10-20,5000,1131,4,10,31675
2532456,2010,xc,2010-10-28,5000,1093,13,10,31676
516227,2010,xc,2010-09-08,5000,1199,21,11,31671
516227,2010,xc,2010-09-18,5000,1212,43,11,27081
516227,2010,xc,2010-09-22,5000,1202,7,11,31672
516227,2010,xc,2010-09-29,5000,1390,15,11,31673
516227,2010,xc,2010-10-02,5000,1181,96,11,31677
516227,2010,xc,2010-10-13,5000,1199,,11,31674
516227,2010,xc,2010-10-20,5000,1173,20,11,31675
516227,2010,xc,2010-10-28,5000,1161,52,11,31676
2607976,2010,xc,2010-09-18,3218,802.6,65,11,27081
2607976,2010,xc,2010-09-22,5000,1322,30,11,31672
2607976,2010,xc,2010-09-29,5000,1433,29,11,31673
2607976,2010,xc,2010-10-13,5000,1253,,11,31674
289000,2010,xc,2010-09-08,5000,1053,18,12,31671
289000,2010,xc,2010-09-18,5000,1070,42,12,27081
289000,2010,xc,2010-09-22,5000,1077,4,12,31672
289000,2010,xc,2010-09-29,5000,1192,10,12,31673
289000,2010,xc,2010-10-02,5000,1061,73,12,31677
289000,2010,xc,2010-10-13,5000,1052,,12,31674
289000,2010,xc,2010-10-20,5000,1035,10,12,31675
289000,2010,xc,2010-10-28,5000,1032,20,12,31676
2522342,2010,xc,2010-09-08,3200,976,60,9,31671
2522342,2010,xc,2010-09-18,3218,898,101,9,27081
2522342,2010,xc,2010-09-22,5000,1492,47,9,31672
2522342,2010,xc,2010-09-29,5000,1682,61,9,31673
2522342,2010,xc,2010-10-02,5000,1491,91,9,31677
2522342,2010,xc,2010-10-20,5000,1378,54,9,31675
2522342,2010,xc,2010-10-28,5000,1395,143,9,31676
2522345,2010,xc,2010-09-08,3200,853,19,9,31671
2522345,2010,xc,2010-09-18,5000,1321.8,117,9,27081
2522345,2010,xc,2010-09-22,5000,1298,26,9,31672
2522345,2010,xc,2010-09-29,5000,1469,40,9,31673
2522345,2010,xc,2010-10-02,5000,1274,46,9,31677
2522345,2010,xc,2010-10-13,5000,1293,,9,31674
2522345,2010,xc,2010-10-20,5000,1279,39,9,31675
2522345,2010,xc,2010-10-28,5000,1247,102,9,31676
2522345,2010,xc,2010-10-28,5000,1245,101,9,31676
1407301,2010,xc,2010-09-08,5000,1443,86,11,31671
1407301,2010,xc,2010-09-18,5000,1468.6,167,11,27081
1407301,2010,xc,2010-09-22,5000,1366,35,11,31672
1407301,2010,xc,2010-09-29,5000,1570,52,11,31673
1407301,2010,xc,2010-10-13,5000,1333,,11,31674
1407301,2010,xc,2010-10-20,5000,1329,47,11,31675
1407301,2010,xc,2010-10-28,5000,1312,128,11,31676
516453,2010,xc,2010-09-08,5000,1214,31,11,31671
516453,2010,xc,2010-09-18,5000,1180.8,29,11,27081
516453,2010,xc,2010-09-22,5000,1168,4,11,31672
516453,2010,xc,2010-09-29,5000,1315,8,11,31673
516453,2010,xc,2010-10-02,5000,1167,78,11,31677
516453,2010,xc,2010-10-13,5000,1140,,11,31674
516453,2010,xc,2010-10-20,5000,1133,5,11,31675
516453,2010,xc,2010-10-28,5000,1118,25,11,31676
516228,2010,xc,2010-09-08,5000,1183,20,11,31671
516228,2010,xc,2010-09-18,5000,1180.4,28,11,27081
516228,2010,xc,2010-09-22,5000,1169,5,11,31672
516228,2010,xc,2010-09-29,5000,1360,12,11,31673
516228,2010,xc,2010-10-02,5000,1179,94,11,31677
516228,2010,xc,2010-10-13,5000,1205,,11,31674
516228,2010,xc,2010-10-20,5000,1168,18,11,31675
516228,2010,xc,2010-10-28,5000,1139,40,11,31676
2522354,2010,xc,2010-09-08,3200,877,26,10,31671
2522354,2010,xc,2010-09-18,5000,1354.3,139,10,27081
2522354,2010,xc,2010-09-22,5000,1380,38,10,31672
2522354,2010,xc,2010-09-29,5000,1614,57,10,31673
2522354,2010,xc,2010-10-02,5000,1325,255,10,31677
2522354,2010,xc,2010-10-13,5000,1386,,10,31674
2522354,2010,xc,2010-10-28,5000,1296,125,10,31676
2522360,2010,xc,2010-09-08,3200,802,7,9,31671
2522360,2010,xc,2010-09-18,5000,1258.1,80,9,27081
2522360,2010,xc,2010-09-22,5000,1256,15,9,31672
2522360,2010,xc,2010-09-29,5000,1437,34,9,31673
2522360,2010,xc,2010-10-02,5000,1225,33,9,31677
2522360,2010,xc,2010-10-13,5000,1215,,9,31674
2522360,2010,xc,2010-10-20,5000,1201,27,9,31675
2522360,2010,xc,2010-10-28,5000,1185,69,9,31676
2558604,2010,xc,2010-09-08,3200,909,37,10,31671
2558604,2010,xc,2010-09-18,5000,1307.3,107,10,27081
2558604,2010,xc,2010-09-22,5000,1377,37,10,31672
2558604,2010,xc,2010-09-29,5000,1532,48,10,31673
2522366,2010,xc,2010-09-08,5000,1142,43,10,31671
2522366,2010,xc,2010-09-18,5000,1104.4,17,10,27081
2522366,2010,xc,2010-09-22,5000,1108,8,10,31672
2522366,2010,xc,2010-09-29,5000,1236,17,10,31673
2522366,2010,xc,2010-10-02,5000,1128,150,10,31677
2522366,2010,xc,2010-10-13,5000,1118,,10,31674
2522366,2010,xc,2010-10-20,5000,1070,21,10,31675
2522366,2010,xc,2010-10-28,5000,1085,45,10,31676
1863903,2010,xc,2010-09-08,3200,866,24,10,31671
1863903,2010,xc,2010-09-18,5000,1482.5,171,10,27081
1863903,2010,xc,2010-09-22,5000,1428,43,10,31672
1863903,2010,xc,2010-09-29,5000,1652,58,10,31673
1863903,2010,xc,2010-10-02,5000,1376,294,10,31677
1863903,2010,xc,2010-10-13,5000,1402,,10,31674
1863903,2010,xc,2010-10-20,5000,1356,53,10,31675
1863903,2010,xc,2010-10-28,5000,1352,137,10,31676
1415489,2010,xc,2010-09-08,5000,1229,32,10,31671
1415489,2010,xc,2010-09-18,5000,1216.6,48,10,27081
1415489,2010,xc,2010-09-29,5000,1392,16,10,31673
1415489,2010,xc,2010-10-02,5000,1216,136,10,31677
1415489,2010,xc,2010-10-13,5000,1179,,10,31674
1415489,2010,xc,2010-10-20,5000,1173,21,10,31675
1415489,2010,xc,2010-10-28,5000,1172,59,10,31676
516234,2010,xc,2010-09-08,3200,877,27,11,31671
516234,2010,xc,2010-09-18,5000,1366.2,144,11,27081
516234,2010,xc,2010-09-22,5000,1326,31,11,31672
516234,2010,xc,2010-09-29,5000,1500,46,11,31673
516234,2010,xc,2010-10-02,5000,1304,231,11,31677
516234,2010,xc,2010-10-13,5000,1359,,11,31674
516234,2010,xc,2010-10-20,5000,1322,45,11,31675
516234,2010,xc,2010-10-28,5000,1268,115,11,31676
516230,2010,xc,2010-09-08,5000,1002,8,11,31671
516230,2010,xc,2010-09-18,5000,980.7,7,11,27081
516230,2010,xc,2010-09-22,5000,1001,1,11,31672
516230,2010,xc,2010-09-29,5000,1100,1,11,31673
516230,2010,xc,2010-10-02,5000,973,5,11,31677
516230,2010,xc,2010-10-13,5000,993,,11,31674
516230,2010,xc,2010-10-20,5000,983,4,11,31675
516230,2010,xc,2010-10-28,5000,968,3,11,31676
516230,2010,xc,2010-11-06,5000,982,20,11,32567
2522370,2010,xc,2010-09-08,3200,778,4,10,31671
2522370,2010,xc,2010-09-18,5000,1219.3,50,10,27081
2522370,2010,xc,2010-09-22,5000,1211,9,10,31672
2522370,2010,xc,2010-09-29,5000,1369,14,10,31673
2522370,2010,xc,2010-10-02,5000,1202,117,10,31677
2522370,2010,xc,2010-10-13,5000,1210,,10,31674
2522370,2010,xc,2010-10-20,5000,1155,12,10,31675
2522370,2010,xc,2010-10-28,5000,1141,43,10,31676
516232,2010,xc,2010-09-08,5000,1160,12,11,31671
516232,2010,xc,2010-09-18,5000,1159.6,58,11,27081
516232,2010,xc,2010-09-22,5000,1158,1,11,31672
516232,2010,xc,2010-09-29,5000,1260,20,11,31673
516232,2010,xc,2010-10-02,5000,1123,146,11,31677
516232,2010,xc,2010-10-13,5000,1113,,11,31674
516232,2010,xc,2010-10-20,5000,1141,37,11,31675
516232,2010,xc,2010-10-28,5000,1095,16,11,31676
2522371,2010,xc,2010-09-08,5000,1146,45,9,31671
2522371,2010,xc,2010-09-18,5000,1155.5,57,9,27081
2522371,2010,xc,2010-09-22,5000,1234,11,9,31672
2522371,2010,xc,2010-09-29,5000,1415,23,9,31673
2522371,2010,xc,2010-10-02,5000,1187,23,9,31677
2522371,2010,xc,2010-10-13,5000,1200,,9,31674
2522371,2010,xc,2010-10-20,5000,1146,9,9,31675
2522371,2010,xc,2010-10-28,5000,1122,28,9,31676
763410,2010,xc,2010-09-08,5000,1135,7,11,31671
763410,2010,xc,2010-09-18,5000,1139.6,39,11,27081
763410,2010,xc,2010-09-22,5000,1144,15,11,31672
763410,2010,xc,2010-09-29,5000,1223,15,11,31673
763410,2010,xc,2010-10-02,5000,1113,133,11,31677
763410,2010,xc,2010-10-13,5000,1121,,11,31674
763410,2010,xc,2010-10-20,5000,1091,26,11,31675
763410,2010,xc,2010-10-28,5000,1072,40,11,31676
1435780,2010,xc,2010-09-08,5000,1182,18,10,31671
1435780,2010,xc,2010-09-18,5000,1184.2,31,10,27081
1435780,2010,xc,2010-09-22,5000,1160,2,10,31672
1435780,2010,xc,2010-09-29,5000,1350,11,10,31673
1435780,2010,xc,2010-10-02,5000,1192,109,10,31677
1435780,2010,xc,2010-10-13,5000,1159,,10,31674
1435780,2010,xc,2010-10-20,5000,1146,10,10,31675
1435780,2010,xc,2010-10-28,5000,1145,46,10,31676
1407288,2010,xc,2010-09-18,3218,857.5,94,10,27081
1407288,2010,xc,2010-09-22,5000,1468,45,10,31672
1407288,2010,xc,2010-09-29,5000,1593,53,10,31673
1407288,2010,xc,2010-10-02,5000,1395,306,10,31677
1407288,2010,xc,2010-10-13,5000,1316,,10,31674
1407288,2010,xc,2010-10-20,5000,1329,46,10,31675
2526650,2010,xc,2010-09-08,5000,1127,38,9,31671
2526650,2010,xc,2010-09-18,5000,1123.2,34,9,27081
2526650,2010,xc,2010-09-22,5000,1109,9,9,31672
2526650,2010,xc,2010-09-29,5000,1212,14,9,31673
2526650,2010,xc,2010-10-02,5000,1082,105,9,31677
2526650,2010,xc,2010-10-13,5000,1085,,9,31674
2526650,2010,xc,2010-10-20,5000,1063,17,9,31675
2526650,2010,xc,2010-10-28,5000,1050,28,9,31676
289011,2010,xc,2010-09-08,5000,1160,56,12,31671
289011,2010,xc,2010-09-18,5000,1132.7,45,12,27081
289011,2010,xc,2010-09-22,5000,1100,7,12,31672
289011,2010,xc,2010-09-29,5000,1444,29,12,31673
289011,2010,xc,2010-10-02,5000,1148,55,12,31677
289011,2010,xc,2010-10-13,5000,1080,,12,31674
289011,2010,xc,2010-10-20,5000,1078,24,12,31675
289011,2010,xc,2010-10-28,5000,1077,41,12,31676
1407287,2010,xc,2010-09-08,5000,1202,24,11,31671
1407287,2010,xc,2010-09-18,5000,1215.8,47,11,27081
1407287,2010,xc,2010-09-22,5000,1208,8,11,31672
1407287,2010,xc,2010-09-29,5000,1269,3,11,31673
1407287,2010,xc,2010-10-02,5000,1151,57,11,31677
1407287,2010,xc,2010-10-13,5000,1144,,11,31674
1407287,2010,xc,2010-10-20,5000,1149,11,11,31675
1407287,2010,xc,2010-10-28,5000,1140,42,11,31676
2593014,2010,xc,2010-09-18,5000,1200.7,40,11,27081
2593014,2010,xc,2010-09-22,5000,1197,6,11,31672
2593014,2010,xc,2010-09-29,5000,1338,10,11,31673
2593014,2010,xc,2010-10-02,5000,1178,93,11,31677
2593014,2010,xc,2010-10-13,5000,1149,,11,31674
2593014,2010,xc,2010-10-20,5000,1156,13,11,31675
2593014,2010,xc,2010-10-28,5000,1119,26,11,31676
1863912,2010,xc,2010-09-08,3200,837,15,10,31671
1863912,2010,xc,2010-09-18,5000,1286.9,95,10,27081
1863912,2010,xc,2010-09-22,5000,1316,29,10,31672
1863912,2010,xc,2010-09-29,5000,1532,47,10,31673
1863912,2010,xc,2010-10-13,5000,1279,,10,31674
1863912,2010,xc,2010-10-28,5000,1245,100,10,31676
237627,2010,xc,2010-09-08,5000,1130,39,12,31671
237627,2010,xc,2010-09-18,5000,1137.1,14,12,27081
237627,2010,xc,2010-09-22,5000,1153,16,12,31672
237627,2010,xc,2010-09-29,5000,1290,25,12,31673
237627,2010,xc,2010-10-02,5000,1110,26,12,31677
237627,2010,xc,2010-10-13,5000,1137,,12,31674
237627,2010,xc,2010-10-20,5000,1093,28,12,31675
320948,2010,xc,2010-09-08,5000,1144,44,12,31671
320948,2010,xc,2010-09-18,5000,1140.3,43,12,27081
320948,2010,xc,2010-09-22,5000,1127,12,12,31672
320948,2010,xc,2010-09-29,5000,1330,22,12,31673
320948,2010,xc,2010-10-02,5000,1124,41,12,31677
320948,2010,xc,2010-10-13,5000,1100,,12,31674
320948,2010,xc,2010-10-20,5000,1133,36,12,31675
295973,2010,xc,2010-09-08,3200,891,33,12,31671
295973,2010,xc,2010-09-18,5000,1373.1,29,12,27081
295973,2010,xc,2010-09-22,5000,1353,11,12,31672
295973,2010,xc,2010-09-29,5000,1550,13,12,31673
295973,2010,xc,2010-10-02,5000,1340,101,12,31677
295973,2010,xc,2010-10-13,5000,1303,,12,31674
295973,2010,xc,2010-10-20,5000,1293,15,12,31675
295973,2010,xc,2010-10-28,5000,1295,32,12,31676
295973,2010,xc,2010-11-06,5000,1334,87,12,32567
1407279,2010,xc,2010-09-08,5000,1459,15,10,31671
1407279,2010,xc,2010-09-18,5000,1426.4,5,10,27081
1407279,2010,xc,2010-09-22,5000,1413,17,10,31672
1407279,2010,xc,2010-09-29,5000,1632,19,10,31673
1407279,2010,xc,2010-10-02,5000,1389,52,10,31677
1407279,2010,xc,2010-10-13,5000,1354,,10,31674
1407279,2010,xc,2010-10-20,5000,1352,23,10,31675
1407279,2010,xc,2010-10-28,5000,1301,5,10,31676
2522339,2010,xc,2010-09-08,5000,1437,12,11,31671
2522339,2010,xc,2010-09-18,5000,1470.1,11,11,27081
2522339,2010,xc,2010-09-22,5000,1473,20,11,31672
2522339,2010,xc,2010-09-29,5000,1758,33,11,31673
2522339,2010,xc,2010-10-02,5000,1470,104,11,31677
2522339,2010,xc,2010-10-13,5000,1430,,11,31674
2522339,2010,xc,2010-10-20,5000,1368,25,11,31675
2522339,2010,xc,2010-10-28,5000,1403,19,11,31676
2522341,2010,xc,2010-09-08,3200,1002,66,12,31671
2522341,2010,xc,2010-09-18,5000,1525.6,30,12,27081
2522341,2010,xc,2010-09-22,5000,1514,29,12,31672
2522341,2010,xc,2010-09-29,5000,1699,30,12,31673
2522341,2010,xc,2010-10-02,5000,1497,124,12,31677
2522341,2010,xc,2010-10-13,5000,1470,,12,31674
2522341,2010,xc,2010-10-20,5000,1425,39,12,31675
2522341,2010,xc,2010-10-28,5000,1422,28,12,31676
2563998,2010,xc,2010-09-18,3218,1426.3,103,11,27081
2563998,2010,xc,2010-09-22,5000,2339,46,11,31672
2563998,2010,xc,2010-10-02,5000,2073,342,11,31677
747797,2010,xc,2010-09-08,5000,1194,4,11,31671
747797,2010,xc,2010-09-18,5000,1179.6,5,11,27081
747797,2010,xc,2010-09-22,5000,1194,1,11,31672
747797,2010,xc,2010-09-29,5000,1324,1,11,31673
747797,2010,xc,2010-10-02,5000,1131,3,11,31677
747797,2010,xc,2010-10-13,5000,1167,,11,31674
747797,2010,xc,2010-10-20,5000,1138,1,11,31675
747797,2010,xc,2010-10-28,5000,1128,2,11,31676
747797,2010,xc,2010-11-06,5000,1137,6,11,32567
1409684,2010,xc,2010-09-08,5000,1118,1,10,31671
1409684,2010,xc,2010-09-18,5000,1143.2,2,10,27081
1409684,2010,xc,2010-10-13,5000,1274,,10,31674
1409684,2010,xc,2010-10-20,5000,1168,2,10,31675
1409684,2010,xc,2010-10-28,5000,1111,1,10,31676
1409684,2010,xc,2010-11-06,5000,1154,12,10,32567
1407277,2010,xc,2010-09-08,3200,1029,80,10,31671
1407277,2010,xc,2010-09-18,5000,1528.2,32,10,27081
1407277,2010,xc,2010-10-28,5000,1491,41,10,31676
1407274,2010,xc,2010-09-08,3200,956,46,10,31671
1407274,2010,xc,2010-09-18,5000,1474.4,13,10,27081
1407274,2010,xc,2010-09-22,5000,1487,25,10,31672
1407274,2010,xc,2010-09-29,5000,1672,25,10,31673
1407274,2010,xc,2010-10-02,5000,1414,68,10,31677
1407274,2010,xc,2010-10-13,5000,1414,,10,31674
1407274,2010,xc,2010-10-20,5000,1394,33,10,31675
1407274,2010,xc,2010-10-28,5000,1384,15,10,31676
2522343,2010,xc,2010-09-08,5000,1301,19,9,31671
2522343,2010,xc,2010-09-18,5000,1300.8,14,9,27081
2522343,2010,xc,2010-09-22,5000,1363,12,9,31672
2522343,2010,xc,2010-10-20,5000,1436,43,9,31675
2522343,2010,xc,2010-10-28,5000,1299,4,9,31676
747830,2010,xc,2010-09-08,5000,1484,21,12,31671
747830,2010,xc,2010-09-18,5000,1495.4,20,12,27081
747830,2010,xc,2010-09-22,5000,1498,26,12,31672
747830,2010,xc,2010-09-29,5000,1696,29,12,31673
747830,2010,xc,2010-10-02,5000,1464,100,12,31677
747830,2010,xc,2010-10-13,5000,1452,,12,31674
747830,2010,xc,2010-10-20,5000,1425,38,12,31675
747830,2010,xc,2010-10-28,5000,1423,29,12,31676
1885494,2010,xc,2010-09-08,3200,963,50,12,31671
1885494,2010,xc,2010-09-18,5000,1500.2,24,12,27081
1885494,2010,xc,2010-09-22,5000,1507,28,12,31672
1885494,2010,xc,2010-09-29,5000,1695,28,12,31673
1885494,2010,xc,2010-10-02,5000,1467,101,12,31677
1885494,2010,xc,2010-10-13,5000,1462,,12,31674
1885494,2010,xc,2010-10-28,5000,1472,35,12,31676
1407275,2010,xc,2010-09-08,3200,1137,110,10,31671
1407275,2010,xc,2010-09-18,3218,1111.3,74,10,27081
1407275,2010,xc,2010-09-22,5000,1956,44,10,31672
1407275,2010,xc,2010-10-02,5000,1879,321,10,31677
1407275,2010,xc,2010-10-13,5000,2081,,10,31674
1407275,2010,xc,2010-10-20,5000,2017,66,10,31675
1407275,2010,xc,2010-10-28,5000,1952,94,10,31676
1407276,2010,xc,2010-09-08,5000,1306,20,10,31671
1407276,2010,xc,2010-09-18,5000,1250.6,3,10,27081
1407276,2010,xc,2010-09-22,5000,1273,5,10,31672
1407276,2010,xc,2010-09-29,5000,1430,6,10,31673
1407276,2010,xc,2010-10-02,5000,1272,58,10,31677
1407276,2010,xc,2010-10-20,5000,1301,17,10,31675
1407276,2010,xc,2010-10-28,5000,1265,26,10,31676
747832,2010,xc,2010-09-08,5000,1459,16,12,31671
747832,2010,xc,2010-09-18,5000,1522,29,12,27081
747832,2010,xc,2010-09-22,5000,1477,23,12,31672
747832,2010,xc,2010-10-02,5000,1493,121,12,31677
747832,2010,xc,2010-10-28,5000,1537,50,12,31676
2522368,2010,xc,2010-09-08,5000,1435,10,10,31671
2522368,2010,xc,2010-09-18,5000,1386.2,2,10,27081
2522368,2010,xc,2010-09-22,5000,1380,13,10,31672
2522368,2010,xc,2010-09-29,5000,1490,11,10,31673
2522368,2010,xc,2010-10-02,5000,1289,68,10,31677
2522368,2010,xc,2010-10-13,5000,1312,,10,31674
2522368,2010,xc,2010-10-20,5000,1306,18,10,31675
2522368,2010,xc,2010-10-28,5000,1303,6,10,31676
289003,2010,xc,2010-09-08,5000,1189,3,12,31671
289003,2010,xc,2010-09-18,5000,1198.9,2,12,27081
289003,2010,xc,2010-09-22,5000,1230,2,12,31672
289003,2010,xc,2010-09-29,5000,1374,2,12,31673
289003,2010,xc,2010-10-02,5000,1175,12,12,31677
289003,2010,xc,2010-10-13,5000,1181,,12,31674
289003,2010,xc,2010-10-20,5000,1187,3,12,31675
289003,2010,xc,2010-10-28,5000,1193,7,12,31676
289003,2010,xc,2010-11-06,5000,1322,83,12,32567
517077,2010,xc,2010-09-18,5000,1370.4,26,12,27081
517077,2010,xc,2010-09-22,5000,1344,10,12,31672
517077,2010,xc,2010-09-29,5000,1522,12,12,31673
517077,2010,xc,2010-10-02,5000,1332,97,12,31677
517077,2010,xc,2010-10-13,5000,1316,,12,31674
517077,2010,xc,2010-10-20,5000,1265,11,12,31675
517077,2010,xc,2010-10-28,5000,1261,24,12,31676
517077,2010,xc,2010-11-06,5000,1317,81,12,32567
2522373,2010,xc,2010-09-08,3200,914,40,10,31671
2522373,2010,xc,2010-09-18,5000,1434.3,51,10,27081
2522373,2010,xc,2010-09-22,5000,1384,14,10,31672
2522373,2010,xc,2010-09-29,5000,1594,16,10,31673
2522373,2010,xc,2010-10-02,5000,1454,91,10,31677
2522373,2010,xc,2010-10-28,5000,1400,18,10,31676
516220,2010,xc,2010-09-08,5000,1390,2,12,31671
516220,2010,xc,2010-09-18,5000,1422.1,45,12,27081
516220,2010,xc,2010-09-22,5000,1397,16,12,31672
516220,2010,xc,2010-09-29,5000,1561,14,12,31673
516220,2010,xc,2010-10-02,5000,1361,33,12,31677
516220,2010,xc,2010-10-13,5000,1321,,12,31674
516220,2010,xc,2010-10-20,5000,1293,16,12,31675
516220,2010,xc,2010-10-28,5000,1292,2,12,31676
516220,2010,xc,2010-11-06,5000,1364,96,12,32567
2526649,2010,xc,2010-09-08,3200,971,57,10,31671
2526649,2010,xc,2010-09-18,5000,1435.7,7,10,27081
2526649,2010,xc,2010-09-22,5000,1389,15,10,31672
2526649,2010,xc,2010-09-29,5000,1598,17,10,31673
2526649,2010,xc,2010-10-02,5000,1382,45,10,31677
2526649,2010,xc,2010-10-13,5000,1393,,10,31674
2526649,2010,xc,2010-10-20,5000,1332,20,10,31675
2526649,2010,xc,2010-10-28,5000,1338,13,10,31676
2522377,2010,xc,2010-10-13,5000,1400,,11,31674
2522377,2010,xc,2010-10-20,5000,1374,30,11,31675
1498751,2010,xc,2010-09-08,5000,1479,18,10,31671
1498751,2010,xc,2010-09-18,5000,1477,15,10,27081
1498751,2010,xc,2010-09-22,5000,1482,24,10,31672
1498751,2010,xc,2010-09-29,5000,1635,21,10,31673
1498751,2010,xc,2010-10-02,5000,1459,96,10,31677
1498751,2010,xc,2010-10-13,5000,1454,,10,31674
1498751,2010,xc,2010-10-20,5000,1400,34,10,31675
1498751,2010,xc,2010-10-28,5000,1388,16,10,31676
237626,2010,xc,2010-09-08,5000,1297,18,12,31671
237626,2010,xc,2010-09-18,5000,1302.9,22,12,27081
237626,2010,xc,2010-09-22,5000,1292,6,12,31672
237626,2010,xc,2010-09-29,5000,1466,9,12,31673
237626,2010,xc,2010-10-02,5000,1322,88,12,31677
237626,2010,xc,2010-10-13,5000,1283,,12,31674
237626,2010,xc,2010-10-20,5000,1261,9,12,31675
237626,2010,xc,2010-10-28,5000,1236,15,12,31676
237626,2010,xc,2010-11-06,5000,1298,73,12,32567
516222,2010,xc,2010-09-08,3200,970,56,11,31671
516222,2010,xc,2010-09-18,5000,1529.6,33,11,27081
516222,2010,xc,2010-09-29,5000,1957,44,11,31673
516222,2010,xc,2010-10-02,5000,1581,186,11,31677
516222,2010,xc,2010-10-20,5000,1595,55,11,31675
516222,2010,xc,2010-10-28,5000,1508,46,11,31676
1407252,2010,xc,2010-09-08,3200,1028,78,11,31671
1407252,2010,xc,2010-09-18,3218,964.8,33,11,27081
1407252,2010,xc,2010-09-22,5000,1590,32,11,31672
1407252,2010,xc,2010-09-29,5000,1759,34,11,31673
1407252,2010,xc,2010-10-02,5000,1534,152,11,31677
1407252,2010,xc,2010-10-13,5000,1675,,11,31674
1407252,2010,xc,2010-10-28,5000,1474,36,11,31676
2522337,2011,xc,2011-08-31,3400,684,2,11,49215
2522337,2011,xc,2011-09-07,3400,688,12,11,45329
2522337,2011,xc,2011-09-17,5000,1035.3,36,11,44365
2522337,2011,xc,2011-09-28,5000,1039.5,,11,45593
2522337,2011,xc,2011-10-01,5000,1016,37,11,45060
2522337,2011,xc,2011-10-12,5000,1025,3,11,45592
2522337,2011,xc,2011-10-19,5000,1138,4,11,45594
2522337,2011,xc,2011-10-27,5000,1013,10,11,45595
2522337,2011,xc,2011-11-05,5000,1043,67,11,44252
3570783,2011,xc,2011-08-31,3400,937,37,9,49215
3570783,2011,xc,2011-09-07,2000,549,15,9,45329
3570783,2011,xc,2011-09-17,3000,811.9,72,9,44365
3570783,2011,xc,2011-09-21,5000,1340,30,9,45591
3570783,2011,xc,2011-09-28,5000,1317.8,,9,45593
3570783,2011,xc,2011-10-01,5000,1297,171,9,45060
3570783,2011,xc,2011-10-12,5000,1292,23,9,45592
3570783,2011,xc,2011-10-19,5000,1474,35,9,45594
3570783,2011,xc,2011-10-27,5000,1274,117,9,45595
2522385,2011,xc,2011-08-31,3400,899,30,10,49215
2522385,2011,xc,2011-09-07,3400,909,66,10,45329
2522385,2011,xc,2011-09-17,5000,1331.4,188,10,44365
2522385,2011,xc,2011-09-21,5000,1365,34,10,45591
2522385,2011,xc,2011-09-28,5000,1360,,10,45593
2522385,2011,xc,2011-10-01,5000,1320,193,10,45060
2522385,2011,xc,2011-10-19,5000,1500,40,10,45594
2522385,2011,xc,2011-10-27,5000,1344,146,10,45595
3570786,2011,xc,2011-08-31,3400,847,23,9,49215
3570786,2011,xc,2011-09-07,2000,461,5,9,45329
3570786,2011,xc,2011-09-17,5000,1192.3,90,9,44365
3570786,2011,xc,2011-09-21,5000,1251,15,9,45591
3570786,2011,xc,2011-09-28,5000,1193.4,,9,45593
3570786,2011,xc,2011-10-01,5000,1158,48,9,45060
3570786,2011,xc,2011-10-12,5000,1135,3,9,45592
3570786,2011,xc,2011-10-19,5000,1324,11,9,45594
3570786,2011,xc,2011-10-27,5000,1149,45,9,45595
3570788,2011,xc,2011-08-31,3400,756,11,9,49215
3570788,2011,xc,2011-09-07,3400,762,3,9,45329
3570788,2011,xc,2011-09-17,5000,1115.6,47,9,44365
3570788,2011,xc,2011-09-21,5000,1147,15,9,45591
3570788,2011,xc,2011-10-01,5000,1131,25,9,45060
3570788,2011,xc,2011-10-12,5000,1122,13,9,45592
3570788,2011,xc,2011-10-19,5000,1266,26,9,45594
3570788,2011,xc,2011-10-27,5000,1193,73,9,45595
1885785,2011,xc,2011-08-31,3400,741,6,12,49215
1885785,2011,xc,2011-09-07,3400,746,37,12,45329
1885785,2011,xc,2011-09-17,5000,1125.2,29,12,44365
1885785,2011,xc,2011-09-21,5000,1177,6,12,45591
1885785,2011,xc,2011-09-28,5000,1147.8,,12,45593
1885785,2011,xc,2011-10-01,5000,1121,,12,45060
1885785,2011,xc,2011-10-12,5000,1134,15,12,45592
1885785,2011,xc,2011-10-19,5000,1251,24,12,45594
1885785,2011,xc,2011-10-27,5000,1111,18,12,45595
2928678,2011,xc,2011-08-31,3400,736,5,11,49215
2928678,2011,xc,2011-09-07,3400,755,45,11,45329
2928678,2011,xc,2011-09-17,5000,1117.3,28,11,44365
2928678,2011,xc,2011-09-21,5000,1186,21,11,45591
2928678,2011,xc,2011-09-28,5000,1169.4,,11,45593
2928678,2011,xc,2011-10-01,5000,1119,19,11,45060
2928678,2011,xc,2011-10-12,5000,1188,19,11,45592
2928678,2011,xc,2011-10-19,5000,1277,6,11,45594
2928678,2011,xc,2011-10-27,5000,1121,26,11,45595
3570790,2011,xc,2011-08-31,3400,835,20,9,49215
3570790,2011,xc,2011-09-07,2000,455,4,9,45329
3570790,2011,xc,2011-09-17,5000,1161.3,60,9,44365
3570790,2011,xc,2011-09-21,5000,1200,8,9,45591
3570790,2011,xc,2011-09-28,5000,1163.1,,9,45593
3570790,2011,xc,2011-10-01,5000,1140,31,9,45060
3570790,2011,xc,2011-10-12,5000,1129,2,9,45592
3570790,2011,xc,2011-10-19,5000,1284,7,9,45594
3570790,2011,xc,2011-10-27,5000,1127,29,9,45595
2522345,2011,xc,2011-08-31,3400,927,36,10,49215
2522345,2011,xc,2011-09-07,3400,931,76,10,45329
2522345,2011,xc,2011-09-17,5000,1354.2,197,10,44365
2522345,2011,xc,2011-09-21,5000,1398,43,10,45591
2522345,2011,xc,2011-09-28,5000,1329.8,,10,45593
2522345,2011,xc,2011-10-01,5000,1303,178,10,45060
2522345,2011,xc,2011-10-12,5000,1301,26,10,45592
2522345,2011,xc,2011-10-19,5000,1482,37,10,45594
2522345,2011,xc,2011-10-27,5000,1313,137,10,45595
516453,2011,xc,2011-08-31,3400,741,7,12,49215
516453,2011,xc,2011-09-07,3400,770,53,12,45329
516453,2011,xc,2011-09-17,5000,1144.5,68,12,44365
516453,2011,xc,2011-09-21,5000,1157,2,12,45591
516453,2011,xc,2011-10-12,5000,1156,7,12,45592
516453,2011,xc,2011-10-19,5000,1304,9,12,45594
516453,2011,xc,2011-10-27,5000,1128,30,12,45595
516228,2011,xc,2011-08-31,3400,771,15,12,49215
516228,2011,xc,2011-09-07,3400,769,5,12,45329
516228,2011,xc,2011-09-17,5000,1140,66,12,44365
516228,2011,xc,2011-09-21,5000,1163,5,12,45591
516228,2011,xc,2011-09-28,5000,1148.2,,12,45593
516228,2011,xc,2011-10-01,5000,1118,,12,45060
516228,2011,xc,2011-10-12,5000,1132,14,12,45592
516228,2011,xc,2011-10-19,5000,1268,27,12,45594
516228,2011,xc,2011-10-27,5000,1142,41,12,45595
2522354,2011,xc,2011-08-31,3400,860,25,11,49215
2522354,2011,xc,2011-09-07,3400,925,72,11,45329
2522354,2011,xc,2011-09-17,5000,1288.5,159,11,44365
2522354,2011,xc,2011-09-21,5000,1354,32,11,45591
2522354,2011,xc,2011-09-28,5000,1344.3,,11,45593
2522354,2011,xc,2011-10-01,5000,1269,141,11,45060
2522354,2011,xc,2011-10-12,5000,1322,27,11,45592
2522354,2011,xc,2011-10-19,5000,1484,38,11,45594
2522354,2011,xc,2011-10-27,5000,1271,115,11,45595
3570793,2011,xc,2011-08-31,3400,906,32,9,49215
3570793,2011,xc,2011-09-07,2000,494,11,9,45329
3570793,2011,xc,2011-09-17,5000,1246.5,131,9,44365
3570793,2011,xc,2011-09-21,5000,1317,26,9,45591
3570793,2011,xc,2011-10-01,5000,1253,135,9,45060
3570793,2011,xc,2011-10-12,5000,1255,20,9,45592
3570793,2011,xc,2011-10-19,5000,1406,24,9,45594
3570793,2011,xc,2011-10-27,5000,1253,110,9,45595
3570795,2011,xc,2011-08-31,3400,757,12,9,49215
3570795,2011,xc,2011-09-07,3400,765,4,9,45329
3570795,2011,xc,2011-09-17,5000,1089.6,31,9,44365
3570795,2011,xc,2011-09-21,5000,1130,13,9,45591
3570795,2011,xc,2011-09-28,5000,1102.3,,9,45593
3570795,2011,xc,2011-10-01,5000,1086,8,9,45060
3570795,2011,xc,2011-10-12,5000,1085,9,9,45592
3570795,2011,xc,2011-10-19,5000,1187,12,9,45594
3570795,2011,xc,2011-10-27,5000,1088,41,9,45595
3570795,2011,xc,2011-11-05,5000,1098,98,9,44252
2522360,2011,xc,2011-08-31,3400,790,18,10,49215
2522360,2011,xc,2011-09-07,3400,830,23,10,45329
2522360,2011,xc,2011-09-17,5000,1174.2,72,10,44365
2522360,2011,xc,2011-09-21,5000,1233,14,10,45591
2522360,2011,xc,2011-09-28,5000,1182.6,,10,45593
2522360,2011,xc,2011-10-01,5000,1183,68,10,45060
2522360,2011,xc,2011-10-12,5000,1146,5,10,45592
2522360,2011,xc,2011-10-19,5000,1345,17,10,45594
2522360,2011,xc,2011-10-27,5000,1178,59,10,45595
2522366,2011,xc,2011-08-31,3400,742,8,11,49215
2522366,2011,xc,2011-09-07,3400,736,32,11,45329
2522366,2011,xc,2011-09-17,5000,1082.4,31,11,44365
2522366,2011,xc,2011-09-21,5000,1129,12,11,45591
2522366,2011,xc,2011-09-28,5000,1149.9,,11,45593
2522366,2011,xc,2011-10-01,5000,1164,222,11,45060
2522366,2011,xc,2011-10-12,5000,1175,18,11,45592
2522366,2011,xc,2011-10-19,5000,1252,2,11,45594
2522366,2011,xc,2011-10-27,5000,1136,53,11,45595
2934376,2011,xc,2011-08-31,3400,813,19,10,49215
2934376,2011,xc,2011-09-07,3400,807,18,10,45329
2934376,2011,xc,2011-09-17,5000,1204.3,100,10,44365
2934376,2011,xc,2011-09-21,5000,1270,20,10,45591
2934376,2011,xc,2011-09-28,5000,1224.5,,10,45593
2934376,2011,xc,2011-10-01,5000,1197,85,10,45060
2934376,2011,xc,2011-10-12,5000,1237,17,10,45592
2934376,2011,xc,2011-10-19,5000,1363,22,10,45594
2934376,2011,xc,2011-10-27,5000,1250,107,10,45595
3613579,2011,xc,2011-08-31,3400,1097,45,11,49215
3613579,2011,xc,2011-09-07,2000,600,31,11,45329
3613579,2011,xc,2011-09-17,3000,871.1,100,11,44365
3613579,2011,xc,2011-09-21,5000,1572,49,11,45591
3613579,2011,xc,2011-10-12,5000,1410,35,11,45592
3613579,2011,xc,2011-10-19,5000,1666,49,11,45594
3613579,2011,xc,2011-10-27,5000,1412,160,11,45595
3570801,2011,xc,2011-08-31,3400,770,14,9,49215
3570801,2011,xc,2011-09-07,3400,782,9,9,45329
3570801,2011,xc,2011-09-17,5000,1076.8,14,9,44365
3570801,2011,xc,2011-09-21,5000,1112,11,9,45591
516230,2011,xc,2011-08-31,3400,650,1,12,49215
516230,2011,xc,2011-09-07,3400,664,6,12,45329
516230,2011,xc,2011-09-17,5000,966.3,12,12,44365
516230,2011,xc,2011-09-21,5000,1013,1,12,45591
516230,2011,xc,2011-09-28,5000,1005.8,,12,45593
516230,2011,xc,2011-10-01,5000,964,9,12,45060
516230,2011,xc,2011-10-12,5000,994,1,12,45592
516230,2011,xc,2011-10-19,5000,1111,2,12,45594
516230,2011,xc,2011-10-27,5000,972,3,12,45595
516230,2011,xc,2011-11-05,5000,997,25,12,44252
3570802,2011,xc,2011-08-31,3400,838,21,9,49215
3570802,2011,xc,2011-09-07,2000,453,2,9,45329
3570802,2011,xc,2011-09-17,5000,1086,16,9,44365
3570802,2011,xc,2011-09-21,5000,1141,14,9,45591
3570802,2011,xc,2011-09-28,5000,1083.6,,9,45593
3570802,2011,xc,2011-10-01,5000,1088,11,9,45060
3570802,2011,xc,2011-10-12,5000,1049,5,9,45592
3570802,2011,xc,2011-10-19,5000,1184,10,9,45594
3570802,2011,xc,2011-10-27,5000,1039,20,9,45595
3570802,2011,xc,2011-11-05,5000,1082,93,9,44252
3570810,2011,xc,2011-08-31,3400,1090,44,9,49215
3570810,2011,xc,2011-09-07,2000,645,48,9,45329
3570810,2011,xc,2011-09-17,3000,949.8,126,9,44365
3570810,2011,xc,2011-09-28,5000,1593.6,,9,45593
3570810,2011,xc,2011-10-01,5000,1521,268,9,45060
3570810,2011,xc,2011-10-12,5000,1530,37,9,45592
3570810,2011,xc,2011-10-19,5000,1759,55,9,45594
3570810,2011,xc,2011-10-27,5000,1581,172,9,45595
2522370,2011,xc,2011-08-31,3400,840,22,11,49215
2522370,2011,xc,2011-09-07,3400,803,16,11,45329
2522370,2011,xc,2011-09-17,5000,1201.8,97,11,44365
2522370,2011,xc,2011-09-21,5000,1261,19,11,45591
2522370,2011,xc,2011-09-28,5000,1188.9,,11,45593
2522370,2011,xc,2011-10-01,5000,1152,49,11,45060
2522370,2011,xc,2011-10-19,5000,1330,13,11,45594
2522370,2011,xc,2011-10-27,5000,1185,66,11,45595
2522371,2011,xc,2011-08-31,3400,755,10,10,49215
2522371,2011,xc,2011-09-07,3400,757,2,10,45329
2522371,2011,xc,2011-09-17,5000,1166.6,75,10,44365
2522371,2011,xc,2011-09-21,5000,1136,1,10,45591
2522371,2011,xc,2011-09-28,5000,1103.9,,10,45593
2522371,2011,xc,2011-10-01,5000,1129,22,10,45060
2522371,2011,xc,2011-10-12,5000,1087,10,10,45592
2522371,2011,xc,2011-10-19,5000,1258,25,10,45594
2522371,2011,xc,2011-10-27,5000,1102,11,10,45595
2522371,2011,xc,2011-11-05,5000,1099,100,10,44252
763410,2011,xc,2011-08-31,3400,710,4,12,49215
763410,2011,xc,2011-09-07,3400,707,18,12,45329
763410,2011,xc,2011-10-19,5000,1253,3,12,45594
763410,2011,xc,2011-10-27,5000,1044,24,12,45595
763410,2011,xc,2011-11-05,5000,1090,95,12,44252
3575420,2011,xc,2011-08-31,3400,861,26,9,49215
3575420,2011,xc,2011-09-07,2000,488,8,9,45329
3575420,2011,xc,2011-09-17,5000,1205.1,101,9,44365
3575420,2011,xc,2011-09-21,5000,1290,21,9,45591
3575420,2011,xc,2011-09-28,5000,1217,,9,45593
3575420,2011,xc,2011-10-01,5000,1180,66,9,45060
3575420,2011,xc,2011-10-12,5000,1218,15,9,45592
3575420,2011,xc,2011-10-19,5000,1348,18,9,45594
3575420,2011,xc,2011-10-27,5000,1180,61,9,45595
2949951,2011,xc,2011-08-31,3400,1049,42,12,49215
2949951,2011,xc,2011-09-07,2000,557,16,12,45329
2949951,2011,xc,2011-09-17,3000,800.6,67,12,44365
2949951,2011,xc,2011-09-21,5000,1484,45,12,45591
2949951,2011,xc,2011-09-28,5000,1301,,12,45593
2949951,2011,xc,2011-10-01,5000,1274,148,12,45060
2949951,2011,xc,2011-10-12,5000,1402,33,12,45592
2949951,2011,xc,2011-10-19,5000,1540,44,12,45594
2949951,2011,xc,2011-10-27,5000,1252,109,12,45595
3570829,2011,xc,2011-08-31,3400,854,24,11,49215
3570829,2011,xc,2011-09-07,2000,446,1,11,45329
3570829,2011,xc,2011-09-17,5000,1166.4,67,11,44365
3570829,2011,xc,2011-09-21,5000,1204,9,11,45591
3570829,2011,xc,2011-09-28,5000,1237.9,,11,45593
3570829,2011,xc,2011-10-01,5000,1132,33,11,45060
3570829,2011,xc,2011-10-12,5000,1143,4,11,45592
3570829,2011,xc,2011-10-19,5000,1298,8,11,45594
3570829,2011,xc,2011-10-27,5000,1117,22,11,45595
3587627,2011,xc,2011-09-07,2000,564,18,9,45329
3587627,2011,xc,2011-09-17,3000,838.7,88,9,44365
3587627,2011,xc,2011-09-21,5000,1391,37,9,45591
3587627,2011,xc,2011-09-28,5000,1408.8,,9,45593
3587627,2011,xc,2011-10-12,5000,1355,29,9,45592
3587627,2011,xc,2011-10-27,5000,1304,133,9,45595
2526650,2011,xc,2011-08-31,3400,698,3,10,49215
2526650,2011,xc,2011-09-07,3400,698,15,10,45329
2526650,2011,xc,2011-09-17,5000,1028.8,14,10,44365
2526650,2011,xc,2011-09-21,5000,1085,7,10,45591
2526650,2011,xc,2011-09-28,5000,1045.7,,10,45593
2526650,2011,xc,2011-10-01,5000,1030,53,10,45060
2526650,2011,xc,2011-10-12,5000,1031,4,10,45592
2526650,2011,xc,2011-10-19,5000,1148,5,10,45594
2526650,2011,xc,2011-10-27,5000,1027,16,10,45595
2526650,2011,xc,2011-11-05,5000,1054,74,10,44252
3570882,2011,xc,2011-08-31,3400,926,35,10,49215
3570882,2011,xc,2011-09-07,2000,561,17,10,45329
3570882,2011,xc,2011-09-17,3000,790.3,64,10,44365
3570882,2011,xc,2011-09-21,5000,1386,36,10,45591
3570882,2011,xc,2011-09-28,5000,1329.4,,10,45593
3570882,2011,xc,2011-10-01,5000,1252,133,10,45060
3570882,2011,xc,2011-10-12,5000,1295,24,10,45592
3570882,2011,xc,2011-10-27,5000,1281,121,10,45595
3570887,2011,xc,2011-08-31,3400,937,39,9,49215
3570887,2011,xc,2011-09-07,2000,472,6,9,45329
3570887,2011,xc,2011-09-17,5000,1221.6,118,9,44365
3570887,2011,xc,2011-09-21,5000,1326,27,9,45591
3570887,2011,xc,2011-09-28,5000,1246.6,,9,45593
3570887,2011,xc,2011-10-01,5000,1191,75,9,45060
3570887,2011,xc,2011-10-12,5000,1188,10,9,45592
3570887,2011,xc,2011-10-19,5000,1438,29,9,45594
3570887,2011,xc,2011-10-27,5000,1181,62,9,45595
1407287,2011,xc,2011-08-31,3400,751,9,12,49215
1407287,2011,xc,2011-09-07,3400,771,54,12,45329
1407287,2011,xc,2011-09-17,5000,1127.7,57,12,44365
1407287,2011,xc,2011-09-28,5000,1164.3,,12,45593
1407287,2011,xc,2011-10-01,5000,1147,45,12,45060
1407287,2011,xc,2011-10-12,5000,1138,17,12,45592
1407287,2011,xc,2011-10-19,5000,1242,21,12,45594
2593014,2011,xc,2011-08-31,3400,780,17,12,49215
2593014,2011,xc,2011-09-07,3400,773,6,12,45329
2593014,2011,xc,2011-09-17,5000,1124.6,30,12,44365
2593014,2011,xc,2011-09-21,5000,1159,4,12,45591
2593014,2011,xc,2011-09-28,5000,1131.7,,12,45593
2593014,2011,xc,2011-10-01,5000,1108,,12,45060
3570892,2011,xc,2011-08-31,3400,893,28,9,49215
3570892,2011,xc,2011-09-07,2000,478,7,9,45329
3570892,2011,xc,2011-09-17,5000,1226,120,9,44365
3570892,2011,xc,2011-09-21,5000,1253,17,9,45591
3570892,2011,xc,2011-09-28,5000,1263.9,,9,45593
3570892,2011,xc,2011-10-12,5000,1232,16,9,45592
3570892,2011,xc,2011-10-19,5000,1429,28,9,45594
3570892,2011,xc,2011-10-27,5000,1224,93,9,45595
1407279,2011,xc,2011-08-31,3400,926,34,11,49215
1407279,2011,xc,2011-09-07,3400,968,50,11,45329
1407279,2011,xc,2011-09-17,5000,1446.1,69,11,44365
1407279,2011,xc,2011-09-21,5000,1444,16,11,45591
1407279,2011,xc,2011-09-28,5000,1401,,11,45593
1407279,2011,xc,2011-10-01,5000,1368,158,11,45060
1407279,2011,xc,2011-10-12,5000,1356,15,11,45592
1407279,2011,xc,2011-10-27,5000,1371,40,11,45595
2522339,2011,xc,2011-08-31,3400,937,38,12,49215
2522339,2011,xc,2011-09-07,3400,956,6,12,45329
2522339,2011,xc,2011-09-17,5000,1390.7,28,12,44365
2522339,2011,xc,2011-09-21,5000,1395,11,12,45591
2522339,2011,xc,2011-09-28,5000,1369.9,,12,45593
2522339,2011,xc,2011-10-01,5000,1383,172,12,45060
2522339,2011,xc,2011-10-12,5000,1334,12,12,45592
2522339,2011,xc,2011-10-19,5000,1599,20,12,45594
2522339,2011,xc,2011-10-27,5000,1329,34,12,45595
747797,2011,xc,2011-08-31,3400,762,13,12,49215
747797,2011,xc,2011-09-21,5000,1283,2,12,45591
747797,2011,xc,2011-09-28,5000,1218.6,,12,45593
747797,2011,xc,2011-10-01,5000,1179,21,12,45060
747797,2011,xc,2011-10-12,5000,1174,2,12,45592
747797,2011,xc,2011-10-27,5000,1150,1,12,45595
747797,2011,xc,2011-11-05,5000,1172,20,12,44252
1409684,2011,xc,2011-08-31,3400,772,16,11,49215
1409684,2011,xc,2011-09-07,3400,768,1,11,45329
1409684,2011,xc,2011-09-17,5000,1236.9,24,11,44365
1409684,2011,xc,2011-09-21,5000,1170,1,11,45591
1409684,2011,xc,2011-09-28,5000,1167.2,,11,45593
1409684,2011,xc,2011-10-12,5000,1147,1,11,45592
1409684,2011,xc,2011-10-19,5000,1341,1,11,45594
1409684,2011,xc,2011-10-27,5000,1164,2,11,45595
3570941,2011,xc,2011-09-07,2000,693,78,9,45329
3570941,2011,xc,2011-09-17,3000,1049.4,82,9,44365
3570941,2011,xc,2011-09-21,5000,1851,43,9,45591
3570941,2011,xc,2011-09-28,5000,1721.3,,9,45593
3570941,2011,xc,2011-10-01,5000,1630,121,9,45060
3570941,2011,xc,2011-10-12,5000,1560,28,9,45592
3570941,2011,xc,2011-10-19,5000,1814,31,9,45594
3570941,2011,xc,2011-10-27,5000,1575,46,9,45595
1407274,2011,xc,2011-08-31,3400,1102,46,11,49215
1407274,2011,xc,2011-09-07,3400,1128,58,11,45329
1407274,2011,xc,2011-09-17,5000,1587.6,82,11,44365
2522343,2011,xc,2011-09-07,3400,872,14,10,45329
2522343,2011,xc,2011-09-17,5000,1305,39,10,44365
2522343,2011,xc,2011-09-21,5000,1321,5,10,45591
2522343,2011,xc,2011-09-28,5000,1327.8,,10,45593
2522343,2011,xc,2011-10-01,5000,1308,102,10,45060
2522343,2011,xc,2011-10-12,5000,1264,8,10,45592
2522343,2011,xc,2011-10-19,5000,1505,8,10,45594
2522343,2011,xc,2011-10-27,5000,1288,24,10,45595
1407275,2011,xc,2011-08-31,3400,1193,47,11,49215
1407275,2011,xc,2011-09-07,3400,1353,69,11,45329
1407275,2011,xc,2011-09-21,5000,1765,36,11,45591
1407275,2011,xc,2011-09-28,5000,1773.8,,11,45593
1407275,2011,xc,2011-10-01,5000,1693,158,11,45060
1407275,2011,xc,2011-10-12,5000,1697,34,11,45592
1407275,2011,xc,2011-10-19,5000,1923,34,11,45594
1407275,2011,xc,2011-10-27,5000,1598,51,11,45595
1407276,2011,xc,2011-09-07,3400,904,1,11,45329
1407276,2011,xc,2011-09-17,5000,1296.5,22,11,44365
1407276,2011,xc,2011-09-21,5000,1367,8,11,45591
1407276,2011,xc,2011-09-28,5000,1311.2,,11,45593
1407276,2011,xc,2011-10-01,5000,1286,85,11,45060
1407276,2011,xc,2011-10-12,5000,1262,7,11,45592
1407276,2011,xc,2011-10-27,5000,1245,12,11,45595
1863905,2011,xc,2011-08-31,3400,900,31,11,49215
1863905,2011,xc,2011-09-07,3400,928,37,11,45329
1863905,2011,xc,2011-09-28,5000,1427.3,,11,45593
1863905,2011,xc,2011-10-01,5000,1357,33,11,45060
1863905,2011,xc,2011-10-19,5000,1749,29,11,45594
1863905,2011,xc,2011-10-27,5000,1399,15,11,45595
2522373,2011,xc,2011-08-31,3400,875,27,11,49215
3570993,2011,xc,2011-08-31,3400,918,33,11,49215
3570993,2011,xc,2011-09-07,3400,910,28,11,45329
3570993,2011,xc,2011-09-21,5000,1449,17,11,45591
3570993,2011,xc,2011-09-28,5000,1371.4,,11,45593
3570993,2011,xc,2011-10-19,5000,1508,9,11,45594
3570993,2011,xc,2011-10-27,5000,1302,28,11,45595
2526649,2011,xc,2011-08-31,3400,946,40,11,49215
2526649,2011,xc,2011-09-07,3400,949,5,11,45329
2526649,2011,xc,2011-09-17,5000,1415.1,57,11,44365
2526649,2011,xc,2011-09-21,5000,1435,15,11,45591
2526649,2011,xc,2011-09-28,5000,1433.9,,11,45593
2526649,2011,xc,2011-10-01,5000,1376,41,11,45060
2526649,2011,xc,2011-10-12,5000,1364,16,11,45592
2526649,2011,xc,2011-10-19,5000,1675,26,11,45594
2526649,2011,xc,2011-10-27,5000,1380,9,11,45595
3570865,2011,xc,2011-08-31,3400,894,29,11,49215
3570865,2011,xc,2011-09-17,5000,1433.2,32,11,44365
3570865,2011,xc,2011-09-21,5000,1425,12,11,45591
3570865,2011,xc,2011-09-28,5000,1392.3,,11,45593
3570865,2011,xc,2011-10-01,5000,1385,174,11,45060
3570865,2011,xc,2011-10-27,5000,1452,25,11,45595
1498751,2011,xc,2011-08-31,3400,956,41,11,49215
1498751,2011,xc,2011-09-07,3400,972,14,11,45329
1498751,2011,xc,2011-09-17,5000,1422,32,11,44365
1498751,2011,xc,2011-09-21,5000,1452,18,11,45591
1498751,2011,xc,2011-09-28,5000,1434.4,,11,45593
1498751,2011,xc,2011-10-01,5000,1378,42,11,45060
1498751,2011,xc,2011-10-12,5000,1368,17,11,45592
1498751,2011,xc,2011-10-19,5000,1572,16,11,45594
1498751,2011,xc,2011-10-27,5000,1405,18,11,45595
3570896,2011,xc,2011-08-31,3400,1077,43,11,49215
3570896,2011,xc,2011-09-07,2000,579,25,11,45329
3570896,2011,xc,2011-09-17,5000,1552.4,70,11,44365
3570896,2011,xc,2011-09-21,5000,1554,25,11,45591
3570896,2011,xc,2011-09-28,5000,1502.8,,11,45593
3570896,2011,xc,2011-10-01,5000,1619,135,11,45060
3570896,2011,xc,2011-10-19,5000,1689,28,11,45594
3570896,2011,xc,2011-10-27,5000,1377,8,11,45595
4657458,2012,xc,2012-08-29,3400,990,35,9,60710
4657458,2012,xc,2012-09-05,3400,1007,33,9,57147
4657458,2012,xc,2012-09-15,3000,815,68,9,56502
4657458,2012,xc,2012-09-18,5000,1423,27,9,57703
4657458,2012,xc,2012-09-26,5000,1353,37,9,57826
4657458,2012,xc,2012-10-06,5000,1331,135,9,56998
4657458,2012,xc,2012-10-10,5000,1439,48,9,57827
4657458,2012,xc,2012-10-17,5000,1407.7,,9,57809
4657458,2012,xc,2012-10-25,5000,1343,120,9,57708
3971217,2012,xc,2012-08-29,3400,862,19,10,60710
3971217,2012,xc,2012-09-05,3400,819,7,10,57147
3971217,2012,xc,2012-09-15,5000,1264,104,10,56502
3971217,2012,xc,2012-09-18,5000,1234,9,10,57703
3971217,2012,xc,2012-09-26,5000,1209,9,10,57826
3971217,2012,xc,2012-10-06,5000,1196,43,10,56998
3971217,2012,xc,2012-10-10,5000,1202,14,10,57827
3971217,2012,xc,2012-10-17,5000,1213.9,,10,57809
3971217,2012,xc,2012-10-25,5000,1201,48,10,57708
2522337,2012,xc,2012-08-29,3400,703,2,12,60710
2522337,2012,xc,2012-09-05,5000,1042,9,12,57147
2522337,2012,xc,2012-09-15,5000,1055,23,12,56502
2522337,2012,xc,2012-09-18,5000,1082,7,12,57703
2522337,2012,xc,2012-09-26,5000,1030,4,12,57826
2522337,2012,xc,2012-10-06,5000,1020,17,12,56998
2522337,2012,xc,2012-10-10,5000,1026,7,12,57827
2522337,2012,xc,2012-10-17,5000,1037.1,,12,57809
2522337,2012,xc,2012-10-25,5000,1065,15,12,57708
2522337,2012,xc,2012-11-03,5000,1066,76,12,56720
3570783,2012,xc,2012-08-29,3400,900,24,10,60710
3570783,2012,xc,2012-09-05,3400,864,58,10,57147
3570783,2012,xc,2012-09-15,5000,1378,205,10,56502
3570783,2012,xc,2012-09-18,5000,1336,21,10,57703
3570783,2012,xc,2012-09-26,5000,1271,19,10,57826
3570783,2012,xc,2012-10-06,5000,1257,86,10,56998
3570783,2012,xc,2012-10-10,5000,1254,22,10,57827
3570783,2012,xc,2012-10-17,5000,1313.4,,10,57809
3570783,2012,xc,2012-10-25,5000,1285,87,10,57708
2522385,2012,xc,2012-08-29,3400,940,33,11,60710
2522385,2012,xc,2012-09-05,3400,906,77,11,57147
2522385,2012,xc,2012-09-15,5000,1452,260,11,56502
2522385,2012,xc,2012-09-18,5000,1374,25,11,57703
2522385,2012,xc,2012-09-26,5000,1343,32,11,57826
2522385,2012,xc,2012-10-10,5000,1290,29,11,57827
2522385,2012,xc,2012-10-17,5000,1303.4,,11,57809
2522385,2012,xc,2012-10-25,5000,1356,122,11,57708
4744651,2012,xc,2012-09-15,3000,716,29,10,56502
4744651,2012,xc,2012-09-18,5000,1534,40,10,57703
4744651,2012,xc,2012-09-26,5000,1325,27,10,57826
4744651,2012,xc,2012-10-06,5000,1325,132,10,56998
4744651,2012,xc,2012-10-10,5000,1260,23,10,57827
4744651,2012,xc,2012-10-17,5000,1204.6,,10,57809
4744651,2012,xc,2012-10-25,5000,1259,74,10,57708
3570786,2012,xc,2012-08-29,3400,771,13,10,60710
3570786,2012,xc,2012-09-05,3400,770,13,10,57147
3570786,2012,xc,2012-09-15,5000,1166,22,10,56502
3570786,2012,xc,2012-09-18,5000,1123,1,10,57703
3570786,2012,xc,2012-09-26,5000,1086,10,10,57826
3570786,2012,xc,2012-10-06,5000,1120,106,10,56998
3570786,2012,xc,2012-10-10,5000,1107,18,10,57827
3570786,2012,xc,2012-10-17,5000,1098.5,,10,57809
3570786,2012,xc,2012-10-25,5000,1156,19,10,57708
3570788,2012,xc,2012-08-29,3400,766,12,10,60710
3570788,2012,xc,2012-09-05,3400,723,2,10,57147
3570788,2012,xc,2012-09-15,5000,1148,37,10,56502
3570788,2012,xc,2012-09-18,5000,1259,27,10,57703
3570788,2012,xc,2012-09-26,5000,1103,1,10,57826
3570788,2012,xc,2012-10-06,5000,1079,60,10,56998
3570788,2012,xc,2012-10-10,5000,1060,10,10,57827
3570788,2012,xc,2012-10-17,5000,1076.8,,10,57809
3570788,2012,xc,2012-10-25,5000,1109,40,10,57708
3570788,2012,xc,2012-11-03,5000,1083,87,10,56720
3991389,2012,xc,2012-10-06,5000,1262,91,10,56998
3991389,2012,xc,2012-10-10,5000,1288,28,10,57827
3991389,2012,xc,2012-10-17,5000,1215.9,,10,57809
3991389,2012,xc,2012-10-25,5000,1222,58,10,57708
4657460,2012,xc,2012-08-29,3400,939,32,12,60710
4657460,2012,xc,2012-09-05,3400,955,24,12,57147
4657460,2012,xc,2012-09-15,3000,803,61,12,56502
4657460,2012,xc,2012-09-18,5000,1454,32,12,57703
4657460,2012,xc,2012-09-26,5000,1415,47,12,57826
4657460,2012,xc,2012-10-06,5000,1379,107,12,56998
4657460,2012,xc,2012-10-10,5000,1350,37,12,57827
4657460,2012,xc,2012-10-17,5000,1375.2,,12,57809
4657460,2012,xc,2012-10-25,5000,1339,117,12,57708
2928678,2012,xc,2012-08-29,3400,748,9,12,60710
2928678,2012,xc,2012-09-05,5000,1138,33,12,57147
2928678,2012,xc,2012-09-15,5000,1168,50,12,56502
2928678,2012,xc,2012-09-18,5000,1178,23,12,57703
2928678,2012,xc,2012-10-06,5000,1136,18,12,56998
2928678,2012,xc,2012-10-10,5000,1157,6,12,57827
2928678,2012,xc,2012-10-17,5000,1150.7,,12,57809
2928678,2012,xc,2012-10-25,5000,1163,22,12,57708
3570790,2012,xc,2012-08-29,3400,738,7,10,60710
3570790,2012,xc,2012-09-05,5000,1147,36,10,57147
3570790,2012,xc,2012-09-15,5000,1134,28,10,56502
3570790,2012,xc,2012-09-18,5000,1095,9,10,57703
3570790,2012,xc,2012-10-06,5000,1098,82,10,56998
3570790,2012,xc,2012-10-10,5000,1092,15,10,57827
3570790,2012,xc,2012-10-17,5000,1082.2,,10,57809
3570790,2012,xc,2012-10-25,5000,1104,38,10,57708
3570790,2012,xc,2012-11-03,5000,1111,96,10,56720
2522345,2012,xc,2012-08-29,3400,902,25,11,60710
2522345,2012,xc,2012-09-05,3400,917,84,11,57147
2522345,2012,xc,2012-09-15,5000,1379,206,11,56502
2522345,2012,xc,2012-09-18,5000,1428,29,11,57703
2522345,2012,xc,2012-09-26,5000,1360,39,11,57826
2522345,2012,xc,2012-10-10,5000,1372,40,11,57827
2522345,2012,xc,2012-10-17,5000,1362.4,,11,57809
2522345,2012,xc,2012-10-25,5000,1339,118,11,57708
4672735,2012,xc,2012-08-29,3400,1016,40,9,60710
4672735,2012,xc,2012-09-15,3000,890,94,9,56502
4672735,2012,xc,2012-09-26,5000,1400,44,9,57826
4672735,2012,xc,2012-10-06,5000,1413,169,9,56998
4672735,2012,xc,2012-10-10,5000,1425,45,9,57827
4672735,2012,xc,2012-10-17,5000,1367.4,,9,57809
4672735,2012,xc,2012-10-25,5000,1415,140,9,57708
2522354,2012,xc,2012-08-29,3400,923,29,12,60710
2522354,2012,xc,2012-09-05,3400,925,88,12,57147
2522354,2012,xc,2012-09-15,5000,1416,239,12,56502
2522354,2012,xc,2012-09-18,5000,1452,31,12,57703
2522354,2012,xc,2012-10-10,5000,1279,27,12,57827
2522354,2012,xc,2012-10-17,5000,1321.7,,12,57809
2522354,2012,xc,2012-10-25,5000,1316,104,12,57708
3570793,2012,xc,2012-08-29,3400,881,21,10,60710
3570793,2012,xc,2012-09-05,3400,885,69,10,57147
3570793,2012,xc,2012-09-15,5000,1353,181,10,56502
3570793,2012,xc,2012-09-18,5000,1330,19,10,57703
3570793,2012,xc,2012-09-26,5000,1288,23,10,57826
3570793,2012,xc,2012-10-06,5000,1254,83,10,56998
3570793,2012,xc,2012-10-10,5000,1242,20,10,57827
3570793,2012,xc,2012-10-17,5000,1242.6,,10,57809
3570793,2012,xc,2012-10-25,5000,1307,98,10,57708
3570795,2012,xc,2012-08-29,3400,734,5,10,60710
3570795,2012,xc,2012-09-05,5000,1134,30,10,57147
3570795,2012,xc,2012-09-15,5000,1150,32,10,56502
3570795,2012,xc,2012-09-18,5000,1168,21,10,57703
3570795,2012,xc,2012-09-26,5000,1115,2,10,57826
3570795,2012,xc,2012-10-06,5000,1112,10,10,56998
3570795,2012,xc,2012-10-10,5000,1134,23,10,57827
3570795,2012,xc,2012-10-17,5000,1121.6,,10,57809
3570795,2012,xc,2012-10-25,5000,1137,11,10,57708
2522360,2012,xc,2012-09-05,3400,800,28,11,57147
2522360,2012,xc,2012-09-15,5000,1267,110,11,56502
2522360,2012,xc,2012-10-25,5000,1298,93,11,57708
2522366,2012,xc,2012-08-29,3400,766,11,12,60710
2522366,2012,xc,2012-09-05,3400,745,4,12,57147
2522366,2012,xc,2012-09-18,5000,1140,2,12,57703
2522366,2012,xc,2012-09-26,5000,1120,19,12,57826
2522366,2012,xc,2012-10-06,5000,1120,10,12,56998
2522366,2012,xc,2012-10-10,5000,1190,27,12,57827
2522366,2012,xc,2012-10-17,5000,1166.4,,12,57809
2522366,2012,xc,2012-10-25,5000,1185,34,12,57708
2934376,2012,xc,2012-08-29,3400,783,14,11,60710
2934376,2012,xc,2012-09-05,3400,802,30,11,57147
2934376,2012,xc,2012-09-15,5000,1172,26,11,56502
2934376,2012,xc,2012-09-18,5000,1150,4,11,57703
2934376,2012,xc,2012-09-26,5000,1135,4,11,57826
2934376,2012,xc,2012-10-06,5000,1123,13,11,56998
2934376,2012,xc,2012-10-10,5000,1124,3,11,57827
2934376,2012,xc,2012-10-17,5000,1132.9,,11,57809
2934376,2012,xc,2012-10-25,5000,1174,27,11,57708
1863903,2012,xc,2012-08-29,3400,890,22,12,60710
1863903,2012,xc,2012-09-05,3400,903,76,12,57147
1863903,2012,xc,2012-09-15,5000,1487,277,12,56502
1863903,2012,xc,2012-09-18,5000,1406,26,12,57703
1863903,2012,xc,2012-09-26,5000,1371,42,12,57826
1863903,2012,xc,2012-10-06,5000,1351,101,12,56998
1863903,2012,xc,2012-10-10,5000,1344,34,12,57827
1863903,2012,xc,2012-10-17,5000,1356.3,,12,57809
1863903,2012,xc,2012-10-25,5000,1402,137,12,57708
4657461,2012,xc,2012-08-29,3400,742,8,9,60710
4657461,2012,xc,2012-09-05,3400,756,9,9,57147
4657461,2012,xc,2012-09-15,5000,1137,11,9,56502
4657461,2012,xc,2012-09-18,5000,1129,15,9,57703
4657461,2012,xc,2012-09-26,5000,1093,13,9,57826
4657461,2012,xc,2012-10-06,5000,1098,9,9,56998
4657461,2012,xc,2012-10-10,5000,1115,19,9,57827
4657461,2012,xc,2012-10-17,5000,1096.2,,9,57809
4657461,2012,xc,2012-10-25,5000,1108,4,9,57708
3570801,2012,xc,2012-08-29,3400,748,10,10,60710
3570801,2012,xc,2012-09-05,5000,1101,23,10,57147
3570801,2012,xc,2012-09-15,5000,1109,27,10,56502
3570801,2012,xc,2012-09-18,5000,1106,11,10,57703
3570801,2012,xc,2012-09-26,5000,1048,6,10,57826
3570801,2012,xc,2012-10-06,5000,1041,29,10,56998
3570801,2012,xc,2012-10-10,5000,1038,8,10,57827
3570801,2012,xc,2012-10-17,5000,1042.6,,10,57809
3570801,2012,xc,2012-10-25,5000,1052,11,10,57708
3570801,2012,xc,2012-11-03,5000,1059,71,10,56720
3570802,2012,xc,2012-08-29,3400,710,3,10,60710
3570802,2012,xc,2012-09-05,5000,1055,13,10,57147
3570802,2012,xc,2012-09-15,5000,1079,11,10,56502
3570802,2012,xc,2012-09-18,5000,1068,3,10,57703
3570802,2012,xc,2012-09-26,5000,1031,5,10,57826
3570802,2012,xc,2012-10-06,5000,1013,11,10,56998
3570802,2012,xc,2012-10-10,5000,992,1,10,57827
3570802,2012,xc,2012-10-17,5000,1013.8,,10,57809
3570802,2012,xc,2012-10-25,5000,1021,2,10,57708
3570802,2012,xc,2012-11-03,5000,1031,49,10,56720
3933855,2012,xc,2012-08-29,3400,845,18,11,60710
3933855,2012,xc,2012-09-05,3400,806,6,11,57147
3933855,2012,xc,2012-09-15,5000,1315,152,11,56502
3933855,2012,xc,2012-09-18,5000,1270,14,11,57703
3933855,2012,xc,2012-09-26,5000,1234,13,11,57826
3933855,2012,xc,2012-10-06,5000,1212,54,11,56998
3933855,2012,xc,2012-10-10,5000,1210,17,11,57827
3933855,2012,xc,2012-10-17,5000,1214.4,,11,57809
3933855,2012,xc,2012-10-25,5000,1308,99,11,57708
2522370,2012,xc,2012-08-29,3400,827,17,12,60710
2522371,2012,xc,2012-08-29,3400,735,6,11,60710
2522371,2012,xc,2012-09-05,5000,1163,40,11,57147
2522371,2012,xc,2012-09-15,5000,1155,40,11,56502
2522371,2012,xc,2012-09-18,5000,1152,18,11,57703
2522371,2012,xc,2012-09-26,5000,1120,3,11,57826
2522371,2012,xc,2012-10-10,5000,1145,4,11,57827
2522371,2012,xc,2012-10-17,5000,1104.5,,11,57809
2522371,2012,xc,2012-10-25,5000,1163,23,11,57708
3575420,2012,xc,2012-09-05,3400,864,59,10,57147
3575420,2012,xc,2012-09-15,5000,1303,140,10,56502
3575420,2012,xc,2012-09-18,5000,1303,17,10,57703
3575420,2012,xc,2012-09-26,5000,1282,20,10,57826
3575420,2012,xc,2012-10-06,5000,1235,67,10,56998
3575420,2012,xc,2012-10-10,5000,1206,16,10,57827
3575420,2012,xc,2012-10-17,5000,1207.9,,10,57809
3575420,2012,xc,2012-10-25,5000,1262,76,10,57708
4657462,2012,xc,2012-09-15,3000,696,19,10,56502
4657462,2012,xc,2012-09-18,5000,1296,16,10,57703
4657462,2012,xc,2012-09-26,5000,1236,14,10,57826
4657462,2012,xc,2012-10-06,5000,1178,35,10,56998
4657462,2012,xc,2012-10-10,5000,1168,8,10,57827
4657462,2012,xc,2012-10-17,5000,1175.8,,10,57809
4657462,2012,xc,2012-10-25,5000,1168,24,10,57708
4657463,2012,xc,2012-08-29,3400,711,4,9,60710
4657463,2012,xc,2012-09-05,5000,1130,28,9,57147
4657463,2012,xc,2012-09-15,5000,1162,34,9,56502
4657463,2012,xc,2012-09-18,5000,1106,12,9,57703
4657463,2012,xc,2012-09-26,5000,1089,11,9,57826
4657463,2012,xc,2012-10-06,5000,1082,5,9,56998
4657463,2012,xc,2012-10-10,5000,1077,13,9,57827
4657463,2012,xc,2012-10-17,5000,1066.1,,9,57809
4657463,2012,xc,2012-10-25,5000,1080,24,9,57708
4657463,2012,xc,2012-11-03,5000,1121,98,9,56720
2526650,2012,xc,2012-08-29,3400,677,1,11,60710
2526650,2012,xc,2012-09-05,5000,1053,12,11,57147
2526650,2012,xc,2012-09-15,5000,1083,36,11,56502
2526650,2012,xc,2012-09-18,5000,1041,2,11,57703
2526650,2012,xc,2012-09-26,5000,1027,3,11,57826
2526650,2012,xc,2012-10-06,5000,1014,12,11,56998
2526650,2012,xc,2012-10-10,5000,1023,6,11,57827
2526650,2012,xc,2012-10-17,5000,1035.9,,11,57809
2526650,2012,xc,2012-10-25,5000,1043,7,11,57708
2526650,2012,xc,2012-11-03,5000,1042,58,11,56720
3570882,2012,xc,2012-08-29,3400,896,23,11,60710
3570882,2012,xc,2012-09-05,3400,921,87,11,57147
4657464,2012,xc,2012-08-29,3400,792,15,9,60710
4657464,2012,xc,2012-09-05,3400,770,1,9,57147
4657464,2012,xc,2012-09-15,5000,1223,74,9,56502
4657464,2012,xc,2012-09-18,5000,1192,5,9,57703
4657464,2012,xc,2012-09-26,5000,1149,5,9,57826
4657464,2012,xc,2012-10-06,5000,1118,12,9,56998
4657464,2012,xc,2012-10-10,5000,1124,20,9,57827
4657464,2012,xc,2012-10-17,5000,1142,,9,57809
4657464,2012,xc,2012-10-25,5000,1151,17,9,57708
3570887,2012,xc,2012-09-05,3400,885,67,10,57147
3570887,2012,xc,2012-09-15,5000,1186,42,10,56502
3570887,2012,xc,2012-10-06,5000,1166,30,10,56998
3570887,2012,xc,2012-10-10,5000,1177,10,10,57827
3570887,2012,xc,2012-10-17,5000,1206.9,,10,57809
3570887,2012,xc,2012-10-25,5000,1142,13,10,57708
4657465,2012,xc,2012-08-29,3400,932,30,9,60710
4657465,2012,xc,2012-09-05,3400,919,19,9,57147
4657465,2012,xc,2012-09-15,3000,789,55,9,56502
4657465,2012,xc,2012-09-18,5000,1427,28,9,57703
4657465,2012,xc,2012-09-26,5000,1357,38,9,57826
4657465,2012,xc,2012-10-06,5000,1360,152,9,56998
4657465,2012,xc,2012-10-10,5000,1307,30,9,57827
4657465,2012,xc,2012-10-17,5000,1297.1,,9,57809
4657465,2012,xc,2012-10-25,5000,1329,110,9,57708
3570892,2012,xc,2012-08-29,3400,870,20,10,60710
3570892,2012,xc,2012-09-05,3400,858,54,10,57147
3570892,2012,xc,2012-09-15,5000,1348,175,10,56502
3570892,2012,xc,2012-09-18,5000,1371,24,10,57703
3570892,2012,xc,2012-09-26,5000,1271,18,10,57826
3570892,2012,xc,2012-10-06,5000,1261,89,10,56998
3570892,2012,xc,2012-10-10,5000,1278,26,10,57827
3570892,2012,xc,2012-10-17,5000,1236.6,,10,57809
3570892,2012,xc,2012-10-25,5000,1316,105,10,57708
4657466,2012,xc,2012-08-29,3400,991,36,9,60710
4657466,2012,xc,2012-09-05,3400,988,30,9,57147
4657466,2012,xc,2012-09-15,3000,806,62,9,56502
4657466,2012,xc,2012-09-26,5000,1425,49,9,57826
4657466,2012,xc,2012-10-06,5000,1334,136,9,56998
4657466,2012,xc,2012-10-10,5000,1355,38,9,57827
4657466,2012,xc,2012-10-17,5000,1384.7,,9,57809
4657466,2012,xc,2012-10-25,5000,1358,123,9,57708
1407279,2012,xc,2012-08-29,3400,1010,38,12,60710
1407279,2012,xc,2012-09-05,3400,976,13,12,57147
1407279,2012,xc,2012-09-15,5000,1629,45,12,56502
1407279,2012,xc,2012-10-17,5000,1571.7,,12,57809
1407279,2012,xc,2012-10-25,5000,1563,34,12,57708
3570941,2012,xc,2012-08-29,3400,1011,39,10,60710
3570941,2012,xc,2012-09-05,3400,1002,19,10,57147
3570941,2012,xc,2012-09-15,5000,1664,93,10,56502
3570941,2012,xc,2012-09-18,5000,1620,20,10,57703
3570941,2012,xc,2012-09-26,5000,1554,34,10,57826
3570941,2012,xc,2012-10-06,5000,1518,63,10,56998
3570941,2012,xc,2012-10-10,5000,1488,22,10,57827
3570941,2012,xc,2012-10-17,5000,1516.2,,10,57809
3570941,2012,xc,2012-10-25,5000,1534,28,10,57708
1407274,2012,xc,2012-08-29,3400,1168,43,12,60710
1407274,2012,xc,2012-09-05,3400,1151,38,12,57147
1407274,2012,xc,2012-09-15,3000,979,83,12,56502
1407274,2012,xc,2012-09-18,5000,1633,21,12,57703
1407274,2012,xc,2012-09-26,5000,1514,28,12,57826
1407274,2012,xc,2012-10-06,5000,1516,37,12,56998
1407274,2012,xc,2012-10-10,5000,1492,23,12,57827
1407274,2012,xc,2012-10-17,5000,1525.7,,12,57809
1407274,2012,xc,2012-10-25,5000,1516,19,12,57708
2522343,2012,xc,2012-08-29,3400,936,31,11,60710
2522343,2012,xc,2012-09-05,5000,1414,30,11,57147
2522343,2012,xc,2012-09-15,5000,1429,33,11,56502
2522343,2012,xc,2012-09-18,5000,1373,4,11,57703
2522343,2012,xc,2012-09-26,5000,1365,13,11,57826
2522343,2012,xc,2012-10-25,5000,1452,43,11,57708
1407275,2012,xc,2012-08-29,3400,1377,46,12,60710
1407275,2012,xc,2012-09-05,3400,1278,74,12,57147
1407275,2012,xc,2012-09-18,5000,2022,35,12,57703
1407275,2012,xc,2012-09-26,5000,1949,44,12,57826
1407275,2012,xc,2012-10-06,5000,1805,95,12,56998
1407275,2012,xc,2012-10-17,5000,1833,,12,57809
1407275,2012,xc,2012-10-25,5000,1947,80,12,57708
1407276,2012,xc,2012-08-29,3400,909,27,12,60710
1407276,2012,xc,2012-09-05,5000,1403,28,12,57147
1407276,2012,xc,2012-09-26,5000,1361,12,12,57826
1407276,2012,xc,2012-10-10,5000,1295,6,12,57827
1407276,2012,xc,2012-10-17,5000,1293,,12,57809
1407276,2012,xc,2012-10-25,5000,1287,13,12,57708
2965044,2012,xc,2012-08-29,3400,907,26,12,60710
2965044,2012,xc,2012-09-05,5000,1435,33,12,57147
2965044,2012,xc,2012-09-15,5000,1436,35,12,56502
2965044,2012,xc,2012-09-18,5000,1423,6,12,57703
2965044,2012,xc,2012-09-26,5000,1395,16,12,57826
2965044,2012,xc,2012-10-06,5000,1356,73,12,56998
2965044,2012,xc,2012-10-17,5000,1387.1,,12,57809
2965044,2012,xc,2012-10-25,5000,1417,37,12,57708
4657477,2012,xc,2012-08-29,3400,916,28,9,60710
4657477,2012,xc,2012-09-05,5000,1464,37,9,57147
4657477,2012,xc,2012-09-15,5000,1424,24,9,56502
4657477,2012,xc,2012-09-18,5000,1423,8,9,57703
4657477,2012,xc,2012-09-26,5000,1372,14,9,57826
4657477,2012,xc,2012-10-06,5000,1333,7,9,56998
4657477,2012,xc,2012-10-10,5000,1347,8,9,57827
4657477,2012,xc,2012-10-17,5000,1349.1,,9,57809
4657477,2012,xc,2012-10-25,5000,1372,30,9,57708
4662470,2012,xc,2012-08-29,3400,1217,45,9,60710
4662470,2012,xc,2012-09-15,3000,964,73,9,56502
4662470,2012,xc,2012-09-18,5000,1668,22,9,57703
4662470,2012,xc,2012-09-26,5000,1545,32,9,57826
4662470,2012,xc,2012-10-06,5000,1534,69,9,56998
4662470,2012,xc,2012-10-10,5000,1539,25,9,57827
4662470,2012,xc,2012-10-17,5000,1513.7,,9,57809
4662470,2012,xc,2012-10-25,5000,1473,11,9,57708
2522373,2012,xc,2012-08-29,3400,813,16,12,60710
2522373,2012,xc,2012-09-05,5000,1272,5,12,57147
2522373,2012,xc,2012-09-15,5000,1329,26,12,56502
2522373,2012,xc,2012-09-18,5000,1259,3,12,57703
2522373,2012,xc,2012-09-26,5000,1234,2,12,57826
2522373,2012,xc,2012-10-06,5000,1260,31,12,56998
2522373,2012,xc,2012-10-10,5000,1253,4,12,57827
2522373,2012,xc,2012-10-17,5000,1275.3,,12,57809
2522373,2012,xc,2012-10-25,5000,1301,15,12,57708
2526649,2012,xc,2012-09-15,3000,957,71,12,56502
2526649,2012,xc,2012-09-18,5000,1540,15,12,57703
2526649,2012,xc,2012-09-26,5000,1582,36,12,57826
2526649,2012,xc,2012-10-06,5000,1626,63,12,56998
2526649,2012,xc,2012-10-10,5000,1451,19,12,57827
2526649,2012,xc,2012-10-17,5000,1527.3,,12,57809
2526649,2012,xc,2012-10-25,5000,1535,29,12,57708
4161976,2012,xc,2012-08-29,3400,1085,42,10,60710
4161976,2012,xc,2012-09-05,3400,1050,39,10,57147
4161976,2012,xc,2012-09-15,3000,880,32,10,56502
4161976,2012,xc,2012-10-25,5000,1576,37,10,57708
4657484,2012,xc,2012-08-29,3400,1002,37,12,60710
4657484,2012,xc,2012-09-05,5000,1592,49,12,57147
4657484,2012,xc,2012-09-15,5000,1547,68,12,56502
4657484,2012,xc,2012-09-18,5000,1533,14,12,57703
4657484,2012,xc,2012-09-26,5000,1490,23,12,57826
4657484,2012,xc,2012-10-10,5000,1466,21,12,57827
4657484,2012,xc,2012-10-17,5000,1459.3,,12,57809
4657484,2012,xc,2012-10-25,5000,1484,12,12,57708
1498751,2012,xc,2012-09-05,3400,1019,23,12,57147
1498751,2012,xc,2012-09-15,5000,1549,70,12,56502
1498751,2012,xc,2012-09-26,5000,1482,22,12,57826
1498751,2012,xc,2012-10-10,5000,1454,20,12,57827
1498751,2012,xc,2012-10-17,5000,1414.3,,12,57809
1498751,2012,xc,2012-10-25,5000,1477,49,12,57708
4657485,2012,xc,2012-08-29,3400,1051,41,10,60710
4657485,2012,xc,2012-09-05,3400,1041,38,10,57147
4657485,2012,xc,2012-09-15,3000,881,33,10,56502
4657485,2012,xc,2012-10-06,5000,1519,64,10,56998
4657485,2012,xc,2012-10-10,5000,1512,24,10,57827
4657485,2012,xc,2012-10-17,5000,1491,,10,57809
4657485,2012,xc,2012-10-25,5000,1541,31,10,57708
3570896,2012,xc,2012-08-29,3400,987,34,12,60710
3570896,2012,xc,2012-09-05,5000,1499,43,12,57147
3570896,2012,xc,2012-09-15,5000,1506,50,12,56502
3570896,2012,xc,2012-09-18,5000,1422,7,12,57703
3570896,2012,xc,2012-09-26,5000,1396,18,12,57826
3570896,2012,xc,2012-10-10,5000,1403,13,12,57827
3570896,2012,xc,2012-10-17,5000,1392.1,,12,57809
3570896,2012,xc,2012-10-25,5000,1407,36,12,57708
4657486,2012,xc,2012-08-29,3400,1190,44,10,60710
4657486,2012,xc,2012-09-05,3400,1093,47,10,57147
4657486,2012,xc,2012-09-15,3000,934,57,10,56502
4657486,2012,xc,2012-09-18,5000,1824,31,10,57703
4657486,2012,xc,2012-09-26,5000,1685,40,10,57826
4657486,2012,xc,2012-10-06,5000,1562,77,10,56998
4657486,2012,xc,2012-10-10,5000,1640,28,10,57827
4657486,2012,xc,2012-10-17,5000,1638.1,,10,57809
4657486,2012,xc,2012-10-25,5000,1630,54,10,57708
4657458,2013,xc,2013-08-28,3400,1067,39,10,83446
4657458,2013,xc,2013-09-04,3400,917,120,10,78097
4657458,2013,xc,2013-09-18,5000,1446,67,10,78101
4657458,2013,xc,2013-09-25,5000,1430.7,39,10,78125
4657458,2013,xc,2013-10-09,5000,1473,54,10,78126
4657458,2013,xc,2013-10-24,5000,1394.1,136,10,78128
3971217,2013,xc,2013-08-28,3400,882,17,11,83446
3971217,2013,xc,2013-09-04,3400,845,80,11,78097
3971217,2013,xc,2013-09-14,5000,1283,91,11,65293
3971217,2013,xc,2013-09-18,5000,1320,40,11,78101
3971217,2013,xc,2013-09-25,5000,1266.4,20,11,78125
3971217,2013,xc,2013-10-05,5000,1254,70,11,78130
3971217,2013,xc,2013-10-09,5000,1317,38,11,78126
3971217,2013,xc,2013-10-24,5000,1272.9,101,11,78128
3570783,2013,xc,2013-08-28,3400,853,14,11,83446
3570783,2013,xc,2013-09-04,3400,826,64,11,78097
3570783,2013,xc,2013-09-14,5000,1260,70,11,65293
3570783,2013,xc,2013-09-18,5000,1324,43,11,78101
3570783,2013,xc,2013-09-25,5000,1219,10,11,78125
3570783,2013,xc,2013-10-05,5000,1248,67,11,78130
3570783,2013,xc,2013-10-09,5000,1220,15,11,78126
3570783,2013,xc,2013-10-11,5000,1222.5,189,11,79096
3570783,2013,xc,2013-10-16,5000,1213.6,15,11,78127
3570783,2013,xc,2013-10-24,5000,1218.7,67,11,78128
2522385,2013,xc,2013-08-28,3400,945,27,12,83446
2522385,2013,xc,2013-09-04,3400,877,99,12,78097
2522385,2013,xc,2013-09-14,5000,1413,155,12,65293
2522385,2013,xc,2013-09-18,5000,1411,62,12,78101
2522385,2013,xc,2013-09-25,5000,1373.3,35,12,78125
2522385,2013,xc,2013-10-05,5000,1365,112,12,78130
2522385,2013,xc,2013-10-09,5000,1375,49,12,78126
2522385,2013,xc,2013-10-11,5000,1311.9,306,12,79096
2522385,2013,xc,2013-10-16,5000,1328.8,39,12,78127
2522385,2013,xc,2013-10-24,5000,1352.4,128,12,78128
4744651,2013,xc,2013-09-04,3400,744,9,11,78097
4744651,2013,xc,2013-09-14,5000,1203,37,11,65293
4744651,2013,xc,2013-09-18,5000,1208,9,11,78101
4744651,2013,xc,2013-09-25,5000,1141,1,11,78125
4744651,2013,xc,2013-10-11,5000,1111.6,32,11,79096
4744651,2013,xc,2013-10-16,5000,1150.7,4,11,78127
4744651,2013,xc,2013-10-24,5000,1117.7,9,11,78128
3570786,2013,xc,2013-08-28,3400,740,7,11,83446
3570786,2013,xc,2013-09-04,5000,1173,54,11,78097
3570786,2013,xc,2013-09-14,5000,1131,9,11,65293
3570786,2013,xc,2013-09-18,5000,1197,35,11,78101
3570786,2013,xc,2013-09-25,5000,1126,17,11,78125
3570786,2013,xc,2013-10-05,5000,1119,8,11,78130
3570786,2013,xc,2013-10-09,5000,1159,2,11,78126
3570786,2013,xc,2013-10-11,5000,1142.9,75,11,79096
3570786,2013,xc,2013-10-16,5000,1115.3,1,11,78127
3570786,2013,xc,2013-10-24,5000,1162.5,28,11,78128
3570788,2013,xc,2013-08-28,3400,716,4,11,83446
3570788,2013,xc,2013-09-04,5000,1118,35,11,78097
3570788,2013,xc,2013-09-14,5000,1108,17,11,65293
3570788,2013,xc,2013-09-18,5000,1128,22,11,78101
3570788,2013,xc,2013-09-25,5000,1080.6,11,11,78125
3570788,2013,xc,2013-10-05,5000,1077,63,11,78130
3570788,2013,xc,2013-10-09,5000,1081,15,11,78126
3570788,2013,xc,2013-10-11,5000,1054.2,115,11,79096
3570788,2013,xc,2013-10-16,5000,1050.5,7,11,78127
3570788,2013,xc,2013-10-24,5000,1083.7,34,11,78128
3991389,2013,xc,2013-09-14,5000,1242,58,11,65293
3991389,2013,xc,2013-09-18,5000,1360,52,11,78101
3991389,2013,xc,2013-10-11,5000,1177.9,115,11,79096
3991389,2013,xc,2013-10-16,5000,1144.4,2,11,78127
3991389,2013,xc,2013-10-24,5000,1116.1,8,11,78128
5837381,2013,xc,2013-09-04,3400,964,131,9,78097
5837381,2013,xc,2013-09-18,5000,1439,66,9,78101
5837381,2013,xc,2013-09-25,5000,1381.9,37,9,78125
5837381,2013,xc,2013-10-05,5000,1331,122,9,78130
5837381,2013,xc,2013-10-09,5000,1351,44,9,78126
5837381,2013,xc,2013-10-11,5000,1329.1,321,9,79096
5837381,2013,xc,2013-10-16,5000,1332,41,9,78127
5837381,2013,xc,2013-10-24,5000,1318.1,116,9,78128
5837382,2013,xc,2013-08-28,3400,846,13,9,83446
5837382,2013,xc,2013-09-04,3400,790,43,9,78097
5837382,2013,xc,2013-09-14,5000,1256,67,9,65293
5837382,2013,xc,2013-09-18,5000,1262,22,9,78101
5837382,2013,xc,2013-09-25,5000,1231.7,12,9,78125
5837382,2013,xc,2013-10-05,5000,1227,54,9,78130
5837382,2013,xc,2013-10-09,5000,1225,18,9,78126
5837382,2013,xc,2013-10-11,5000,1206.3,168,9,79096
5837382,2013,xc,2013-10-16,5000,1177.4,8,9,78127
5837382,2013,xc,2013-10-24,5000,1254.5,90,9,78128
10489917,2013,xc,2013-08-28,3400,724,5,10,83446
10489917,2013,xc,2013-09-04,5000,1056,19,10,78097
10489917,2013,xc,2013-09-14,5000,1051,24,10,65293
10489917,2013,xc,2013-09-18,5000,1065,11,10,78101
10489917,2013,xc,2013-09-25,5000,1027.9,3,10,78125
10489917,2013,xc,2013-10-05,5000,1020,17,10,78130
10489917,2013,xc,2013-10-09,5000,1035,8,10,78126
10489917,2013,xc,2013-10-11,5000,1009.5,50,10,79096
10489917,2013,xc,2013-10-16,5000,1017.4,2,10,78127
10489917,2013,xc,2013-10-24,5000,1016.1,9,10,78128
10489917,2013,xc,2013-11-02,5000,1095,96,10,78129
2522345,2013,xc,2013-08-28,3400,953,28,12,83446
2522345,2013,xc,2013-09-04,3400,883,101,12,78097
2522345,2013,xc,2013-09-14,5000,1372,133,12,65293
2522345,2013,xc,2013-09-18,5000,1429,64,12,78101
2522345,2013,xc,2013-09-25,5000,1375.9,36,12,78125
2522345,2013,xc,2013-10-05,5000,1317,98,12,78130
2522345,2013,xc,2013-10-09,5000,1357,45,12,78126
2522345,2013,xc,2013-10-11,5000,1315,312,12,79096
2522345,2013,xc,2013-10-16,5000,1342.3,43,12,78127
2522345,2013,xc,2013-10-24,5000,1335.7,122,12,78128
4672735,2013,xc,2013-08-28,3400,1095,41,10,83446
4672735,2013,xc,2013-09-18,5000,1647,83,10,78101
4672735,2013,xc,2013-09-25,5000,1583.7,45,10,78125
4672735,2013,xc,2013-10-05,5000,1462,165,10,78130
4672735,2013,xc,2013-10-11,5000,1547.1,62,10,79096
4672735,2013,xc,2013-10-24,5000,1516.6,162,10,78128
5837368,2013,xc,2013-09-04,3400,780,26,9,78097
5837368,2013,xc,2013-09-14,5000,1232,53,9,65293
5837368,2013,xc,2013-09-18,5000,1260,21,9,78101
5837368,2013,xc,2013-09-25,5000,1278.6,22,9,78125
5837368,2013,xc,2013-10-05,5000,1185,28,9,78130
5837368,2013,xc,2013-10-09,5000,1228,21,9,78126
5837368,2013,xc,2013-10-11,5000,1189.9,144,9,79096
5837368,2013,xc,2013-10-16,5000,1190.3,12,9,78127
5837368,2013,xc,2013-10-24,5000,1209.6,61,9,78128
3570793,2013,xc,2013-09-04,3400,872,97,11,78097
3570793,2013,xc,2013-09-14,5000,1290,96,11,65293
3570793,2013,xc,2013-09-18,5000,1315,39,11,78101
3570793,2013,xc,2013-09-25,5000,1323.6,29,11,78125
3570793,2013,xc,2013-10-05,5000,1332,105,11,78130
3570793,2013,xc,2013-10-09,5000,1294,35,11,78126
3570793,2013,xc,2013-10-11,5000,1257.3,230,11,79096
3570793,2013,xc,2013-10-16,5000,1257.8,23,11,78127
3570793,2013,xc,2013-10-24,5000,1295,108,11,78128
2522360,2013,xc,2013-08-28,3400,786,12,12,83446
2522360,2013,xc,2013-09-14,5000,1234,55,12,65293
2522360,2013,xc,2013-09-18,5000,1232,17,12,78101
2522360,2013,xc,2013-10-05,5000,1208,46,12,78130
2522360,2013,xc,2013-10-11,5000,1189.6,143,12,79096
2522360,2013,xc,2013-10-16,5000,1219.3,16,12,78127
2522360,2013,xc,2013-10-24,5000,1256.5,91,12,78128
2934376,2013,xc,2013-08-28,3400,774,11,12,83446
2934376,2013,xc,2013-09-04,5000,1187,61,12,78097
2934376,2013,xc,2013-09-14,5000,1158,18,12,65293
2934376,2013,xc,2013-09-18,5000,1192,33,12,78101
2934376,2013,xc,2013-09-25,5000,1181.1,18,12,78125
2934376,2013,xc,2013-10-05,5000,1165,21,12,78130
2934376,2013,xc,2013-10-16,5000,1186.5,10,12,78127
2934376,2013,xc,2013-10-24,5000,1198.7,54,12,78128
5837387,2013,xc,2013-08-28,3400,884,18,9,83446
5837387,2013,xc,2013-09-04,3400,809,50,9,78097
5837387,2013,xc,2013-09-14,5000,1262,71,9,65293
5837387,2013,xc,2013-09-18,5000,1307,37,9,78101
5837387,2013,xc,2013-09-25,5000,1320.9,28,9,78125
5837387,2013,xc,2013-10-05,5000,1394,153,9,78130
5837387,2013,xc,2013-10-09,5000,1252,27,9,78126
5837387,2013,xc,2013-10-11,5000,1231.9,200,9,79096
5837387,2013,xc,2013-10-16,5000,1242.1,19,9,78127
5837387,2013,xc,2013-10-24,5000,1231.9,72,9,78128
5837388,2013,xc,2013-08-28,3400,914,24,9,83446
5837388,2013,xc,2013-09-04,3400,820,59,9,78097
5837388,2013,xc,2013-09-14,5000,1297,98,9,65293
5837388,2013,xc,2013-09-18,5000,1329,45,9,78101
5837388,2013,xc,2013-09-25,5000,1278,21,9,78125
5837388,2013,xc,2013-10-05,5000,1236,59,9,78130
5837388,2013,xc,2013-10-09,5000,1252,28,9,78126
5837388,2013,xc,2013-10-11,5000,1232.1,201,9,79096
5837388,2013,xc,2013-10-16,5000,1249.2,20,9,78127
5837388,2013,xc,2013-10-24,5000,1247.5,82,9,78128
4657461,2013,xc,2013-08-28,3400,744,8,10,83446
4657461,2013,xc,2013-09-04,5000,1137,45,10,78097
4657461,2013,xc,2013-09-14,5000,1150,35,10,65293
4657461,2013,xc,2013-09-18,5000,1131,23,10,78101
4657461,2013,xc,2013-09-25,5000,1109.8,16,10,78125
4657461,2013,xc,2013-10-05,5000,1103,5,10,78130
4657461,2013,xc,2013-10-09,5000,1165,28,10,78126
4657461,2013,xc,2013-10-16,5000,1102.3,21,10,78127
4657461,2013,xc,2013-10-24,5000,1129.5,12,10,78128
3570801,2013,xc,2013-09-04,3400,730,4,11,78097
3570801,2013,xc,2013-09-14,5000,1085,11,11,65293
3570801,2013,xc,2013-09-18,5000,1164,28,11,78101
3570801,2013,xc,2013-10-05,5000,1082,3,11,78130
3570801,2013,xc,2013-10-09,5000,1119,21,11,78126
3570801,2013,xc,2013-10-11,5000,1066.5,7,11,79096
3570801,2013,xc,2013-10-16,5000,1087.6,15,11,78127
3570801,2013,xc,2013-10-24,5000,1084.3,3,11,78128
3570802,2013,xc,2013-08-28,3400,683,1,11,83446
3570802,2013,xc,2013-09-04,5000,1018,7,11,78097
3570802,2013,xc,2013-09-14,5000,1018,6,11,65293
3570802,2013,xc,2013-09-18,5000,1050,8,11,78101
3570802,2013,xc,2013-09-25,5000,1021,2,11,78125
3570802,2013,xc,2013-10-05,5000,994,9,11,78130
3570802,2013,xc,2013-10-09,5000,1001,4,11,78126
3570802,2013,xc,2013-10-11,5000,965.6,10,11,79096
3570802,2013,xc,2013-10-16,5000,993.6,1,11,78127
3570802,2013,xc,2013-10-24,5000,973.6,3,11,78128
3570802,2013,xc,2013-11-02,5000,1010,45,11,78129
3933855,2013,xc,2013-08-28,3400,895,21,12,83446
3933855,2013,xc,2013-09-04,3400,863,90,12,78097
3933855,2013,xc,2013-09-14,5000,1329,113,12,65293
3933855,2013,xc,2013-09-18,5000,1355,51,12,78101
3933855,2013,xc,2013-09-25,5000,1324.5,30,12,78125
3933855,2013,xc,2013-10-05,5000,1319,100,12,78130
3933855,2013,xc,2013-10-09,5000,1334,40,12,78126
3933855,2013,xc,2013-10-11,5000,1315.8,314,12,79096
3933855,2013,xc,2013-10-16,5000,1314,37,12,78127
3933855,2013,xc,2013-10-24,5000,1320.7,118,12,78128
5837391,2013,xc,2013-09-04,3400,810,52,9,78097
5837391,2013,xc,2013-09-14,5000,1233,54,9,65293
5837391,2013,xc,2013-09-18,5000,1239,19,9,78101
5837391,2013,xc,2013-09-25,5000,1188.6,5,9,78125
5837391,2013,xc,2013-10-05,5000,1195,37,9,78130
5837391,2013,xc,2013-10-09,5000,1197,9,9,78126
5837391,2013,xc,2013-10-16,5000,1213.1,14,9,78127
5837391,2013,xc,2013-10-24,5000,1189.1,47,9,78128
2522371,2013,xc,2013-08-28,3400,772,10,12,83446
2522371,2013,xc,2013-09-04,5000,1127,40,12,78097
2522371,2013,xc,2013-09-14,5000,1116,21,12,65293
2522371,2013,xc,2013-09-18,5000,1133,24,12,78101
2522371,2013,xc,2013-09-25,5000,1099.3,13,12,78125
2522371,2013,xc,2013-10-09,5000,1136,25,12,78126
2522371,2013,xc,2013-10-11,5000,1089.8,163,12,79096
2522371,2013,xc,2013-10-16,5000,1089.7,16,12,78127
2522371,2013,xc,2013-10-24,5000,1143.4,17,12,78128
5837371,2013,xc,2013-08-28,3400,978,29,11,83446
5837371,2013,xc,2013-09-04,3400,890,108,11,78097
5837371,2013,xc,2013-09-14,5000,1382,140,11,65293
5837371,2013,xc,2013-09-18,5000,1342,60,11,78101
5837371,2013,xc,2013-09-25,5000,1343.7,32,11,78125
5837371,2013,xc,2013-10-05,5000,1302,95,11,78130
5837371,2013,xc,2013-10-09,5000,1325,39,11,78126
5837371,2013,xc,2013-10-11,5000,1266.5,247,11,79096
5837371,2013,xc,2013-10-16,5000,1302.7,35,11,78127
5837371,2013,xc,2013-10-24,5000,1282.8,104,11,78128
5837374,2013,xc,2013-09-14,3000,858,15,10,65293
5837374,2013,xc,2013-09-18,5000,1563,75,10,78101
5837374,2013,xc,2013-09-25,5000,1567.4,44,10,78125
5837374,2013,xc,2013-10-05,5000,1554,179,10,78130
5837374,2013,xc,2013-10-09,5000,1480,55,10,78126
5837374,2013,xc,2013-10-11,5000,1426.9,30,10,79096
5837374,2013,xc,2013-10-16,5000,1527.9,56,10,78127
5837374,2013,xc,2013-10-24,5000,1421.5,144,10,78128
5837376,2013,xc,2013-09-04,3400,780,25,9,78097
5837376,2013,xc,2013-09-14,5000,1221,49,9,65293
5837376,2013,xc,2013-09-18,5000,1259,15,9,78101
5837376,2013,xc,2013-09-25,5000,1167.8,3,9,78125
5837376,2013,xc,2013-10-09,5000,1188,7,9,78126
5837376,2013,xc,2013-10-11,5000,1244.8,214,9,79096
5837376,2013,xc,2013-10-16,5000,1149.8,3,9,78127
5837376,2013,xc,2013-10-24,5000,1207,58,9,78128
4657463,2013,xc,2013-08-28,3400,698,3,10,83446
4657463,2013,xc,2013-09-04,5000,1077,24,10,78097
4657463,2013,xc,2013-09-14,5000,1139,43,10,65293
4657463,2013,xc,2013-09-18,5000,1110,18,10,78101
4657463,2013,xc,2013-09-25,5000,1085.3,12,10,78125
4657463,2013,xc,2013-10-05,5000,1055,39,10,78130
4657463,2013,xc,2013-10-09,5000,1085,16,10,78126
4657463,2013,xc,2013-10-11,5000,1048,104,10,79096
4657463,2013,xc,2013-10-16,5000,1051.7,8,10,78127
4657463,2013,xc,2013-10-24,5000,1063.9,27,10,78128
2526650,2013,xc,2013-08-28,3400,690,2,12,83446
2526650,2013,xc,2013-09-04,5000,1028,11,12,78097
2526650,2013,xc,2013-09-14,5000,1051,23,12,65293
2526650,2013,xc,2013-09-18,5000,1065,10,12,78101
2526650,2013,xc,2013-09-25,5000,1049.4,4,12,78125
2526650,2013,xc,2013-10-05,5000,1040,31,12,78130
2526650,2013,xc,2013-10-09,5000,1076,12,12,78126
2526650,2013,xc,2013-10-11,5000,1038.4,92,12,79096
2526650,2013,xc,2013-10-16,5000,1050.3,6,12,78127
2526650,2013,xc,2013-10-24,5000,1038.9,16,12,78128
4657464,2013,xc,2013-08-28,3400,767,9,10,83446
4657464,2013,xc,2013-09-04,5000,1167,52,10,78097
4657464,2013,xc,2013-09-18,5000,1147,26,10,78101
4657464,2013,xc,2013-09-25,5000,1078.4,9,10,78125
4657464,2013,xc,2013-10-05,5000,1103,84,10,78130
4657464,2013,xc,2013-10-09,5000,1103,20,10,78126
4657464,2013,xc,2013-10-16,5000,1081,14,10,78127
4657464,2013,xc,2013-10-24,5000,1097.4,40,10,78128
3570887,2013,xc,2013-08-28,3400,738,6,11,83446
3570887,2013,xc,2013-09-04,5000,1123,38,11,78097
3570887,2013,xc,2013-09-14,5000,1109,18,11,65293
3570887,2013,xc,2013-09-18,5000,1117,21,11,78101
3570887,2013,xc,2013-09-25,5000,1080.2,10,11,78125
3570887,2013,xc,2013-10-05,5000,1068,54,11,78130
3570887,2013,xc,2013-10-09,5000,1064,10,11,78126
3570887,2013,xc,2013-10-11,5000,1058,121,11,79096
3570887,2013,xc,2013-10-16,5000,1051.9,9,11,78127
3570887,2013,xc,2013-10-24,5000,1067.5,29,11,78128
4657465,2013,xc,2013-08-28,3400,855,15,10,83446
4657465,2013,xc,2013-09-04,3400,838,75,10,78097
4657465,2013,xc,2013-09-14,5000,1305,103,10,65293
4657465,2013,xc,2013-09-18,5000,1315,38,10,78101
4657465,2013,xc,2013-09-25,5000,1337,31,10,78125
4657465,2013,xc,2013-10-05,5000,1277,87,10,78130
4657465,2013,xc,2013-10-09,5000,1296,36,10,78126
4657465,2013,xc,2013-10-11,5000,1303.4,295,10,79096
4657465,2013,xc,2013-10-16,5000,1286.3,32,10,78127
4657465,2013,xc,2013-10-24,5000,1316.5,115,10,78128
3570892,2013,xc,2013-08-28,3400,899,22,11,83446
3570892,2013,xc,2013-09-04,3400,884,103,11,78097
3570892,2013,xc,2013-09-14,5000,1382,138,11,65293
3570892,2013,xc,2013-09-18,5000,1336,49,11,78101
3570892,2013,xc,2013-09-25,5000,1391.1,38,11,78125
3570892,2013,xc,2013-10-05,5000,1289,89,11,78130
3570892,2013,xc,2013-10-09,5000,1289,33,11,78126
3570892,2013,xc,2013-10-11,5000,1254.2,223,11,79096
3570892,2013,xc,2013-10-16,5000,1284.6,31,11,78127
3570892,2013,xc,2013-10-24,5000,1314.8,114,11,78128
4657466,2013,xc,2013-08-28,3400,894,20,10,83446
4657466,2013,xc,2013-09-04,3400,865,93,10,78097
4657466,2013,xc,2013-09-14,5000,1318,109,10,65293
4657466,2013,xc,2013-09-25,5000,1295.7,26,10,78125
4657466,2013,xc,2013-10-05,5000,1433,162,10,78130
4657466,2013,xc,2013-10-09,5000,1350,43,10,78126
4657466,2013,xc,2013-10-11,5000,1326.2,320,10,79096
4657466,2013,xc,2013-10-16,5000,1303.9,36,10,78127
4657466,2013,xc,2013-10-24,5000,1318.5,117,10,78128
5837378,2013,xc,2013-08-28,3400,983,31,9,83446
5837378,2013,xc,2013-09-04,3400,957,129,9,78097
5837378,2013,xc,2013-09-14,3000,808,8,9,65293
5837378,2013,xc,2013-09-18,5000,1474,70,9,78101
5837378,2013,xc,2013-09-25,5000,1347.5,34,9,78125
5837378,2013,xc,2013-10-05,5000,1308,110,9,78130
5837378,2013,xc,2013-10-09,5000,1277.8,32,9,78126
5837378,2013,xc,2013-10-16,5000,1249.6,21,9,78127
5837378,2013,xc,2013-10-24,5000,1281.5,103,9,78128
5840078,2013,xc,2013-08-28,3400,1391,46,12,83446
5840078,2013,xc,2013-09-04,3400,1117,84,12,78097
5840078,2013,xc,2013-09-14,5000,1745,97,12,65293
5840078,2013,xc,2013-09-18,5000,1632,64,12,78101
5840078,2013,xc,2013-09-25,5000,1597.6,31,12,78125
5840078,2013,xc,2013-10-05,5000,1575,64,12,78130
5840078,2013,xc,2013-10-09,5000,1602.5,20,12,78126
5840078,2013,xc,2013-10-11,5000,1539.1,137,12,79096
5840078,2013,xc,2013-10-16,5000,1558.5,39,12,78127
5840078,2013,xc,2013-10-24,5000,1562.7,47,12,78128
5837399,2013,xc,2013-08-28,3400,1001,37,9,83446
5837399,2013,xc,2013-09-04,3400,956,18,9,78097
5837399,2013,xc,2013-09-14,5000,1569,42,9,65293
5837399,2013,xc,2013-09-18,5000,1580,53,9,78101
5837399,2013,xc,2013-10-05,5000,1650,92,9,78130
5837399,2013,xc,2013-10-09,5000,1606,24,9,78126
5837399,2013,xc,2013-10-11,5000,1625.3,163,9,79096
5837399,2013,xc,2013-10-24,5000,1745.9,77,9,78128
3570941,2013,xc,2013-08-28,3400,998,35,11,83446
3570941,2013,xc,2013-09-04,5000,1589,69,11,78097
3570941,2013,xc,2013-09-14,5000,1511,33,11,65293
3570941,2013,xc,2013-09-18,5000,1494,33,11,78101
3570941,2013,xc,2013-09-25,5000,1481.4,15,11,78125
3570941,2013,xc,2013-10-05,5000,1438,24,11,78130
3570941,2013,xc,2013-10-09,5000,1451,3,11,78126
3570941,2013,xc,2013-10-11,5000,1440.4,63,11,79096
3570941,2013,xc,2013-10-16,5000,1422,25,11,78127
3570941,2013,xc,2013-10-24,5000,1443.5,12,11,78128
5837400,2013,xc,2013-08-28,3400,887,19,12,83446
5837400,2013,xc,2013-09-04,5000,1338,18,12,78097
5837400,2013,xc,2013-09-14,5000,1335,24,12,65293
5837400,2013,xc,2013-09-18,5000,1353,13,12,78101
5837400,2013,xc,2013-09-25,5000,1349.3,4,12,78125
5837400,2013,xc,2013-10-09,5000,1342.8,10,12,78126
5837400,2013,xc,2013-10-11,5000,1315.8,120,12,79096
5837400,2013,xc,2013-10-16,5000,1311.5,16,12,78127
5837400,2013,xc,2013-10-24,5000,1344.3,31,12,78128
2522343,2013,xc,2013-08-28,3400,995,33,12,83446
2522343,2013,xc,2013-09-04,5000,1394,40,12,78097
2522343,2013,xc,2013-09-14,5000,1415,37,12,65293
2522343,2013,xc,2013-09-18,5000,1404,21,12,78101
2522343,2013,xc,2013-09-25,5000,1377.7,9,12,78125
2522343,2013,xc,2013-10-09,5000,1385,16,12,78126
2522343,2013,xc,2013-10-11,5000,1335.3,141,12,79096
2522343,2013,xc,2013-10-16,5000,1281.3,13,12,78127
2522343,2013,xc,2013-10-24,5000,1366.8,37,12,78128
5837398,2013,xc,2013-08-28,3400,903,23,11,83446
5837398,2013,xc,2013-09-04,5000,1353,23,11,78097
5837398,2013,xc,2013-09-14,5000,1328,22,11,65293
5837398,2013,xc,2013-09-18,5000,1315,8,11,78101
5837398,2013,xc,2013-09-25,5000,1294.2,2,11,78125
5837398,2013,xc,2013-10-05,5000,1330,3,11,78130
5837398,2013,xc,2013-10-09,5000,1284,4,11,78126
5837398,2013,xc,2013-10-11,5000,1278.6,89,11,79096
5161301,2013,xc,2013-08-28,3400,1000,36,11,83446
5161301,2013,xc,2013-09-04,3400,965,22,11,78097
5161301,2013,xc,2013-09-14,5000,1538,46,11,65293
5161301,2013,xc,2013-09-18,5000,1553,44,11,78101
5161301,2013,xc,2013-09-25,5000,1505,17,11,78125
5161301,2013,xc,2013-10-05,5000,1529,52,11,78130
5161301,2013,xc,2013-10-09,5000,1581,17,11,78126
5161301,2013,xc,2013-10-11,5000,1561,151,11,79096
5161301,2013,xc,2013-10-16,5000,1635,46,11,78127
5843825,2013,xc,2013-08-28,3400,1003,38,9,83446
5843825,2013,xc,2013-09-04,3400,1088,70,9,78097
5843825,2013,xc,2013-09-14,3000,856,2,9,65293
5843825,2013,xc,2013-09-18,5000,1514,37,9,78101
5843825,2013,xc,2013-09-25,5000,1544.9,24,9,78125
5843825,2013,xc,2013-10-05,5000,1453,25,9,78130
5843825,2013,xc,2013-10-09,5000,1482,5,9,78126
5843825,2013,xc,2013-10-11,5000,1434.9,59,9,79096
5843825,2013,xc,2013-10-16,5000,1436.1,27,9,78127
5843825,2013,xc,2013-10-24,5000,1455.2,15,9,78128
5837393,2013,xc,2013-09-04,3400,904,2,9,78097
5837393,2013,xc,2013-09-14,5000,1402,19,9,65293
5837393,2013,xc,2013-09-18,5000,1352,12,9,78101
5837393,2013,xc,2013-09-25,5000,1300.9,3,9,78125
5837393,2013,xc,2013-10-05,5000,1297,1,9,78130
5837393,2013,xc,2013-10-09,5000,1261,2,9,78126
5837393,2013,xc,2013-10-11,5000,1233.1,51,9,79096
5837393,2013,xc,2013-10-16,5000,1224.4,5,9,78127
5837393,2013,xc,2013-10-24,5000,1259,13,9,78128
4657477,2013,xc,2013-08-28,3400,926,25,10,83446
4657477,2013,xc,2013-09-04,5000,1416,50,10,78097
4657477,2013,xc,2013-09-14,5000,1390,17,10,65293
4657477,2013,xc,2013-09-18,5000,1446,29,10,78101
4657477,2013,xc,2013-09-25,5000,1375.9,8,10,78125
4657477,2013,xc,2013-10-05,5000,1366,8,10,78130
4657477,2013,xc,2013-10-09,5000,1428,22,10,78126
4657477,2013,xc,2013-10-11,5000,1308.5,114,10,79096
4657477,2013,xc,2013-10-16,5000,1402,23,10,78127
4657477,2013,xc,2013-10-24,5000,1388.6,44,10,78128
5917794,2013,xc,2013-09-14,3000,1117,36,11,65293
5917794,2013,xc,2013-09-18,5000,1934,79,11,78101
5917794,2013,xc,2013-09-25,5000,1791.5,42,11,78125
5917794,2013,xc,2013-10-05,5000,1764,101,11,78130
5917794,2013,xc,2013-10-09,5000,1798,31,11,78126
5917794,2013,xc,2013-10-11,5000,1727.5,91,11,79096
5917794,2013,xc,2013-10-24,5000,1769.4,78,11,78128
4662470,2013,xc,2013-08-28,3400,986,32,10,83446
4662470,2013,xc,2013-09-04,5000,1439,54,10,78097
4662470,2013,xc,2013-09-14,5000,1400,18,10,65293
4662470,2013,xc,2013-09-18,5000,1438,28,10,78101
4662470,2013,xc,2013-09-25,5000,1361.9,6,10,78125
4662470,2013,xc,2013-10-05,5000,1361,6,10,78130
4662470,2013,xc,2013-10-09,5000,1344,12,10,78126
4662470,2013,xc,2013-10-11,5000,1287,94,10,79096
4662470,2013,xc,2013-10-16,5000,1279.1,12,10,78127
4662470,2013,xc,2013-10-24,5000,1334,29,10,78128
5837408,2013,xc,2013-08-28,3400,1297,45,9,83446
5837408,2013,xc,2013-09-04,3400,1088,71,9,78097
5837408,2013,xc,2013-09-14,3000,1003,25,9,65293
5837408,2013,xc,2013-09-18,5000,2041,81,9,78101
5837408,2013,xc,2013-09-25,5000,1680.4,37,9,78125
5837408,2013,xc,2013-10-05,5000,1610,83,9,78130
5837408,2013,xc,2013-10-09,5000,1667,29,9,78126
5837408,2013,xc,2013-10-11,5000,1588.5,28,9,79096
5837408,2013,xc,2013-10-16,5000,1625.7,45,9,78127
5837408,2013,xc,2013-10-24,5000,1643.8,67,9,78128
5837405,2013,xc,2013-08-28,3400,998,34,12,83446
5837405,2013,xc,2013-09-04,5000,1601,71,12,78097
5837405,2013,xc,2013-09-14,5000,1611,68,12,65293
5837405,2013,xc,2013-09-18,5000,1597,57,12,78101
5837405,2013,xc,2013-09-25,5000,1533,19,12,78125
5837405,2013,xc,2013-10-05,5000,1496,41,12,78130
5837405,2013,xc,2013-10-09,5000,1554,12,12,78126
5837405,2013,xc,2013-10-11,5000,1514.9,121,12,79096
5837405,2013,xc,2013-10-16,5000,1490.3,33,12,78127
5837405,2013,xc,2013-10-24,5000,1551.5,45,12,78128
5837404,2013,xc,2013-08-28,3400,982,30,9,83446
5837404,2013,xc,2013-09-04,5000,1382,32,9,78097
5837404,2013,xc,2013-09-14,5000,1435,38,9,65293
5837404,2013,xc,2013-09-18,5000,1388,19,9,78101
5837404,2013,xc,2013-09-25,5000,1365.3,7,9,78125
5837404,2013,xc,2013-10-05,5000,1348,5,9,78130
5837404,2013,xc,2013-10-09,5000,1342.2,9,9,78126
5837404,2013,xc,2013-10-11,5000,1289,97,9,79096
5837404,2013,xc,2013-10-16,5000,1319.9,17,9,78127
5837404,2013,xc,2013-10-24,5000,1368.9,39,9,78128
5837394,2013,xc,2013-08-28,3400,1265,44,9,83446
5837394,2013,xc,2013-09-04,3400,991,34,9,78097
5837394,2013,xc,2013-09-14,3000,906,7,9,65293
5837394,2013,xc,2013-09-18,5000,1564,46,9,78101
5837394,2013,xc,2013-09-25,5000,1516.2,18,9,78125
5837394,2013,xc,2013-10-05,5000,1516,57,9,78130
5837394,2013,xc,2013-10-09,5000,1529,10,9,78126
5837394,2013,xc,2013-10-11,5000,1438.9,61,9,79096
5837394,2013,xc,2013-10-16,5000,1477.5,32,9,78127
5837394,2013,xc,2013-10-24,5000,1542.5,41,9,78128
5837392,2013,xc,2013-08-28,3400,1094,40,10,83446
5837392,2013,xc,2013-09-04,3400,1026,48,10,78097
5837392,2013,xc,2013-09-14,5000,1573,54,10,65293
5837392,2013,xc,2013-09-18,5000,1528,40,10,78101
5837392,2013,xc,2013-09-25,5000,1467.6,14,10,78125
5837392,2013,xc,2013-10-09,5000,1484,6,10,78126
5837392,2013,xc,2013-10-11,5000,1457.3,76,10,79096
5837392,2013,xc,2013-10-16,5000,1466.6,30,10,78127
5837392,2013,xc,2013-10-24,5000,1513.6,29,10,78128
5837403,2013,xc,2013-08-28,3400,1695,47,12,83446
5837403,2013,xc,2013-09-04,3400,1233,101,12,78097
5837403,2013,xc,2013-09-14,3000,1072,31,12,65293
5837403,2013,xc,2013-09-18,5000,1870,76,12,78101
5837402,2013,xc,2013-08-28,3400,1220,43,9,83446
5837402,2013,xc,2013-09-14,3000,888,5,9,65293
5837402,2013,xc,2013-09-18,5000,1585,54,9,78101
5837402,2013,xc,2013-10-05,5000,1556,69,9,78130
5837402,2013,xc,2013-10-09,5000,1486,7,9,78126
5837402,2013,xc,2013-10-11,5000,1480,91,9,79096
5837402,2013,xc,2013-10-16,5000,1467.6,31,9,78127
5837402,2013,xc,2013-10-24,5000,1465.4,18,9,78128
4657485,2013,xc,2013-08-28,3400,1109,42,11,83446
4657485,2013,xc,2013-09-04,3400,1041,58,11,78097
4657485,2013,xc,2013-09-14,5000,1559,51,11,65293
4657485,2013,xc,2013-09-18,5000,1575,50,11,78101
4657485,2013,xc,2013-09-25,5000,1534.4,21,11,78125
4657485,2013,xc,2013-10-05,5000,1497,42,11,78130
4657485,2013,xc,2013-10-09,5000,1568,15,11,78126
4657485,2013,xc,2013-10-11,5000,1487,95,11,79096
4657485,2013,xc,2013-10-16,5000,1523.2,36,11,78127
4657485,2013,xc,2013-10-24,5000,1486.2,25,11,78128
4657486,2013,xc,2013-08-28,3400,937,26,11,83446
4657486,2013,xc,2013-09-04,5000,1412,47,11,78097
4657486,2013,xc,2013-09-14,5000,1453,30,11,65293
4657486,2013,xc,2013-09-18,5000,1472,31,11,78101
4657486,2013,xc,2013-09-25,5000,1438.4,12,11,78125
4657486,2013,xc,2013-10-05,5000,1431,22,11,78130
4657486,2013,xc,2013-10-09,5000,1447,2,11,78126
4657486,2013,xc,2013-10-11,5000,1471.2,84,11,79096
4657486,2013,xc,2013-10-16,5000,1433.2,26,11,78127
4657486,2013,xc,2013-10-24,5000,1465.6,19,11,78128
3570783,2014,xc,2014-09-03,3000,765,102,12,91488
3570783,2014,xc,2014-09-10,5000,1341,22,12,91615
3570783,2014,xc,2014-09-17,5000,1293,24,12,91616
3570783,2014,xc,2014-09-24,5000,1238,11,12,91617
3570783,2014,xc,2014-09-27,5000,1311.7,238,12,89940
3570783,2014,xc,2014-10-04,5000,1265,79,12,90750
3570783,2014,xc,2014-10-10,5000,1229.3,204,12,91436
3570783,2014,xc,2014-10-22,5000,1249.8,20,12,94090
3570788,2014,xc,2014-09-03,5000,1083,29,12,91488
3570788,2014,xc,2014-09-10,5000,1085,12,12,91615
3570788,2014,xc,2014-09-17,5000,1070,7,12,91616
3570788,2014,xc,2014-09-24,5000,1065,9,12,91617
3570788,2014,xc,2014-09-27,5000,1092.2,88,12,89940
3570788,2014,xc,2014-10-04,5000,1051,52,12,90750
3570788,2014,xc,2014-10-10,5000,1035.8,107,12,91436
3570788,2014,xc,2014-10-22,5000,1081.1,24,12,94090
3570788,2014,xc,2014-11-01,5000,1076,109,12,91406
5837382,2014,xc,2014-09-03,3000,741,83,10,91488
5837382,2014,xc,2014-09-10,5000,1269,12,10,91615
5837382,2014,xc,2014-09-24,5000,1188,5,10,91617
5837382,2014,xc,2014-09-27,5000,1276.3,222,10,89940
5837382,2014,xc,2014-10-04,5000,1238,88,10,90750
5837382,2014,xc,2014-10-10,5000,1180.5,139,10,91436
5837382,2014,xc,2014-10-22,5000,1251.3,38,10,94090
10489917,2014,xc,2014-09-03,5000,1014,8,11,91488
10489917,2014,xc,2014-09-10,5000,1009,1,11,91615
10489917,2014,xc,2014-09-17,5000,1012,2,11,91616
10489917,2014,xc,2014-09-24,5000,974,2,11,91617
10489917,2014,xc,2014-09-27,5000,999.3,6,11,89940
10489917,2014,xc,2014-10-04,5000,974,6,11,90750
10489917,2014,xc,2014-10-10,5000,950.7,12,11,91436
10489917,2014,xc,2014-10-22,5000,994.8,4,11,94090
10489917,2014,xc,2014-11-01,5000,978,21,11,91406
4672735,2014,xc,2014-09-03,3000,912,177,11,91488
4672735,2014,xc,2014-09-10,5000,1555,52,11,91615
4672735,2014,xc,2014-09-24,5000,1359,29,11,91617
4672735,2014,xc,2014-09-27,5000,1445.2,207,11,89940
4672735,2014,xc,2014-10-04,5000,1381,124,11,90750
4672735,2014,xc,2014-10-22,5000,1438.2,46,11,94090
3570793,2014,xc,2014-09-03,5000,1195,67,12,91488
3570793,2014,xc,2014-09-10,5000,1217,30,12,91615
3570793,2014,xc,2014-09-17,5000,1180,16,12,91616
3570793,2014,xc,2014-09-24,5000,1165,24,12,91617
3570793,2014,xc,2014-09-27,5000,1185.8,173,12,89940
3570793,2014,xc,2014-10-04,5000,1153,25,12,90750
3570793,2014,xc,2014-10-10,5000,1115,211,12,91436
3570793,2014,xc,2014-10-22,5000,1170.3,8,12,94090
5837387,2014,xc,2014-10-04,5000,1347,155,10,90750
5837387,2014,xc,2014-10-10,5000,1326,311,10,91436
5837387,2014,xc,2014-10-22,5000,1371.7,70,10,94090
5837388,2014,xc,2014-09-10,5000,1275,14,10,91615
5837388,2014,xc,2014-09-17,5000,1252,9,10,91616
5837388,2014,xc,2014-09-24,5000,1235,10,10,91617
5837388,2014,xc,2014-10-04,5000,1218,76,10,90750
5837388,2014,xc,2014-10-10,5000,1203.1,174,10,91436
5837388,2014,xc,2014-10-22,5000,1239.5,31,10,94090
12496504,2014,xc,2014-09-03,5000,1057,20,9,91488
12496504,2014,xc,2014-09-10,5000,1056,7,9,91615
12496504,2014,xc,2014-09-17,5000,1042,3,9,91616
12496504,2014,xc,2014-09-24,5000,1014,5,9,91617
12496504,2014,xc,2014-09-27,5000,1016.9,14,9,89940
12496504,2014,xc,2014-10-04,5000,1021,30,9,90750
12496504,2014,xc,2014-10-10,5000,989,47,9,91436
12496504,2014,xc,2014-10-22,5000,1025.6,8,9,94090
12496504,2014,xc,2014-11-01,5000,1027,67,9,91406
7433602,2014,xc,2014-09-24,5000,1633,36,9,91617
7433602,2014,xc,2014-09-27,3000,781.7,61,9,89940
7433602,2014,xc,2014-10-04,5000,1378,165,9,90750
7433602,2014,xc,2014-10-10,5000,1276,264,9,91436
7433602,2014,xc,2014-10-22,5000,1301.2,56,9,94090
7311717,2014,xc,2014-09-03,3000,734,76,9,91488
7311717,2014,xc,2014-09-10,5000,1293,17,9,91615
7311717,2014,xc,2014-09-17,5000,1277,16,9,91616
7311717,2014,xc,2014-09-24,5000,1262,14,9,91617
7311717,2014,xc,2014-09-27,5000,1259.6,85,9,89940
7311717,2014,xc,2014-10-04,5000,1203,65,9,90750
7311717,2014,xc,2014-10-10,5000,1229.7,207,9,91436
7311717,2014,xc,2014-10-22,5000,1298,53,9,94090
4657461,2014,xc,2014-09-24,5000,1253,13,11,91617
4657461,2014,xc,2014-10-04,5000,1209,47,11,90750
4657461,2014,xc,2014-10-10,5000,1167.2,120,11,91436
4657461,2014,xc,2014-10-22,5000,1225.8,16,11,94090
7311711,2014,xc,2014-09-03,3000,627,3,9,91488
7324265,2014,xc,2014-09-10,5000,1369,32,9,91615
7324265,2014,xc,2014-09-17,5000,1415,36,9,91616
7324265,2014,xc,2014-09-24,5000,1319,22,9,91617
7324265,2014,xc,2014-09-27,5000,1326.5,143,9,89940
7324265,2014,xc,2014-10-10,5000,1245,225,9,91436
7324265,2014,xc,2014-10-22,5000,1378.5,72,9,94090
3570802,2014,xc,2014-09-03,5000,1088,30,12,91488
3570802,2014,xc,2014-09-10,5000,1086,13,12,91615
3570802,2014,xc,2014-09-17,5000,1061,6,12,91616
3570802,2014,xc,2014-09-24,5000,1001,3,12,91617
3570802,2014,xc,2014-09-27,5000,1039.2,30,12,89940
3570802,2014,xc,2014-10-04,5000,1034,36,12,90750
3570802,2014,xc,2014-10-10,5000,987.6,45,12,91436
3570802,2014,xc,2014-10-22,5000,1043.3,12,12,94090
3570802,2014,xc,2014-11-01,5000,1043,84,12,91406
6424989,2014,xc,2014-09-03,3000,677,32,10,91488
6424989,2014,xc,2014-09-10,5000,1152,23,10,91615
6424989,2014,xc,2014-09-24,5000,1089,12,10,91617
6424989,2014,xc,2014-09-27,5000,1163,126,10,89940
6424989,2014,xc,2014-10-10,5000,1099.3,200,10,91436
6424989,2014,xc,2014-10-22,5000,1127.9,40,10,94090
6424989,2014,xc,2014-11-01,5000,1116,126,10,91406
5837391,2014,xc,2014-09-10,5000,1240,8,10,91615
5837391,2014,xc,2014-09-17,5000,1176,2,10,91616
5837391,2014,xc,2014-09-24,5000,1152,22,10,91617
5837391,2014,xc,2014-09-27,5000,1180.7,135,10,89940
5837391,2014,xc,2014-10-04,5000,1147,128,10,90750
5837391,2014,xc,2014-10-10,5000,1104.3,205,10,91436
5837391,2014,xc,2014-10-22,5000,1125,4,10,94090
5837371,2014,xc,2014-09-03,3000,764,101,12,91488
5837371,2014,xc,2014-09-10,5000,1341,21,12,91615
5837371,2014,xc,2014-09-24,5000,1278,15,12,91617
5837371,2014,xc,2014-09-27,5000,1319.1,148,12,89940
5837371,2014,xc,2014-10-04,5000,1350,114,12,90750
5837371,2014,xc,2014-10-10,5000,1254.5,239,12,91436
5837371,2014,xc,2014-10-22,5000,1284.1,26,12,94090
7407527,2014,xc,2014-09-10,5000,1246,9,11,91615
7407527,2014,xc,2014-09-24,5000,1172,3,11,91617
7407527,2014,xc,2014-10-04,5000,1151,133,11,90750
7407527,2014,xc,2014-10-10,5000,1094.8,191,11,91436
7407527,2014,xc,2014-10-22,5000,1126.1,39,11,94090
7407527,2014,xc,2014-11-01,5000,1094,119,11,91406
7433601,2014,xc,2014-09-17,5000,1359,32,9,91616
7433601,2014,xc,2014-09-24,5000,1319,23,9,91617
7433601,2014,xc,2014-09-27,5000,1355.1,162,9,89940
7433601,2014,xc,2014-10-04,5000,1388,171,9,90750
7433601,2014,xc,2014-10-10,5000,1275.6,262,9,91436
7433601,2014,xc,2014-10-22,5000,1284.9,46,9,94090
5837376,2014,xc,2014-09-03,3000,668,23,10,91488
5837376,2014,xc,2014-09-10,5000,1199,29,10,91615
5837376,2014,xc,2014-09-17,5000,1175,15,10,91616
5837376,2014,xc,2014-09-24,5000,1169,26,10,91617
5837376,2014,xc,2014-09-27,5000,1208.1,189,10,89940
5837376,2014,xc,2014-10-04,5000,1149,34,10,90750
5837376,2014,xc,2014-10-10,5000,1117,53,10,91436
5837376,2014,xc,2014-10-22,5000,1210.1,22,10,94090
7324261,2014,xc,2014-09-03,3000,854,161,9,91488
4657464,2014,xc,2014-09-03,3000,668,21,11,91488
4657464,2014,xc,2014-09-10,5000,1187,25,11,91615
4657464,2014,xc,2014-09-24,5000,1139,19,11,91617
4657464,2014,xc,2014-09-27,5000,1143.7,118,11,89940
4657464,2014,xc,2014-10-04,5000,1118,107,11,90750
4657464,2014,xc,2014-10-10,5000,1071.3,155,11,91436
4657464,2014,xc,2014-10-22,5000,1135.2,41,11,94090
4657464,2014,xc,2014-11-01,5000,1126,131,11,91406
4657465,2014,xc,2014-09-03,5000,1319,88,11,91488
4657465,2014,xc,2014-09-10,5000,1353,26,11,91615
4657465,2014,xc,2014-09-17,5000,1347,31,11,91616
4657465,2014,xc,2014-09-24,5000,1284,16,11,91617
4657465,2014,xc,2014-09-27,5000,1334.3,245,11,89940
4657465,2014,xc,2014-10-04,5000,1257,74,11,90750
4657465,2014,xc,2014-10-10,5000,1242.6,221,11,91436
4657465,2014,xc,2014-10-22,5000,1337.6,35,11,94090
4657466,2014,xc,2014-10-04,5000,1370,119,11,90750
4657466,2014,xc,2014-10-22,5000,1444.4,47,11,94090
7324256,2014,xc,2014-09-03,3000,817,146,9,91488
7324256,2014,xc,2014-09-10,5000,1590,55,9,91615
7324256,2014,xc,2014-09-24,5000,1386,30,9,91617
7324256,2014,xc,2014-09-27,5000,1454.9,213,9,89940
7324256,2014,xc,2014-10-04,5000,1399,174,9,90750
7324256,2014,xc,2014-10-22,5000,1499.3,92,9,94090
5837378,2014,xc,2014-09-10,5000,1346,23,10,91615
5837378,2014,xc,2014-09-17,5000,1266,12,10,91616
5837378,2014,xc,2014-09-24,5000,1221,7,10,91617
5837378,2014,xc,2014-09-27,5000,1244.4,209,10,89940
5837378,2014,xc,2014-10-04,5000,1183,52,10,90750
5837378,2014,xc,2014-10-10,5000,1177.4,136,10,91436
5837378,2014,xc,2014-10-22,5000,1204.1,21,10,94090
7305962,2014,xc,2014-09-03,3000,930,82,9,91488
7305962,2014,xc,2014-09-10,5000,1685,22,9,91615
7305962,2014,xc,2014-09-24,5000,1463,3,9,91617
7305962,2014,xc,2014-09-27,5000,1494.9,85,9,89940
7305962,2014,xc,2014-10-04,5000,1463,34,9,90750
7305962,2014,xc,2014-10-10,5000,1433.5,222,9,91436
7305962,2014,xc,2014-10-22,5000,1474,24,9,94090
5837399,2014,xc,2014-09-03,5000,1324,26,10,91488
5837399,2014,xc,2014-09-10,5000,1381,17,10,91615
5837399,2014,xc,2014-09-17,5000,1379,8,10,91616
5837399,2014,xc,2014-09-24,5000,1352,13,10,91617
5837399,2014,xc,2014-10-04,5000,1526,61,10,90750
5837399,2014,xc,2014-10-10,5000,1433.5,223,10,91436
5837399,2014,xc,2014-10-22,5000,1369,51,10,94090
7480849,2014,xc,2014-09-24,5000,1542,12,12,91617
7480849,2014,xc,2014-10-04,5000,1553,61,12,90750
7480849,2014,xc,2014-10-10,5000,1564.9,157,12,91436
7480849,2014,xc,2014-10-22,5000,1615.3,58,12,94090
3570941,2014,xc,2014-09-03,3000,851,30,12,91488
3570941,2014,xc,2014-09-10,5000,1660,31,12,91615
3570941,2014,xc,2014-09-17,5000,1476,2,12,91616
3570941,2014,xc,2014-09-24,5000,1453,2,12,91617
3570941,2014,xc,2014-09-27,5000,1486.1,51,12,89940
3570941,2014,xc,2014-10-04,5000,1458,27,12,90750
3570941,2014,xc,2014-10-22,5000,1508.3,33,12,94090
7305964,2014,xc,2014-09-03,3000,963,108,10,91488
7305964,2014,xc,2014-09-10,5000,1803,42,10,91615
7305964,2014,xc,2014-09-24,5000,1685,23,10,91617
7305964,2014,xc,2014-09-27,5000,1755.9,195,10,89940
7305964,2014,xc,2014-10-04,5000,1824,130,10,90750
7305964,2014,xc,2014-10-10,5000,1678.4,195,10,91436
7305964,2014,xc,2014-10-22,5000,1675.8,81,10,94090
5161301,2014,xc,2014-09-03,3000,872,47,12,91488
5161301,2014,xc,2014-09-10,5000,1595,16,12,91615
5161301,2014,xc,2014-09-24,5000,1576,13,12,91617
5843825,2014,xc,2014-09-03,3000,853,33,10,91488
5843825,2014,xc,2014-09-10,5000,1610,30,10,91615
5843825,2014,xc,2014-09-24,5000,1514,7,10,91617
5843825,2014,xc,2014-09-27,5000,1560.8,132,10,89940
5843825,2014,xc,2014-10-04,5000,1480,43,10,90750
5843825,2014,xc,2014-10-10,5000,1527.6,147,10,91436
5843825,2014,xc,2014-10-22,5000,1478.3,25,10,94090
5837393,2014,xc,2014-09-03,5000,1239,10,10,91488
5837393,2014,xc,2014-09-10,5000,1282,2,10,91615
5837393,2014,xc,2014-09-24,5000,1217,2,10,91617
5837393,2014,xc,2014-09-27,5000,1232.2,17,10,89940
5837393,2014,xc,2014-10-04,5000,1246,32,10,90750
5837393,2014,xc,2014-10-10,5000,1177.2,33,10,91436
5837393,2014,xc,2014-10-22,5000,1240.1,13,10,94090
7305968,2014,xc,2014-09-03,3000,932,84,10,91488
7305968,2014,xc,2014-09-10,5000,1689,25,10,91615
7305968,2014,xc,2014-09-17,5000,1617,21,10,91616
7305968,2014,xc,2014-09-24,5000,1600,18,10,91617
7305968,2014,xc,2014-09-27,5000,1681.9,168,10,89940
7305968,2014,xc,2014-10-22,5000,1626.9,70,10,94090
4662470,2014,xc,2014-09-03,5000,1382,45,11,91488
4662470,2014,xc,2014-09-17,5000,1405,13,11,91616
4662470,2014,xc,2014-09-24,5000,1376,16,11,91617
4662470,2014,xc,2014-09-27,5000,1421.6,150,11,89940
4662470,2014,xc,2014-10-04,5000,1399,9,11,90750
4662470,2014,xc,2014-10-10,5000,1354.4,185,11,91436
4662470,2014,xc,2014-10-22,5000,1405.4,56,11,94090
5837408,2014,xc,2014-09-03,3000,964,110,10,91488
5837408,2014,xc,2014-09-10,5000,1737,37,10,91615
5837408,2014,xc,2014-09-17,5000,1745,32,10,91616
5837408,2014,xc,2014-09-24,5000,1622,19,10,91617
5837408,2014,xc,2014-09-27,5000,1706.7,182,10,89940
5837408,2014,xc,2014-10-22,5000,1657.4,76,10,94090
5837404,2014,xc,2014-09-03,5000,1403,53,10,91488
5837404,2014,xc,2014-09-10,5000,1391,20,10,91615
5837404,2014,xc,2014-09-17,5000,1369,7,10,91616
5837404,2014,xc,2014-09-24,5000,1325,12,10,91617
5837404,2014,xc,2014-09-27,5000,1367.8,116,10,89940
5837404,2014,xc,2014-10-04,5000,1320,4,10,90750
5837404,2014,xc,2014-10-10,5000,1286.2,114,10,91436
5837404,2014,xc,2014-10-22,5000,1358.1,49,10,94090
7305971,2014,xc,2014-09-03,3000,894,63,9,91488
7305971,2014,xc,2014-09-10,5000,1695,28,9,91615
7305971,2014,xc,2014-09-17,5000,1616,19,9,91616
7305971,2014,xc,2014-09-24,5000,1522,10,9,91617
7305971,2014,xc,2014-09-27,5000,1524.1,107,9,89940
7305971,2014,xc,2014-10-04,5000,1517,57,9,90750
7305971,2014,xc,2014-10-10,5000,1526.7,144,9,91436
7305971,2014,xc,2014-10-22,5000,1494.9,33,9,94090
7305974,2014,xc,2014-09-03,5000,1406,54,10,91488
5837394,2014,xc,2014-09-17,5000,1576,12,10,91616
5837394,2014,xc,2014-09-24,5000,1512,6,10,91617
5837394,2014,xc,2014-09-27,5000,1703.3,179,10,89940
5837394,2014,xc,2014-10-04,5000,1536,71,10,90750
5837394,2014,xc,2014-10-10,5000,1499.9,124,10,91436
5837394,2014,xc,2014-10-22,5000,1538.5,48,10,94090
6424997,2014,xc,2014-09-24,5000,1689,25,10,91617
6424997,2014,xc,2014-10-04,5000,1729,117,10,90750
6424997,2014,xc,2014-10-10,5000,1770.1,236,10,91436
6424997,2014,xc,2014-10-22,5000,1686.9,86,10,94090
7437720,2014,xc,2014-09-17,5000,1859,35,10,91616
7437720,2014,xc,2014-09-24,5000,1653,21,10,91617
7437720,2014,xc,2014-09-27,5000,1705,180,10,89940
7437720,2014,xc,2014-10-10,5000,1684.5,198,10,91436
7305977,2014,xc,2014-09-03,3000,772,5,9,91488
7305977,2014,xc,2014-09-10,5000,1347,9,9,91615
7305977,2014,xc,2014-09-17,5000,1312,4,9,91616
7305977,2014,xc,2014-09-24,5000,1288,9,9,91617
7305977,2014,xc,2014-09-27,5000,1321.4,85,9,89940
7305977,2014,xc,2014-10-04,5000,1331,5,9,90750
7305977,2014,xc,2014-10-10,5000,1264.1,98,9,91436
7305977,2014,xc,2014-10-22,5000,1277.4,28,9,94090
7305982,2014,xc,2014-09-17,5000,1394,11,12,91616
7305982,2014,xc,2014-09-24,5000,1354,14,12,91617
7305982,2014,xc,2014-09-27,5000,1423.1,151,12,89940
7305982,2014,xc,2014-10-10,5000,1430.1,221,12,91436
7305982,2014,xc,2014-10-22,5000,1499,62,12,94090
5837402,2014,xc,2014-09-03,3000,857,35,10,91488
5837402,2014,xc,2014-09-10,5000,1536,29,10,91615
5837402,2014,xc,2014-09-17,5000,1548,9,10,91616
5837402,2014,xc,2014-09-24,5000,1495,5,10,91617
5837402,2014,xc,2014-09-27,5000,1546.9,125,10,89940
5837402,2014,xc,2014-10-04,5000,1514,56,10,90750
5837402,2014,xc,2014-10-10,5000,1455.4,91,10,91436
5837402,2014,xc,2014-10-22,5000,1481.6,26,10,94090
7305986,2014,xc,2014-09-10,5000,1452,25,10,91615
7305986,2014,xc,2014-09-17,5000,1466,22,10,91616
7305986,2014,xc,2014-09-24,5000,1404,1,10,91617
7305986,2014,xc,2014-09-27,5000,1430.2,154,10,89940
7305986,2014,xc,2014-10-04,5000,1444,28,10,90750
7305986,2014,xc,2014-10-10,5000,1359.4,186,10,91436
7305986,2014,xc,2014-10-22,5000,1429.2,57,10,94090
4657485,2014,xc,2014-09-03,3000,879,54,12,91488
4657485,2014,xc,2014-09-10,5000,1578,14,12,91615
4657485,2014,xc,2014-09-17,5000,1453,20,12,91616
4657485,2014,xc,2014-10-04,5000,1457,26,12,90750
4657485,2014,xc,2014-10-10,5000,1422,215,12,91436
4657485,2014,xc,2014-10-22,5000,1453.7,23,12,94090
4657486,2014,xc,2014-10-10,5000,1587.9,161,12,91436
4657486,2014,xc,2014-10-22,5000,1716.7,69,12,94090
8623721,2015,xc,2015-09-03,5000,1206.5,22,9,105478
8623721,2015,xc,2015-09-09,5000,1335.9,20,9,106617
8623721,2015,xc,2015-09-12,5000,1201,8,9,104970
8623721,2015,xc,2015-09-16,5000,1169,5,9,106066
8623721,2015,xc,2015-09-30,5000,1268,29,9,105683
8623721,2015,xc,2015-10-03,5000,1204.4,64,9,104791
8623721,2015,xc,2015-10-09,5000,1149.6,190,9,105430
7859485,2015,xc,2015-09-03,5000,1140.9,4,10,105478
7859485,2015,xc,2015-09-09,5000,1118.8,10,10,106617
7859485,2015,xc,2015-09-12,5000,1093,12,10,104970
7859485,2015,xc,2015-09-16,5000,1094,13,10,106066
7859485,2015,xc,2015-09-30,5000,1067,9,10,105683
7859485,2015,xc,2015-10-03,5000,1099.1,117,10,104791
7859485,2015,xc,2015-10-09,5000,1052.4,168,10,105430
7859485,2015,xc,2015-10-14,5000,1088.5,8,10,106372
7859485,2015,xc,2015-10-21,5000,1074.4,39,10,105022
8623780,2015,xc,2015-09-03,5000,1180.3,13,9,105478
8623780,2015,xc,2015-09-09,5000,1184.1,2,9,106617
8623780,2015,xc,2015-09-12,5000,1129,4,9,104970
8623780,2015,xc,2015-09-16,5000,1101,15,9,106066
8623780,2015,xc,2015-09-30,5000,1101,16,9,105683
8623780,2015,xc,2015-10-03,5000,1106.9,7,9,104791
8623780,2015,xc,2015-10-09,5000,1088.2,204,9,105430
8623780,2015,xc,2015-10-14,5000,1112.4,12,9,106372
8623780,2015,xc,2015-10-21,5000,1112.4,50,9,105022
7859477,2015,xc,2015-09-03,5000,1321.4,81,10,105478
7859477,2015,xc,2015-09-09,5000,1369.4,23,10,106617
7859477,2015,xc,2015-09-12,5000,1276,26,10,104970
7859477,2015,xc,2015-09-16,5000,1251,25,10,106066
7859477,2015,xc,2015-10-03,5000,1241.2,100,10,104791
7859477,2015,xc,2015-10-09,5000,1214.8,268,10,105430
7859477,2015,xc,2015-10-14,5000,1235.4,11,10,106372
7859477,2015,xc,2015-10-21,5000,1245.9,79,10,105022
8623809,2015,xc,2015-09-03,5000,1150.1,5,9,105478
8623809,2015,xc,2015-09-09,5000,1156,13,9,106617
8623809,2015,xc,2015-09-12,5000,1126,3,9,104970
8623809,2015,xc,2015-09-16,5000,1103,16,9,106066
8623809,2015,xc,2015-09-30,5000,1084,13,9,105683
10489917,2015,xc,2015-09-03,5000,960.8,1,12,105478
10489917,2015,xc,2015-09-09,5000,967.9,1,12,106617
10489917,2015,xc,2015-09-12,5000,975,1,12,104970
10489917,2015,xc,2015-09-16,5000,940,1,12,106066
10489917,2015,xc,2015-09-30,5000,959,3,12,105683
10489917,2015,xc,2015-10-09,5000,929.7,8,12,105430
10489917,2015,xc,2015-10-21,5000,952.8,3,12,105022
10489917,2015,xc,2015-10-31,5000,964,12,12,103367
10489917,2015,xc,2015-11-22,5000,993.4,45,12,108856
7859466,2015,xc,2015-09-03,5000,1212.8,27,10,105478
7859466,2015,xc,2015-09-09,5000,1307.9,15,10,106617
7859466,2015,xc,2015-09-12,5000,1241,19,10,104970
7859466,2015,xc,2015-09-16,5000,1191,11,10,106066
7859466,2015,xc,2015-09-30,5000,1200,15,10,105683
7859466,2015,xc,2015-10-09,5000,1153.3,194,10,105430
7859466,2015,xc,2015-10-14,5000,1186,4,10,106372
7859466,2015,xc,2015-10-21,5000,1187.8,55,10,105022
10922548,2015,xc,2015-09-30,5000,1329,36,10,105683
10922548,2015,xc,2015-10-03,5000,1407.6,204,10,104791
10922548,2015,xc,2015-10-09,5000,1295,205,10,105430
10922548,2015,xc,2015-10-21,5000,1284.7,46,10,105022
4672735,2015,xc,2015-09-03,5000,1583.9,189,12,105478
4672735,2015,xc,2015-09-12,3000,857,17,12,104970
4672735,2015,xc,2015-10-03,5000,1631.2,179,12,104791
4672735,2015,xc,2015-10-21,5000,1538.7,100,12,105022
8681591,2015,xc,2015-09-03,5000,1268.5,57,10,105478
8681591,2015,xc,2015-09-09,5000,1293.8,11,10,106617
8681591,2015,xc,2015-09-12,5000,1222,11,10,104970
8681591,2015,xc,2015-09-16,5000,1185,10,10,106066
8681591,2015,xc,2015-09-30,5000,1188,11,10,105683
8681591,2015,xc,2015-10-03,5000,1229.2,90,10,104791
8681591,2015,xc,2015-10-09,5000,1163.1,204,10,105430
8681591,2015,xc,2015-10-14,5000,1210.8,8,10,106372
8681591,2015,xc,2015-10-21,5000,1189.8,56,10,105022
5837388,2015,xc,2015-09-12,3000,740,8,11,104970
5837388,2015,xc,2015-09-16,5000,1329,42,11,106066
5837388,2015,xc,2015-09-30,5000,1383,42,11,105683
5837388,2015,xc,2015-10-03,5000,1297.1,103,11,104791
5837388,2015,xc,2015-10-09,5000,1267.2,167,11,105430
5837388,2015,xc,2015-10-14,5000,1299.7,22,11,106372
12496504,2015,xc,2015-09-03,5000,1027.3,5,10,105478
12496504,2015,xc,2015-09-09,5000,1034.7,3,10,106617
12496504,2015,xc,2015-09-12,5000,997,2,10,104970
12496504,2015,xc,2015-09-16,5000,990,4,10,106066
12496504,2015,xc,2015-09-30,5000,982,4,10,105683
12496504,2015,xc,2015-10-03,5000,971.6,4,10,104791
12496504,2015,xc,2015-10-09,5000,955.3,32,10,105430
12496504,2015,xc,2015-10-14,5000,1024.2,1,10,106372
12496504,2015,xc,2015-10-21,5000,975.7,5,10,105022
12496504,2015,xc,2015-10-31,5000,991,31,10,103367
7433602,2015,xc,2015-09-03,5000,1299.3,71,10,105478
7433602,2015,xc,2015-09-09,5000,1389.1,27,10,106617
7433602,2015,xc,2015-09-12,5000,1300,35,10,104970
7433602,2015,xc,2015-10-03,5000,1313.2,156,10,104791
7433602,2015,xc,2015-10-09,5000,1188.3,69,10,105430
7433602,2015,xc,2015-10-14,5000,1250.7,15,10,106372
7433602,2015,xc,2015-10-21,5000,1140.7,30,10,105022
7311717,2015,xc,2015-09-09,5000,1372.9,24,10,106617
7311717,2015,xc,2015-09-12,5000,1279,29,10,104970
7311717,2015,xc,2015-09-16,5000,1256,26,10,106066
7311717,2015,xc,2015-09-30,5000,1258,24,10,105683
7311717,2015,xc,2015-10-03,5000,1240.1,99,10,104791
7311717,2015,xc,2015-10-09,5000,1226.5,283,10,105430
7311717,2015,xc,2015-10-14,5000,1256.6,17,10,106372
7311717,2015,xc,2015-10-21,5000,1250.3,80,10,105022
7324265,2015,xc,2015-09-12,5000,1366,47,10,104970
7324265,2015,xc,2015-10-03,5000,1263.6,117,10,104791
7324265,2015,xc,2015-10-09,5000,1202.3,92,10,105430
7324265,2015,xc,2015-10-14,5000,1302.3,24,10,106372
7324265,2015,xc,2015-10-21,5000,1198.6,8,10,105022
8623842,2015,xc,2015-09-09,5000,1475.5,33,9,106617
8623842,2015,xc,2015-09-12,3000,785,15,9,104970
8623842,2015,xc,2015-09-16,5000,1355,48,9,106066
8623842,2015,xc,2015-10-03,5000,1341.2,171,9,104791
8623842,2015,xc,2015-10-09,5000,1324.6,236,9,105430
8623842,2015,xc,2015-10-14,5000,1378.4,33,9,106372
8623842,2015,xc,2015-10-21,5000,1293.9,53,9,105022
6424989,2015,xc,2015-09-03,5000,1088.4,38,11,105478
6424989,2015,xc,2015-09-09,5000,1113.8,9,11,106617
6424989,2015,xc,2015-09-12,5000,1048,7,11,104970
6424989,2015,xc,2015-09-16,5000,1088,12,11,106066
6424989,2015,xc,2015-10-03,5000,1084,92,11,104791
6424989,2015,xc,2015-10-09,5000,1051.5,165,11,105430
6424989,2015,xc,2015-10-14,5000,1102.5,10,11,106372
6424989,2015,xc,2015-10-21,5000,1124.7,51,11,105022
8623843,2015,xc,2015-09-03,5000,1139.1,3,9,105478
8623843,2015,xc,2015-09-09,5000,1193.5,16,9,106617
8623843,2015,xc,2015-09-12,5000,1145,6,9,104970
8623843,2015,xc,2015-09-16,5000,1112,19,9,106066
8623843,2015,xc,2015-09-30,5000,1124,21,9,105683
8623843,2015,xc,2015-10-03,5000,1117.8,15,9,104791
8623843,2015,xc,2015-10-09,5000,1100.4,217,9,105430
8623843,2015,xc,2015-10-14,5000,1119.5,14,9,106372
8623843,2015,xc,2015-10-21,5000,1152,38,9,105022
5837391,2015,xc,2015-09-03,5000,1199.1,93,11,105478
5837391,2015,xc,2015-09-09,5000,1150.4,12,11,106617
5837391,2015,xc,2015-09-16,5000,1114,20,11,106066
5837391,2015,xc,2015-09-30,5000,1105,17,11,105683
5837391,2015,xc,2015-10-03,5000,1119.9,128,11,104791
5837391,2015,xc,2015-10-21,5000,1116.9,12,11,105022
8721924,2015,xc,2015-09-09,5000,1178.3,1,9,106617
8721924,2015,xc,2015-09-12,5000,1107,2,9,104970
8623844,2015,xc,2015-09-09,5000,1693.1,37,9,106617
8623844,2015,xc,2015-09-12,3000,907,18,9,104970
8623844,2015,xc,2015-09-16,5000,1600,72,9,106066
8623844,2015,xc,2015-09-30,5000,1580,56,9,105683
8623844,2015,xc,2015-10-03,5000,1561.6,248,9,104791
8623844,2015,xc,2015-10-09,5000,1562.8,378,9,105430
8623844,2015,xc,2015-10-14,5000,1557.1,39,9,106372
8623844,2015,xc,2015-10-21,5000,1541.4,101,9,105022
8623845,2015,xc,2015-09-03,5000,1278.9,62,10,105478
8623845,2015,xc,2015-09-09,5000,1291.7,10,10,106617
8623845,2015,xc,2015-09-12,5000,1313,38,10,104970
8623845,2015,xc,2015-09-16,5000,1236,20,10,106066
8623845,2015,xc,2015-09-30,5000,1239,22,10,105683
8623845,2015,xc,2015-10-03,5000,1208.6,68,10,104791
8623845,2015,xc,2015-10-09,5000,1194.3,245,10,105430
8623845,2015,xc,2015-10-14,5000,1197.8,6,10,106372
8623845,2015,xc,2015-10-21,5000,1196.9,59,10,105022
8623846,2015,xc,2015-09-03,5000,1370.6,109,10,105478
8623846,2015,xc,2015-09-09,5000,1554.2,34,10,106617
8623846,2015,xc,2015-09-12,3000,783,14,10,104970
8623846,2015,xc,2015-09-16,5000,1355,47,10,106066
8623846,2015,xc,2015-09-30,5000,1417,48,10,105683
8623846,2015,xc,2015-10-03,5000,1469.8,226,10,104791
8623846,2015,xc,2015-10-09,5000,1345.3,259,10,105430
8623846,2015,xc,2015-10-14,5000,1359.7,30,10,106372
8623846,2015,xc,2015-10-21,5000,1330.6,64,10,105022
8623847,2015,xc,2015-09-09,5000,1289.2,9,9,106617
8623847,2015,xc,2015-09-12,5000,1223,12,9,104970
8623847,2015,xc,2015-09-30,5000,1180,8,9,105683
8623847,2015,xc,2015-10-03,5000,1163.1,35,9,104791
7859447,2015,xc,2015-09-03,5000,1233.6,39,10,105478
7859447,2015,xc,2015-09-09,5000,1303.4,12,10,106617
7859447,2015,xc,2015-09-12,5000,1247,21,10,104970
7859447,2015,xc,2015-09-16,5000,1228,14,10,106066
7859447,2015,xc,2015-09-30,5000,1183,9,10,105683
7859447,2015,xc,2015-10-03,5000,1182.1,47,10,104791
7859447,2015,xc,2015-10-09,5000,1131.1,152,10,105430
7859447,2015,xc,2015-10-14,5000,1136.9,17,10,106372
7859447,2015,xc,2015-10-21,5000,1109.6,10,10,105022
8623849,2015,xc,2015-09-03,5000,1307.7,75,9,105478
8623849,2015,xc,2015-09-09,5000,1326,17,9,106617
8623849,2015,xc,2015-09-12,5000,1299,34,9,104970
8623849,2015,xc,2015-09-16,5000,1224,13,9,106066
8623849,2015,xc,2015-09-30,5000,1194,13,9,105683
8623849,2015,xc,2015-10-03,5000,1200.3,60,9,104791
8623849,2015,xc,2015-10-09,5000,1149.1,189,9,105430
8623849,2015,xc,2015-10-14,5000,1184.4,3,9,106372
8623849,2015,xc,2015-10-21,5000,1150.3,36,9,105022
4657464,2015,xc,2015-09-03,5000,1171.8,79,12,105478
4657464,2015,xc,2015-09-09,5000,1170.7,14,12,106617
4657464,2015,xc,2015-09-12,5000,1184,29,12,104970
4657464,2015,xc,2015-09-16,5000,1144,25,12,106066
4657464,2015,xc,2015-09-30,5000,1092,15,12,105683
4657464,2015,xc,2015-10-03,5000,1095.3,113,12,104791
4657464,2015,xc,2015-10-09,5000,1078.8,193,12,105430
4657464,2015,xc,2015-10-14,5000,1113.4,13,12,106372
4657464,2015,xc,2015-10-21,5000,1065.1,34,12,105022
4657465,2015,xc,2015-09-09,5000,1447,31,12,106617
4657465,2015,xc,2015-09-12,5000,1282,30,12,104970
4657465,2015,xc,2015-09-16,5000,1231,15,12,106066
4657465,2015,xc,2015-09-30,5000,1224,17,12,105683
4657465,2015,xc,2015-10-03,5000,1236.7,202,12,104791
4657465,2015,xc,2015-10-09,5000,1199.3,256,12,105430
4657465,2015,xc,2015-10-14,5000,1249.5,14,12,106372
4657465,2015,xc,2015-10-21,5000,1230.2,75,12,105022
7324256,2015,xc,2015-09-03,5000,1350.7,96,10,105478
7324256,2015,xc,2015-09-09,5000,1400.7,30,10,106617
7324256,2015,xc,2015-09-12,5000,1393,48,10,104970
7324256,2015,xc,2015-09-16,5000,1311,39,10,106066
7324256,2015,xc,2015-09-30,5000,1289,31,10,105683
7324256,2015,xc,2015-10-03,5000,1316.2,160,10,104791
7324256,2015,xc,2015-10-09,5000,1271.2,173,10,105430
7324256,2015,xc,2015-10-14,5000,1262.8,18,10,106372
7324256,2015,xc,2015-10-21,5000,1248.8,28,10,105022
5837378,2015,xc,2015-09-09,5000,1352.6,22,11,106617
5837378,2015,xc,2015-09-12,5000,1246,20,11,104970
5837378,2015,xc,2015-09-16,5000,1184,9,11,106066
5837378,2015,xc,2015-09-30,5000,1172,7,11,105683
5837378,2015,xc,2015-10-09,5000,1081.2,71,11,105430
5837378,2015,xc,2015-10-14,5000,1098.5,9,11,106372
5837378,2015,xc,2015-10-21,5000,1086.8,43,11,105022
8668729,2015,xc,2015-09-03,5000,1706,88,9,105478
8668729,2015,xc,2015-09-09,5000,1774.7,54,9,106617
8668729,2015,xc,2015-09-16,5000,1674,56,9,106066
8668729,2015,xc,2015-09-30,5000,1634,37,9,105683
8668729,2015,xc,2015-10-03,5000,1642.2,101,9,104791
8668729,2015,xc,2015-10-09,5000,1554,148,9,105430
8668729,2015,xc,2015-10-14,5000,1576.5,19,9,106372
8668729,2015,xc,2015-10-21,5000,1570,72,9,105022
8623851,2015,xc,2015-09-12,3000,1583,19,11,104970
6424950,2015,xc,2015-09-09,5000,1889.6,68,11,106617
6424950,2015,xc,2015-09-12,3000,960,10,11,104970
6424950,2015,xc,2015-09-16,5000,1706,62,11,106066
6424950,2015,xc,2015-09-30,5000,1764,46,11,105683
6424950,2015,xc,2015-10-03,5000,1675.2,107,11,104791
6424950,2015,xc,2015-10-09,5000,1648.3,232,11,105430
6424950,2015,xc,2015-10-14,5000,1668.3,31,11,106372
6424950,2015,xc,2015-10-21,5000,1679.9,122,11,105022
7859573,2015,xc,2015-09-03,5000,1467.9,11,11,105478
7859573,2015,xc,2015-09-09,5000,1490.4,8,11,106617
7859573,2015,xc,2015-09-12,5000,1449,2,11,104970
7859573,2015,xc,2015-09-16,5000,1368,29,11,106066
7859573,2015,xc,2015-09-30,5000,1401,24,11,105683
7859573,2015,xc,2015-10-03,5000,1392.2,22,11,104791
7859573,2015,xc,2015-10-09,5000,1350.7,102,11,105430
7859573,2015,xc,2015-10-14,5000,1417.9,20,11,106372
7859573,2015,xc,2015-10-21,5000,1380.6,32,11,105022
7305962,2015,xc,2015-09-03,5000,1477,14,10,105478
7305962,2015,xc,2015-09-12,5000,1473,3,10,104970
7305962,2015,xc,2015-09-16,5000,1423,11,10,106066
7305962,2015,xc,2015-09-30,5000,1407,25,10,105683
7305962,2015,xc,2015-10-09,5000,1421.8,160,10,105430
7305962,2015,xc,2015-10-14,5000,1412.7,19,10,106372
7305962,2015,xc,2015-10-21,5000,1391.9,34,10,105022
8623852,2015,xc,2015-09-03,5000,1397.7,3,9,105478
8623852,2015,xc,2015-09-09,5000,1490.8,18,9,106617
8623852,2015,xc,2015-09-12,5000,1372,19,9,104970
8623852,2015,xc,2015-09-16,5000,1332,26,9,106066
8623852,2015,xc,2015-09-30,5000,1322,18,9,105683
8623852,2015,xc,2015-10-03,5000,1361.9,13,9,104791
8623852,2015,xc,2015-10-09,5000,1299.1,60,9,105430
8623852,2015,xc,2015-10-14,5000,1318.1,12,9,106372
8623852,2015,xc,2015-10-21,5000,1312,12,9,105022
7859608,2015,xc,2015-09-03,5000,1575.1,43,10,105478
7859608,2015,xc,2015-09-09,5000,1739.9,50,10,106617
7859608,2015,xc,2015-09-12,5000,1617,27,10,104970
7859608,2015,xc,2015-09-16,5000,1611,47,10,106066
7859608,2015,xc,2015-09-30,5000,1572,27,10,105683
7859608,2015,xc,2015-10-03,5000,1619.3,93,10,104791
7859608,2015,xc,2015-10-09,5000,1550,144,10,105430
7859608,2015,xc,2015-10-14,5000,1574.8,18,10,106372
7859608,2015,xc,2015-10-21,5000,1581.5,81,10,105022
5837399,2015,xc,2015-09-03,5000,1368.2,45,11,105478
5837399,2015,xc,2015-09-09,5000,1396.1,15,11,106617
5837399,2015,xc,2015-09-12,5000,1335,15,11,104970
5837399,2015,xc,2015-09-16,5000,1303,24,11,106066
5837399,2015,xc,2015-09-30,5000,1320,17,11,105683
5837399,2015,xc,2015-10-03,5000,1333,102,11,104791
5837399,2015,xc,2015-10-09,5000,1281.7,150,11,105430
5837399,2015,xc,2015-10-14,5000,1302.1,8,11,106372
5837399,2015,xc,2015-10-21,5000,1332.1,48,11,105022
5837399,2015,xc,2015-10-31,5000,1346,127,11,103367
8738753,2015,xc,2015-09-16,5000,1644,55,9,106066
8738753,2015,xc,2015-09-30,5000,1646,39,9,105683
8738753,2015,xc,2015-10-03,5000,1593.8,83,9,104791
8738753,2015,xc,2015-10-09,5000,1603.7,191,9,105430
8738753,2015,xc,2015-10-14,5000,1589.1,21,9,106372
8738753,2015,xc,2015-10-21,5000,1578.7,78,9,105022
5843825,2015,xc,2015-09-03,5000,1719.1,92,11,105478
5843825,2015,xc,2015-09-12,5000,1662,29,11,104970
5843825,2015,xc,2015-09-16,5000,1552,34,11,106066
5843825,2015,xc,2015-09-30,5000,1578,28,11,105683
5843825,2015,xc,2015-10-09,5000,1563.6,243,11,105430
5843825,2015,xc,2015-10-14,5000,1561.1,16,11,106372
5843825,2015,xc,2015-10-21,5000,1543.8,56,11,105022
8623853,2015,xc,2015-09-03,5000,1249,16,9,105478
8623853,2015,xc,2015-09-09,5000,1310.2,8,9,106617
8623853,2015,xc,2015-09-12,5000,1257,5,9,104970
8623853,2015,xc,2015-09-16,5000,1228,9,9,106066
8623853,2015,xc,2015-09-30,5000,1218,3,9,105683
8623853,2015,xc,2015-10-03,5000,1189.9,16,9,104791
8623853,2015,xc,2015-10-09,5000,1142.5,26,9,105430
8623853,2015,xc,2015-10-14,5000,1267.2,2,9,106372
8623853,2015,xc,2015-10-21,5000,1157.3,4,9,105022
8623853,2015,xc,2015-10-31,5000,1181,31,9,103367
7859565,2015,xc,2015-09-03,5000,1242.7,13,11,105478
7859565,2015,xc,2015-09-09,5000,1331.6,9,11,106617
7859565,2015,xc,2015-09-12,5000,1287,8,11,104970
7859565,2015,xc,2015-09-16,5000,1249,12,11,106066
7859565,2015,xc,2015-09-30,5000,1245,6,11,105683
7859565,2015,xc,2015-10-03,5000,1249.8,44,11,104791
7859565,2015,xc,2015-10-09,5000,1193.5,68,11,105430
7859565,2015,xc,2015-10-14,5000,1279,5,11,106372
7859565,2015,xc,2015-10-21,5000,1213.2,17,11,105022
7859565,2015,xc,2015-10-31,5000,1232,71,11,103367
8623854,2015,xc,2015-09-12,3000,834,2,10,104970
8623854,2015,xc,2015-09-16,5000,1473,18,10,106066
8623854,2015,xc,2015-09-30,5000,1453,3,10,105683
8623854,2015,xc,2015-10-03,5000,1414.8,31,10,104791
8623854,2015,xc,2015-10-21,5000,1392.1,35,10,105022
8623855,2015,xc,2015-09-03,5000,1726.8,94,11,105478
8623855,2015,xc,2015-09-09,5000,1881.9,66,11,106617
8623855,2015,xc,2015-09-12,3000,902,6,11,104970
8623855,2015,xc,2015-09-30,5000,1767,47,11,105683
8623855,2015,xc,2015-10-03,5000,1670.5,106,11,104791
8623855,2015,xc,2015-10-09,5000,1710.3,276,11,105430
8623855,2015,xc,2015-10-14,5000,1675.1,32,11,106372
8623855,2015,xc,2015-10-21,5000,1688.6,123,11,105022
5837393,2015,xc,2015-09-03,5000,1170.1,2,11,105478
5837393,2015,xc,2015-09-09,5000,1189.6,2,11,106617
5837393,2015,xc,2015-09-12,5000,1196,1,11,104970
5837393,2015,xc,2015-09-16,5000,1145,1,11,106066
5837393,2015,xc,2015-09-30,5000,1169,1,11,105683
5837393,2015,xc,2015-10-03,5000,1124.8,5,11,104791
5837393,2015,xc,2015-10-09,5000,1098.5,12,11,105430
5837393,2015,xc,2015-10-14,5000,1267,1,11,106372
5837393,2015,xc,2015-10-21,5000,1126.1,1,11,105022
5837393,2015,xc,2015-10-31,5000,1132,7,11,103367
5837393,2015,xc,2015-11-22,5000,1179.4,50,11,108856
7305968,2015,xc,2015-09-03,5000,1677.5,83,11,105478
7305968,2015,xc,2015-09-09,5000,1736.5,48,11,106617
7305968,2015,xc,2015-09-12,5000,1584,18,11,104970
7305968,2015,xc,2015-09-16,5000,1527,27,11,106066
7305968,2015,xc,2015-09-30,5000,1524,17,11,105683
7305968,2015,xc,2015-10-03,5000,1511.8,58,11,104791
7305968,2015,xc,2015-10-09,5000,1445.4,181,11,105430
7305968,2015,xc,2015-10-14,5000,1460.2,3,11,106372
7305968,2015,xc,2015-10-21,5000,1632.3,80,11,105022
8623856,2015,xc,2015-09-03,5000,1605.7,56,9,105478
8623856,2015,xc,2015-09-09,5000,1735.9,47,9,106617
8623856,2015,xc,2015-09-12,5000,1610,25,9,104970
8623856,2015,xc,2015-09-16,5000,1607,45,9,106066
8623856,2015,xc,2015-10-03,5000,1601.2,85,9,104791
8623856,2015,xc,2015-10-09,5000,1654.5,235,9,105430
8623856,2015,xc,2015-10-21,5000,1579.5,80,9,105022
4662470,2015,xc,2015-09-03,5000,1537.9,33,12,105478
4662470,2015,xc,2015-09-09,5000,1617.2,22,12,106617
4662470,2015,xc,2015-09-12,5000,1541,8,12,104970
4662470,2015,xc,2015-09-16,5000,1524,26,12,106066
4662470,2015,xc,2015-09-30,5000,1516,13,12,105683
4662470,2015,xc,2015-10-03,5000,1502.1,53,12,104791
4662470,2015,xc,2015-10-09,5000,1439.6,178,12,105430
4662470,2015,xc,2015-10-14,5000,1497.5,4,12,106372
4662470,2015,xc,2015-10-21,5000,1491.5,67,12,105022
5837408,2015,xc,2015-09-03,5000,1612.8,58,11,105478
5837408,2015,xc,2015-09-09,5000,1811.1,58,11,106617
5837408,2015,xc,2015-09-12,5000,1621,28,11,104970
5837408,2015,xc,2015-09-16,5000,1621,48,11,106066
5837408,2015,xc,2015-09-30,5000,1535,20,11,105683
5837408,2015,xc,2015-10-03,5000,1518.6,60,11,104791
5837408,2015,xc,2015-10-09,5000,1490.6,211,11,105430
5837408,2015,xc,2015-10-14,5000,1514.8,5,11,106372
5837408,2015,xc,2015-10-21,5000,1526.9,76,11,105022
7859589,2015,xc,2015-09-03,5000,1237.1,11,10,105478
7859589,2015,xc,2015-09-12,5000,1244,3,10,104970
7859589,2015,xc,2015-09-16,5000,1232,11,10,106066
7859589,2015,xc,2015-09-30,5000,1244,5,10,105683
7859589,2015,xc,2015-10-03,5000,1220,34,10,104791
7859589,2015,xc,2015-10-09,5000,1164.7,42,10,105430
7859589,2015,xc,2015-10-14,5000,1267.5,3,10,106372
7859589,2015,xc,2015-10-21,5000,1198.6,13,10,105022
7859589,2015,xc,2015-10-31,5000,1210,52,10,103367
8623857,2015,xc,2015-09-03,5000,1633.7,70,12,105478
8623857,2015,xc,2015-09-09,5000,1727.3,44,12,106617
8623857,2015,xc,2015-09-12,3000,902,5,12,104970
8623857,2015,xc,2015-09-16,5000,1565,36,12,106066
8623857,2015,xc,2015-09-30,5000,1557,24,12,105683
8623857,2015,xc,2015-10-09,5000,1505.6,88,12,105430
8623857,2015,xc,2015-10-14,5000,1563.3,17,12,106372
8668789,2015,xc,2015-09-03,5000,1745.1,96,9,105478
8668789,2015,xc,2015-09-09,5000,1967.7,76,9,106617
8668789,2015,xc,2015-09-12,3000,896,4,9,104970
8668789,2015,xc,2015-09-16,5000,1568,37,9,106066
8668789,2015,xc,2015-09-30,5000,1525,18,9,105683
8668789,2015,xc,2015-10-03,5000,1541.6,71,9,104791
8668789,2015,xc,2015-10-09,5000,1537.5,232,9,105430
8668789,2015,xc,2015-10-14,5000,1522.5,8,9,106372
8668789,2015,xc,2015-10-21,5000,1499.8,33,9,105022
5837404,2015,xc,2015-09-03,5000,1399.3,59,11,105478
5837404,2015,xc,2015-09-09,5000,1421.9,17,11,106617
5837404,2015,xc,2015-09-12,5000,1332,14,11,104970
5837404,2015,xc,2015-09-16,5000,1292,22,11,106066
5837404,2015,xc,2015-09-30,5000,1306,13,11,105683
5837404,2015,xc,2015-10-03,5000,1327.9,98,11,104791
5837404,2015,xc,2015-10-09,5000,1267.3,138,11,105430
5837404,2015,xc,2015-10-14,5000,1287.1,6,11,106372
5837404,2015,xc,2015-10-21,5000,1307.5,46,11,105022
5837404,2015,xc,2015-10-31,5000,1304,115,11,103367
7305971,2015,xc,2015-09-09,5000,1734.3,45,10,106617
7305971,2015,xc,2015-09-12,5000,1575,14,10,104970
7305971,2015,xc,2015-09-16,5000,1523,25,10,106066
7305971,2015,xc,2015-09-30,5000,1506,12,10,105683
7305971,2015,xc,2015-10-03,5000,1499.6,60,10,104791
7305971,2015,xc,2015-10-09,5000,1504.8,221,10,105430
5837394,2015,xc,2015-09-03,5000,1608.1,57,11,105478
5837394,2015,xc,2015-09-09,5000,1688,36,11,106617
5837394,2015,xc,2015-09-12,5000,1583,17,11,104970
5837394,2015,xc,2015-09-16,5000,1534,31,11,106066
5837394,2015,xc,2015-09-30,5000,1483,9,11,105683
5837394,2015,xc,2015-10-03,5000,1526.9,63,11,104791
5837394,2015,xc,2015-10-09,5000,1482.2,204,11,105430
5837394,2015,xc,2015-10-21,5000,1517.5,74,11,105022
7305977,2015,xc,2015-09-03,5000,1387.8,2,10,105478
7305977,2015,xc,2015-09-09,5000,1337.3,10,10,106617
7305977,2015,xc,2015-09-12,5000,1283,7,10,104970
7305977,2015,xc,2015-09-16,5000,1226,8,10,106066
7305977,2015,xc,2015-10-03,5000,1250.9,47,10,104791
7305977,2015,xc,2015-10-09,5000,1214.9,88,10,105430
7305977,2015,xc,2015-10-14,5000,1267.6,4,10,106372
7305977,2015,xc,2015-10-21,5000,1233.8,24,10,105022
7305977,2015,xc,2015-10-31,5000,1241,79,10,103367
5837402,2015,xc,2015-09-03,5000,1624.2,62,11,105478
5837402,2015,xc,2015-09-09,5000,1725.8,43,11,106617
5837402,2015,xc,2015-09-12,5000,1605,24,11,104970
5837402,2015,xc,2015-09-16,5000,1562,35,11,106066
5837402,2015,xc,2015-09-30,5000,1596,29,11,105683
5837402,2015,xc,2015-10-03,5000,1531.2,67,11,104791
5837402,2015,xc,2015-10-09,5000,1482.3,205,11,105430
5837402,2015,xc,2015-10-14,5000,1535.9,11,11,106372
5837402,2015,xc,2015-10-21,5000,1499.5,71,11,105022
7305986,2015,xc,2015-09-09,5000,1690.5,38,11,106617
7305986,2015,xc,2015-09-12,3000,848,3,11,104970
7305986,2015,xc,2015-09-16,5000,1465,16,11,106066
7305986,2015,xc,2015-10-03,5000,1463.7,38,11,104791
7305986,2015,xc,2015-10-09,5000,1440.5,179,11,105430
7305986,2015,xc,2015-10-14,5000,1448,2,11,106372
7305986,2015,xc,2015-10-21,5000,1438.9,45,11,105022
8623858,2015,xc,2015-09-16,5000,1499,23,11,106066
8623858,2015,xc,2015-09-30,5000,1455,5,11,105683
8623858,2015,xc,2015-10-03,5000,1461.7,36,11,104791
8623858,2015,xc,2015-10-09,5000,1370.2,115,11,105430
8623858,2015,xc,2015-10-21,5000,1361.7,24,11,105022
9401646,2016,xc,2016-09-10,3000,864,19,12,114663
9401646,2016,xc,2016-09-14,5000,1573.8,33,12,116277
9401646,2016,xc,2016-09-20,5000,1435,51,12,119282
9401646,2016,xc,2016-09-23,5000,1523.7,244,12,116358
9401646,2016,xc,2016-09-28,5000,1551,101,12,118023
9401646,2016,xc,2016-10-07,5000,1475,252,12,118704
9401646,2016,xc,2016-10-12,5000,1508.9,64,12,117495
9401646,2016,xc,2016-10-26,5000,1526.6,127,12,117496
8623721,2016,xc,2016-09-23,5000,1104.2,24,10,116358
8623721,2016,xc,2016-09-28,5000,1078,20,10,118023
8623721,2016,xc,2016-10-12,5000,1051,1,10,117495
8623721,2016,xc,2016-10-26,5000,1103.4,14,10,117496
7859485,2016,xc,2016-09-01,5000,1113,45,11,113575
7859485,2016,xc,2016-09-10,5000,1055,31,11,114663
7859485,2016,xc,2016-09-14,5000,1062.5,7,11,116277
7859485,2016,xc,2016-09-20,5000,1045,11,11,119282
7859485,2016,xc,2016-09-23,5000,1025.2,39,11,116358
7859485,2016,xc,2016-09-28,5000,1066,15,11,118023
7859485,2016,xc,2016-10-07,5000,1093,46,11,118704
7859485,2016,xc,2016-10-12,5000,1049.7,17,11,117495
7859485,2016,xc,2016-10-26,5000,1156.4,53,11,117496
8623780,2016,xc,2016-09-01,5000,1108,44,10,113575
8623780,2016,xc,2016-09-10,5000,1038,23,10,114663
8623780,2016,xc,2016-09-14,5000,1059.7,6,10,116277
8623780,2016,xc,2016-09-20,5000,1049,12,10,119282
8623780,2016,xc,2016-09-23,5000,1029.6,42,10,116358
8623780,2016,xc,2016-09-28,5000,1077,19,10,118023
8623780,2016,xc,2016-10-07,5000,1113,54,10,118704
8623780,2016,xc,2016-10-12,5000,1060.8,26,10,117495
8623780,2016,xc,2016-10-26,5000,1078.1,6,10,117496
10388348,2016,xc,2016-09-01,5000,1356.1,152,10,113575
10388348,2016,xc,2016-09-10,5000,1350,74,10,114663
10388348,2016,xc,2016-09-14,5000,1371.2,27,10,116277
10388348,2016,xc,2016-09-20,5000,1229,23,10,119282
10388348,2016,xc,2016-09-23,5000,1269.6,160,10,116358
10388348,2016,xc,2016-09-28,5000,1248,34,10,118023
9399967,2016,xc,2016-09-01,5000,1098.3,40,10,113575
9399967,2016,xc,2016-09-14,5000,1067,10,10,116277
9399967,2016,xc,2016-09-20,5000,1018,7,10,119282
9399967,2016,xc,2016-09-23,5000,1015.7,31,10,116358
9399967,2016,xc,2016-09-28,5000,1048,7,10,118023
9399967,2016,xc,2016-10-07,5000,1127,58,10,118704
9399967,2016,xc,2016-10-12,5000,1000.5,5,10,117495
9399967,2016,xc,2016-10-26,5000,1030.2,14,10,117496
10388351,2016,xc,2016-09-01,3000,678.5,1,9,113575
10388351,2016,xc,2016-09-10,5000,1142,11,9,114663
10388351,2016,xc,2016-09-14,5000,1143.4,2,9,116277
10388351,2016,xc,2016-09-23,5000,1109.4,27,9,116358
10388351,2016,xc,2016-09-28,5000,1111,3,9,118023
10388351,2016,xc,2016-10-12,5000,1103.7,11,9,117495
10388351,2016,xc,2016-10-26,5000,1079,7,9,117496
7859477,2016,xc,2016-09-01,5000,1327.9,119,11,113575
7859477,2016,xc,2016-09-10,5000,1274,61,11,114663
7859477,2016,xc,2016-09-14,5000,1315,25,11,116277
7859477,2016,xc,2016-09-23,5000,1224.2,115,11,116358
7859477,2016,xc,2016-10-07,5000,1310,167,11,118704
7859477,2016,xc,2016-10-12,5000,1214.4,32,11,117495
7859477,2016,xc,2016-10-26,5000,1317,63,11,117496
8623809,2016,xc,2016-09-14,5000,1190,9,10,116277
8623809,2016,xc,2016-09-20,5000,1164,9,10,119282
8623809,2016,xc,2016-09-23,5000,1154.8,58,10,116358
7859466,2016,xc,2016-09-01,5000,1148.9,64,11,113575
7859466,2016,xc,2016-09-10,5000,1155,64,11,114663
7859466,2016,xc,2016-09-14,5000,1134.5,18,11,116277
7859466,2016,xc,2016-09-20,5000,1096,1,11,119282
7859466,2016,xc,2016-09-23,5000,1076.1,11,11,116358
7859466,2016,xc,2016-09-28,5000,1103,24,11,118023
7859466,2016,xc,2016-10-07,5000,1081,9,11,118704
7859466,2016,xc,2016-10-12,5000,1057.7,24,11,117495
7859466,2016,xc,2016-10-26,5000,1104.4,15,11,117496
10388352,2016,xc,2016-09-01,3000,754,11,9,113575
10388352,2016,xc,2016-09-10,5000,1240,50,9,114663
10388352,2016,xc,2016-09-14,5000,1310,23,9,116277
10388352,2016,xc,2016-09-20,5000,1260,26,9,119282
10388352,2016,xc,2016-09-23,5000,1208.7,104,9,116358
10388352,2016,xc,2016-09-28,5000,1268,42,9,118023
10388352,2016,xc,2016-10-07,5000,1271,142,9,118704
10388352,2016,xc,2016-10-12,5000,1194.8,28,9,117495
10388352,2016,xc,2016-10-26,5000,1206.5,7,9,117496
7859415,2016,xc,2016-09-01,5000,1253.5,51,12,113575
7859415,2016,xc,2016-09-10,5000,1208,34,12,114663
7859415,2016,xc,2016-09-14,5000,1239.5,15,12,116277
7859415,2016,xc,2016-09-20,5000,1200,18,12,119282
7859415,2016,xc,2016-09-23,5000,1192.2,86,12,116358
7859415,2016,xc,2016-09-28,5000,1261,39,12,118023
7859415,2016,xc,2016-10-07,5000,1249,125,12,118704
7859415,2016,xc,2016-10-12,5000,1185,26,12,117495
7859415,2016,xc,2016-10-26,5000,1233.8,15,12,117496
5837368,2016,xc,2016-09-01,5000,1187.1,29,12,113575
5837368,2016,xc,2016-09-14,5000,1130.4,1,12,116277
5837368,2016,xc,2016-09-20,5000,1083,17,12,119282
5837368,2016,xc,2016-09-23,5000,1098.3,22,12,116358
5837368,2016,xc,2016-09-28,5000,1101,1,12,118023
5837368,2016,xc,2016-10-07,5000,1090,14,12,118704
5837368,2016,xc,2016-10-12,5000,1079.5,28,12,117495
5837368,2016,xc,2016-10-26,5000,1080,8,12,117496
8681591,2016,xc,2016-09-01,5000,1391.8,179,11,113575
8681591,2016,xc,2016-09-10,5000,1310,68,11,114663
8681591,2016,xc,2016-09-14,5000,1427.7,29,11,116277
8681591,2016,xc,2016-09-20,5000,1356,40,11,119282
8681591,2016,xc,2016-09-23,5000,1359.1,213,11,116358
8681591,2016,xc,2016-09-28,5000,1452,90,11,118023
8681591,2016,xc,2016-10-07,5000,1414,234,11,118704
8681591,2016,xc,2016-10-26,5000,1399.7,106,11,117496
22452623,2016,xc,2016-09-10,5000,1147,14,9,114663
22452623,2016,xc,2016-09-14,5000,1166.5,6,9,116277
22452623,2016,xc,2016-09-20,5000,1131,4,9,119282
22452623,2016,xc,2016-09-23,5000,1092.8,19,9,116358
22452623,2016,xc,2016-09-28,5000,1183,13,9,118023
22452623,2016,xc,2016-10-07,5000,1134,49,9,118704
22452623,2016,xc,2016-10-12,5000,1092.9,9,9,117495
22452623,2016,xc,2016-10-26,5000,1131.5,34,9,117496
10595253,2016,xc,2016-09-23,5000,1262.9,155,12,116358
10595253,2016,xc,2016-09-28,5000,1398,84,12,118023
10595253,2016,xc,2016-10-07,5000,1264,138,12,118704
10595253,2016,xc,2016-10-12,5000,1311,51,12,117495
12496504,2016,xc,2016-09-01,5000,991.1,2,11,113575
12496504,2016,xc,2016-09-10,5000,943,2,11,114663
12496504,2016,xc,2016-09-14,5000,958.7,1,11,116277
12496504,2016,xc,2016-09-20,5000,940,1,11,119282
12496504,2016,xc,2016-09-23,5000,922.7,1,11,116358
12496504,2016,xc,2016-09-28,5000,961,1,11,118023
12496504,2016,xc,2016-10-07,5000,968,4,11,118704
12496504,2016,xc,2016-10-12,5000,925.8,1,11,117495
12496504,2016,xc,2016-10-26,5000,950.1,1,11,117496
12496504,2016,xc,2016-11-05,5000,947,8,11,117098
12496504,2016,xc,2016-11-12,5000,966.8,30,11,128454
10388357,2016,xc,2016-09-01,5000,1181.8,26,9,113575
10388357,2016,xc,2016-09-10,5000,1106,4,9,114663
10388357,2016,xc,2016-09-14,5000,1147.7,5,9,116277
10388357,2016,xc,2016-09-20,5000,1128,3,9,119282
10388357,2016,xc,2016-09-23,5000,1072.4,9,9,116358
10388357,2016,xc,2016-09-28,5000,1109,2,9,118023
10388357,2016,xc,2016-10-07,5000,1064,2,9,118704
10388357,2016,xc,2016-10-12,5000,1041.4,12,9,117495
10388357,2016,xc,2016-10-26,5000,1063.6,35,9,117496
7433602,2016,xc,2016-09-01,5000,1331.6,124,11,113575
7433602,2016,xc,2016-09-10,5000,1215,35,11,114663
7433602,2016,xc,2016-09-14,5000,1198.5,12,11,116277
7433602,2016,xc,2016-09-20,5000,1150,8,11,119282
7433602,2016,xc,2016-09-23,5000,1108.1,26,11,116358
7433602,2016,xc,2016-09-28,5000,1177,12,11,118023
7433602,2016,xc,2016-10-07,5000,1123,41,11,118704
7433602,2016,xc,2016-10-12,5000,1091.1,7,11,117495
7433602,2016,xc,2016-10-26,5000,1170,68,11,117496
7311717,2016,xc,2016-09-01,5000,1350,143,11,113575
7311717,2016,xc,2016-09-10,5000,1272,60,11,114663
7311717,2016,xc,2016-09-14,5000,1285,20,11,116277
7311717,2016,xc,2016-09-20,5000,1285,29,11,119282
7311717,2016,xc,2016-09-23,5000,1226.2,118,11,116358
7311717,2016,xc,2016-09-28,5000,1362,77,11,118023
7311717,2016,xc,2016-10-07,5000,1268,141,11,118704
7311717,2016,xc,2016-10-12,5000,1233.9,40,11,117495
7311717,2016,xc,2016-10-26,5000,1284.4,42,11,117496
7324265,2016,xc,2016-09-01,5000,1276.1,75,11,113575
6424989,2016,xc,2016-09-01,5000,1088.3,31,12,113575
6424989,2016,xc,2016-09-10,5000,1029,20,12,114663
6424989,2016,xc,2016-09-14,5000,1044.1,4,12,116277
6424989,2016,xc,2016-09-20,5000,1014,6,12,119282
6424989,2016,xc,2016-09-23,5000,1014.3,30,12,116358
6424989,2016,xc,2016-09-28,5000,1051,8,12,118023
6424989,2016,xc,2016-10-07,5000,1041,20,12,118704
6424989,2016,xc,2016-10-12,5000,1023.7,8,12,117495
6424989,2016,xc,2016-10-26,5000,1100.7,49,12,117496
10529662,2016,xc,2016-09-10,3000,887,22,12,114663
10529662,2016,xc,2016-09-14,5000,1468.8,30,12,116277
10529662,2016,xc,2016-09-20,5000,1419,49,12,119282
10529662,2016,xc,2016-09-23,5000,1509.9,243,12,116358
10529662,2016,xc,2016-09-28,5000,1505,96,12,118023
10529662,2016,xc,2016-10-07,5000,1422,237,12,118704
10529662,2016,xc,2016-10-12,5000,1360.4,57,12,117495
10529662,2016,xc,2016-10-26,5000,1558.8,132,12,117496
8623843,2016,xc,2016-09-01,5000,1171.3,77,10,113575
8623843,2016,xc,2016-09-10,5000,1224,77,10,114663
8623843,2016,xc,2016-09-14,5000,1261,17,10,116277
8623843,2016,xc,2016-10-07,5000,1149,56,10,118704
8623843,2016,xc,2016-10-12,5000,1226.6,38,10,117495
8623843,2016,xc,2016-10-26,5000,1212.9,92,10,117496
5837391,2016,xc,2016-09-01,5000,1179,24,12,113575
5837391,2016,xc,2016-09-14,5000,1234.8,14,12,116277
5837391,2016,xc,2016-09-20,5000,1145,7,12,119282
5837391,2016,xc,2016-10-07,5000,1154,62,12,118704
5837391,2016,xc,2016-10-12,5000,1150.3,19,12,117495
5837391,2016,xc,2016-10-26,5000,1148,51,12,117496
10388362,2016,xc,2016-09-01,3000,771.9,19,9,113575
10388362,2016,xc,2016-09-10,5000,1385,79,9,114663
10388362,2016,xc,2016-09-20,5000,1381,44,9,119282
10388362,2016,xc,2016-09-23,5000,1322.5,196,9,116358
10388362,2016,xc,2016-09-28,5000,1432,88,9,118023
10388362,2016,xc,2016-10-07,5000,1325,181,9,118704
10388362,2016,xc,2016-10-12,5000,1321,53,9,117495
10388362,2016,xc,2016-10-26,5000,1321.2,65,9,117496
10208896,2016,xc,2016-09-01,5000,1037.1,11,9,113575
10208896,2016,xc,2016-09-10,5000,999,7,9,114663
10208896,2016,xc,2016-09-20,5000,986,2,9,119282
10208896,2016,xc,2016-09-23,5000,966,7,9,116358
10208896,2016,xc,2016-09-28,5000,1005,3,9,118023
10208896,2016,xc,2016-10-07,5000,995,8,9,118704
10208896,2016,xc,2016-10-12,5000,969.2,2,9,117495
10208896,2016,xc,2016-10-26,5000,990.7,2,9,117496
9400021,2016,xc,2016-09-01,5000,1170,21,10,113575
9400021,2016,xc,2016-09-10,5000,1098,2,10,114663
9400021,2016,xc,2016-09-14,5000,1134.4,17,10,116277
9400021,2016,xc,2016-09-20,5000,1103,19,10,119282
9400021,2016,xc,2016-09-23,5000,1062.3,3,10,116358
9400021,2016,xc,2016-09-28,5000,1151,31,10,118023
9400021,2016,xc,2016-10-07,5000,1107,26,10,118704
9400021,2016,xc,2016-10-12,5000,1059.4,3,10,117495
9400021,2016,xc,2016-10-26,5000,1107.6,17,10,117496
8623845,2016,xc,2016-09-01,5000,1318.9,111,11,113575
8623845,2016,xc,2016-09-10,5000,1247,52,11,114663
8623845,2016,xc,2016-09-14,5000,1300.1,22,11,116277
8623845,2016,xc,2016-09-20,5000,1250,25,11,119282
8623845,2016,xc,2016-09-23,5000,1229.1,122,11,116358
8623845,2016,xc,2016-09-28,5000,1242,29,11,118023
8623845,2016,xc,2016-10-07,5000,1201,86,11,118704
8623845,2016,xc,2016-10-12,5000,1183.3,25,11,117495
8623845,2016,xc,2016-10-26,5000,1204.5,6,11,117496
8623846,2016,xc,2016-09-01,5000,1340,134,11,113575
8623846,2016,xc,2016-09-10,5000,1327,71,11,114663
8623846,2016,xc,2016-09-14,5000,1283.2,19,11,116277
8623846,2016,xc,2016-09-20,5000,1286,30,11,119282
8623846,2016,xc,2016-09-23,5000,1278.8,166,11,116358
8623846,2016,xc,2016-09-28,5000,1321,64,11,118023
8623846,2016,xc,2016-10-07,5000,1306,165,11,118704
8623846,2016,xc,2016-10-26,5000,1297.7,49,11,117496
7859447,2016,xc,2016-09-10,5000,1130,58,11,114663
7859447,2016,xc,2016-09-14,5000,1111.7,15,11,116277
7859447,2016,xc,2016-09-20,5000,1071,16,11,119282
7859447,2016,xc,2016-09-23,5000,1066.5,68,11,116358
7859447,2016,xc,2016-09-28,5000,1105,25,11,118023
7859447,2016,xc,2016-10-07,5000,1075,5,11,118704
7859447,2016,xc,2016-10-12,5000,1043.7,14,11,117495
7859447,2016,xc,2016-10-26,5000,1081.2,9,11,117496
10388368,2016,xc,2016-09-01,5000,1142.8,14,11,113575
10388368,2016,xc,2016-09-10,5000,1075,39,11,114663
10388368,2016,xc,2016-09-14,5000,1105.2,14,11,116277
10388368,2016,xc,2016-09-20,5000,1066,15,11,119282
10388368,2016,xc,2016-09-23,5000,1049.1,55,11,116358
10388368,2016,xc,2016-09-28,5000,1072,18,11,118023
10388368,2016,xc,2016-10-07,5000,1075,6,11,118704
10388368,2016,xc,2016-10-12,5000,1063.2,27,11,117495
10388368,2016,xc,2016-10-26,5000,1118.9,25,11,117496
10388369,2016,xc,2016-09-01,3000,794.1,32,9,113575
10388369,2016,xc,2016-09-14,5000,1473.4,31,9,116277
10454028,2016,xc,2016-09-01,5000,1274.3,73,9,113575
10454028,2016,xc,2016-09-10,5000,1237,46,9,114663
10454028,2016,xc,2016-09-14,5000,1246.8,16,9,116277
10454028,2016,xc,2016-09-20,5000,1165,10,9,119282
10454028,2016,xc,2016-09-23,5000,1155.8,59,9,116358
10454028,2016,xc,2016-09-28,5000,1228,25,9,118023
10454028,2016,xc,2016-10-07,5000,1211,99,9,118704
10454028,2016,xc,2016-10-12,5000,1140.4,16,9,117495
10454028,2016,xc,2016-10-26,5000,1161.1,61,9,117496
10388372,2016,xc,2016-09-01,3000,809.9,42,11,113575
10388372,2016,xc,2016-09-10,5000,1346,73,11,114663
10388372,2016,xc,2016-09-14,5000,1394.8,28,11,116277
10388372,2016,xc,2016-09-20,5000,1303,32,11,119282
10388372,2016,xc,2016-09-28,5000,1338,71,11,118023
10388372,2016,xc,2016-10-07,5000,1311,168,11,118704
10388372,2016,xc,2016-10-12,5000,1250.2,44,11,117495
10388372,2016,xc,2016-10-26,5000,1319,64,11,117496
10388376,2016,xc,2016-09-01,5000,1259.7,60,9,113575
10388376,2016,xc,2016-09-10,5000,1163,22,9,114663
10388376,2016,xc,2016-09-14,5000,1167.1,7,9,116277
10388376,2016,xc,2016-09-20,5000,1174,13,9,119282
10388376,2016,xc,2016-09-23,5000,1128.2,36,9,116358
10388376,2016,xc,2016-09-28,5000,1153,8,9,118023
10388376,2016,xc,2016-10-07,5000,1119,37,9,118704
10388376,2016,xc,2016-10-12,5000,1075.2,5,9,117495
10388376,2016,xc,2016-10-26,5000,1108.9,19,9,117496
10388379,2016,xc,2016-09-01,3000,777.7,22,9,113575
10388379,2016,xc,2016-09-10,5000,1258,56,9,114663
10388379,2016,xc,2016-09-14,5000,1312.8,24,9,116277
10388379,2016,xc,2016-09-20,5000,1265,27,9,119282
10388379,2016,xc,2016-09-28,5000,1281,47,9,118023
10388379,2016,xc,2016-10-07,5000,1244,121,9,118704
10388379,2016,xc,2016-10-12,5000,1222.3,36,9,117495
10388379,2016,xc,2016-10-26,5000,1244.2,24,9,117496
10388381,2016,xc,2016-09-14,5000,1577.6,35,9,116277
7324256,2016,xc,2016-09-01,5000,1426.6,208,11,113575
7324256,2016,xc,2016-09-10,5000,1409,86,11,114663
7324256,2016,xc,2016-09-14,5000,1477.5,32,11,116277
7324256,2016,xc,2016-09-20,5000,1337,37,11,119282
7324256,2016,xc,2016-09-23,5000,1304.3,186,11,116358
7324256,2016,xc,2016-09-28,5000,1365,79,11,118023
7324256,2016,xc,2016-10-12,5000,1311.7,52,11,117495
7324256,2016,xc,2016-10-26,5000,1322.6,69,11,117496
5837378,2016,xc,2016-09-10,5000,1077,42,12,114663
5837378,2016,xc,2016-09-14,5000,1095.9,12,12,116277
5837378,2016,xc,2016-09-20,5000,1065,14,12,119282
5837378,2016,xc,2016-09-23,5000,1040.1,50,12,116358
5837378,2016,xc,2016-09-28,5000,1060,11,12,118023
5837378,2016,xc,2016-10-07,5000,1089,45,12,118704
5837378,2016,xc,2016-10-12,5000,1044.5,16,12,117495
5837378,2016,xc,2016-10-26,5000,1061,33,12,117496
10392302,2016,xc,2016-09-01,3000,1115.7,183,10,113575
10543624,2016,xc,2016-09-14,5000,1580.9,48,11,116277
10543624,2016,xc,2016-09-20,5000,1461,6,11,119282
10543624,2016,xc,2016-09-23,5000,1407,24,11,116358
10543624,2016,xc,2016-09-28,5000,1417,2,11,118023
10543624,2016,xc,2016-10-07,5000,1429.9,41,11,118704
10543624,2016,xc,2016-10-12,5000,1383.2,5,11,117495
10543624,2016,xc,2016-10-26,5000,1413.2,40,11,117496
7305962,2016,xc,2016-09-01,5000,1420.9,73,11,113575
7305962,2016,xc,2016-09-10,5000,1367,26,11,114663
7305962,2016,xc,2016-09-14,5000,1389.8,12,11,116277
7305962,2016,xc,2016-09-20,5000,1320,17,11,119282
7305962,2016,xc,2016-09-23,5000,1272.7,49,11,116358
7305962,2016,xc,2016-09-28,5000,1311,22,11,118023
7305962,2016,xc,2016-10-07,5000,1298,46,11,118704
7305962,2016,xc,2016-10-12,5000,1255.1,12,11,117495
7305962,2016,xc,2016-10-26,5000,1315.8,13,11,117496
7859608,2016,xc,2016-09-01,5000,1720.9,129,11,113575
7859608,2016,xc,2016-09-10,5000,1620,43,11,114663
7859608,2016,xc,2016-09-14,5000,1620.3,58,11,116277
7859608,2016,xc,2016-09-28,5000,1699,34,11,118023
7859608,2016,xc,2016-10-07,5000,1618.4,129,11,118704
7859608,2016,xc,2016-10-12,5000,1555.5,40,11,117495
7859608,2016,xc,2016-10-26,5000,1684.3,83,11,117496
5837399,2016,xc,2016-09-01,5000,1401.5,12,12,113575
5837399,2016,xc,2016-09-10,5000,1333,19,12,114663
5837399,2016,xc,2016-09-14,5000,1333.6,4,12,116277
5837399,2016,xc,2016-09-20,5000,1279,15,12,119282
5837399,2016,xc,2016-09-23,5000,1280.7,52,12,116358
5837399,2016,xc,2016-10-01,5000,1313.5,105,12,117989
5837399,2016,xc,2016-10-07,5000,1309.7,12,12,118704
5837399,2016,xc,2016-10-12,5000,1251.5,11,12,117495
5837399,2016,xc,2016-10-26,5000,1278.4,41,12,117496
5837399,2016,xc,2016-11-05,5000,1290,114,12,117098
5837399,2016,xc,2016-11-12,5000,1337.6,175,12,128454
10392304,2016,xc,2016-09-01,3000,977.9,131,9,113575
10392304,2016,xc,2016-09-10,3000,897,8,9,114663
10392304,2016,xc,2016-09-14,5000,1801.1,80,9,116277
10392304,2016,xc,2016-09-20,5000,1618,21,9,119282
10392304,2016,xc,2016-09-23,5000,1582.4,114,9,116358
10392304,2016,xc,2016-09-28,5000,1657,30,9,118023
10392304,2016,xc,2016-10-12,5000,1541.4,34,9,117495
10392304,2016,xc,2016-10-26,5000,1583.6,45,9,117496
7305964,2016,xc,2016-09-01,5000,1758.3,137,12,113575
7305964,2016,xc,2016-09-10,5000,1610,42,12,114663
7305964,2016,xc,2016-09-14,5000,1625,59,12,116277
7305964,2016,xc,2016-09-20,5000,1567,20,12,119282
7305964,2016,xc,2016-09-23,5000,1542.3,91,12,116358
7305964,2016,xc,2016-09-28,5000,1558,22,12,118023
7305964,2016,xc,2016-10-07,5000,1574.5,110,12,118704
7305964,2016,xc,2016-10-26,5000,1541.1,21,12,117496
8738753,2016,xc,2016-09-01,5000,1594.1,68,10,113575
8738753,2016,xc,2016-09-10,5000,1590,40,10,114663
8738753,2016,xc,2016-09-14,5000,1614.2,56,10,116277
8738753,2016,xc,2016-09-20,5000,1562,18,10,119282
8738753,2016,xc,2016-09-23,5000,1493.3,62,10,116358
8738753,2016,xc,2016-09-28,5000,1520,14,10,118023
8738753,2016,xc,2016-10-07,5000,1462.2,55,10,118704
8738753,2016,xc,2016-10-26,5000,1458.7,5,10,117496
10428659,2016,xc,2016-09-01,5000,1743.4,133,9,113575
10428659,2016,xc,2016-09-14,5000,1548.1,38,9,116277
10428659,2016,xc,2016-09-23,5000,1547.2,94,9,116358
10428659,2016,xc,2016-09-28,5000,1534,19,9,118023
10428659,2016,xc,2016-10-07,5000,1570.2,108,9,118704
10428659,2016,xc,2016-10-26,5000,1432.8,1,9,117496
10392305,2016,xc,2016-09-01,5000,1568,58,9,113575
10392305,2016,xc,2016-09-10,5000,1724,54,9,114663
10392305,2016,xc,2016-09-14,5000,1712.6,65,9,116277
10392305,2016,xc,2016-09-20,5000,1527,15,9,119282
10392305,2016,xc,2016-09-23,5000,1591.1,119,9,116358
10392305,2016,xc,2016-09-28,5000,1531,18,9,118023
10392305,2016,xc,2016-10-07,5000,1489.5,72,9,118704
10392305,2016,xc,2016-10-12,5000,1435.9,12,9,117495
10392305,2016,xc,2016-10-26,5000,1448.8,52,9,117496
8623853,2016,xc,2016-09-01,5000,1218.9,14,10,113575
8623853,2016,xc,2016-09-10,5000,1187,2,10,114663
8623853,2016,xc,2016-09-14,5000,1218.5,6,10,116277
8623853,2016,xc,2016-09-20,5000,1173,2,10,119282
8623853,2016,xc,2016-09-23,5000,1155.8,6,10,116358
8623853,2016,xc,2016-09-28,5000,1170,3,10,118023
8623853,2016,xc,2016-10-01,5000,1135.8,7,10,117989
8623853,2016,xc,2016-10-07,5000,1158,10,10,118704
8623853,2016,xc,2016-10-12,5000,1140.3,2,10,117495
8623853,2016,xc,2016-10-26,5000,1158.7,5,10,117496
8623853,2016,xc,2016-11-05,5000,1146,19,10,117098
8623853,2016,xc,2016-11-12,5000,1212.9,109,10,128454
7859565,2016,xc,2016-09-01,5000,1278,22,12,113575
7859565,2016,xc,2016-09-10,5000,1242,8,12,114663
7859565,2016,xc,2016-09-14,5000,1247.8,10,12,116277
7859565,2016,xc,2016-09-20,5000,1223,4,12,119282
7859565,2016,xc,2016-09-23,5000,1228.5,30,12,116358
7859565,2016,xc,2016-09-28,5000,1238,12,12,118023
7859565,2016,xc,2016-10-01,5000,1224.2,47,12,117989
7859565,2016,xc,2016-10-07,5000,1227,25,12,118704
7859565,2016,xc,2016-10-12,5000,1199.6,5,12,117495
7859565,2016,xc,2016-10-26,5000,1223.1,21,12,117496
7859565,2016,xc,2016-11-05,5000,1205,64,12,117098
7859565,2016,xc,2016-11-12,5000,1278.9,158,12,128454
5837393,2016,xc,2016-09-01,5000,1140.7,2,12,113575
5837393,2016,xc,2016-09-10,5000,1119,1,12,114663
5837393,2016,xc,2016-09-14,5000,1119.4,2,12,116277
5837393,2016,xc,2016-09-20,5000,1096,1,12,119282
5837393,2016,xc,2016-09-23,5000,1076.7,2,12,116358
5837393,2016,xc,2016-09-28,5000,1138,1,12,118023
5837393,2016,xc,2016-10-01,5000,1082.3,1,12,117989
5837393,2016,xc,2016-10-07,5000,1103,3,12,118704
5837393,2016,xc,2016-10-12,5000,1093.3,1,12,117495
5837393,2016,xc,2016-10-26,5000,1123.3,2,12,117496
5837393,2016,xc,2016-11-05,5000,1116,9,12,117098
5837393,2016,xc,2016-11-12,5000,1142.6,46,12,128454
10419058,2016,xc,2016-09-01,3000,941.5,113,9,113575
10419058,2016,xc,2016-09-10,3000,918,11,9,114663
10419058,2016,xc,2016-09-20,5000,1633,23,9,119282
10419058,2016,xc,2016-09-23,5000,1576.5,111,9,116358
10419058,2016,xc,2016-09-28,5000,1658,31,9,118023
10419058,2016,xc,2016-10-07,5000,1549.1,95,9,118704
10419058,2016,xc,2016-10-12,5000,1502.4,25,9,117495
10419058,2016,xc,2016-10-26,5000,1587.3,48,9,117496
7305968,2016,xc,2016-09-14,5000,1589.4,51,12,116277
7305968,2016,xc,2016-09-20,5000,1522,13,12,119282
7305968,2016,xc,2016-09-23,5000,1486.3,57,12,116358
7305968,2016,xc,2016-09-28,5000,1525,17,12,118023
7305968,2016,xc,2016-10-07,5000,1508.1,80,12,118704
7305968,2016,xc,2016-10-12,5000,1469.2,18,12,117495
7305968,2016,xc,2016-10-26,5000,1480.3,8,12,117496
8623856,2016,xc,2016-09-10,3000,990,19,10,114663
10555986,2016,xc,2016-09-10,5000,1460,13,9,114663
5837408,2016,xc,2016-09-01,5000,1618.3,90,12,113575
5837408,2016,xc,2016-09-10,5000,1560,37,12,114663
5837408,2016,xc,2016-09-14,5000,1615.6,57,12,116277
5837408,2016,xc,2016-09-20,5000,1563,19,12,119282
5837408,2016,xc,2016-09-23,5000,1536.9,88,12,116358
5837408,2016,xc,2016-09-28,5000,1543,21,12,118023
5837408,2016,xc,2016-10-07,5000,1538.5,90,12,118704
5837408,2016,xc,2016-10-26,5000,1531.6,17,12,117496
7859589,2016,xc,2016-09-01,5000,1250.8,18,11,113575
7859589,2016,xc,2016-09-10,5000,1205,4,11,114663
7859589,2016,xc,2016-09-14,5000,1218.2,5,11,116277
7859589,2016,xc,2016-09-20,5000,1193,3,11,119282
7859589,2016,xc,2016-09-23,5000,1177.4,9,11,116358
7859589,2016,xc,2016-09-28,5000,1204,8,11,118023
7859589,2016,xc,2016-10-01,5000,1163.9,12,11,117989
7859589,2016,xc,2016-10-07,5000,1210,17,11,118704
7859589,2016,xc,2016-10-12,5000,1178.1,3,11,117495
7859589,2016,xc,2016-10-26,5000,1191.3,12,11,117496
7859589,2016,xc,2016-11-05,5000,1196,55,11,117098
7859589,2016,xc,2016-11-12,5000,1238.8,136,11,128454
10428665,2016,xc,2016-09-01,5000,1383.5,9,12,113575
10428665,2016,xc,2016-09-14,5000,1379.2,9,12,116277
10428665,2016,xc,2016-09-20,5000,1277,13,12,119282
10428665,2016,xc,2016-09-23,5000,1253.3,40,12,116358
10428665,2016,xc,2016-09-28,5000,1304,20,12,118023
10428665,2016,xc,2016-10-07,5000,1270,36,12,118704
10428665,2016,xc,2016-10-26,5000,1277.3,7,12,117496
8668789,2016,xc,2016-09-01,3000,998,141,10,113575
8668789,2016,xc,2016-09-10,3000,967,17,10,114663
8668789,2016,xc,2016-09-14,5000,1752.7,71,10,116277
8668789,2016,xc,2016-09-20,5000,1647,24,10,119282
8668789,2016,xc,2016-09-23,5000,1606.2,131,10,116358
8668789,2016,xc,2016-09-28,5000,1725,37,10,118023
8668789,2016,xc,2016-10-07,5000,1600.2,124,10,118704
8668789,2016,xc,2016-10-12,5000,1548.8,37,10,117495
8668789,2016,xc,2016-10-26,5000,1592.9,50,10,117496
5837404,2016,xc,2016-09-01,5000,1260.8,20,12,113575
5837404,2016,xc,2016-09-10,5000,1251,9,12,114663
5837404,2016,xc,2016-09-14,5000,1232,7,12,116277
5837404,2016,xc,2016-09-20,5000,1240,8,12,119282
5837404,2016,xc,2016-09-23,5000,1243.3,36,12,116358
5837404,2016,xc,2016-09-28,5000,1288,18,12,118023
5837404,2016,xc,2016-10-01,5000,1244.1,61,12,117989
5837404,2016,xc,2016-10-07,5000,1270,37,12,118704
5837404,2016,xc,2016-10-12,5000,1233.6,10,12,117495
5837404,2016,xc,2016-10-26,5000,1296.1,43,12,117496
5837404,2016,xc,2016-11-05,5000,1340,129,12,117098
5837404,2016,xc,2016-11-12,5000,1419.6,185,12,128454
10428667,2016,xc,2016-09-01,5000,1563.2,55,10,113575
10428667,2016,xc,2016-09-14,5000,1517.1,30,10,116277
10428667,2016,xc,2016-09-20,5000,1472,8,10,119282
10428667,2016,xc,2016-09-23,5000,1416.6,28,10,116358
10428667,2016,xc,2016-10-12,5000,1478,21,10,117495
10428667,2016,xc,2016-10-26,5000,1440.5,48,10,117496
7305971,2016,xc,2016-09-01,5000,1572.4,61,11,113575
7305971,2016,xc,2016-09-10,5000,1493,28,11,114663
7305971,2016,xc,2016-09-14,5000,1543,37,11,116277
7305971,2016,xc,2016-09-20,5000,1432,5,11,119282
7305971,2016,xc,2016-09-23,5000,1453,38,11,116358
7305971,2016,xc,2016-09-28,5000,1491,9,11,118023
7305971,2016,xc,2016-10-07,5000,1459.9,52,11,118704
7305971,2016,xc,2016-10-12,5000,1478.4,22,11,117495
10392308,2016,xc,2016-09-01,3000,891.1,89,9,113575
10392308,2016,xc,2016-09-10,5000,1462,14,9,114663
10392308,2016,xc,2016-09-14,5000,1557.4,43,9,116277
10392308,2016,xc,2016-09-20,5000,1499,11,9,119282
10392308,2016,xc,2016-09-23,5000,1448.7,37,9,116358
10392308,2016,xc,2016-09-28,5000,1492,10,9,118023
10392308,2016,xc,2016-10-07,5000,1455.1,49,9,118704
10392308,2016,xc,2016-10-12,5000,1408.8,7,9,117495
10392308,2016,xc,2016-10-26,5000,1437.7,46,9,117496
9372720,2016,xc,2016-09-01,5000,1561.3,53,10,113575
9372720,2016,xc,2016-09-10,5000,1473,19,10,114663
9372720,2016,xc,2016-09-14,5000,1541.9,36,10,116277
6424997,2016,xc,2016-09-01,3000,1065.4,163,12,113575
6424997,2016,xc,2016-09-14,5000,1776.9,78,12,116277
6424997,2016,xc,2016-09-20,5000,1768,31,12,119282
6424997,2016,xc,2016-09-23,5000,1688.6,151,12,116358
6424997,2016,xc,2016-09-28,5000,1779,41,12,118023
6424997,2016,xc,2016-10-07,5000,1772.4,162,12,118704
6424997,2016,xc,2016-10-26,5000,1822.7,115,12,117496
10392310,2016,xc,2016-09-01,3000,901.3,93,9,113575
10392310,2016,xc,2016-09-10,5000,1479,20,9,114663
10392310,2016,xc,2016-09-14,5000,1574,45,9,116277
10392310,2016,xc,2016-09-20,5000,1481,9,9,119282
10392310,2016,xc,2016-09-23,5000,1426.2,32,9,116358
10392310,2016,xc,2016-09-28,5000,1456,6,9,118023
10392310,2016,xc,2016-10-07,5000,1449.6,47,9,118704
10392310,2016,xc,2016-10-12,5000,1377.7,4,9,117495
10392310,2016,xc,2016-10-26,5000,1425.9,44,9,117496
10428672,2016,xc,2016-09-01,3000,878,79,10,113575
10428672,2016,xc,2016-09-10,5000,1409,7,10,114663
10428672,2016,xc,2016-09-14,5000,1411.7,18,10,116277
10428672,2016,xc,2016-09-20,5000,1349,19,10,119282
10428672,2016,xc,2016-09-23,5000,1360,14,10,116358
10428672,2016,xc,2016-09-28,5000,1373,27,10,118023
10428672,2016,xc,2016-10-07,5000,1356.6,20,10,118704
10428672,2016,xc,2016-10-12,5000,1304.1,1,10,117495
10428672,2016,xc,2016-10-26,5000,1330.4,16,10,117496
10419059,2016,xc,2016-09-01,5000,1318.3,39,10,113575
10419059,2016,xc,2016-09-10,5000,1354,23,10,114663
10419059,2016,xc,2016-09-14,5000,1387.9,11,10,116277
10419059,2016,xc,2016-09-23,5000,1309.8,2,10,116358
10419059,2016,xc,2016-10-01,5000,1273.5,81,10,117989
10419059,2016,xc,2016-10-07,5000,1289.7,9,10,118704
10419059,2016,xc,2016-10-12,5000,1213.3,7,10,117495
10419059,2016,xc,2016-10-26,5000,1243.6,30,10,117496
10419059,2016,xc,2016-11-05,5000,1295,115,10,117098
10419059,2016,xc,2016-11-12,5000,1322.6,171,10,128454
7305977,2016,xc,2016-09-01,5000,1456.3,16,11,113575
7305977,2016,xc,2016-09-10,5000,1341,2,11,114663
7305977,2016,xc,2016-09-14,5000,1442.4,20,11,116277
7305977,2016,xc,2016-09-20,5000,1362,21,11,119282
7305977,2016,xc,2016-09-23,5000,1325.3,6,11,116358
7305977,2016,xc,2016-10-07,5000,1328.1,16,11,118704
7305977,2016,xc,2016-10-26,5000,1347.9,22,11,117496
7305986,2016,xc,2016-09-01,5000,1547.9,48,12,113575
7305986,2016,xc,2016-09-14,5000,1550.8,39,12,116277
7305986,2016,xc,2016-10-07,5000,1469.4,58,12,118704
7305986,2016,xc,2016-10-26,5000,1438.1,2,12,117496
8623858,2016,xc,2016-09-01,5000,1428.4,76,12,113575
8623858,2016,xc,2016-09-10,5000,1354,22,12,114663
8623858,2016,xc,2016-09-14,5000,1382.1,10,12,116277
8623858,2016,xc,2016-09-20,5000,1346,18,12,119282
8623858,2016,xc,2016-09-23,5000,1358.6,82,12,116358
8623858,2016,xc,2016-09-28,5000,1361,26,12,118023
8623858,2016,xc,2016-10-07,5000,1316.6,14,12,118704
8623858,2016,xc,2016-10-12,5000,1298.2,17,12,117495
8623858,2016,xc,2016-10-26,5000,1344.9,19,12,117496
8623721,2017,xc,2017-08-31,5000,1098.3,45,11,128452
8623721,2017,xc,2017-09-09,5000,1031,6,11,124961
8623721,2017,xc,2017-09-13,5000,1022,6,11,130158
8623721,2017,xc,2017-09-20,5000,1031.9,11,11,131904
8623721,2017,xc,2017-09-23,5000,1089.2,193,11,130501
8623721,2017,xc,2017-09-27,5000,1061.8,2,11,131015
8623721,2017,xc,2017-10-11,5000,1045,19,11,130159
8623721,2017,xc,2017-10-14,5000,1027.4,74,11,132204
8623721,2017,xc,2017-10-25,5000,1062.5,36,11,127084
12939322,2017,xc,2017-08-31,3000,697.9,5,9,128452
12939322,2017,xc,2017-09-09,5000,1216,28,9,124961
12939322,2017,xc,2017-09-13,5000,1183,11,9,130158
12939322,2017,xc,2017-09-20,5000,1186.9,23,9,131904
12939322,2017,xc,2017-09-22,5000,1173.1,120,9,127020
12939322,2017,xc,2017-09-27,5000,1261.8,25,9,131015
12939322,2017,xc,2017-10-11,5000,1158,19,9,130159
12939322,2017,xc,2017-10-14,5000,1137.6,92,9,132204
12939322,2017,xc,2017-10-25,5000,1154.6,52,9,127084
7859485,2017,xc,2017-08-31,5000,1092.8,38,12,128452
7859485,2017,xc,2017-09-09,5000,1075,24,12,124961
7859485,2017,xc,2017-09-13,5000,1050,12,12,130158
7859485,2017,xc,2017-09-20,5000,1066.4,16,12,131904
7859485,2017,xc,2017-09-23,5000,1134,207,12,130501
7859485,2017,xc,2017-09-27,5000,1077.5,3,12,131015
7859485,2017,xc,2017-10-11,5000,1036,15,12,130159
7859485,2017,xc,2017-10-14,5000,1070.9,18,12,132204
7859485,2017,xc,2017-10-25,5000,1059.5,33,12,127084
7859485,2017,xc,2017-11-04,5000,1081,125,12,129676
9399967,2017,xc,2017-09-09,5000,1128,3,11,124961
9399967,2017,xc,2017-09-13,5000,1134,24,11,130158
9399967,2017,xc,2017-09-20,5000,1112.2,1,11,131904
9399967,2017,xc,2017-09-23,5000,1084,18,11,130501
7859477,2017,xc,2017-08-31,3000,789.2,30,12,128452
7859477,2017,xc,2017-09-09,5000,1402,97,12,124961
7859477,2017,xc,2017-09-13,5000,1379,62,12,130158
7859477,2017,xc,2017-09-20,5000,1285.5,43,12,131904
7859477,2017,xc,2017-09-27,5000,1394.1,38,12,131015
7859477,2017,xc,2017-10-11,5000,1286,60,12,130159
7859477,2017,xc,2017-10-14,5000,1299.4,225,12,132204
7859477,2017,xc,2017-10-25,5000,1259.1,23,12,127084
10584051,2017,xc,2017-09-27,5000,1475.6,43,9,131015
10584051,2017,xc,2017-10-11,5000,1319,66,9,130159
10584051,2017,xc,2017-10-14,5000,1314.8,234,9,132204
10584051,2017,xc,2017-10-25,5000,1325.6,56,9,127084
12939318,2017,xc,2017-08-31,3000,834.7,57,9,128452
12939318,2017,xc,2017-09-09,3000,788,20,9,124961
12939318,2017,xc,2017-09-13,5000,1334,55,9,130158
12939318,2017,xc,2017-09-20,5000,1388.6,60,9,131904
12939318,2017,xc,2017-09-22,5000,1313.2,316,9,127020
12939318,2017,xc,2017-09-27,5000,1527.2,46,9,131015
12939318,2017,xc,2017-10-11,5000,1348,75,9,130159
12939318,2017,xc,2017-10-14,5000,1308.8,230,9,132204
12939318,2017,xc,2017-10-25,5000,1287.1,38,9,127084
7859466,2017,xc,2017-08-31,5000,1167.9,15,12,128452
7859466,2017,xc,2017-09-09,5000,1193,20,12,124961
7859466,2017,xc,2017-09-13,5000,1128,23,12,130158
7859466,2017,xc,2017-09-20,5000,1151.3,28,12,131904
7859466,2017,xc,2017-09-23,5000,1178.3,144,12,130501
7859466,2017,xc,2017-09-27,5000,1159.7,15,12,131015
7859466,2017,xc,2017-10-11,5000,1071,30,12,130159
7859466,2017,xc,2017-10-14,5000,1089.5,38,12,132204
7859466,2017,xc,2017-10-25,5000,1077.2,9,12,127084
12172514,2017,xc,2017-08-31,5000,1212.6,42,10,128452
12172514,2017,xc,2017-09-09,5000,1186,18,10,124961
12172514,2017,xc,2017-09-13,5000,1170,7,10,130158
12172514,2017,xc,2017-09-20,5000,1177,18,10,131904
12172514,2017,xc,2017-09-22,5000,1139.9,65,10,127020
12172514,2017,xc,2017-10-11,5000,1172,23,10,130159
12172514,2017,xc,2017-10-14,5000,1116.1,68,10,132204
12172514,2017,xc,2017-10-25,5000,1127.3,35,10,127084
12496504,2017,xc,2017-08-31,5000,961.5,1,12,128452
12496504,2017,xc,2017-09-09,5000,966,2,12,124961
12496504,2017,xc,2017-09-13,5000,955,1,12,130158
12496504,2017,xc,2017-09-20,5000,945.2,1,12,131904
12496504,2017,xc,2017-09-23,5000,961.8,32,12,130501
12496504,2017,xc,2017-09-27,5000,1048.2,1,12,131015
12496504,2017,xc,2017-10-11,5000,961,1,12,130159
12496504,2017,xc,2017-10-14,5000,934.4,5,12,132204
12496504,2017,xc,2017-10-25,5000,956.5,1,12,127084
12496504,2017,xc,2017-11-04,5000,958,7,12,129676
12496504,2017,xc,2017-11-11,5000,984.9,74,12,130564
10388357,2017,xc,2017-08-31,5000,1080.5,32,10,128452
10388357,2017,xc,2017-09-09,5000,1073,23,10,124961
10388357,2017,xc,2017-09-13,5000,1040,10,10,130158
10388357,2017,xc,2017-09-20,5000,1035.2,12,10,131904
10388357,2017,xc,2017-09-23,5000,1041.2,154,10,130501
10388357,2017,xc,2017-09-27,5000,1105.5,6,10,131015
10388357,2017,xc,2017-10-11,5000,1045,18,10,130159
10388357,2017,xc,2017-10-14,5000,1086.7,105,10,132204
10388357,2017,xc,2017-10-25,5000,1064.2,5,10,127084
10388357,2017,xc,2017-11-11,5000,1043,43,10,130564
7433602,2017,xc,2017-08-31,5000,1280.1,85,12,128452
7433602,2017,xc,2017-09-09,5000,1185,17,12,124961
7433602,2017,xc,2017-09-13,5000,1115,1,12,130158
7433602,2017,xc,2017-09-20,5000,1130.4,27,12,131904
7433602,2017,xc,2017-09-23,5000,1144.1,103,12,130501
7433602,2017,xc,2017-10-11,5000,1104,34,12,130159
7433602,2017,xc,2017-10-25,5000,1098.8,19,12,127084
12172516,2017,xc,2017-08-31,5000,1300.3,100,10,128452
12172516,2017,xc,2017-09-09,5000,1262,48,10,124961
12172516,2017,xc,2017-09-20,5000,1216,30,10,131904
12172516,2017,xc,2017-09-22,5000,1163.3,107,10,127020
12172516,2017,xc,2017-10-11,5000,1190,28,10,130159
12172516,2017,xc,2017-10-14,5000,1143.4,100,10,132204
12172516,2017,xc,2017-10-25,5000,1184.7,77,10,127084
8623843,2017,xc,2017-08-31,5000,1076.5,29,11,128452
8623843,2017,xc,2017-09-09,5000,1049,13,11,124961
8623843,2017,xc,2017-09-13,5000,1083,20,11,130158
8623843,2017,xc,2017-09-20,5000,1029.6,9,11,131904
8623843,2017,xc,2017-09-23,5000,1049.5,160,11,130501
8623843,2017,xc,2017-09-27,5000,1139,11,11,131015
8623843,2017,xc,2017-10-11,5000,1020,11,11,130159
8623843,2017,xc,2017-10-14,5000,1016.7,61,11,132204
8623843,2017,xc,2017-10-25,5000,1045.5,27,11,127084
8623843,2017,xc,2017-11-04,5000,1045,92,11,129676
8623843,2017,xc,2017-11-11,5000,1083.7,107,11,130564
17562144,2017,xc,2017-08-31,5000,1176.9,21,10,128452
17562144,2017,xc,2017-09-09,5000,1128,2,10,124961
17562144,2017,xc,2017-09-13,5000,1078,18,10,130158
17562144,2017,xc,2017-09-20,5000,1087.6,22,10,131904
17562144,2017,xc,2017-09-23,5000,1110.2,44,10,130501
17562144,2017,xc,2017-09-27,5000,1127.9,10,10,131015
17562144,2017,xc,2017-10-11,5000,1066,28,10,130159
17562144,2017,xc,2017-10-14,5000,1109.5,60,10,132204
17562144,2017,xc,2017-10-25,5000,1076.3,7,10,127084
12172517,2017,xc,2017-08-31,3000,1051,181,11,128452
12172517,2017,xc,2017-09-09,3000,1579,79,11,124961
12172517,2017,xc,2017-09-13,3000,1460,2,11,130158
12172517,2017,xc,2017-09-20,3000,1637,,11,131904
12172517,2017,xc,2017-09-22,5000,1869.1,508,11,127020
12172517,2017,xc,2017-09-27,5000,1457.4,41,11,131015
12172517,2017,xc,2017-10-11,3000,1337,1,11,130159
12172517,2017,xc,2017-10-14,5000,1893.3,280,11,132204
12172517,2017,xc,2017-10-25,5000,1636.5,113,11,127084
10208896,2017,xc,2017-08-31,5000,1021.6,7,10,128452
10208896,2017,xc,2017-09-09,5000,1012,4,10,124961
10208896,2017,xc,2017-09-13,5000,972,2,10,130158
10208896,2017,xc,2017-09-20,5000,959,2,10,131904
10208896,2017,xc,2017-09-23,5000,986.4,58,10,130501
10208896,2017,xc,2017-10-11,5000,964,2,10,130159
10208896,2017,xc,2017-10-14,5000,961.8,20,10,132204
10208896,2017,xc,2017-10-25,5000,976.1,2,10,127084
10208896,2017,xc,2017-11-04,5000,973,17,10,129676
9400021,2017,xc,2017-08-31,5000,1141.4,9,11,128452
9400021,2017,xc,2017-09-09,5000,1142,44,11,124961
9400021,2017,xc,2017-09-13,5000,1068,15,11,130158
9400021,2017,xc,2017-09-20,5000,1068.9,17,11,131904
9400021,2017,xc,2017-09-23,5000,1098.7,36,11,130501
9400021,2017,xc,2017-09-27,5000,1168,16,11,131015
9400021,2017,xc,2017-10-11,5000,1064,27,11,130159
9400021,2017,xc,2017-10-14,5000,1040.2,6,11,132204
9400021,2017,xc,2017-10-25,5000,1051.7,1,11,127084
9400021,2017,xc,2017-11-04,5000,1073,115,11,129676
9400021,2017,xc,2017-11-11,5000,1109.8,167,11,130564
8623846,2017,xc,2017-08-31,5000,1354.2,128,12,128452
8623846,2017,xc,2017-09-09,5000,1304,62,12,124961
8623846,2017,xc,2017-09-13,5000,1263,31,12,130158
8623846,2017,xc,2017-09-20,5000,1247,38,12,131904
8623846,2017,xc,2017-09-22,5000,1226.2,191,12,127020
8623846,2017,xc,2017-09-27,5000,1337.5,32,12,131015
8623846,2017,xc,2017-10-11,5000,1265,52,12,130159
8623846,2017,xc,2017-10-14,5000,1201.2,150,12,132204
8623846,2017,xc,2017-10-25,5000,1225,10,12,127084
12172519,2017,xc,2017-08-31,3000,706.1,7,9,128452
12172519,2017,xc,2017-09-09,5000,1219,31,9,124961
12172519,2017,xc,2017-09-13,5000,1199,15,9,130158
12172519,2017,xc,2017-09-20,5000,1143.2,13,9,131904
12172519,2017,xc,2017-09-22,5000,1152.5,85,9,127020
12172519,2017,xc,2017-09-27,5000,1274.5,28,9,131015
12172519,2017,xc,2017-10-11,5000,1158,18,9,130159
12172519,2017,xc,2017-10-14,5000,1142.8,98,9,132204
12172519,2017,xc,2017-10-25,5000,1137.3,40,9,127084
10584068,2017,xc,2017-08-31,3000,803.4,33,9,128452
10584068,2017,xc,2017-09-09,3000,727,5,9,124961
10584068,2017,xc,2017-09-13,5000,1248,24,9,130158
10584068,2017,xc,2017-09-20,5000,1184.7,22,9,131904
10584068,2017,xc,2017-09-22,5000,1144.5,72,9,127020
10584068,2017,xc,2017-09-27,5000,1277.1,29,9,131015
10584068,2017,xc,2017-10-11,5000,1158,17,9,130159
10584068,2017,xc,2017-10-14,5000,1079.2,25,9,132204
10584068,2017,xc,2017-10-25,5000,1080.2,11,9,127084
8751442,2017,xc,2017-08-31,3000,901.8,93,9,128452
8751442,2017,xc,2017-09-09,3000,737,7,9,124961
8751442,2017,xc,2017-09-13,5000,1261,30,9,130158
8751442,2017,xc,2017-09-20,5000,1297.4,46,9,131904
8751442,2017,xc,2017-09-22,5000,1265.1,250,9,127020
8751442,2017,xc,2017-10-11,5000,1210,33,9,130159
8751442,2017,xc,2017-10-14,5000,1201.5,151,9,132204
8751442,2017,xc,2017-10-25,5000,1164,1,9,127084
7859447,2017,xc,2017-08-31,5000,1094.6,42,12,128452
7859447,2017,xc,2017-09-09,5000,1138,40,12,124961
7859447,2017,xc,2017-09-13,5000,1039,9,12,130158
7859447,2017,xc,2017-09-20,5000,1054.6,14,12,131904
7859447,2017,xc,2017-09-23,5000,1067.3,181,12,130501
7859447,2017,xc,2017-09-27,5000,1115.1,7,12,131015
7859447,2017,xc,2017-10-11,5000,1035,14,12,130159
7859447,2017,xc,2017-10-14,5000,1030.1,78,12,132204
7859447,2017,xc,2017-10-25,5000,1035.7,20,12,127084
7859447,2017,xc,2017-11-04,5000,1057,100,12,129676
10584074,2017,xc,2017-08-31,3000,826.8,52,9,128452
10584074,2017,xc,2017-09-27,5000,1479.6,44,9,131015
10584074,2017,xc,2017-10-11,5000,1374,81,9,130159
10584074,2017,xc,2017-10-14,5000,1243.9,192,9,132204
10584074,2017,xc,2017-10-25,5000,1223.6,9,9,127084
3385511,2017,xc,2017-08-31,3000,740.3,12,9,128452
3385511,2017,xc,2017-09-09,5000,1297,60,9,124961
3385511,2017,xc,2017-09-13,5000,1235,21,9,130158
3385511,2017,xc,2017-09-20,5000,1192.6,26,9,131904
3385511,2017,xc,2017-09-22,5000,1188.5,134,9,127020
3385511,2017,xc,2017-09-27,5000,1315.8,30,9,131015
3385511,2017,xc,2017-10-11,5000,1178,26,9,130159
3385511,2017,xc,2017-10-14,5000,1163,120,9,132204
3385511,2017,xc,2017-10-25,5000,1154.8,53,9,127084
10454028,2017,xc,2017-08-31,5000,1156,79,10,128452
10454028,2017,xc,2017-09-09,5000,1130,36,10,124961
10454028,2017,xc,2017-09-13,5000,1060,13,10,130158
10454028,2017,xc,2017-09-20,5000,1040.4,13,10,131904
10454028,2017,xc,2017-09-23,5000,1081.6,16,10,130501
10454028,2017,xc,2017-09-27,5000,1081.6,5,10,131015
10454028,2017,xc,2017-10-11,5000,1018,10,10,130159
10454028,2017,xc,2017-10-14,5000,1027.6,75,10,132204
10454028,2017,xc,2017-10-25,5000,1033.1,19,10,127084
10454028,2017,xc,2017-11-04,5000,1057,99,10,129676
12172521,2017,xc,2017-08-31,3000,814.4,43,9,128452
12172521,2017,xc,2017-09-13,5000,1318,50,9,130158
12172521,2017,xc,2017-09-20,5000,1291.3,44,9,131904
12172521,2017,xc,2017-09-22,5000,1225.9,190,9,127020
12172521,2017,xc,2017-10-11,5000,1246,46,9,130159
12172521,2017,xc,2017-10-25,5000,1233.3,12,9,127084
10388376,2017,xc,2017-08-31,5000,1299.2,99,10,128452
10388376,2017,xc,2017-09-22,5000,1197.3,141,10,127020
10388376,2017,xc,2017-09-27,5000,1354,34,10,131015
10388379,2017,xc,2017-08-31,5000,1513.6,216,10,128452
10388379,2017,xc,2017-09-09,5000,1350,80,10,124961
10388379,2017,xc,2017-09-13,5000,1301,40,10,130158
10388379,2017,xc,2017-09-20,5000,1267.4,39,10,131904
10388379,2017,xc,2017-09-22,5000,1282.5,276,10,127020
10388379,2017,xc,2017-10-14,5000,1298.1,224,10,132204
10388379,2017,xc,2017-10-25,5000,1310.9,49,10,127084
12172523,2017,xc,2017-08-31,3000,695.3,4,9,128452
12172523,2017,xc,2017-09-09,5000,1192,19,9,124961
12172523,2017,xc,2017-09-13,5000,1139,2,9,130158
12172523,2017,xc,2017-09-20,5000,1136.7,8,9,131904
12172523,2017,xc,2017-09-23,5000,1153.3,120,9,130501
12172523,2017,xc,2017-09-27,5000,1199.1,21,9,131015
12172523,2017,xc,2017-10-11,5000,1167,21,9,130159
12172523,2017,xc,2017-10-14,5000,1080.8,28,9,132204
12172523,2017,xc,2017-10-25,5000,1140.6,43,9,127084
12181926,2017,xc,2017-08-31,3000,1367.7,236,12,128452
12181926,2017,xc,2017-09-09,3000,1149,72,12,124961
12181926,2017,xc,2017-09-20,5000,2034.8,36,12,131904
12181926,2017,xc,2017-09-22,5000,2229.7,302,12,127020
12181926,2017,xc,2017-09-27,5000,2385.5,82,12,131015
12181926,2017,xc,2017-10-14,5000,2055.3,227,12,132204
12181926,2017,xc,2017-10-25,5000,2130.3,90,12,127084
11098774,2017,xc,2017-08-31,5000,1506.5,44,10,128452
11098774,2017,xc,2017-09-09,5000,1442,5,10,124961
11098774,2017,xc,2017-09-13,5000,1401,1,10,130158
11098774,2017,xc,2017-09-20,5000,1331.9,19,10,131904
11098774,2017,xc,2017-09-22,5000,1343.1,21,10,127020
11098774,2017,xc,2017-09-27,5000,1423.2,4,10,131015
11098774,2017,xc,2017-10-11,5000,1294,20,10,130159
11098774,2017,xc,2017-10-25,5000,1284,5,10,127084
12939380,2017,xc,2017-08-31,5000,1423,58,9,128452
12939380,2017,xc,2017-09-09,5000,1328,24,9,124961
12939380,2017,xc,2017-09-13,5000,1305,14,9,130158
12939380,2017,xc,2017-09-20,5000,1287.3,7,9,131904
12939380,2017,xc,2017-09-22,5000,1241.7,68,9,127020
12939380,2017,xc,2017-09-27,5000,1333.7,14,9,131015
12939380,2017,xc,2017-10-11,5000,1268,16,9,130159
12939380,2017,xc,2017-10-14,5000,1226.3,79,9,132204
12939380,2017,xc,2017-10-25,5000,1280.5,34,9,127084
12939380,2017,xc,2017-11-04,5000,1285,117,9,129676
10543624,2017,xc,2017-08-31,5000,1506,42,12,128452
10543624,2017,xc,2017-09-09,5000,1575,23,12,124961
10543624,2017,xc,2017-09-13,5000,1459,9,12,130158
10543624,2017,xc,2017-09-20,5000,1373,2,12,131904
10543624,2017,xc,2017-09-27,5000,1612.3,35,12,131015
10543624,2017,xc,2017-10-11,5000,1358,33,12,130159
10543624,2017,xc,2017-10-25,5000,1459.3,68,12,127084
11098783,2017,xc,2017-08-31,5000,1383.4,43,10,128452
11098783,2017,xc,2017-09-09,5000,1298,10,10,124961
11098783,2017,xc,2017-09-13,5000,1244,9,10,130158
11098783,2017,xc,2017-09-22,5000,1328.2,131,10,127020
11098783,2017,xc,2017-10-11,5000,1251,13,10,130159
11098783,2017,xc,2017-10-25,5000,1288.4,36,10,127084
11098783,2017,xc,2017-11-04,5000,1268,110,10,129676
7305962,2017,xc,2017-08-31,5000,1472.7,30,12,128452
7305962,2017,xc,2017-09-09,5000,1377,35,12,124961
7305962,2017,xc,2017-09-20,5000,1373.8,3,12,131904
7305962,2017,xc,2017-09-22,5000,1328.6,13,12,127020
7305962,2017,xc,2017-10-11,5000,1315,22,12,130159
7305962,2017,xc,2017-10-14,5000,1324.6,52,12,132204
7305962,2017,xc,2017-10-25,5000,1526.2,88,12,127084
10392304,2017,xc,2017-08-31,3000,994,150,10,128452
10392304,2017,xc,2017-09-09,3000,975,55,10,124961
10392304,2017,xc,2017-09-13,5000,1729,49,10,130158
10392304,2017,xc,2017-09-27,5000,1829.1,67,10,131015
10392304,2017,xc,2017-10-11,5000,1621,130,10,130159
10392304,2017,xc,2017-10-14,5000,1638.8,205,10,132204
10392304,2017,xc,2017-10-25,5000,1710.1,54,10,127084
11098792,2017,xc,2017-08-31,5000,1254.3,16,10,128452
11098792,2017,xc,2017-09-09,5000,1218,3,10,124961
11098792,2017,xc,2017-09-13,5000,1164,3,10,130158
11098792,2017,xc,2017-09-22,5000,1155.7,19,10,127020
11098792,2017,xc,2017-09-27,5000,1282.6,10,10,131015
11098792,2017,xc,2017-10-11,5000,1128,1,10,130159
11098792,2017,xc,2017-10-14,5000,1153.9,41,10,132204
11098792,2017,xc,2017-10-25,5000,1150.6,4,10,127084
11098792,2017,xc,2017-11-04,5000,1129,14,10,129676
10392305,2017,xc,2017-08-31,5000,1563,64,10,128452
10392305,2017,xc,2017-09-09,5000,1523,13,10,124961
10392305,2017,xc,2017-09-13,5000,1497,21,10,130158
10392305,2017,xc,2017-09-20,5000,1438,7,10,131904
10392305,2017,xc,2017-09-22,5000,1433.2,54,10,127020
10392305,2017,xc,2017-09-27,5000,1580.8,30,10,131015
10392305,2017,xc,2017-10-11,5000,1402,87,10,130159
10392305,2017,xc,2017-10-14,5000,1495.8,150,10,132204
10392305,2017,xc,2017-10-25,5000,1502.5,82,10,127084
8623853,2017,xc,2017-08-31,5000,1244.7,14,11,128452
8623853,2017,xc,2017-09-09,5000,1201,2,11,124961
8623853,2017,xc,2017-09-13,5000,1156,2,11,130158
8623853,2017,xc,2017-09-20,5000,1188.6,2,11,131904
8623853,2017,xc,2017-09-22,5000,1176.6,29,11,127020
8623853,2017,xc,2017-09-27,5000,1196.4,3,11,131015
8623853,2017,xc,2017-10-11,5000,1137,2,11,130159
8623853,2017,xc,2017-10-14,5000,1152.5,40,11,132204
8623853,2017,xc,2017-10-25,5000,1184.1,10,11,127084
8623853,2017,xc,2017-11-04,5000,1185,48,11,129676
12181930,2017,xc,2017-08-31,3000,914,102,11,128452
12181930,2017,xc,2017-09-09,5000,1672,54,11,124961
12181930,2017,xc,2017-09-13,5000,1582,33,11,130158
12181930,2017,xc,2017-09-22,5000,1634.2,204,11,127020
12181930,2017,xc,2017-09-27,5000,1796.6,64,11,131015
12181930,2017,xc,2017-10-11,5000,1621,131,11,130159
12181930,2017,xc,2017-10-14,5000,1558,179,11,132204
12181930,2017,xc,2017-10-25,5000,1636.8,44,11,127084
12939388,2017,xc,2017-08-31,5000,1540.7,59,9,128452
12939388,2017,xc,2017-09-09,5000,1419,3,9,124961
12939388,2017,xc,2017-09-13,5000,1348,19,9,130158
12939388,2017,xc,2017-09-20,5000,1309.9,14,9,131904
12939388,2017,xc,2017-09-22,5000,1294,110,9,127020
12939388,2017,xc,2017-09-27,5000,1442.4,6,9,131015
12939388,2017,xc,2017-10-11,5000,1290,19,9,130159
12939388,2017,xc,2017-10-14,5000,1303.8,105,9,132204
12939388,2017,xc,2017-10-25,5000,1306.4,8,9,127084
10419058,2017,xc,2017-08-31,5000,1746.2,135,10,128452
10419058,2017,xc,2017-09-09,5000,1653,52,10,124961
10419058,2017,xc,2017-09-13,5000,1615,39,10,130158
10419058,2017,xc,2017-09-20,5000,1545,19,10,131904
10419058,2017,xc,2017-09-22,5000,1569.4,155,10,127020
10419058,2017,xc,2017-09-27,5000,1732.6,53,10,131015
10419058,2017,xc,2017-10-11,5000,1518,115,10,130159
10419058,2017,xc,2017-10-25,5000,1610.4,39,10,127084
11098808,2017,xc,2017-08-31,5000,1468.9,28,10,128452
11098808,2017,xc,2017-09-09,5000,1441,4,10,124961
11098808,2017,xc,2017-09-13,5000,1343,18,10,130158
11098808,2017,xc,2017-09-20,5000,1322,16,10,131904
11098808,2017,xc,2017-09-22,5000,1333.5,18,10,127020
11098808,2017,xc,2017-09-27,5000,1464.8,11,10,131015
11098808,2017,xc,2017-10-11,5000,1332,29,10,130159
11098808,2017,xc,2017-10-14,5000,1343,58,10,132204
11098808,2017,xc,2017-10-25,5000,1343.5,15,10,127084
12181931,2017,xc,2017-08-31,5000,1568.3,67,9,128452
12181931,2017,xc,2017-09-09,5000,1485,8,9,124961
12181931,2017,xc,2017-09-13,5000,1425,3,9,130158
12181931,2017,xc,2017-09-20,5000,1360.6,1,9,131904
12181931,2017,xc,2017-09-22,5000,1304.1,6,9,127020
12181931,2017,xc,2017-09-27,5000,1477.6,12,9,131015
12181931,2017,xc,2017-10-11,5000,1320,26,9,130159
12181931,2017,xc,2017-10-14,5000,1282.9,30,9,132204
12181931,2017,xc,2017-10-25,5000,1281.6,4,9,127084
8751435,2017,xc,2017-08-31,5000,1353.1,37,9,128452
8751435,2017,xc,2017-09-09,5000,1299,11,9,124961
8751435,2017,xc,2017-09-13,5000,1222,7,9,130158
8751435,2017,xc,2017-09-22,5000,1208.6,45,9,127020
8751435,2017,xc,2017-09-27,5000,1301.4,12,9,131015
8751435,2017,xc,2017-10-11,5000,1199,7,9,130159
8751435,2017,xc,2017-10-14,5000,1175.3,55,9,132204
8751435,2017,xc,2017-10-25,5000,1195.3,13,9,127084
8751435,2017,xc,2017-11-04,5000,1194,60,9,129676
7859589,2017,xc,2017-08-31,5000,1262.7,18,12,128452
7859589,2017,xc,2017-09-09,5000,1260,6,12,124961
7859589,2017,xc,2017-09-13,5000,1215,6,12,130158
7859589,2017,xc,2017-09-20,5000,1263.5,5,12,131904
7859589,2017,xc,2017-09-22,5000,1219,49,12,127020
7859589,2017,xc,2017-09-27,5000,1295.7,11,12,131015
7859589,2017,xc,2017-10-11,5000,1231,9,12,130159
7859589,2017,xc,2017-10-14,5000,1216.5,75,12,132204
7859589,2017,xc,2017-10-25,5000,1227.5,19,12,127084
7859589,2017,xc,2017-11-04,5000,1256,103,12,129676
8668789,2017,xc,2017-08-31,3000,1168.1,208,11,128452
8668789,2017,xc,2017-09-13,5000,1840,53,11,130158
8668789,2017,xc,2017-09-20,5000,1751.9,29,11,131904
8668789,2017,xc,2017-10-11,5000,1623,133,11,130159
8668789,2017,xc,2017-10-25,5000,1713.5,55,11,127084
10428667,2017,xc,2017-08-31,5000,1567.9,66,11,128452
10428667,2017,xc,2017-09-09,5000,1534,17,11,124961
10428667,2017,xc,2017-09-13,5000,1459,10,11,130158
10428667,2017,xc,2017-09-22,5000,1436.1,59,11,127020
10428667,2017,xc,2017-10-25,5000,1511,85,11,127084
7305971,2017,xc,2017-08-31,5000,1612.1,96,12,128452
7305971,2017,xc,2017-10-11,5000,1479,109,12,130159
7305971,2017,xc,2017-10-14,5000,1445.2,129,12,132204
7305971,2017,xc,2017-10-25,5000,1488.6,79,12,127084
10392308,2017,xc,2017-08-31,5000,1580.4,74,10,128452
10392308,2017,xc,2017-09-09,5000,1489,9,10,124961
10392308,2017,xc,2017-09-13,5000,1494,19,10,130158
10392308,2017,xc,2017-09-20,5000,1427.4,6,10,131904
10392308,2017,xc,2017-09-22,5000,1434,55,10,127020
10392308,2017,xc,2017-09-27,5000,1661.7,45,10,131015
10392308,2017,xc,2017-10-11,5000,1433,94,10,130159
10392308,2017,xc,2017-10-14,5000,1462.3,135,10,132204
10392308,2017,xc,2017-10-25,5000,1494.8,80,10,127084
9372720,2017,xc,2017-08-31,5000,1608.3,93,11,128452
9372720,2017,xc,2017-09-09,5000,1565,21,11,124961
9372720,2017,xc,2017-09-13,5000,1465,11,11,130158
9372720,2017,xc,2017-09-20,5000,1500.2,13,11,131904
9372720,2017,xc,2017-09-22,5000,1454.4,77,11,127020
9372720,2017,xc,2017-09-27,5000,1537.2,22,11,131015
9372720,2017,xc,2017-10-11,5000,1419,90,11,130159
9372720,2017,xc,2017-10-14,5000,1468.7,137,11,132204
9372720,2017,xc,2017-10-25,5000,1415.5,47,11,127084
12181934,2017,xc,2017-08-31,3000,1378.2,238,9,128452
12181934,2017,xc,2017-09-09,3000,1196,74,9,124961
12181934,2017,xc,2017-09-13,3000,1180,2,9,130158
12181934,2017,xc,2017-09-20,5000,2282.4,41,9,131904
12181934,2017,xc,2017-09-22,5000,2389.6,306,9,127020
12181934,2017,xc,2017-09-27,5000,2390.4,83,9,131015
12181934,2017,xc,2017-10-11,5000,2289,148,9,130159
12181934,2017,xc,2017-10-14,5000,2091.2,228,9,132204
12181934,2017,xc,2017-10-25,5000,2177.5,91,9,127084
5995090,2017,xc,2017-08-31,5000,1568.3,68,10,128452
5995090,2017,xc,2017-09-09,5000,1592,33,10,124961
5995090,2017,xc,2017-09-13,5000,1489,16,10,130158
5995090,2017,xc,2017-09-22,5000,1526.8,123,10,127020
5995090,2017,xc,2017-09-27,5000,1639.4,43,10,131015
5995090,2017,xc,2017-10-11,5000,1457,100,10,130159
5995090,2017,xc,2017-10-25,5000,1458.6,2,10,127084
12181936,2017,xc,2017-09-22,5000,1260.2,84,9,127020
10392310,2017,xc,2017-08-31,5000,1672.1,114,10,128452
10392310,2017,xc,2017-09-09,3000,902,44,10,124961
10392310,2017,xc,2017-09-13,5000,1598,37,10,130158
10392310,2017,xc,2017-09-20,5000,1530.5,15,10,131904
10392310,2017,xc,2017-09-22,5000,1478.2,88,10,127020
10392310,2017,xc,2017-09-27,5000,1610.5,34,10,131015
10392310,2017,xc,2017-10-11,5000,1458,101,10,130159
10392310,2017,xc,2017-10-14,5000,1409.5,97,10,132204
10392310,2017,xc,2017-10-25,5000,1443,61,10,127084
10428672,2017,xc,2017-08-31,5000,1388.3,46,11,128452
10428672,2017,xc,2017-09-09,5000,1325,22,11,124961
10428672,2017,xc,2017-09-20,5000,1289.4,8,11,131904
10428672,2017,xc,2017-09-22,5000,1262.6,87,11,127020
10428672,2017,xc,2017-09-27,5000,1332.7,13,11,131015
10428672,2017,xc,2017-10-11,5000,1248,12,11,130159
10428672,2017,xc,2017-10-14,5000,1226.8,80,11,132204
10428672,2017,xc,2017-10-25,5000,1248.7,28,11,127084
10428672,2017,xc,2017-11-04,5000,1266,108,11,129676
10419059,2017,xc,2017-09-27,5000,1567.4,26,11,131015
10419059,2017,xc,2017-10-11,5000,1362,78,11,130159
10419059,2017,xc,2017-10-25,5000,1339.6,13,11,127084
12181937,2017,xc,2017-08-31,3000,1210.3,222,9,128452
12181937,2017,xc,2017-09-09,3000,1017,60,9,124961
12181937,2017,xc,2017-09-13,3000,1035,1,9,130158
12181937,2017,xc,2017-09-20,5000,1869.1,33,9,131904
12181937,2017,xc,2017-09-22,5000,1835.7,273,9,127020
12181937,2017,xc,2017-09-27,5000,1951.3,73,9,131015
12181937,2017,xc,2017-10-11,5000,1715,140,9,130159
12181937,2017,xc,2017-10-25,5000,1743.9,60,9,127084
12181939,2017,xc,2017-08-31,5000,1444.8,18,10,128452
12181939,2017,xc,2017-09-09,5000,1465,49,10,124961
12181939,2017,xc,2017-09-13,5000,1360,23,10,130158
12181939,2017,xc,2017-09-20,5000,1330.8,18,10,131904
12181939,2017,xc,2017-09-22,5000,1331.2,15,10,127020
12181939,2017,xc,2017-09-27,5000,1526.1,20,10,131015
12181939,2017,xc,2017-10-11,5000,1376,84,10,130159
12181939,2017,xc,2017-10-14,5000,1361.5,65,10,132204
12181939,2017,xc,2017-10-25,5000,1360.8,19,10,127084
8623721,2018,xc,2018-08-30,5000,1059.2,3,12,150692
8623721,2018,xc,2018-09-08,5000,1034.9,17,12,138966
8623721,2018,xc,2018-09-12,5000,1024.6,9,12,144641
8623721,2018,xc,2018-09-19,5000,1011,14,12,144294
8623721,2018,xc,2018-10-03,5000,1041.6,3,12,145637
8623721,2018,xc,2018-10-06,4970,959.8,11,12,144050
8623721,2018,xc,2018-10-10,5000,1042.4,3,12,144348
8623721,2018,xc,2018-10-13,5000,1004.8,55,12,143986
8623721,2018,xc,2018-10-24,5000,1047.4,25,12,144232
8623721,2018,xc,2018-11-03,5000,1048,110,12,144805
12939322,2018,xc,2018-08-30,5000,1191.1,13,10,150692
12939322,2018,xc,2018-09-08,5000,1154,12,10,138966
12939322,2018,xc,2018-09-12,5000,1137.4,10,10,144641
12939322,2018,xc,2018-09-19,5000,1122,14,10,144294
12939322,2018,xc,2018-10-03,5000,1132.9,2,10,145637
12939322,2018,xc,2018-10-06,4970,1043.8,9,10,144050
12939322,2018,xc,2018-10-10,5000,1135.9,31,10,144348
12939322,2018,xc,2018-10-13,5000,1105.7,64,10,143986
12939322,2018,xc,2018-10-24,5000,1117.2,25,10,144232
13933996,2018,xc,2018-08-30,3000,798.8,10,9,150692
13933996,2018,xc,2018-09-08,3000,810,14,9,138966
12958041,2018,xc,2018-08-30,5000,1264.5,16,10,150692
12958041,2018,xc,2018-09-08,5000,1265.1,56,10,138966
12958041,2018,xc,2018-09-12,5000,1185.4,22,10,144641
12958041,2018,xc,2018-10-24,5000,1171.3,1,10,144232
8751429,2018,xc,2018-08-30,3000,659.8,3,9,150692
8751429,2018,xc,2018-09-08,5000,1129.6,9,9,138966
8751429,2018,xc,2018-09-12,5000,1106.7,6,9,144641
8751429,2018,xc,2018-09-19,5000,1099,6,9,144294
8751429,2018,xc,2018-10-03,5000,1122.8,1,9,145637
8751429,2018,xc,2018-10-06,4970,1032.4,5,9,144050
8751429,2018,xc,2018-10-10,5000,1135.6,30,9,144348
8751429,2018,xc,2018-10-13,5000,1085.1,45,9,143986
8751429,2018,xc,2018-10-24,5000,1056.2,4,9,144232
12172514,2018,xc,2018-08-30,3000,703.8,5,11,150692
12172514,2018,xc,2018-09-08,5000,1167.4,15,11,138966
12172514,2018,xc,2018-09-12,5000,1135.4,8,11,144641
12172514,2018,xc,2018-09-19,5000,1169,30,11,144294
12172514,2018,xc,2018-10-03,5000,1210.9,11,11,145637
12172514,2018,xc,2018-10-06,4970,1090.7,24,11,144050
12172514,2018,xc,2018-10-10,5000,1178.5,14,11,144348
12172514,2018,xc,2018-10-13,5000,1137.8,108,11,143986
12172514,2018,xc,2018-10-24,5000,1118.9,28,11,144232
9614859,2018,xc,2018-08-30,3000,763.9,6,9,150692
9614859,2018,xc,2018-09-08,3000,727.5,5,9,138966
9614859,2018,xc,2018-09-12,5000,1387.6,58,9,144641
9614859,2018,xc,2018-09-19,5000,1344,105,9,144294
9614859,2018,xc,2018-10-06,4970,1275.2,82,9,144050
9614859,2018,xc,2018-10-10,5000,1383.7,65,9,144348
10388357,2018,xc,2018-08-30,5000,1043.1,2,11,150692
10388357,2018,xc,2018-09-08,5000,1007,12,11,138966
10388357,2018,xc,2018-09-12,5000,1026.6,10,11,144641
10388357,2018,xc,2018-09-19,5000,1001,8,11,144294
10388357,2018,xc,2018-10-24,5000,1016.1,13,11,144232
10388357,2018,xc,2018-11-03,5000,1017,79,11,144805
23914897,2018,xc,2018-08-30,3000,654.4,2,9,150692
23914897,2018,xc,2018-09-08,5000,1085.8,5,9,138966
23914897,2018,xc,2018-09-12,5000,1091.3,5,9,144641
23914897,2018,xc,2018-09-19,5000,1080,2,9,144294
23914897,2018,xc,2018-10-03,5000,1093.3,11,9,145637
23914897,2018,xc,2018-10-06,4970,1053.1,13,9,144050
23914897,2018,xc,2018-10-10,5000,1104.6,20,9,144348
23914897,2018,xc,2018-10-13,5000,1058.9,21,9,143986
23914897,2018,xc,2018-10-24,5000,1075.3,6,9,144232
8751437,2018,xc,2018-08-30,3000,688.4,4,9,150692
8751437,2018,xc,2018-09-08,5000,1181.8,17,9,138966
8751437,2018,xc,2018-09-12,5000,1192.5,26,9,144641
8751437,2018,xc,2018-09-19,5000,1164,28,9,144294
8751437,2018,xc,2018-10-03,5000,1140.2,3,9,145637
8751437,2018,xc,2018-10-06,4970,1098.3,30,9,144050
8751437,2018,xc,2018-10-10,5000,1143.1,2,9,144348
8751437,2018,xc,2018-10-13,5000,1155.5,124,9,143986
8751437,2018,xc,2018-10-24,5000,1122.6,30,9,144232
10584059,2018,xc,2018-08-30,3000,776,8,10,150692
10584059,2018,xc,2018-09-08,3000,737.8,8,10,138966
10584059,2018,xc,2018-09-12,5000,1373.2,57,10,144641
10584059,2018,xc,2018-09-19,5000,1359,114,10,144294
10584059,2018,xc,2018-10-03,5000,1344,28,10,145637
10584059,2018,xc,2018-10-06,4970,1285.2,84,10,144050
10584059,2018,xc,2018-10-10,5000,1356.1,59,10,144348
10584059,2018,xc,2018-10-13,5000,1336.4,288,10,143986
10584059,2018,xc,2018-10-24,5000,1315.8,55,10,144232
8623843,2018,xc,2018-08-30,5000,1073.5,4,12,150692
8623843,2018,xc,2018-09-08,5000,1181.4,75,12,138966
8623843,2018,xc,2018-09-12,5000,1169.1,34,12,144641
8623843,2018,xc,2018-09-19,5000,1180,62,12,144294
17562144,2018,xc,2018-08-30,5000,1150.4,11,11,150692
17562144,2018,xc,2018-09-08,5000,1074.8,32,11,138966
17562144,2018,xc,2018-09-12,5000,1071.6,20,11,144641
17562144,2018,xc,2018-09-19,5000,1075,34,11,144294
17562144,2018,xc,2018-10-03,5000,1088,8,11,145637
17562144,2018,xc,2018-10-06,4970,992.2,20,11,144050
17562144,2018,xc,2018-10-10,5000,1085,11,11,144348
17562144,2018,xc,2018-10-13,5000,1108.5,125,11,143986
17562144,2018,xc,2018-10-24,5000,1071.7,32,11,144232
12939329,2018,xc,2018-08-30,5000,1137.5,8,10,150692
12939329,2018,xc,2018-09-08,5000,1073.9,30,10,138966
12939329,2018,xc,2018-09-12,5000,1069.7,19,10,144641
12939329,2018,xc,2018-09-19,5000,1060,29,10,144294
12939329,2018,xc,2018-10-03,5000,1091.7,9,10,145637
12939329,2018,xc,2018-10-06,4970,1019.5,37,10,144050
12939329,2018,xc,2018-10-10,5000,1101.4,19,10,144348
12939329,2018,xc,2018-10-13,5000,1080,121,10,143986
12939329,2018,xc,2018-10-24,5000,1074.1,5,10,144232
10584064,2018,xc,2018-08-30,3000,797.7,9,9,150692
10584064,2018,xc,2018-09-08,3000,723.9,4,9,138966
10584064,2018,xc,2018-09-12,5000,1388.7,59,9,144641
10584064,2018,xc,2018-09-19,5000,1355,110,9,144294
10584064,2018,xc,2018-10-03,5000,1303.5,24,9,145637
10584064,2018,xc,2018-10-06,4970,1285.7,85,9,144050
10584064,2018,xc,2018-10-10,5000,1321.5,52,9,144348
10584064,2018,xc,2018-10-24,5000,1242.7,25,9,144232
11678616,2018,xc,2018-09-08,5000,1159.4,14,9,138966
11678616,2018,xc,2018-09-12,5000,1150.5,14,9,144641
11678616,2018,xc,2018-09-19,5000,1136,18,9,144294
11678616,2018,xc,2018-10-03,5000,1154.2,7,9,145637
11678616,2018,xc,2018-10-06,4970,1055.7,14,9,144050
11678616,2018,xc,2018-10-10,5000,1146.8,6,9,144348
11678616,2018,xc,2018-10-13,5000,1119.8,82,9,143986
11678616,2018,xc,2018-10-24,5000,1187,58,9,144232
12172517,2018,xc,2018-09-08,3000,1653.3,31,12,138966
12172517,2018,xc,2018-09-12,3000,1170.7,8,12,144641
12172517,2018,xc,2018-09-19,3000,1072,14,12,144294
12172517,2018,xc,2018-10-03,5000,1283.3,20,12,145637
12172517,2018,xc,2018-10-10,5000,1456.6,86,12,144348
12172517,2018,xc,2018-10-13,5000,1251,236,12,143986
12172517,2018,xc,2018-10-24,5000,1826.8,114,12,144232
10208896,2018,xc,2018-08-30,5000,949.5,1,11,150692
10208896,2018,xc,2018-09-08,5000,941.6,1,11,138966
10208896,2018,xc,2018-09-12,5000,949.1,1,11,144641
10208896,2018,xc,2018-09-19,5000,951,1,11,144294
10208896,2018,xc,2018-10-06,4970,897.3,1,11,144050
10208896,2018,xc,2018-10-10,5000,1014.7,1,11,144348
10208896,2018,xc,2018-10-13,5000,969,24,11,143986
10208896,2018,xc,2018-10-24,5000,956.3,1,11,144232
10208896,2018,xc,2018-11-03,5000,954,13,11,144805
9400021,2018,xc,2018-08-30,5000,1083.9,6,12,150692
9400021,2018,xc,2018-09-08,5000,1049.3,21,12,138966
9400021,2018,xc,2018-09-12,5000,1073.2,21,12,144641
9400021,2018,xc,2018-09-19,5000,1042,20,12,144294
9400021,2018,xc,2018-10-03,5000,1069.9,5,12,145637
9400021,2018,xc,2018-10-06,4970,966,13,12,144050
9400021,2018,xc,2018-10-10,5000,1054.3,5,12,144348
9400021,2018,xc,2018-10-13,5000,1029.5,75,12,143986
9400021,2018,xc,2018-10-24,5000,1061.4,29,12,144232
9400021,2018,xc,2018-11-03,5000,1048,111,12,144805
12172519,2018,xc,2018-08-30,5000,1149.7,10,10,150692
12172519,2018,xc,2018-09-08,5000,1113.1,47,10,138966
12172519,2018,xc,2018-09-12,5000,1079.5,22,10,144641
12172519,2018,xc,2018-09-19,5000,1076,35,10,144294
12172519,2018,xc,2018-10-03,5000,1105,13,10,145637
12172519,2018,xc,2018-10-06,4970,1055.9,45,10,144050
12172519,2018,xc,2018-10-13,5000,1094.3,56,10,143986
12172519,2018,xc,2018-10-24,5000,1080,9,10,144232
10584068,2018,xc,2018-08-30,5000,1090.1,7,10,150692
10584068,2018,xc,2018-09-08,5000,1059.9,26,10,138966
10584068,2018,xc,2018-09-12,5000,1054,16,10,144641
10584068,2018,xc,2018-10-03,5000,1075.2,6,10,145637
10584068,2018,xc,2018-10-06,4970,986.7,17,10,144050
10584068,2018,xc,2018-10-10,5000,1063,8,10,144348
10584068,2018,xc,2018-11-03,5000,1080,132,10,144805
8751442,2018,xc,2018-08-30,5000,1253.7,15,10,150692
8751442,2018,xc,2018-09-08,5000,1248.8,50,10,138966
8751442,2018,xc,2018-09-12,5000,1178,18,10,144641
8751442,2018,xc,2018-09-19,5000,1184,37,10,144294
8751442,2018,xc,2018-10-03,5000,1162.4,9,10,145637
8751442,2018,xc,2018-10-06,4970,1097.3,28,10,144050
8751442,2018,xc,2018-10-10,5000,1173.4,13,10,144348
8751442,2018,xc,2018-10-24,5000,1125.7,34,10,144232
10584071,2018,xc,2018-08-30,3000,630.4,1,9,150692
10584071,2018,xc,2018-09-08,5000,1081.3,4,9,138966
10584071,2018,xc,2018-09-12,5000,1069.5,18,9,144641
10584071,2018,xc,2018-09-19,5000,1044,22,9,144294
10584071,2018,xc,2018-10-03,5000,1080.2,7,9,145637
10584071,2018,xc,2018-10-06,4970,1004.4,27,9,144050
10584071,2018,xc,2018-10-10,5000,1067.7,10,9,144348
10584071,2018,xc,2018-10-13,5000,1048,99,9,143986
10584071,2018,xc,2018-10-24,5000,1039.8,23,9,144232
10584071,2018,xc,2018-11-03,5000,1047,108,9,144805
13934006,2018,xc,2018-08-30,5000,1138.7,9,10,150692
13934006,2018,xc,2018-09-19,5000,1078,36,10,144294
13934006,2018,xc,2018-10-03,5000,1120.9,15,10,145637
13934006,2018,xc,2018-10-06,4970,1044.6,10,10,144050
13934006,2018,xc,2018-10-10,5000,1112,22,10,144348
13934006,2018,xc,2018-10-13,5000,1118,80,10,143986
13934006,2018,xc,2018-10-24,5000,1105.2,21,10,144232
10584074,2018,xc,2018-08-30,5000,1297.1,17,10,150692
10584074,2018,xc,2018-09-12,5000,1209.2,31,10,144641
10584074,2018,xc,2018-09-19,5000,1198,46,10,144294
10584074,2018,xc,2018-10-03,5000,1223.6,12,10,145637
10584074,2018,xc,2018-10-06,4970,1152.9,45,10,144050
10584074,2018,xc,2018-10-10,5000,1245.6,27,10,144348
10584074,2018,xc,2018-10-13,5000,1182.8,160,10,143986
10584074,2018,xc,2018-10-24,5000,1232.4,19,10,144232
3385511,2018,xc,2018-08-30,5000,1214.6,14,10,150692
3385511,2018,xc,2018-09-12,5000,1145.9,11,10,144641
3385511,2018,xc,2018-09-19,5000,1151,22,10,144294
3385511,2018,xc,2018-10-03,5000,1155.8,8,10,145637
3385511,2018,xc,2018-10-06,4970,1092,25,10,144050
3385511,2018,xc,2018-10-10,5000,1143.5,3,10,144348
3385511,2018,xc,2018-10-13,5000,1141.7,111,10,143986
3385511,2018,xc,2018-10-24,5000,1206.1,67,10,144232
10454028,2018,xc,2018-08-30,5000,1075.3,5,11,150692
10454028,2018,xc,2018-09-08,5000,1046.2,20,11,138966
10454028,2018,xc,2018-09-12,5000,1053.7,15,11,144641
10454028,2018,xc,2018-09-19,5000,1011,13,11,144294
10454028,2018,xc,2018-10-03,5000,1055.7,4,11,145637
10454028,2018,xc,2018-10-06,4970,957.8,9,11,144050
10454028,2018,xc,2018-10-10,5000,1057,7,11,144348
10454028,2018,xc,2018-10-13,5000,1035.4,85,11,143986
10454028,2018,xc,2018-10-24,5000,1050.2,26,11,144232
10454028,2018,xc,2018-11-03,5000,1095,142,11,144805
12172521,2018,xc,2018-08-30,3000,764,7,10,150692
12172521,2018,xc,2018-09-08,5000,1211,28,10,138966
12172521,2018,xc,2018-09-12,5000,1156.3,15,10,144641
12172521,2018,xc,2018-09-19,5000,1199,48,10,144294
12172521,2018,xc,2018-10-03,5000,1140.2,4,10,145637
12172521,2018,xc,2018-10-06,4970,1057,15,10,144050
12172521,2018,xc,2018-10-10,5000,1145.1,5,10,144348
12172521,2018,xc,2018-10-13,5000,1168.4,137,10,143986
12172521,2018,xc,2018-10-24,5000,1129.2,37,10,144232
10388376,2018,xc,2018-09-08,5000,1224.7,34,11,138966
10388376,2018,xc,2018-09-12,5000,1177.3,17,11,144641
10388376,2018,xc,2018-09-19,5000,1180,36,11,144294
10388376,2018,xc,2018-10-03,5000,1154,6,11,145637
10388376,2018,xc,2018-10-06,4970,1154.8,48,11,144050
10388376,2018,xc,2018-10-10,5000,1151.2,7,11,144348
10388376,2018,xc,2018-10-13,5000,1174.2,143,11,143986
10388376,2018,xc,2018-10-24,5000,1104.1,20,11,144232
12172523,2018,xc,2018-08-30,5000,1189,12,10,150692
12172523,2018,xc,2018-09-08,5000,1230.2,38,10,138966
12172523,2018,xc,2018-09-12,5000,1072.9,1,10,144641
12172523,2018,xc,2018-09-19,5000,1155,23,10,144294
12172523,2018,xc,2018-10-03,5000,1151.4,5,10,145637
12172523,2018,xc,2018-10-06,4970,1061.7,16,10,144050
12172523,2018,xc,2018-10-10,5000,1140.2,1,10,144348
12172523,2018,xc,2018-10-13,5000,1107.3,67,10,143986
12172523,2018,xc,2018-10-24,5000,1085.9,12,10,144232
13934007,2018,xc,2018-08-30,3000,961.2,11,10,150692
13934007,2018,xc,2018-09-08,3000,919.6,25,10,138966
13934007,2018,xc,2018-09-12,5000,1500.2,75,10,144641
13934007,2018,xc,2018-09-19,5000,1618,150,10,144294
13934007,2018,xc,2018-10-03,5000,1614.9,35,10,145637
13934007,2018,xc,2018-10-06,4970,1578.7,104,10,144050
13934007,2018,xc,2018-10-10,5000,1606.1,97,10,144348
13934007,2018,xc,2018-10-13,5000,1608.7,348,10,143986
13934007,2018,xc,2018-10-24,5000,1500.2,96,10,144232
11098774,2018,xc,2018-08-30,5000,1351,10,11,150692
11098774,2018,xc,2018-09-08,5000,1304.7,19,11,138966
11098774,2018,xc,2018-09-12,5000,1266.5,25,11,144641
11098774,2018,xc,2018-09-19,5000,1276,34,11,144294
11098774,2018,xc,2018-09-29,5000,1315.1,16,11,144223
11098774,2018,xc,2018-10-03,5000,1371.4,13,11,145637
11098774,2018,xc,2018-10-06,4970,1204.6,2,11,144050
11098774,2018,xc,2018-10-10,5000,1325.9,10,11,144348
11098774,2018,xc,2018-10-13,5000,1332,59,11,143986
11098774,2018,xc,2018-10-24,5000,1295.6,7,11,144232
12939380,2018,xc,2018-08-30,5000,1329.5,7,10,150692
12939380,2018,xc,2018-09-08,5000,1285.6,15,10,138966
12939380,2018,xc,2018-09-12,5000,1245.1,19,10,144641
12939380,2018,xc,2018-09-19,5000,1308,39,10,144294
12939380,2018,xc,2018-09-29,5000,1257.3,3,10,144223
12939380,2018,xc,2018-10-03,5000,1287.6,6,10,145637
12939380,2018,xc,2018-10-06,4970,1203.6,24,10,144050
12939380,2018,xc,2018-10-13,5000,1309.1,43,10,143986
12939380,2018,xc,2018-10-24,5000,1266,3,10,144232
14039042,2018,xc,2018-08-30,5000,1514.9,17,9,150692
14039042,2018,xc,2018-09-08,5000,1478.3,12,9,138966
14039042,2018,xc,2018-09-19,5000,1467,27,9,144294
14039042,2018,xc,2018-10-03,5000,1465.8,6,9,145637
14039042,2018,xc,2018-10-06,4970,1384.7,55,9,144050
14039042,2018,xc,2018-10-10,5000,1477.4,6,9,144348
14039042,2018,xc,2018-10-13,5000,1450.2,140,9,143986
14039042,2018,xc,2018-10-24,5000,1447,46,9,144232
11098783,2018,xc,2018-08-30,5000,1303,5,11,150692
11098783,2018,xc,2018-09-08,5000,1257.2,11,11,138966
11098783,2018,xc,2018-09-12,5000,1207,12,11,144641
11098783,2018,xc,2018-09-19,5000,1217,17,11,144294
11098783,2018,xc,2018-09-29,5000,1236.1,63,11,144223
11098783,2018,xc,2018-10-06,4970,1165.9,15,11,144050
11098783,2018,xc,2018-10-10,5000,1298.1,8,11,144348
11098783,2018,xc,2018-10-13,5000,1238.8,85,11,143986
11098783,2018,xc,2018-10-24,5000,1236.1,19,11,144232
11098783,2018,xc,2018-11-03,5000,1263,109,11,144805
14039039,2018,xc,2018-08-30,3000,824.2,1,10,150692
14039039,2018,xc,2018-09-08,3000,802.7,1,10,138966
14039039,2018,xc,2018-09-19,3000,814,1,10,144294
14039039,2018,xc,2018-10-10,5000,1475.1,5,10,144348
14039039,2018,xc,2018-10-13,5000,1400.6,109,10,143986
14039039,2018,xc,2018-10-24,5000,1373.7,17,10,144232
10392304,2018,xc,2018-09-08,3000,969.4,23,11,138966
10392304,2018,xc,2018-10-06,4970,1730.7,77,11,144050
10392304,2018,xc,2018-10-10,5000,1760.1,40,11,144348
10392304,2018,xc,2018-10-13,5000,1705.4,255,11,143986
10392304,2018,xc,2018-10-24,5000,1693.7,64,11,144232
14081507,2018,xc,2018-09-08,3000,980,24,10,138966
14081507,2018,xc,2018-09-19,3000,946,17,10,144294
14039040,2018,xc,2018-08-30,3000,997.8,5,9,150692
14039040,2018,xc,2018-09-08,3000,909.3,15,9,138966
14039040,2018,xc,2018-09-12,5000,1733.4,62,9,144641
14039040,2018,xc,2018-09-19,5000,1652,75,9,144294
14039040,2018,xc,2018-10-03,5000,1626,16,9,145637
14039040,2018,xc,2018-10-10,5000,1611.5,21,9,144348
14039040,2018,xc,2018-10-13,5000,1533.7,203,9,143986
14039040,2018,xc,2018-10-24,5000,1463.7,9,9,144232
10584102,2018,xc,2018-08-30,5000,1350.8,9,9,150692
10584102,2018,xc,2018-09-08,5000,1306.3,20,9,138966
10584102,2018,xc,2018-09-12,5000,1246.5,22,9,144641
10584102,2018,xc,2018-09-19,5000,1242,23,9,144294
10584102,2018,xc,2018-09-29,5000,1250.1,71,9,144223
10584102,2018,xc,2018-10-03,5000,1261.7,4,9,145637
10584102,2018,xc,2018-10-06,4970,1173.3,16,9,144050
10584102,2018,xc,2018-10-10,5000,1262.9,4,9,144348
10584102,2018,xc,2018-10-13,5000,1214.5,4,9,143986
10584102,2018,xc,2018-10-24,5000,1224,18,9,144232
10584102,2018,xc,2018-11-03,5000,1221,74,9,144805
11098792,2018,xc,2018-08-30,5000,1191,1,11,150692
11098792,2018,xc,2018-09-08,5000,1144.7,1,11,138966
11098792,2018,xc,2018-09-12,5000,1151.8,6,11,144641
11098792,2018,xc,2018-09-19,5000,1125,3,11,144294
11098792,2018,xc,2018-09-29,5000,1121,7,11,144223
11098792,2018,xc,2018-10-06,4970,1070.9,3,11,144050
11098792,2018,xc,2018-10-10,5000,1166.5,2,11,144348
11098792,2018,xc,2018-10-13,5000,1113.2,19,11,143986
11098792,2018,xc,2018-10-24,5000,1103.5,2,11,144232
11098792,2018,xc,2018-11-03,5000,1093,9,11,144805
11098792,2018,xc,2018-11-10,5000,1124.1,38,11,146187
8623853,2018,xc,2018-08-30,5000,1298.9,4,12,150692
8623853,2018,xc,2018-09-08,5000,1237.2,9,12,138966
8623853,2018,xc,2018-09-12,5000,1279.5,27,12,144641
8623853,2018,xc,2018-09-19,5000,1241,22,12,144294
8623853,2018,xc,2018-09-29,5000,1264.3,81,12,144223
8623853,2018,xc,2018-10-03,5000,1258,3,12,145637
8623853,2018,xc,2018-10-06,4970,1147.1,12,12,144050
8623853,2018,xc,2018-10-10,5000,1273.5,6,12,144348
8623853,2018,xc,2018-10-13,5000,1238.6,84,12,143986
8623853,2018,xc,2018-10-24,5000,1206.5,14,12,144232
8623853,2018,xc,2018-11-03,5000,1234,86,12,144805
14039207,2018,xc,2018-09-08,3000,1033.6,27,11,138966
14039207,2018,xc,2018-09-19,3000,993,22,11,144294
14039207,2018,xc,2018-10-24,5000,1857.5,74,11,144232
12181930,2018,xc,2018-08-30,5000,1553.5,18,12,150692
12181930,2018,xc,2018-09-08,5000,1541.7,16,12,138966
12181930,2018,xc,2018-09-12,5000,1461,14,12,144641
12181930,2018,xc,2018-09-19,5000,1468,28,12,144294
12181930,2018,xc,2018-10-03,5000,1528.9,10,12,145637
12181930,2018,xc,2018-10-10,5000,1617.5,22,12,144348
12181930,2018,xc,2018-10-13,5000,1537.1,204,12,143986
12978036,2018,xc,2018-09-08,5000,1325.6,1,10,138966
12978036,2018,xc,2018-09-12,5000,1281.3,29,10,144641
12978036,2018,xc,2018-09-19,5000,1264,32,10,144294
12978036,2018,xc,2018-09-29,5000,1359.7,23,10,144223
12978036,2018,xc,2018-10-03,5000,1389.8,16,10,145637
12978036,2018,xc,2018-10-06,4970,1310.3,7,10,144050
12978036,2018,xc,2018-10-10,5000,1437.3,1,10,144348
12978036,2018,xc,2018-10-24,5000,1378.2,18,10,144232
12939388,2018,xc,2018-08-30,5000,1280.6,3,10,150692
12939388,2018,xc,2018-09-12,5000,1233.3,17,10,144641
12939388,2018,xc,2018-09-19,5000,1206,14,10,144294
12939388,2018,xc,2018-09-29,5000,1255.1,74,10,144223
12939388,2018,xc,2018-10-06,4970,1158.5,14,10,144050
12939388,2018,xc,2018-10-10,5000,1264.3,5,10,144348
12939388,2018,xc,2018-10-13,5000,1252,93,10,143986
12939388,2018,xc,2018-10-24,5000,1222.3,17,10,144232
12939388,2018,xc,2018-11-03,5000,1248,98,10,144805
14039273,2018,xc,2018-09-08,3000,955.5,21,9,138966
14039273,2018,xc,2018-09-12,5000,1719.4,60,9,144641
14039273,2018,xc,2018-09-19,5000,1649,74,9,144294
14039273,2018,xc,2018-10-03,5000,1622.3,15,9,145637
14039273,2018,xc,2018-10-10,5000,1709,37,9,144348
14039273,2018,xc,2018-10-13,5000,1695,254,9,143986
14039273,2018,xc,2018-10-24,5000,1609.8,49,9,144232
10419058,2018,xc,2018-08-30,3000,905.6,2,11,150692
10419058,2018,xc,2018-09-08,5000,1540.9,15,11,138966
10419058,2018,xc,2018-09-12,5000,1538.8,44,11,144641
10419058,2018,xc,2018-09-19,5000,1524,50,11,144294
10419058,2018,xc,2018-10-03,5000,1666.8,19,11,145637
10419058,2018,xc,2018-10-06,4970,1482.1,45,11,144050
10419058,2018,xc,2018-10-10,5000,1589.4,17,11,144348
10419058,2018,xc,2018-10-13,5000,1556.6,212,11,143986
10419058,2018,xc,2018-10-24,5000,1530.2,24,11,144232
14039311,2018,xc,2018-09-08,5000,1338.8,3,12,138966
14039311,2018,xc,2018-09-12,5000,1362.8,2,12,144641
14039311,2018,xc,2018-10-06,4970,1287.4,5,12,144050
14039311,2018,xc,2018-10-10,5000,1438.6,2,12,144348
14039311,2018,xc,2018-10-13,5000,1431.2,133,12,143986
14039311,2018,xc,2018-10-24,5000,1363.4,14,12,144232
11098808,2018,xc,2018-08-30,5000,1351.5,11,11,150692
11098808,2018,xc,2018-09-08,5000,1334,27,11,138966
11098808,2018,xc,2018-09-12,5000,1324.8,34,11,144641
11098808,2018,xc,2018-09-19,5000,1304,2,11,144294
11098808,2018,xc,2018-09-29,5000,1323.2,21,11,144223
11098808,2018,xc,2018-10-03,5000,1361.9,12,11,145637
11098808,2018,xc,2018-10-06,4970,1250.7,3,11,144050
11098808,2018,xc,2018-10-10,5000,1356.1,14,11,144348
11098808,2018,xc,2018-10-13,5000,1315.4,47,11,143986
11098808,2018,xc,2018-10-24,5000,1292.1,6,11,144232
12181931,2018,xc,2018-08-30,5000,1410.2,14,10,150692
12181931,2018,xc,2018-09-08,5000,1327,2,10,138966
12181931,2018,xc,2018-09-12,5000,1291.1,1,10,144641
12181931,2018,xc,2018-09-19,5000,1312,3,10,144294
12181931,2018,xc,2018-09-29,5000,1287.3,5,10,144223
12181931,2018,xc,2018-10-03,5000,1290.4,7,10,145637
12181931,2018,xc,2018-10-06,4970,1192.9,1,10,144050
12181931,2018,xc,2018-10-13,5000,1269,19,10,143986
12181931,2018,xc,2018-10-24,5000,1245.1,1,10,144232
8751435,2018,xc,2018-08-30,5000,1347.9,8,10,150692
8751435,2018,xc,2018-09-08,5000,1311.5,22,10,138966
12957980,2018,xc,2018-09-08,5000,1438.7,9,10,138966
12957980,2018,xc,2018-09-12,5000,1383.8,4,10,144641
12957980,2018,xc,2018-09-19,5000,1375,6,10,144294
14039378,2018,xc,2018-09-08,3000,1021.7,26,11,138966
14039378,2018,xc,2018-09-12,3000,988.5,17,11,144641
14039378,2018,xc,2018-10-24,5000,1923.7,75,11,144232
10392308,2018,xc,2018-08-30,3000,939.4,3,11,150692
10392308,2018,xc,2018-09-08,3000,874.2,5,11,138966
10392308,2018,xc,2018-09-12,5000,1493.8,25,11,144641
10392308,2018,xc,2018-09-19,5000,1554,60,11,144294
10392308,2018,xc,2018-10-03,5000,1503.2,8,11,145637
10392308,2018,xc,2018-10-06,4970,1399.3,24,11,144050
10392308,2018,xc,2018-10-10,5000,1635.8,23,11,144348
10392308,2018,xc,2018-10-13,5000,1557.5,213,11,143986
10392308,2018,xc,2018-10-24,5000,1525.9,22,11,144232
9372720,2018,xc,2018-08-30,3000,971.8,4,12,150692
9372720,2018,xc,2018-09-08,3000,879.1,7,12,138966
9372720,2018,xc,2018-09-12,5000,1535.8,41,12,144641
9372720,2018,xc,2018-09-19,5000,1521,48,12,144294
9372720,2018,xc,2018-10-03,5000,1551.1,12,12,145637
9372720,2018,xc,2018-10-06,4970,1457.2,41,12,144050
9372720,2018,xc,2018-10-10,5000,1639.1,24,12,144348
9372720,2018,xc,2018-10-13,5000,1515.6,194,12,143986
9372720,2018,xc,2018-10-24,5000,1523.8,21,12,144232
5995090,2018,xc,2018-08-30,5000,1424.6,15,11,150692
5995090,2018,xc,2018-09-08,5000,1381,4,11,138966
5995090,2018,xc,2018-09-19,5000,1367,4,11,144294
5995090,2018,xc,2018-10-03,5000,1393.5,17,11,145637
5995090,2018,xc,2018-10-06,4970,1310.8,8,11,144050
12181936,2018,xc,2018-08-30,5000,1210.7,2,10,150692
12181936,2018,xc,2018-09-08,5000,1145.4,2,10,138966
12181936,2018,xc,2018-09-12,5000,1150.7,5,10,144641
12181936,2018,xc,2018-09-19,5000,1134,4,10,144294
12181936,2018,xc,2018-09-29,5000,1166.9,28,10,144223
12181936,2018,xc,2018-10-06,4970,1088.3,4,10,144050
12181936,2018,xc,2018-10-10,5000,1238.8,3,10,144348
12181936,2018,xc,2018-10-13,5000,1141.8,32,10,143986
12181936,2018,xc,2018-10-24,5000,1147.9,6,10,144232
12181936,2018,xc,2018-11-03,5000,1157,34,10,144805
10392310,2018,xc,2018-08-30,5000,1592.3,19,11,150692
10392310,2018,xc,2018-09-08,5000,1456.5,10,11,138966
10392310,2018,xc,2018-09-12,5000,1429.4,8,11,144641
10392310,2018,xc,2018-09-19,5000,1412,12,11,144294
10392310,2018,xc,2018-10-03,5000,1424.9,2,11,145637
10392310,2018,xc,2018-10-06,4970,1377.3,22,11,144050
10392310,2018,xc,2018-10-10,5000,1460.5,4,11,144348
10392310,2018,xc,2018-10-13,5000,1410.9,118,11,143986
10392310,2018,xc,2018-10-24,5000,1387.4,25,11,144232
10428672,2018,xc,2018-08-30,5000,1366.3,12,12,150692
10428672,2018,xc,2018-09-08,5000,1274.9,13,12,138966
10428672,2018,xc,2018-09-12,5000,1245.9,21,12,144641
10428672,2018,xc,2018-09-19,5000,1246,26,12,144294
10428672,2018,xc,2018-09-29,5000,1262,6,12,144223
10428672,2018,xc,2018-10-03,5000,1271,5,12,145637
10428672,2018,xc,2018-10-06,4970,1157.7,13,12,144050
10428672,2018,xc,2018-10-10,5000,1298.3,9,12,144348
10428672,2018,xc,2018-10-13,5000,1254.7,97,12,143986
10428672,2018,xc,2018-10-24,5000,1274.8,4,12,144232
12336581,2018,xc,2018-08-30,5000,1320.5,6,9,150692
12336581,2018,xc,2018-09-08,5000,1284.4,14,9,138966
12336581,2018,xc,2018-09-19,5000,1237,20,9,144294
12336581,2018,xc,2018-09-29,5000,1215.7,49,9,144223
12336581,2018,xc,2018-10-03,5000,1244.5,2,9,145637
12336581,2018,xc,2018-10-06,4970,1129.1,9,9,144050
12336581,2018,xc,2018-10-13,5000,1211.5,69,9,143986
12336581,2018,xc,2018-10-24,5000,1176.7,9,9,144232
12336581,2018,xc,2018-11-03,5000,1175,43,9,144805
10419059,2018,xc,2018-08-30,5000,1366.8,13,12,150692
10419059,2018,xc,2018-09-08,5000,1319.7,25,12,138966
10419059,2018,xc,2018-09-12,5000,1276.9,26,12,144641
10419059,2018,xc,2018-09-19,5000,1273,33,12,144294
10419059,2018,xc,2018-09-29,5000,1282,10,12,144223
10419059,2018,xc,2018-10-10,5000,1366.3,16,12,144348
10419059,2018,xc,2018-10-13,5000,1268.3,18,12,143986
10419059,2018,xc,2018-10-24,5000,1253,2,12,144232
12181937,2018,xc,2018-09-08,3000,957.2,22,10,138966
12181937,2018,xc,2018-09-12,5000,1679.6,58,10,144641
12181937,2018,xc,2018-09-19,3000,936,15,10,144294
12181937,2018,xc,2018-10-10,5000,1706.6,36,10,144348
12181937,2018,xc,2018-10-24,5000,1637.4,54,10,144232
12181939,2018,xc,2018-08-30,5000,1499.2,16,11,150692
12181939,2018,xc,2018-09-08,5000,1391.9,5,11,138966
12181939,2018,xc,2018-09-12,5000,1372.4,3,11,144641
12181939,2018,xc,2018-10-03,5000,1412.6,1,11,145637
12181939,2018,xc,2018-10-10,5000,1452.1,3,11,144348
12181939,2018,xc,2018-10-13,5000,1419,126,11,143986
12181939,2018,xc,2018-10-24,5000,1366.9,15,11,144232
12939322,2019,xc,2019-08-30,3000,626.4,68,11,156409
12939322,2019,xc,2019-09-07,5000,1089.5,22,11,156554
12939322,2019,xc,2019-09-11,5000,1095.1,38,11,156830
12939322,2019,xc,2019-09-20,5000,1065.4,7,11,155525
12939322,2019,xc,2019-09-25,5000,1074,17,11,156438
12939322,2019,xc,2019-09-28,5000,1088.4,58,11,154117
12939322,2019,xc,2019-10-05,4828,1026.8,9,11,156551
12939322,2019,xc,2019-10-08,5000,1096.2,35,11,157409
12939322,2019,xc,2019-10-16,5000,1100.6,33,11,156834
12939322,2019,xc,2019-10-30,5000,1100.2,20,11,156831
10584047,2019,xc,2019-08-30,3000,656,26,9,156409
10584047,2019,xc,2019-09-07,5000,1129.7,5,9,156554
10584047,2019,xc,2019-09-11,5000,1161.2,5,9,156830
10584047,2019,xc,2019-09-20,5000,1145.2,65,9,155525
10584047,2019,xc,2019-09-28,5000,1153.2,49,9,154117
10584047,2019,xc,2019-10-08,5000,1121.1,7,9,157409
10584047,2019,xc,2019-10-16,5000,1115.8,14,9,156834
10584047,2019,xc,2019-10-30,5000,1115.5,32,9,156831
10584096,2019,xc,2019-08-30,3000,745.6,96,9,156409
10584096,2019,xc,2019-09-07,3000,714.7,5,9,156554
10584096,2019,xc,2019-09-11,5000,1371.4,83,9,156830
10584096,2019,xc,2019-09-25,5000,1267,41,9,156438
10584096,2019,xc,2019-09-28,5000,1264.4,156,9,154117
10584096,2019,xc,2019-10-04,5000,1242,27,9,157589
10584096,2019,xc,2019-10-08,5000,1224.7,34,9,157409
10584096,2019,xc,2019-10-16,5000,1197.3,48,9,156834
10584096,2019,xc,2019-10-30,5000,1212.2,83,9,156831
15799940,2019,xc,2019-09-07,3000,797.2,21,9,156554
15799940,2019,xc,2019-09-11,3000,811.2,23,9,156830
15799940,2019,xc,2019-09-20,5000,1384.8,436,9,155525
15799940,2019,xc,2019-09-28,5000,1311.4,200,9,154117
15799940,2019,xc,2019-10-04,5000,1704.4,137,9,157589
15799940,2019,xc,2019-10-08,5000,1347.8,57,9,157409
15799940,2019,xc,2019-10-16,5000,1301,80,9,156834
12939318,2019,xc,2019-09-07,5000,1263.2,30,11,156554
12939318,2019,xc,2019-09-20,5000,1254.3,249,11,155525
12939318,2019,xc,2019-10-08,5000,1206.3,30,11,157409
12939318,2019,xc,2019-10-16,5000,1160,38,11,156834
12939318,2019,xc,2019-10-30,5000,1227.8,88,11,156831
15737472,2019,xc,2019-08-30,3000,677.3,80,10,156409
15737472,2019,xc,2019-09-07,5000,1184.3,13,10,156554
15737472,2019,xc,2019-09-11,5000,1209.1,25,10,156830
15737472,2019,xc,2019-09-20,5000,1168.7,107,10,155525
15737472,2019,xc,2019-09-25,5000,1157,17,10,156438
15737472,2019,xc,2019-09-28,5000,1142.8,43,10,154117
15737472,2019,xc,2019-10-08,5000,1147.2,11,10,157409
15737472,2019,xc,2019-10-16,5000,1147.7,28,10,156834
15737472,2019,xc,2019-10-30,5000,1164.3,58,10,156831
9614853,2019,xc,2019-08-30,3000,708.1,72,10,156409
9614853,2019,xc,2019-09-07,5000,1236,25,10,156554
9614853,2019,xc,2019-09-11,5000,1298.6,57,10,156830
9614853,2019,xc,2019-09-20,5000,1198.1,160,10,155525
9614853,2019,xc,2019-09-25,5000,1218,32,10,156438
9614853,2019,xc,2019-09-28,5000,1230.1,118,10,154117
9614853,2019,xc,2019-10-04,5000,1242.5,77,10,157589
9614853,2019,xc,2019-10-08,5000,1174.1,19,10,157409
9614853,2019,xc,2019-10-16,5000,1177.9,44,10,156834
9614853,2019,xc,2019-10-30,5000,1203,78,10,156831
11449905,2019,xc,2019-08-30,3000,818.7,127,9,156409
11449905,2019,xc,2019-09-07,3000,794.2,20,9,156554
11449905,2019,xc,2019-09-11,3000,804.1,21,9,156830
11449905,2019,xc,2019-09-20,5000,1401.7,454,9,155525
11449905,2019,xc,2019-09-25,5000,1435,75,9,156438
11449905,2019,xc,2019-09-28,5000,1443.4,312,9,154117
11449905,2019,xc,2019-10-04,5000,1450.9,112,9,157589
11449905,2019,xc,2019-10-08,5000,1458.7,67,9,157409
11449905,2019,xc,2019-10-16,5000,1366.4,96,9,156834
11449905,2019,xc,2019-10-30,5000,1341.2,47,9,156831
12958041,2019,xc,2019-08-30,3000,684.4,117,11,156409
12958041,2019,xc,2019-09-07,5000,1206.2,18,11,156554
12958041,2019,xc,2019-09-11,5000,1193.3,20,11,156830
12958041,2019,xc,2019-09-20,5000,1201.1,168,11,155525
12958041,2019,xc,2019-09-28,5000,1164.2,61,11,154117
12958041,2019,xc,2019-10-30,5000,1154,50,11,156831
8751429,2019,xc,2019-08-30,3000,633.6,40,10,156409
8751429,2019,xc,2019-09-07,5000,1040.8,13,10,156554
8751429,2019,xc,2019-09-11,5000,1061.8,20,10,156830
8751429,2019,xc,2019-09-20,5000,1037.3,79,10,155525
8751429,2019,xc,2019-09-25,5000,1041,8,10,156438
8751429,2019,xc,2019-09-28,5000,1048.6,72,10,154117
8751429,2019,xc,2019-10-05,4828,1017.9,22,10,156551
8751429,2019,xc,2019-10-08,5000,1027.3,15,10,157409
8751429,2019,xc,2019-10-16,5000,1024.5,13,10,156834
8751429,2019,xc,2019-10-30,5000,1017.6,12,10,156831
8751429,2019,xc,2019-11-09,5000,1001.8,93,10,156142
8751429,2019,xc,2019-11-16,5000,1078,408,10,157367
5995071,2019,xc,2019-08-30,3000,637.7,76,12,156409
5995071,2019,xc,2019-09-07,5000,1114.2,30,12,156554
5995071,2019,xc,2019-09-11,5000,1109.5,49,12,156830
5995071,2019,xc,2019-09-20,5000,1089.2,20,12,155525
5995071,2019,xc,2019-09-25,5000,1081,20,12,156438
5995071,2019,xc,2019-09-28,5000,1099.7,82,12,154117
5995071,2019,xc,2019-10-08,5000,1082.4,3,12,157409
5995071,2019,xc,2019-10-16,5000,1072.8,4,12,156834
5995071,2019,xc,2019-10-30,5000,1086.8,14,12,156831
9614858,2019,xc,2019-09-07,5000,1108.9,28,12,156554
9614858,2019,xc,2019-09-11,5000,1102.7,43,12,156830
9614858,2019,xc,2019-09-20,5000,1066.9,8,12,155525
9614858,2019,xc,2019-09-25,5000,1071,16,12,156438
9614858,2019,xc,2019-09-28,5000,1080.3,43,12,154117
9614858,2019,xc,2019-10-05,4828,1016.2,5,12,156551
9614858,2019,xc,2019-10-16,5000,1056.8,22,12,156834
9614858,2019,xc,2019-10-30,5000,1049.6,1,12,156831
8751432,2019,xc,2019-08-30,3000,686.2,88,10,156409
8751432,2019,xc,2019-09-07,5000,1155.8,9,10,156554
8751432,2019,xc,2019-09-11,5000,1185.5,15,10,156830
8751432,2019,xc,2019-09-20,5000,1120.7,39,10,155525
8751432,2019,xc,2019-09-25,5000,1130,10,10,156438
8751432,2019,xc,2019-10-04,5000,1149.6,34,10,157589
8751432,2019,xc,2019-10-08,5000,1155.1,14,10,157409
8751432,2019,xc,2019-10-16,5000,1154.4,34,10,156834
8751432,2019,xc,2019-10-30,5000,1155.6,52,10,156831
10388357,2019,xc,2019-08-30,3000,574.7,23,12,156409
15799943,2019,xc,2019-08-30,3000,995,215,9,156409
15799943,2019,xc,2019-09-07,3000,959.9,41,9,156554
15799943,2019,xc,2019-09-20,5000,1695.2,600,9,155525
15799943,2019,xc,2019-09-28,3000,968.8,152,9,154117
15799943,2019,xc,2019-10-08,5000,1581.6,75,9,157409
15799943,2019,xc,2019-10-16,5000,1619.2,118,9,156834
15799943,2019,xc,2019-10-30,5000,1524.8,70,9,156831
27032743,2019,xc,2019-09-07,5000,1047.3,15,9,156554
27032743,2019,xc,2019-09-11,5000,1066.5,24,9,156830
27032743,2019,xc,2019-09-20,5000,1043.2,84,9,155525
27032743,2019,xc,2019-09-25,5000,1053,10,9,156438
27032743,2019,xc,2019-09-28,5000,1047.2,7,9,154117
27032743,2019,xc,2019-10-05,4828,988.4,9,9,156551
27032743,2019,xc,2019-10-08,5000,1017.2,12,9,157409
27032743,2019,xc,2019-10-16,5000,1024.1,12,9,156834
27032743,2019,xc,2019-10-30,5000,1020.8,15,9,156831
27032743,2019,xc,2019-11-09,5000,1015.6,108,9,156142
27032743,2019,xc,2019-11-16,5000,1075.1,387,9,157367
23914897,2019,xc,2019-08-30,3000,584,7,10,156409
23914897,2019,xc,2019-09-07,5000,999.8,6,10,156554
23914897,2019,xc,2019-09-11,5000,1029.2,5,10,156830
23914897,2019,xc,2019-09-20,5000,987.5,24,10,155525
23914897,2019,xc,2019-09-28,5000,1046.6,70,10,154117
23914897,2019,xc,2019-10-05,4828,975.8,40,10,156551
23914897,2019,xc,2019-10-08,5000,1012.9,10,10,157409
23914897,2019,xc,2019-10-16,5000,1002.6,5,10,156834
23914897,2019,xc,2019-10-30,5000,1013.9,11,10,156831
23914897,2019,xc,2019-11-09,5000,1031.7,123,10,156142
23914897,2019,xc,2019-11-16,5000,1038.4,182,10,157367
8751437,2019,xc,2019-08-30,3000,667.1,72,10,156409
8751437,2019,xc,2019-09-07,5000,1112.5,4,10,156554
8751437,2019,xc,2019-09-11,5000,1131,56,10,156830
8751437,2019,xc,2019-09-20,5000,1113.2,31,10,155525
8751437,2019,xc,2019-09-25,5000,1099,4,10,156438
8751437,2019,xc,2019-09-28,5000,1073.4,8,10,154117
8751437,2019,xc,2019-10-04,5000,1121.6,19,10,157589
8751437,2019,xc,2019-10-08,5000,1082.2,28,10,157409
8751437,2019,xc,2019-10-16,5000,1061.8,3,10,156834
8751437,2019,xc,2019-10-30,5000,1084.7,12,10,156831
10584059,2019,xc,2019-08-30,3000,672.9,108,11,156409
10584059,2019,xc,2019-09-07,5000,1178.4,11,11,156554
10584059,2019,xc,2019-09-11,5000,1237.6,36,11,156830
10584059,2019,xc,2019-09-20,5000,1155,77,11,155525
10584059,2019,xc,2019-09-28,5000,1159.3,55,11,154117
10584059,2019,xc,2019-10-16,5000,1150.4,31,11,156834
10584059,2019,xc,2019-10-30,5000,1240.6,91,11,156831
10584097,2019,xc,2019-09-07,3000,767.9,13,9,156554
10584097,2019,xc,2019-09-11,3000,774.9,18,9,156830
10584097,2019,xc,2019-09-25,5000,1328,57,9,156438
10584097,2019,xc,2019-09-28,5000,1260.7,151,9,154117
10584097,2019,xc,2019-10-04,5000,1299,54,9,157589
10584097,2019,xc,2019-10-08,5000,1271.5,42,9,157409
10584097,2019,xc,2019-10-16,5000,1231.6,63,9,156834
10584097,2019,xc,2019-10-30,5000,1174.6,3,9,156831
17562144,2019,xc,2019-08-30,3000,648.9,82,12,156409
17562144,2019,xc,2019-09-07,5000,1106.5,26,12,156554
17562144,2019,xc,2019-09-11,5000,1104.6,45,12,156830
17562144,2019,xc,2019-09-20,5000,1084.7,16,12,155525
17562144,2019,xc,2019-09-25,5000,1071,15,12,156438
17562144,2019,xc,2019-09-28,5000,1095.8,74,12,154117
17562144,2019,xc,2019-10-04,5000,1103.2,10,12,157589
17562144,2019,xc,2019-10-08,5000,1131.1,45,12,157409
17562144,2019,xc,2019-10-16,5000,1066.6,26,12,156834
17562144,2019,xc,2019-10-30,5000,1079.2,9,12,156831
12939329,2019,xc,2019-08-30,3000,661,99,11,156409
12939329,2019,xc,2019-09-07,5000,1094.9,1,11,156554
12939329,2019,xc,2019-09-11,5000,1104.9,46,11,156830
12939329,2019,xc,2019-09-20,5000,1104.7,28,11,155525
12939329,2019,xc,2019-09-25,5000,1069,14,11,156438
12939329,2019,xc,2019-09-28,5000,1070.7,32,11,154117
12939329,2019,xc,2019-10-05,4828,1050,19,11,156551
12939329,2019,xc,2019-10-08,5000,1126.2,42,11,157409
12939329,2019,xc,2019-10-16,5000,1094.9,32,11,156834
12939329,2019,xc,2019-10-30,5000,1124.7,37,11,156831
10584064,2019,xc,2019-08-30,3000,761.6,52,10,156409
10584064,2019,xc,2019-09-07,3000,710.8,4,10,156554
10584064,2019,xc,2019-09-20,5000,1271.1,276,10,155525
10584064,2019,xc,2019-09-25,5000,1202,25,10,156438
10584064,2019,xc,2019-09-28,5000,1306.2,180,10,154117
10584064,2019,xc,2019-10-04,5000,1226.4,16,10,157589
10584064,2019,xc,2019-10-08,5000,1185.2,22,10,157409
10584064,2019,xc,2019-10-16,5000,1178.5,45,10,156834
10584064,2019,xc,2019-10-30,5000,1167.1,59,10,156831
11678616,2019,xc,2019-08-30,3000,602.7,20,10,156409
11678616,2019,xc,2019-09-07,5000,1034.9,12,10,156554
11678616,2019,xc,2019-09-11,5000,1047.3,14,10,156830
11678616,2019,xc,2019-09-20,5000,1037.7,81,10,155525
11678616,2019,xc,2019-09-28,5000,1095.7,139,10,154117
11678616,2019,xc,2019-10-05,4828,1019.3,25,10,156551
11678616,2019,xc,2019-10-08,5000,1048,19,10,157409
11678616,2019,xc,2019-10-16,5000,1040.2,17,10,156834
11678616,2019,xc,2019-10-30,5000,1036.7,19,10,156831
11678616,2019,xc,2019-11-09,5000,1034.4,126,10,156142
11678616,2019,xc,2019-11-16,5000,1073.5,376,10,157367
15791838,2019,xc,2019-08-30,3000,759,104,9,156409
15791838,2019,xc,2019-09-07,3000,740.3,10,9,156554
15791838,2019,xc,2019-09-11,3000,755.3,16,9,156830
15791838,2019,xc,2019-09-20,5000,1328.6,366,9,155525
15791838,2019,xc,2019-09-25,5000,1277,44,9,156438
15791838,2019,xc,2019-09-28,5000,1280,176,9,154117
15791838,2019,xc,2019-10-04,5000,1263.6,38,9,157589
15791838,2019,xc,2019-10-08,5000,1222.7,33,9,157409
15791838,2019,xc,2019-10-16,5000,1256.3,72,9,156834
15791838,2019,xc,2019-10-30,5000,1237.7,15,9,156831
10589619,2019,xc,2019-09-07,3000,724.5,6,9,156554
10589619,2019,xc,2019-09-11,5000,1314,66,9,156830
10589619,2019,xc,2019-09-20,5000,1283.3,299,9,155525
10589619,2019,xc,2019-09-25,5000,1271,43,9,156438
10589619,2019,xc,2019-09-28,5000,1254.9,143,9,154117
10589619,2019,xc,2019-10-04,5000,1248.7,33,9,157589
10589619,2019,xc,2019-10-08,5000,1216.6,31,9,157409
10589619,2019,xc,2019-10-16,5000,1209.2,56,9,156834
10589619,2019,xc,2019-10-30,5000,1228.8,13,9,156831
10208896,2019,xc,2019-08-30,3000,551.5,5,12,156409
10208896,2019,xc,2019-09-07,5000,951.5,1,12,156554
10208896,2019,xc,2019-09-11,5000,997,1,12,156830
10208896,2019,xc,2019-09-20,5000,941.7,5,12,155525
10208896,2019,xc,2019-10-05,4828,923.9,5,12,156551
10208896,2019,xc,2019-10-08,5000,945.2,2,12,157409
10208896,2019,xc,2019-10-16,5000,948.4,1,12,156834
10208896,2019,xc,2019-10-30,5000,960.4,1,12,156831
10208896,2019,xc,2019-11-09,5000,921.4,6,12,156142
10208896,2019,xc,2019-11-16,5000,978.5,67,12,157367
14500729,2019,xc,2019-08-30,3000,779.6,69,9,156409
14500729,2019,xc,2019-09-07,3000,702.6,1,9,156554
14500729,2019,xc,2019-09-11,5000,1343,74,9,156830
14500729,2019,xc,2019-09-20,5000,1310.2,336,9,155525
14500729,2019,xc,2019-09-25,5000,1265,40,9,156438
14500729,2019,xc,2019-09-28,5000,1278,172,9,154117
14500729,2019,xc,2019-10-04,5000,1282.7,45,9,157589
14500729,2019,xc,2019-10-08,5000,1242,37,9,157409
14500729,2019,xc,2019-10-16,5000,1243.6,68,9,156834
14500729,2019,xc,2019-10-30,5000,1214.1,9,9,156831
12172519,2019,xc,2019-08-30,3000,619.1,64,11,156409
12172519,2019,xc,2019-09-07,5000,1095.3,24,11,156554
12172519,2019,xc,2019-09-11,5000,1110,50,11,156830
12172519,2019,xc,2019-09-20,5000,1074.6,12,11,155525
12172519,2019,xc,2019-09-25,5000,1094,21,11,156438
12172519,2019,xc,2019-09-28,5000,1089.7,63,11,154117
12172519,2019,xc,2019-10-08,5000,1061.6,22,11,157409
12172519,2019,xc,2019-10-16,5000,1062.7,25,11,156834
12172519,2019,xc,2019-10-30,5000,1056.6,3,11,156831
10584068,2019,xc,2019-09-07,5000,1054.3,16,11,156554
10584068,2019,xc,2019-09-11,5000,1064.6,23,11,156830
10584068,2019,xc,2019-09-20,5000,1043.7,86,11,155525
10584068,2019,xc,2019-09-25,5000,1046,9,11,156438
10584068,2019,xc,2019-09-28,5000,1073.6,110,11,154117
10584068,2019,xc,2019-10-05,4828,1012.5,14,11,156551
10584068,2019,xc,2019-10-30,5000,1057.1,4,11,156831
8751442,2019,xc,2019-08-30,3000,664.5,30,11,156409
8751442,2019,xc,2019-09-11,5000,1233,35,11,156830
8751442,2019,xc,2019-09-20,5000,1194.8,150,11,155525
8751442,2019,xc,2019-09-25,5000,1169,19,11,156438
8751442,2019,xc,2019-09-28,5000,1168.3,69,11,154117
8751442,2019,xc,2019-10-04,5000,1203.3,63,11,157589
8751442,2019,xc,2019-10-08,5000,1125.1,8,11,157409
8751442,2019,xc,2019-10-16,5000,1138.1,25,11,156834
8751442,2019,xc,2019-10-30,5000,1127.1,39,11,156831
10584071,2019,xc,2019-09-20,5000,996.7,33,10,155525
10584071,2019,xc,2019-09-25,5000,987,2,10,156438
10584071,2019,xc,2019-09-28,5000,1023.3,39,10,154117
10584071,2019,xc,2019-10-05,4828,954.9,25,10,156551
10584071,2019,xc,2019-10-08,5000,983.2,8,10,157409
10584071,2019,xc,2019-10-16,5000,974.3,2,10,156834
10584071,2019,xc,2019-10-30,5000,981.3,2,10,156831
10584071,2019,xc,2019-11-09,5000,986.6,73,10,156142
10584071,2019,xc,2019-11-16,5000,1047.1,219,10,157367
10614844,2019,xc,2019-08-30,3000,843.8,136,9,156409
10614844,2019,xc,2019-09-07,3000,780.4,16,9,156554
10614844,2019,xc,2019-09-11,3000,812.2,24,9,156830
10614844,2019,xc,2019-09-20,5000,1411.7,463,9,155525
10614844,2019,xc,2019-09-25,5000,1421,72,9,156438
10614844,2019,xc,2019-10-08,5000,1407,65,9,157409
10614844,2019,xc,2019-10-16,5000,1372.8,99,9,156834
10614844,2019,xc,2019-10-30,5000,1373.7,52,9,156831
3385511,2019,xc,2019-08-30,3000,717.5,81,11,156409
3385511,2019,xc,2019-09-20,5000,1168.4,105,11,155525
3385511,2019,xc,2019-09-25,5000,1204,27,11,156438
3385511,2019,xc,2019-10-04,5000,1192.3,59,11,157589
3385511,2019,xc,2019-10-08,5000,1193.2,25,11,157409
3385511,2019,xc,2019-10-16,5000,1157.8,37,11,156834
3385511,2019,xc,2019-10-30,5000,1135.7,41,11,156831
10454028,2019,xc,2019-08-30,3000,591.2,33,12,156409
10454028,2019,xc,2019-09-07,5000,1054.8,17,12,156554
10454028,2019,xc,2019-09-11,5000,1052.2,17,12,156830
10454028,2019,xc,2019-09-20,5000,1035,74,12,155525
10454028,2019,xc,2019-09-25,5000,1037,6,12,156438
10454028,2019,xc,2019-09-28,5000,1061.2,85,12,154117
10454028,2019,xc,2019-10-05,4828,985.9,56,12,156551
10454028,2019,xc,2019-10-08,5000,1013.8,11,12,157409
10454028,2019,xc,2019-10-16,5000,1015.2,8,12,156834
10454028,2019,xc,2019-10-30,5000,1052.6,30,12,156831
10454028,2019,xc,2019-11-09,5000,1048.5,137,12,156142
10454028,2019,xc,2019-11-16,5000,1095,504,12,157367
12172521,2019,xc,2019-08-30,3000,696.8,61,11,156409
12172521,2019,xc,2019-09-07,5000,1176.7,10,11,156554
12172521,2019,xc,2019-09-11,5000,1191.8,17,11,156830
12172521,2019,xc,2019-09-20,5000,1156.2,81,11,155525
12172521,2019,xc,2019-09-25,5000,1201,24,11,156438
12172521,2019,xc,2019-09-28,5000,1130.9,29,11,154117
12172521,2019,xc,2019-10-04,5000,1175.2,48,11,157589
12172521,2019,xc,2019-10-08,5000,1106.1,6,11,157409
12172521,2019,xc,2019-10-16,5000,1125.7,18,11,156834
12172521,2019,xc,2019-10-30,5000,1115.3,31,11,156831
10589620,2019,xc,2019-08-30,3000,958.2,196,9,156409
10589620,2019,xc,2019-09-07,3000,920,38,9,156554
10589620,2019,xc,2019-09-11,3000,961.2,54,9,156830
10589620,2019,xc,2019-09-20,5000,1643.5,590,9,155525
10589620,2019,xc,2019-09-25,5000,1625,83,9,156438
10589620,2019,xc,2019-09-28,3000,946.5,142,9,154117
10589620,2019,xc,2019-10-04,5000,1593.4,129,9,157589
10589620,2019,xc,2019-10-08,5000,1535.8,73,9,157409
10589620,2019,xc,2019-10-16,5000,1487.6,108,9,156834
10589620,2019,xc,2019-10-30,5000,1516.8,69,9,156831
15737473,2019,xc,2019-09-07,3000,892,34,9,156554
15737473,2019,xc,2019-09-11,3000,913.4,42,9,156830
15737473,2019,xc,2019-09-28,3000,903,118,9,154117
15737473,2019,xc,2019-10-04,5000,1782,142,9,157589
15737473,2019,xc,2019-10-08,5000,1571.8,74,9,157409
15737473,2019,xc,2019-10-16,5000,1473.7,104,9,156834
15737473,2019,xc,2019-10-30,5000,1497.1,68,9,156831
11449932,2019,xc,2019-08-30,3000,772.4,118,9,156409
11449932,2019,xc,2019-09-07,3000,729.6,7,9,156554
11449932,2019,xc,2019-09-11,5000,1330.6,72,9,156830
11449932,2019,xc,2019-09-25,5000,1304,53,9,156438
11449932,2019,xc,2019-09-28,5000,1300.8,188,9,154117
11449932,2019,xc,2019-10-30,5000,1268.6,23,9,156831
12172523,2019,xc,2019-08-30,3000,647.1,82,11,156409
12172523,2019,xc,2019-09-07,5000,1146.8,6,11,156554
12172523,2019,xc,2019-09-11,5000,1162.8,6,11,156830
12172523,2019,xc,2019-09-20,5000,1076.1,14,11,155525
12172523,2019,xc,2019-09-25,5000,1096,22,11,156438
12172523,2019,xc,2019-09-28,5000,1079.9,9,11,154117
12172523,2019,xc,2019-10-08,5000,1095.3,34,11,157409
12172523,2019,xc,2019-10-16,5000,1076.7,6,11,156834
12172523,2019,xc,2019-10-30,5000,1093.7,17,11,156831
13934007,2019,xc,2019-08-30,3000,895.7,164,11,156409
13934007,2019,xc,2019-09-07,3000,806,23,11,156554
13934007,2019,xc,2019-09-11,5000,1536.7,108,11,156830
13934007,2019,xc,2019-09-20,5000,1520,537,11,155525
13934007,2019,xc,2019-09-25,5000,1561,80,11,156438
13934007,2019,xc,2019-09-28,3000,807.5,43,11,154117
13934007,2019,xc,2019-10-08,5000,1525.7,71,11,157409
13934007,2019,xc,2019-10-16,5000,1464.9,103,11,156834
13934007,2019,xc,2019-10-30,5000,1407.6,55,11,156831
11098774,2019,xc,2019-08-30,3000,761,61,12,156409
11098774,2019,xc,2019-09-07,5000,1345.5,19,12,156554
11098774,2019,xc,2019-09-11,5000,1400.9,47,12,156830
11098774,2019,xc,2019-09-20,5000,1316.3,16,12,155525
11098774,2019,xc,2019-09-25,5000,1380,35,12,156438
11098774,2019,xc,2019-09-28,5000,1365.9,96,12,154117
11098774,2019,xc,2019-10-08,5000,1298.1,20,12,157409
11098774,2019,xc,2019-10-16,5000,1306.5,27,12,156834
11098774,2019,xc,2019-10-30,5000,1312.4,7,12,156831
12939380,2019,xc,2019-08-30,3000,737.4,36,11,156409
12939380,2019,xc,2019-09-07,5000,1333.6,17,11,156554
12939380,2019,xc,2019-09-11,5000,1327.1,35,11,156830
12939380,2019,xc,2019-09-20,5000,1302.3,14,11,155525
12939380,2019,xc,2019-09-25,5000,1307,28,11,156438
12939380,2019,xc,2019-09-28,5000,1334.4,77,11,154117
12939380,2019,xc,2019-10-04,5000,1308.1,5,11,157589
12939380,2019,xc,2019-10-08,5000,1292,17,11,157409
12939380,2019,xc,2019-10-16,5000,1285.6,24,11,156834
12939380,2019,xc,2019-10-30,5000,1345.1,11,11,156831
12939380,2019,xc,2019-11-16,5000,1330.4,374,11,157367
14039042,2019,xc,2019-08-30,3000,796.7,55,10,156409
14039042,2019,xc,2019-09-07,5000,1384.5,2,10,156554
14039042,2019,xc,2019-09-11,5000,1430.9,5,10,156830
14039042,2019,xc,2019-09-20,5000,1362.3,20,10,155525
14039042,2019,xc,2019-09-25,5000,1390,6,10,156438
14039042,2019,xc,2019-09-28,5000,1408.3,122,10,154117
14039042,2019,xc,2019-10-04,5000,1409.7,14,10,157589
14039042,2019,xc,2019-10-08,5000,1369.4,28,10,157409
14039042,2019,xc,2019-10-16,5000,1359.5,1,10,156834
14039042,2019,xc,2019-10-30,5000,1372,19,10,156831
11098783,2019,xc,2019-08-30,3000,747.7,57,12,156409
11098783,2019,xc,2019-09-07,5000,1272.4,10,12,156554
11098783,2019,xc,2019-09-11,5000,1301.1,23,12,156830
11098783,2019,xc,2019-09-20,5000,1262.1,66,12,155525
11098783,2019,xc,2019-09-25,5000,1274,24,12,156438
11098783,2019,xc,2019-09-28,5000,1239.8,114,12,154117
11098783,2019,xc,2019-10-04,5000,1263.5,19,12,157589
11098783,2019,xc,2019-10-16,5000,1251.3,17,12,156834
11098783,2019,xc,2019-10-30,5000,1249.8,21,12,156831
11098783,2019,xc,2019-11-09,5000,1228.7,93,12,156142
11098783,2019,xc,2019-11-16,5000,1263.8,196,12,157367
14039039,2019,xc,2019-09-11,3000,917.5,45,11,156830
15760712,2019,xc,2019-09-07,3000,997,44,9,156554
15760712,2019,xc,2019-09-11,3000,1024.2,67,9,156830
15760712,2019,xc,2019-09-20,5000,1815.2,340,9,155525
15760712,2019,xc,2019-09-28,3000,986.6,137,9,154117
15760712,2019,xc,2019-10-16,5000,1627.4,38,9,156834
15760712,2019,xc,2019-10-30,5000,1568.1,31,9,156831
10392304,2019,xc,2019-09-07,3000,934.8,40,12,156554
10392304,2019,xc,2019-09-11,3000,941.4,51,12,156830
10392304,2019,xc,2019-09-28,3000,971.8,109,12,154117
10392304,2019,xc,2019-10-04,5000,1768.5,86,12,157589
10392304,2019,xc,2019-10-16,5000,1693.7,43,12,156834
10392304,2019,xc,2019-10-30,5000,1692.5,49,12,156831
15927062,2019,xc,2019-09-11,3000,917.5,45,10,156830
15927062,2019,xc,2019-09-20,5000,1561.4,182,10,155525
15927062,2019,xc,2019-09-25,5000,1463,21,10,156438
15927062,2019,xc,2019-09-28,5000,1492,110,10,154117
15927062,2019,xc,2019-10-04,5000,1592.9,56,10,157589
15927062,2019,xc,2019-10-08,5000,1470.4,11,10,157409
15927062,2019,xc,2019-10-16,5000,1499.5,23,10,156834
15927062,2019,xc,2019-10-30,5000,1462.4,6,10,156831
10584102,2019,xc,2019-08-30,3000,746.6,28,10,156409
10584102,2019,xc,2019-09-07,5000,1264.7,7,10,156554
10584102,2019,xc,2019-09-11,5000,1275,16,10,156830
10584102,2019,xc,2019-09-20,5000,1259.8,62,10,155525
10584102,2019,xc,2019-09-25,5000,1249,14,10,156438
10584102,2019,xc,2019-09-28,5000,1247.4,122,10,154117
10584102,2019,xc,2019-10-04,5000,1272.1,26,10,157589
10584102,2019,xc,2019-10-08,5000,1234.8,9,10,157409
10584102,2019,xc,2019-10-16,5000,1254.6,19,10,156834
10584102,2019,xc,2019-10-30,5000,1256.7,3,10,156831
10584102,2019,xc,2019-11-16,5000,1283,253,10,157367
11098792,2019,xc,2019-08-30,3000,634.2,2,12,156409
11098792,2019,xc,2019-09-07,5000,1120.5,1,12,156554
11098792,2019,xc,2019-09-11,5000,1144.1,1,12,156830
11098792,2019,xc,2019-09-20,5000,1111.4,3,12,155525
11098792,2019,xc,2019-09-25,5000,1177,2,12,156438
11098792,2019,xc,2019-09-28,5000,1126.2,23,12,154117
11098792,2019,xc,2019-10-16,5000,1117.2,1,12,156834
11098792,2019,xc,2019-10-30,5000,1093.4,1,12,156831
11098792,2019,xc,2019-11-09,5000,1068.6,10,12,156142
11098792,2019,xc,2019-11-16,5000,1123.8,46,12,157367
12978036,2019,xc,2019-08-30,3000,715.2,22,11,156409
12978036,2019,xc,2019-09-07,5000,1233.6,4,11,156554
12978036,2019,xc,2019-09-20,5000,1271.8,77,11,155525
12978036,2019,xc,2019-09-25,5000,1237,11,11,156438
12978036,2019,xc,2019-09-28,5000,1271.3,137,11,154117
12978036,2019,xc,2019-10-04,5000,1280.9,30,11,157589
12978036,2019,xc,2019-10-16,5000,1237.7,13,11,156834
12978036,2019,xc,2019-10-30,5000,1278.8,36,11,156831
12978036,2019,xc,2019-11-16,5000,1217.2,89,11,157367
12939388,2019,xc,2019-08-30,3000,707.8,18,11,156409
12939388,2019,xc,2019-09-07,5000,1238.5,6,11,156554
12939388,2019,xc,2019-09-11,5000,1273.3,15,11,156830
12939388,2019,xc,2019-09-20,5000,1226.4,48,11,155525
12939388,2019,xc,2019-09-25,5000,1230,9,11,156438
12939388,2019,xc,2019-09-28,5000,1220.1,101,11,154117
12939388,2019,xc,2019-10-04,5000,1243.1,10,11,157589
12939388,2019,xc,2019-10-08,5000,1222.4,4,11,157409
12939388,2019,xc,2019-10-16,5000,1183.7,6,11,156834
12939388,2019,xc,2019-10-30,5000,1221,15,11,156831
12939388,2019,xc,2019-11-09,5000,1200.9,74,11,156142
12939388,2019,xc,2019-11-16,5000,1232.4,128,11,157367
10419058,2019,xc,2019-08-30,3000,878.1,100,12,156409
10419058,2019,xc,2019-09-07,5000,1530.1,11,12,156554
10419058,2019,xc,2019-09-11,5000,1612.4,48,12,156830
10419058,2019,xc,2019-09-20,5000,1507.9,126,12,155525
10419058,2019,xc,2019-09-25,5000,1512,27,12,156438
10419058,2019,xc,2019-09-28,5000,1534.3,139,12,154117
10419058,2019,xc,2019-10-04,5000,1544.9,45,12,157589
10419058,2019,xc,2019-10-16,5000,1482.1,19,12,156834
10419058,2019,xc,2019-10-30,5000,1619.2,41,12,156831
27084195,2019,xc,2019-08-30,3000,840.1,46,9,156409
27084195,2019,xc,2019-09-07,3000,810.5,25,9,156554
27084195,2019,xc,2019-09-11,5000,1601.3,45,9,156830
27084195,2019,xc,2019-09-20,5000,1618.9,227,9,155525
27084195,2019,xc,2019-09-25,5000,1533,31,9,156438
27084195,2019,xc,2019-09-28,5000,1507.8,132,9,154117
27084195,2019,xc,2019-10-08,5000,1439.3,5,9,157409
27084195,2019,xc,2019-10-16,5000,1515.5,27,9,156834
27084195,2019,xc,2019-10-30,5000,1429.5,34,9,156831
11098808,2019,xc,2019-08-30,3000,730.5,39,12,156409
11098808,2019,xc,2019-09-07,5000,1278.6,11,12,156554
11098808,2019,xc,2019-09-11,5000,1337.9,37,12,156830
11098808,2019,xc,2019-09-20,5000,1273.6,9,12,155525
11098808,2019,xc,2019-09-25,5000,1269,23,12,156438
11098808,2019,xc,2019-09-28,5000,1275.4,45,12,154117
11098808,2019,xc,2019-10-04,5000,1275.7,3,12,157589
11098808,2019,xc,2019-10-08,5000,1240.8,10,12,157409
11098808,2019,xc,2019-10-16,5000,1244.7,16,12,156834
11098808,2019,xc,2019-10-30,5000,1262.8,32,12,156831
12181931,2019,xc,2019-08-30,3000,730.5,32,11,156409
12181931,2019,xc,2019-09-07,5000,1279.3,12,11,156554
12181931,2019,xc,2019-09-11,5000,1301.5,24,11,156830
12181931,2019,xc,2019-09-20,5000,1267.9,8,11,155525
12181931,2019,xc,2019-09-25,5000,1267,22,11,156438
12181931,2019,xc,2019-09-28,5000,1268.7,44,11,154117
12181931,2019,xc,2019-10-04,5000,1269.9,22,11,157589
12181931,2019,xc,2019-10-16,5000,1255.6,20,11,156834
12181931,2019,xc,2019-10-30,5000,1248.3,1,11,156831
12181931,2019,xc,2019-11-09,5000,1216.4,84,11,156142
12181931,2019,xc,2019-11-16,5000,1270.3,217,11,157367
11449875,2019,xc,2019-08-30,3000,850.3,55,9,156409
11449875,2019,xc,2019-09-07,3000,828.5,28,9,156554
11449875,2019,xc,2019-09-11,5000,1537.7,31,9,156830
11449875,2019,xc,2019-09-20,5000,1483.4,95,9,155525
11449875,2019,xc,2019-09-25,5000,1429,15,9,156438
11449875,2019,xc,2019-09-28,5000,1433.2,61,9,154117
11449875,2019,xc,2019-10-08,5000,1386.8,2,9,157409
11449875,2019,xc,2019-10-16,5000,1418.5,7,9,156834
11449875,2019,xc,2019-10-30,5000,1439.6,37,9,156831
11135840,2019,xc,2019-10-16,5000,1238.3,14,12,156834
11135840,2019,xc,2019-10-30,5000,1258.1,4,12,156831
10392308,2019,xc,2019-08-30,3000,874.6,99,12,156409
10392308,2019,xc,2019-09-07,5000,1520.7,9,12,156554
10392308,2019,xc,2019-09-11,5000,1629.5,53,12,156830
10392308,2019,xc,2019-09-20,5000,1574.7,192,12,155525
10392308,2019,xc,2019-09-25,5000,1528,30,12,156438
10392308,2019,xc,2019-09-28,5000,1499.9,112,12,154117
10392308,2019,xc,2019-10-04,5000,1592.6,55,12,157589
10392308,2019,xc,2019-10-08,5000,1471.2,12,12,157409
10392308,2019,xc,2019-10-16,5000,1509.5,25,12,156834
10392308,2019,xc,2019-10-30,5000,1518,18,12,156831
15760724,2019,xc,2019-08-30,3000,914.5,73,9,156409
15760724,2019,xc,2019-09-07,3000,852.3,31,9,156554
15760724,2019,xc,2019-09-11,3000,887.1,39,9,156830
15760724,2019,xc,2019-09-20,5000,1584,197,9,155525
15760724,2019,xc,2019-09-25,5000,1539,34,9,156438
15760724,2019,xc,2019-09-28,5000,1570.1,177,9,154117
15760724,2019,xc,2019-10-04,5000,1514.8,36,9,157589
15760724,2019,xc,2019-10-08,5000,1483.9,15,9,157409
15760724,2019,xc,2019-10-16,5000,1515.7,28,9,156834
15760724,2019,xc,2019-10-30,5000,1439.7,3,9,156831
5995090,2019,xc,2019-09-11,5000,1502.2,23,12,156830
5995090,2019,xc,2019-09-20,5000,1444.8,67,12,155525
5995090,2019,xc,2019-09-25,5000,1365,3,12,156438
5995090,2019,xc,2019-09-28,5000,1414,59,12,154117
5995090,2019,xc,2019-10-16,5000,1398.8,3,12,156834
5995090,2019,xc,2019-10-30,5000,1385.9,22,12,156831
10589614,2019,xc,2019-08-30,3000,767.8,21,9,156409
10589614,2019,xc,2019-09-11,5000,1354.5,2,9,156830
10589614,2019,xc,2019-09-20,5000,1290.8,11,9,155525
10589614,2019,xc,2019-09-25,5000,1282,25,9,156438
10589614,2019,xc,2019-09-28,5000,1296.1,61,9,154117
10589614,2019,xc,2019-10-04,5000,1327.1,6,9,157589
10589614,2019,xc,2019-10-08,5000,1248.8,13,9,157409
10589614,2019,xc,2019-10-16,5000,1253.6,18,9,156834
10589614,2019,xc,2019-10-30,5000,1255.7,2,9,156831
10589614,2019,xc,2019-11-09,5000,1255.9,112,9,156142
10589614,2019,xc,2019-11-16,5000,1296.3,281,9,157367
12181936,2019,xc,2019-08-30,3000,715.3,23,11,156409
12181936,2019,xc,2019-09-11,5000,1256.5,11,11,156830
12181936,2019,xc,2019-09-20,5000,1215.6,43,11,155525
12181936,2019,xc,2019-09-25,5000,1219,8,11,156438
12181936,2019,xc,2019-09-28,5000,1219.6,100,11,154117
12181936,2019,xc,2019-10-04,5000,1232.3,8,11,157589
12181936,2019,xc,2019-10-16,5000,1195.5,8,11,156834
12181936,2019,xc,2019-10-30,5000,1168.5,8,11,156831
12181936,2019,xc,2019-11-09,5000,1163.2,52,11,156142
12181936,2019,xc,2019-11-16,5000,1209.1,71,11,157367
10392310,2019,xc,2019-08-30,3000,850.8,92,12,156409
10392310,2019,xc,2019-09-07,5000,1503.6,6,12,156554
10392310,2019,xc,2019-09-20,5000,1495.9,106,12,155525
10392310,2019,xc,2019-09-25,5000,1464,22,12,156438
10392310,2019,xc,2019-10-04,5000,1520.6,38,12,157589
10392310,2019,xc,2019-10-08,5000,1422.3,3,12,157409
10392310,2019,xc,2019-10-16,5000,1462.5,11,12,156834
10392310,2019,xc,2019-10-30,5000,1490.7,46,12,156831
12336581,2019,xc,2019-09-11,5000,1249.5,9,10,156830
12336581,2019,xc,2019-09-20,5000,1215.4,42,10,155525
12336581,2019,xc,2019-09-25,5000,1236,10,10,156438
12336581,2019,xc,2019-09-28,5000,1214.1,96,10,154117
12336581,2019,xc,2019-10-04,5000,1197.6,4,10,157589
12336581,2019,xc,2019-10-16,5000,1179.2,3,10,156834
12336581,2019,xc,2019-10-30,5000,1181,10,10,156831
12336581,2019,xc,2019-11-09,5000,1140.9,43,10,156142
12336581,2019,xc,2019-11-16,5000,1209.3,72,10,157367
15844639,2019,xc,2019-09-11,3000,1186.6,73,9,156830
15844639,2019,xc,2019-09-20,5000,2158.5,388,9,155525
15844639,2019,xc,2019-09-25,5000,2069,63,9,156438
15844639,2019,xc,2019-09-28,3000,1180.8,276,9,154117
15844639,2019,xc,2019-10-08,5000,2118.2,34,9,157409
15844639,2019,xc,2019-10-16,5000,1948.1,55,9,156834
15844639,2019,xc,2019-10-30,5000,1817.6,61,9,156831
12181939,2019,xc,2019-09-07,5000,1421.4,3,12,156554
12181939,2019,xc,2019-09-11,5000,1437.7,6,12,156830
12181939,2019,xc,2019-09-20,5000,1385.8,28,12,155525
12181939,2019,xc,2019-09-25,5000,1382,5,12,156438
12181939,2019,xc,2019-09-28,5000,1395.9,111,12,154117
12181939,2019,xc,2019-10-08,5000,1386.8,30,12,157409
12181939,2019,xc,2019-10-16,5000,1376.1,2,12,156834
12181939,2019,xc,2019-10-30,5000,1373.2,20,12,156831
12939322,2020,xc,2021-03-03,5000,1069.6,2,12,188866
12939322,2020,xc,2021-03-10,5000,1063.4,4,12,188868
12939322,2020,xc,2021-03-17,5000,1055,8,12,187734
12939322,2020,xc,2021-03-31,5000,1060.1,9,12,190703
12939322,2020,xc,2021-04-10,5000,1035.6,53,12,190757
10584047,2020,xc,2021-03-03,5000,1104.6,8,10,188866
10584047,2020,xc,2021-03-10,5000,1076.3,5,10,188868
10584047,2020,xc,2021-03-17,5000,1117,16,10,187734
10584047,2020,xc,2021-03-31,5000,1097.6,18,10,190703
10584096,2020,xc,2021-03-10,5000,1218.1,1,10,188868
13933996,2020,xc,2021-03-10,5000,1462.7,8,11,188868
13933996,2020,xc,2021-03-31,3000,773,1,11,190703
17655998,2020,xc,2021-03-10,3000,920.2,4,10,188868
17655998,2020,xc,2021-03-31,5000,1675.3,55,10,190703
17656002,2020,xc,2021-03-03,3000,790.7,5,9,188866
17656002,2020,xc,2021-03-10,5000,1473.6,10,9,188868
17656002,2020,xc,2021-03-17,5000,1304,41,9,187734
17656002,2020,xc,2021-03-31,5000,1356.7,37,9,190703
15737472,2020,xc,2021-03-03,5000,1270.5,31,11,188866
15737472,2020,xc,2021-03-10,5000,1291.7,28,11,188868
15737472,2020,xc,2021-03-17,5000,1292,39,11,187734
15737472,2020,xc,2021-03-31,5000,1324.2,29,11,190703
9614853,2020,xc,2021-03-10,5000,1285.8,27,11,188868
9614853,2020,xc,2021-03-17,5000,1287,38,11,187734
9614853,2020,xc,2021-03-31,5000,1299.2,22,11,190703
12343221,2020,xc,2021-03-17,3000,917,8,9,187734
12343221,2020,xc,2021-03-31,3000,893.8,10,9,190703
8751429,2020,xc,2021-03-17,5000,1123,18,11,187734
8751429,2020,xc,2021-03-31,5000,1229.8,46,11,190703
13028273,2020,xc,2021-03-10,3000,949.1,5,10,188868
8751432,2020,xc,2021-03-03,5000,1266.3,28,11,188866
8751432,2020,xc,2021-03-10,5000,1221,24,11,188868
8751432,2020,xc,2021-03-17,5000,1198,26,11,187734
8751432,2020,xc,2021-03-31,5000,1210.9,10,11,190703
15799943,2020,xc,2021-03-03,3000,929.5,10,10,188866
15799943,2020,xc,2021-03-10,5000,1626,13,10,188868
15799943,2020,xc,2021-03-31,3000,887.2,9,10,190703
27032743,2020,xc,2021-03-10,5000,975.3,2,10,188868
27032743,2020,xc,2021-03-17,5000,980,1,10,187734
27032743,2020,xc,2021-03-31,5000,1000.9,2,10,190703
27032743,2020,xc,2021-04-10,5000,948.5,19,10,190757
23914897,2020,xc,2021-03-10,5000,960.7,1,11,188868
23914897,2020,xc,2021-03-17,5000,998,2,11,187734
23914897,2020,xc,2021-03-31,5000,983.2,1,11,190703
23914897,2020,xc,2021-04-10,3200,565.4,4,11,187923
8751437,2020,xc,2021-03-03,5000,1145.2,13,11,188866
8751437,2020,xc,2021-03-10,5000,1146.4,10,11,188868
8751437,2020,xc,2021-03-17,5000,1131,19,11,187734
8751437,2020,xc,2021-03-31,5000,1179.5,35,11,190703
12939329,2020,xc,2021-03-03,5000,1270.4,30,11,188866
12939329,2020,xc,2021-03-10,5000,1221.4,25,11,188868
12939329,2020,xc,2021-03-17,5000,1251,36,11,187734
12939329,2020,xc,2021-03-31,5000,1273.1,16,11,190703
16799221,2020,xc,2021-03-03,3000,699.7,2,11,188866
16799221,2020,xc,2021-03-10,5000,1246,26,11,188868
16799221,2020,xc,2021-03-17,5000,1230,29,11,187734
10589619,2020,xc,2021-03-17,5000,1413,44,10,187734
14500729,2020,xc,2021-03-17,3000,809,2,10,187734
14500729,2020,xc,2021-03-31,3000,798.6,4,10,190703
12172519,2020,xc,2021-03-03,5000,1228.9,26,11,188866
12172519,2020,xc,2021-03-10,5000,1190.6,21,11,188868
12172519,2020,xc,2021-03-17,5000,1191,25,11,187734
12172519,2020,xc,2021-03-31,5000,1196.2,7,11,190703
8751442,2020,xc,2021-03-10,5000,1370.3,29,12,188868
8751442,2020,xc,2021-03-31,5000,1377.4,43,12,190703
14957180,2020,xc,2021-03-03,3000,737.4,3,9,188866
14957180,2020,xc,2021-03-10,5000,1315.2,4,9,188868
14957180,2020,xc,2021-03-17,5000,1241,32,9,187734
14957180,2020,xc,2021-03-31,5000,1300.4,23,9,190703
12172521,2020,xc,2021-03-03,3000,681.8,1,12,188866
12172521,2020,xc,2021-03-10,5000,1179.9,16,12,188868
12172521,2020,xc,2021-03-31,5000,1202.1,40,12,190703
10589620,2020,xc,2021-03-03,3000,915.3,9,10,188866
10589620,2020,xc,2021-03-10,5000,1579.5,12,10,188868
10589620,2020,xc,2021-03-17,5000,1725,50,10,187734
10589620,2020,xc,2021-03-31,3000,886.5,8,10,190703
11449932,2020,xc,2021-03-03,3000,797.5,6,10,188866
11449932,2020,xc,2021-03-10,5000,1387,5,10,188868
11449932,2020,xc,2021-03-17,5000,1304,40,10,187734
11449932,2020,xc,2021-03-31,5000,1344.1,35,10,190703
13934007,2020,xc,2021-03-03,5000,1385.1,38,12,188866
13934007,2020,xc,2021-03-10,5000,1374.6,30,12,188868
13934007,2020,xc,2021-03-17,5000,1402,43,12,187734
13934007,2020,xc,2021-03-31,5000,1392.6,45,12,190703
17637007,2020,xc,2021-03-03,3000,975.1,11,9,188866
17637007,2020,xc,2021-03-10,3000,951.2,1,9,188868
17637007,2020,xc,2021-03-17,3000,956,4,9,187734
17637007,2020,xc,2021-03-31,5000,1732.8,26,9,190703
12939380,2020,xc,2021-03-03,5000,1374.7,10,12,188866
12939380,2020,xc,2021-03-10,5000,1410.2,16,12,188868
12939380,2020,xc,2021-03-17,5000,1446,15,12,187734
12939380,2020,xc,2021-03-31,5000,1426.8,29,12,190703
12939380,2020,xc,2021-04-10,5000,1366.2,65,12,190757
12336578,2020,xc,2021-03-03,5000,1456.5,17,11,188866
12336578,2020,xc,2021-03-17,5000,1443,14,11,187734
26714563,2020,xc,2021-03-03,5000,1392.3,12,9,188866
26714563,2020,xc,2021-03-10,5000,1348.5,9,9,188868
26714563,2020,xc,2021-03-17,5000,1350,8,9,187734
26714563,2020,xc,2021-03-31,5000,1381,18,9,190703
26714563,2020,xc,2021-04-10,5000,1347.2,64,9,190757
10584102,2020,xc,2021-03-03,5000,1410.4,13,11,188866
10584102,2020,xc,2021-03-10,5000,1334.3,7,11,188868
10584102,2020,xc,2021-03-17,5000,1353,9,11,187734
10584102,2020,xc,2021-03-31,5000,1396.5,22,11,190703
10584102,2020,xc,2021-04-10,5000,1296.5,55,11,190757
12978036,2020,xc,2021-03-03,5000,1176.7,1,12,188866
12978036,2020,xc,2021-03-10,5000,1166.3,2,12,188868
12978036,2020,xc,2021-03-17,5000,1172,1,12,187734
12978036,2020,xc,2021-03-31,5000,1169.7,1,12,190703
12978036,2020,xc,2021-04-10,5000,1130.5,10,12,190757
12939388,2020,xc,2021-03-03,5000,1340.3,7,12,188866
12939388,2020,xc,2021-03-10,5000,1337.4,8,12,188868
12939388,2020,xc,2021-03-17,5000,1325,7,12,187734
12939388,2020,xc,2021-03-31,5000,1372,16,12,190703
12939388,2020,xc,2021-04-10,5000,1316.1,61,12,190757
15760724,2020,xc,2021-03-03,3000,896,8,10,188866
15760724,2020,xc,2021-03-10,5000,1559.3,3,10,188868
15760724,2020,xc,2021-03-17,5000,1489,19,10,187734
15760724,2020,xc,2021-03-31,5000,1548.8,7,10,190703
10589614,2020,xc,2021-03-03,5000,1495.2,19,10,188866
12336581,2020,xc,2021-03-03,5000,1313.4,6,11,188866
12336581,2020,xc,2021-03-10,5000,1265.9,4,11,188868
12336581,2020,xc,2021-03-17,5000,1291,4,11,187734
12336581,2020,xc,2021-03-31,5000,1270.7,7,11,190703
12336581,2020,xc,2021-04-10,5000,1261.9,47,11,190757
18848591,2021,xc,2021-08-27,3000,767.2,74,9,191337
18848591,2021,xc,2021-09-11,5000,1348.9,208,9,192319
18848591,2021,xc,2021-09-17,5000,1341,139,9,192332
18848591,2021,xc,2021-09-22,5000,1265.8,10,9,192920
18848591,2021,xc,2021-09-25,5000,1243.5,108,9,191855
18848591,2021,xc,2021-10-06,5000,1206.3,30,9,195798
18848591,2021,xc,2021-10-08,5000,1246.8,71,9,192504
18848591,2021,xc,2021-10-13,5000,1344.2,42,9,192557
18848591,2021,xc,2021-10-27,5000,1242.4,51,9,193259
10584047,2021,xc,2021-08-27,3000,602.6,40,11,191337
10584047,2021,xc,2021-09-08,5000,1105.6,21,11,196250
10584047,2021,xc,2021-09-11,5000,1090.4,109,11,192319
10584047,2021,xc,2021-09-22,5000,1062.9,7,11,192920
10584047,2021,xc,2021-09-25,5000,1079,19,11,191855
10584047,2021,xc,2021-10-06,5000,1016,10,11,195798
10584047,2021,xc,2021-10-08,5000,1031.5,30,11,192504
10584047,2021,xc,2021-10-13,5000,999.1,9,11,192557
10584047,2021,xc,2021-10-27,5000,1096.3,33,11,193259
10584047,2021,xc,2021-11-06,5000,1078.5,120,11,196796
18848596,2021,xc,2021-09-08,5000,1348.8,31,9,196250
18848596,2021,xc,2021-09-11,5000,1322.4,183,9,192319
18848596,2021,xc,2021-09-17,5000,1331.8,129,9,192332
18848596,2021,xc,2021-09-22,5000,1303.8,14,9,192920
18848596,2021,xc,2021-09-25,5000,1270.6,126,9,191855
18848596,2021,xc,2021-10-06,5000,1131.7,13,9,195798
18848596,2021,xc,2021-10-27,5000,1231.3,46,9,193259
14122637,2021,xc,2021-08-27,3000,710.1,40,9,191337
14122637,2021,xc,2021-09-08,5000,1244.3,9,9,196250
14122637,2021,xc,2021-09-11,5000,1284.6,160,9,192319
14122637,2021,xc,2021-09-17,5000,1194.8,40,9,192332
14122637,2021,xc,2021-09-22,5000,1182.2,1,9,192920
14122637,2021,xc,2021-09-25,5000,1205.6,85,9,191855
14122637,2021,xc,2021-10-06,5000,1093.2,5,9,195798
14122637,2021,xc,2021-10-08,5000,1156.7,31,9,192504
14122637,2021,xc,2021-10-13,5000,1096.2,2,9,192557
14122637,2021,xc,2021-10-27,5000,1139.3,16,9,193259
17656002,2021,xc,2021-09-11,5000,1343.5,199,10,192319
17656002,2021,xc,2021-09-17,5000,1261.8,78,10,192332
17656002,2021,xc,2021-09-22,5000,1270.5,12,10,192920
17656002,2021,xc,2021-09-25,5000,1221.1,92,10,191855
17656002,2021,xc,2021-10-06,5000,1130.9,11,10,195798
17656002,2021,xc,2021-10-08,5000,1136.1,21,10,192504
17656002,2021,xc,2021-10-13,5000,1124.7,8,10,192557
17656002,2021,xc,2021-10-27,5000,1161.2,19,10,193259
18848599,2021,xc,2021-08-27,3000,858.4,63,9,191337
18848599,2021,xc,2021-09-11,3000,905.5,60,9,192319
18848599,2021,xc,2021-09-17,5000,1703.9,252,9,192332
18848599,2021,xc,2021-09-22,5000,1529.4,32,9,192920
18848599,2021,xc,2021-09-25,3000,824.6,44,9,191855
18848599,2021,xc,2021-10-06,5000,1347.3,51,9,195798
18848599,2021,xc,2021-10-13,5000,1387.5,47,9,192557
18848599,2021,xc,2021-10-27,5000,1368.3,24,9,193259
19023778,2021,xc,2021-10-27,5000,1516.3,50,9,193259
15737472,2021,xc,2021-08-27,3000,725.4,113,12,191337
15737472,2021,xc,2021-09-08,5000,1284.1,55,12,196250
15737472,2021,xc,2021-09-11,5000,1288.1,162,12,192319
15737472,2021,xc,2021-09-17,5000,1261,76,12,192332
15737472,2021,xc,2021-09-22,5000,1271.9,13,12,192920
15737472,2021,xc,2021-09-25,5000,1265.4,121,12,191855
15737472,2021,xc,2021-10-06,5000,1186.5,25,12,195798
15737472,2021,xc,2021-10-08,5000,1208.9,54,12,192504
15737472,2021,xc,2021-10-13,5000,1208.5,23,12,192557
15737472,2021,xc,2021-10-27,5000,1237.1,50,12,193259
9614853,2021,xc,2021-08-27,3000,799.8,29,12,191337
9614853,2021,xc,2021-09-08,5000,1231.8,53,12,196250
9614853,2021,xc,2021-09-11,5000,1239.2,128,12,192319
9614853,2021,xc,2021-09-17,5000,1240,63,12,192332
9614853,2021,xc,2021-09-22,5000,1204.3,2,12,192920
9614853,2021,xc,2021-09-25,5000,1298.3,135,12,191855
9614853,2021,xc,2021-10-06,5000,1160.5,17,12,195798
9614853,2021,xc,2021-10-08,5000,1171.9,40,12,192504
9614853,2021,xc,2021-10-13,5000,1168.3,18,12,192557
9614853,2021,xc,2021-10-27,5000,1218.3,39,12,193259
14122638,2021,xc,2021-08-27,3000,731.9,55,9,191337
14122638,2021,xc,2021-09-11,5000,1334.2,193,9,192319
14122638,2021,xc,2021-09-17,5000,1253.7,73,9,192332
14122638,2021,xc,2021-09-22,5000,1257.7,8,9,192920
14122638,2021,xc,2021-09-25,5000,1203.8,84,9,191855
14122638,2021,xc,2021-10-06,5000,1130.9,12,9,195798
14122638,2021,xc,2021-10-08,5000,1170.3,39,9,192504
14122638,2021,xc,2021-10-13,5000,1158.7,15,9,192557
14122638,2021,xc,2021-10-27,5000,1186.1,25,9,193259
12343221,2021,xc,2021-09-11,3000,936.7,69,10,192319
12343221,2021,xc,2021-09-17,5000,1591.2,235,10,192332
12343221,2021,xc,2021-09-25,5000,1302.9,158,10,191855
12343221,2021,xc,2021-10-06,5000,1458.4,58,10,195798
12343221,2021,xc,2021-10-08,5000,1533,71,10,192504
12343221,2021,xc,2021-10-13,5000,1423.6,52,10,192557
12343221,2021,xc,2021-10-27,5000,1501.5,46,10,193259
8751429,2021,xc,2021-08-27,3000,616.1,56,12,191337
8751429,2021,xc,2021-09-11,5000,1203.5,181,12,192319
8751429,2021,xc,2021-09-17,5000,1119.3,102,12,192332
8751429,2021,xc,2021-09-22,5000,1113.9,13,12,192920
8751429,2021,xc,2021-09-25,5000,1096,22,12,191855
8751429,2021,xc,2021-10-06,5000,1063.1,16,12,195798
8751429,2021,xc,2021-10-08,5000,1052.6,35,12,192504
8751429,2021,xc,2021-10-13,5000,1036.8,13,12,192557
8751429,2021,xc,2021-10-27,5000,1079.4,24,12,193259
8751429,2021,xc,2021-11-06,5000,1101,131,12,196796
18848603,2021,xc,2021-08-27,3000,759.5,65,9,191337
18848603,2021,xc,2021-09-11,5000,1406.8,244,9,192319
18848603,2021,xc,2021-09-17,5000,1367.1,151,9,192332
18848603,2021,xc,2021-09-22,5000,1372.7,25,9,192920
18848603,2021,xc,2021-10-06,5000,1257.5,40,9,195798
18848603,2021,xc,2021-10-08,5000,1274.7,9,9,192504
18848603,2021,xc,2021-10-13,5000,1279.8,34,9,192557
18848603,2021,xc,2021-10-27,5000,1308,67,9,193259
8751432,2021,xc,2021-09-11,5000,1277,154,12,192319
8751432,2021,xc,2021-09-17,5000,1190.6,39,12,192332
8751432,2021,xc,2021-09-22,5000,1224.6,3,12,192920
8751432,2021,xc,2021-09-25,5000,1221,99,12,191855
8751432,2021,xc,2021-10-06,5000,1130,10,12,195798
8751432,2021,xc,2021-10-08,5000,1133.6,20,12,192504
8751432,2021,xc,2021-10-13,5000,1149.5,11,12,192557
8751432,2021,xc,2021-10-27,5000,1198.8,34,12,193259
18848604,2021,xc,2021-08-27,3000,856.4,62,9,191337
18848604,2021,xc,2021-09-11,5000,1499.8,286,9,192319
18848604,2021,xc,2021-09-17,5000,1464.8,206,9,192332
18848604,2021,xc,2021-09-22,5000,1379.7,26,9,192920
18848604,2021,xc,2021-10-06,5000,1306.5,48,9,195798
18848604,2021,xc,2021-10-08,5000,1318.7,15,9,192504
18848604,2021,xc,2021-10-13,5000,1281,35,9,192557
18848604,2021,xc,2021-10-27,5000,1306.2,9,9,193259
15799943,2021,xc,2021-08-27,3000,889,83,11,191337
15799943,2021,xc,2021-09-08,5000,1565.3,63,11,196250
15799943,2021,xc,2021-09-11,5000,1581.8,306,11,192319
15799943,2021,xc,2021-09-25,5000,1544.5,175,11,191855
15799943,2021,xc,2021-10-06,5000,1426.9,57,11,195798
15799943,2021,xc,2021-10-08,5000,1459.6,57,11,192504
15799943,2021,xc,2021-10-13,5000,1416.7,50,11,192557
15799943,2021,xc,2021-10-27,5000,1452.8,38,11,193259
27032743,2021,xc,2021-07-23,5000,1342,8,11,194143
27032743,2021,xc,2021-08-27,3000,544,6,11,191337
27032743,2021,xc,2021-09-08,5000,987.9,2,11,196250
27032743,2021,xc,2021-09-11,5000,956.7,21,11,192319
27032743,2021,xc,2021-09-17,5000,937.5,10,11,192332
27032743,2021,xc,2021-09-22,5000,950.4,2,11,192920
27032743,2021,xc,2021-09-25,5000,964.4,30,11,191855
27032743,2021,xc,2021-10-08,5000,926.2,5,11,192504
27032743,2021,xc,2021-10-13,5000,985.7,7,11,192557
27032743,2021,xc,2021-10-27,5000,970.1,2,11,193259
27032743,2021,xc,2021-11-06,5000,955.6,23,11,196796
23914897,2021,xc,2021-07-23,5000,1390,19,12,194143
23914897,2021,xc,2021-08-27,3000,529,4,12,191337
23914897,2021,xc,2021-09-08,5000,943.5,1,12,196250
23914897,2021,xc,2021-09-11,5000,898.5,1,12,192319
23914897,2021,xc,2021-09-17,5000,890.5,1,12,192332
23914897,2021,xc,2021-09-22,5000,926.5,1,12,192920
23914897,2021,xc,2021-09-25,5000,907.6,5,12,191855
23914897,2021,xc,2021-10-08,5000,897.5,1,12,192504
23914897,2021,xc,2021-10-27,5000,946.7,1,12,193259
23914897,2021,xc,2021-11-06,5000,915.1,5,12,196796
23914897,2021,xc,2021-12-11,5000,987.1,40,12,205691
8751437,2021,xc,2021-09-11,5000,1182.9,72,12,192319
8751437,2021,xc,2021-09-17,5000,1159.3,20,12,192332
8751437,2021,xc,2021-09-22,5000,1137.8,18,12,192920
8751437,2021,xc,2021-09-25,5000,1152.5,57,12,191855
8751437,2021,xc,2021-10-06,5000,1113.5,27,12,195798
8751437,2021,xc,2021-10-08,5000,1137.1,22,12,192504
8751437,2021,xc,2021-10-27,5000,1125.2,8,12,193259
14122641,2021,xc,2021-08-27,3000,853.6,58,9,191337
14122641,2021,xc,2021-09-11,3000,855,44,9,192319
14122641,2021,xc,2021-09-22,5000,1491.7,29,9,192920
14122641,2021,xc,2021-09-25,5000,1440.3,219,9,191855
14122641,2021,xc,2021-10-06,5000,1561.2,62,9,195798
14122641,2021,xc,2021-10-08,5000,1397.9,45,9,192504
14122641,2021,xc,2021-10-13,5000,1340,41,9,192557
14122641,2021,xc,2021-10-27,5000,1356,22,9,193259
28985860,2021,xc,2021-08-27,3000,816.7,86,9,191337
28985860,2021,xc,2021-09-11,5000,1379.8,231,9,192319
28985860,2021,xc,2021-09-17,5000,1356.8,149,9,192332
28985860,2021,xc,2021-09-22,5000,1338.8,21,9,192920
28985860,2021,xc,2021-09-25,5000,1347.2,181,9,191855
28985860,2021,xc,2021-10-06,5000,1259.2,42,9,195798
28985860,2021,xc,2021-10-08,5000,1288.6,10,9,192504
28985860,2021,xc,2021-10-13,5000,1278.9,33,9,192557
28985860,2021,xc,2021-10-27,5000,1315.2,71,9,193259
11678616,2021,xc,2021-09-08,5000,1049.4,10,12,196250
11678616,2021,xc,2021-09-17,5000,1039.8,38,12,192332
11678616,2021,xc,2021-10-08,5000,1011,27,12,192504
11678616,2021,xc,2021-10-13,5000,985.7,6,12,192557
11678616,2021,xc,2021-10-27,5000,1043.7,13,12,193259
11678616,2021,xc,2021-11-06,5000,1031.9,83,12,196796
10589619,2021,xc,2021-09-11,5000,1225.6,118,11,192319
10589619,2021,xc,2021-09-17,5000,1148.8,16,11,192332
10589619,2021,xc,2021-09-22,5000,1140.7,19,11,192920
10589619,2021,xc,2021-09-25,5000,1123.8,36,11,191855
10589619,2021,xc,2021-10-06,5000,1077,23,11,195798
10589619,2021,xc,2021-10-08,5000,1112.8,66,11,192504
10589619,2021,xc,2021-10-13,5000,1099.9,3,11,192557
10589619,2021,xc,2021-10-27,5000,1146.8,46,11,193259
10589619,2021,xc,2021-11-06,5000,1146.9,145,11,196796
14500729,2021,xc,2021-09-08,5000,1560,61,11,196250
14500729,2021,xc,2021-09-11,5000,1543.9,298,11,192319
14500729,2021,xc,2021-09-17,5000,1457.6,202,11,192332
10584071,2021,xc,2021-10-06,5000,985.6,1,12,195798
14957180,2021,xc,2021-08-27,3000,654,41,10,191337
14957180,2021,xc,2021-09-08,5000,1129,33,10,196250
14957180,2021,xc,2021-09-11,5000,1152.4,149,10,192319
14957180,2021,xc,2021-09-17,5000,1117.4,101,10,192332
14957180,2021,xc,2021-09-22,5000,1128.2,14,10,192920
14957180,2021,xc,2021-09-25,5000,1072.4,11,10,191855
14957180,2021,xc,2021-10-06,5000,1076.5,22,10,195798
14957180,2021,xc,2021-10-08,5000,1070.5,44,10,192504
14957180,2021,xc,2021-10-13,5000,1108.8,17,10,192557
14957180,2021,xc,2021-10-27,5000,1105.2,36,10,193259
14957180,2021,xc,2021-11-06,5000,1127.7,136,10,196796
10614844,2021,xc,2021-09-08,5000,1415.2,45,11,196250
10614844,2021,xc,2021-09-11,5000,1394.8,238,11,192319
10614844,2021,xc,2021-09-17,5000,1355.5,147,11,192332
10614844,2021,xc,2021-09-22,5000,1327.4,20,11,192920
10614844,2021,xc,2021-10-06,5000,1230.1,37,11,195798
10614844,2021,xc,2021-10-08,5000,1234,3,11,192504
10614844,2021,xc,2021-10-13,5000,1248.7,29,11,192557
10614844,2021,xc,2021-10-27,5000,1275,63,11,193259
10589620,2021,xc,2021-08-27,3000,871.4,49,11,191337
10589620,2021,xc,2021-09-08,5000,1642.1,67,11,196250
10589620,2021,xc,2021-09-11,5000,1568.7,302,11,192319
10589620,2021,xc,2021-09-17,5000,1529.6,217,11,192332
10589620,2021,xc,2021-09-22,5000,1494,30,11,192920
10589620,2021,xc,2021-09-25,5000,1489.3,170,11,191855
10589620,2021,xc,2021-10-06,5000,1425.9,56,11,195798
10589620,2021,xc,2021-10-08,5000,1442.9,52,11,192504
10589620,2021,xc,2021-10-13,5000,1396.2,48,11,192557
10589620,2021,xc,2021-10-27,5000,1401.8,32,11,193259
18919966,2021,xc,2021-09-11,3000,941,72,9,192319
18919966,2021,xc,2021-09-17,5000,1574.7,231,9,192332
18919966,2021,xc,2021-09-22,5000,1545.1,33,9,192920
18919966,2021,xc,2021-09-25,3000,913.1,78,9,191855
18919966,2021,xc,2021-10-06,5000,1458.4,59,9,195798
18919966,2021,xc,2021-10-08,5000,1489.7,65,9,192504
18919966,2021,xc,2021-10-13,5000,1420.8,51,9,192557
18919966,2021,xc,2021-10-27,5000,1402.5,33,9,193259
9749789,2021,xc,2021-08-27,3000,661.9,87,11,191337
9749789,2021,xc,2021-09-08,5000,1153.7,43,11,196250
9749789,2021,xc,2021-09-11,5000,1142.2,47,11,192319
9749789,2021,xc,2021-09-17,5000,1140.3,11,11,192332
9749789,2021,xc,2021-09-22,5000,1148.9,22,11,192920
9749789,2021,xc,2021-09-25,5000,1138,53,11,191855
9749789,2021,xc,2021-10-06,5000,1105.2,26,11,195798
9749789,2021,xc,2021-10-13,5000,1129.8,9,11,192557
9749789,2021,xc,2021-10-27,5000,1137.8,15,11,193259
19064675,2021,xc,2021-09-22,5000,1325.4,19,10,192920
19064675,2021,xc,2021-10-06,5000,1202.9,27,10,195798
19064675,2021,xc,2021-10-08,5000,1213.2,1,10,192504
19064675,2021,xc,2021-10-13,5000,1199.6,21,10,192557
19064675,2021,xc,2021-10-27,5000,1196.3,31,10,193259
11449932,2021,xc,2021-09-08,5000,1352.2,33,10,196250
11449932,2021,xc,2021-09-11,5000,1347.4,203,10,192319
11449932,2021,xc,2021-09-22,5000,1314,17,10,192920
11449932,2021,xc,2021-09-25,5000,1334.9,149,10,191855
11449932,2021,xc,2021-10-13,5000,1287.4,36,10,192557
17637007,2021,xc,2021-09-08,5000,1724.6,25,10,196250
17637007,2021,xc,2021-09-11,5000,1711.7,137,10,192319
17637007,2021,xc,2021-09-17,5000,1687.2,109,10,192332
17637007,2021,xc,2021-09-22,5000,1677.4,15,10,192920
17637007,2021,xc,2021-09-25,5000,1719.8,63,10,191855
17637007,2021,xc,2021-10-06,5000,1654,38,10,195798
17637007,2021,xc,2021-10-08,5000,1634.7,67,10,192504
17637007,2021,xc,2021-10-13,5000,1583.3,22,10,192557
17637007,2021,xc,2021-10-27,5000,1632,56,10,193259
29463783,2021,xc,2021-08-27,3000,1100,47,9,191337
29463783,2021,xc,2021-09-11,3000,1067.3,50,9,192319
29463783,2021,xc,2021-09-17,5000,1863.1,147,9,192332
29463783,2021,xc,2021-09-22,5000,1776.9,19,9,192920
29463783,2021,xc,2021-10-06,5000,1580.4,30,9,195798
29463783,2021,xc,2021-10-08,5000,1667.3,71,9,192504
29463783,2021,xc,2021-10-13,5000,1648,28,9,192557
29463783,2021,xc,2021-10-27,5000,1612.4,52,9,193259
14039042,2021,xc,2021-08-27,3000,834,70,12,191337
14039042,2021,xc,2021-09-11,5000,1653.3,117,12,192319
14039042,2021,xc,2021-09-25,5000,1479.4,106,12,191855
14039042,2021,xc,2021-10-06,5000,1430.1,32,12,195798
14039042,2021,xc,2021-10-13,5000,1413,7,12,192557
14039042,2021,xc,2021-10-27,5000,1470.3,27,12,193259
14957132,2021,xc,2021-09-11,3000,978.1,33,9,192319
14957132,2021,xc,2021-09-17,5000,1616.6,80,9,192332
14957132,2021,xc,2021-09-22,5000,1617.1,13,9,192920
14957132,2021,xc,2021-09-25,5000,1597.3,39,9,191855
14957132,2021,xc,2021-10-06,5000,1509.7,22,9,195798
14957132,2021,xc,2021-10-08,5000,1521.5,41,9,192504
14957132,2021,xc,2021-10-13,5000,1489.2,17,9,192557
14957132,2021,xc,2021-10-27,5000,1498.7,32,9,193259
26714563,2021,xc,2021-08-27,3000,743,20,10,191337
26714563,2021,xc,2021-09-08,5000,1312.3,17,10,196250
26714563,2021,xc,2021-09-11,5000,1323.5,83,10,192319
26714563,2021,xc,2021-09-17,5000,1287.4,53,10,192332
26714563,2021,xc,2021-09-22,5000,1279.3,5,10,192920
26714563,2021,xc,2021-09-25,5000,1267,32,10,191855
26714563,2021,xc,2021-10-06,5000,1206.8,10,10,195798
26714563,2021,xc,2021-10-08,5000,1240.8,28,10,192504
26714563,2021,xc,2021-10-13,5000,1213.1,6,10,192557
26714563,2021,xc,2021-10-27,5000,1222.2,11,10,193259
10584102,2021,xc,2021-09-08,5000,1328.5,22,12,196250
10584102,2021,xc,2021-09-11,5000,1331.5,90,12,192319
10584102,2021,xc,2021-09-17,5000,1310.8,62,12,192332
10584102,2021,xc,2021-09-22,5000,1294.9,8,12,192920
10584102,2021,xc,2021-09-25,5000,1287.3,39,12,191855
10584102,2021,xc,2021-10-06,5000,1221.9,13,12,195798
10584102,2021,xc,2021-10-08,5000,1244.7,29,12,192504
10584102,2021,xc,2021-10-13,5000,1246.7,9,12,192557
10584102,2021,xc,2021-10-27,5000,1250.2,19,12,193259
18848657,2021,xc,2021-08-27,3000,1140,133,9,191337
18848657,2021,xc,2021-09-11,3000,1008.4,45,9,192319
18848657,2021,xc,2021-09-17,5000,1808.7,137,9,192332
18848657,2021,xc,2021-09-22,5000,1751.2,17,9,192920
18848657,2021,xc,2021-09-25,3000,970,45,9,191855
18848657,2021,xc,2021-10-06,5000,1604.4,34,9,195798
18848657,2021,xc,2021-10-08,5000,1661.7,70,9,192504
18848657,2021,xc,2021-10-13,5000,1588.1,23,9,192557
18848657,2021,xc,2021-10-27,5000,1620.6,54,9,193259
10584103,2021,xc,2021-08-27,3000,886.6,30,11,191337
10584103,2021,xc,2021-09-08,5000,1650.8,55,11,196250
10584103,2021,xc,2021-09-11,5000,1686.8,128,11,192319
10584103,2021,xc,2021-09-17,5000,1619.4,83,11,192332
10584103,2021,xc,2021-09-22,5000,1551.6,5,11,192920
10584103,2021,xc,2021-10-06,5000,1504.7,21,11,195798
10584103,2021,xc,2021-10-08,5000,1638.7,68,11,192504
10584103,2021,xc,2021-10-13,5000,1498.1,19,11,192557
10584103,2021,xc,2021-10-27,5000,1537,40,11,193259
24167072,2021,xc,2021-09-08,5000,1321.6,21,9,196250
24167072,2021,xc,2021-09-11,5000,1340.1,93,9,192319
24167072,2021,xc,2021-09-17,5000,1310.8,63,9,192332
24167072,2021,xc,2021-09-22,5000,1305.6,10,9,192920
24167072,2021,xc,2021-09-25,5000,1313.1,53,9,191855
24167072,2021,xc,2021-10-06,5000,1223.6,14,9,195798
24167072,2021,xc,2021-10-08,5000,1271.5,40,9,192504
24167072,2021,xc,2021-10-13,5000,1279.1,12,9,192557
24167072,2021,xc,2021-10-27,5000,1297.4,30,9,193259
18848660,2021,xc,2021-09-25,5000,1566.5,30,9,191855
18848660,2021,xc,2021-10-06,5000,1425.7,12,9,195798
18848660,2021,xc,2021-10-08,5000,1534.4,45,9,192504
18848660,2021,xc,2021-10-13,5000,1397,4,9,192557
18848660,2021,xc,2021-10-27,5000,1399.8,15,9,193259
19117211,2021,xc,2021-10-06,5000,1711.5,45,9,195798
18853655,2021,xc,2021-09-11,3000,883.6,7,9,192319
18853655,2021,xc,2021-09-17,5000,1519.3,43,9,192332
18853655,2021,xc,2021-09-25,5000,1654.7,53,9,191855
18853655,2021,xc,2021-10-06,5000,1408.1,10,9,195798
18853655,2021,xc,2021-10-13,5000,1386.3,3,9,192557
18853655,2021,xc,2021-10-27,5000,1421.7,18,9,193259
14122628,2021,xc,2021-08-27,3000,902.8,32,9,191337
14122628,2021,xc,2021-09-17,5000,1611.6,78,9,192332
14122628,2021,xc,2021-09-22,5000,1599.6,10,9,192920
14122628,2021,xc,2021-09-25,5000,1541.2,25,9,191855
14122628,2021,xc,2021-10-06,5000,1441.9,14,9,195798
14122628,2021,xc,2021-10-08,5000,1490.2,34,9,192504
14122628,2021,xc,2021-10-13,5000,1441.5,9,9,192557
14122628,2021,xc,2021-10-27,5000,1518.9,36,9,193259
15760724,2021,xc,2021-09-08,5000,1409.6,41,11,196250
15760724,2021,xc,2021-09-11,5000,1442.2,146,11,192319
15760724,2021,xc,2021-09-17,5000,1409,122,11,192332
15760724,2021,xc,2021-09-22,5000,1385.5,18,11,192920
15760724,2021,xc,2021-10-06,5000,1357,27,11,195798
15760724,2021,xc,2021-10-08,5000,1364.1,61,11,192504
15760724,2021,xc,2021-10-27,5000,1414.7,49,11,193259
10589614,2021,xc,2021-08-27,3000,754.2,35,11,191337
10589614,2021,xc,2021-09-08,5000,1367.7,31,11,196250
10589614,2021,xc,2021-09-11,5000,1395.7,118,11,192319
10589614,2021,xc,2021-09-17,5000,1336.4,81,11,192332
10589614,2021,xc,2021-09-22,5000,1316.9,14,11,192920
10589614,2021,xc,2021-09-25,5000,1306.3,48,11,191855
10589614,2021,xc,2021-10-06,5000,1259.8,17,11,195798
10589614,2021,xc,2021-10-08,5000,1262.5,36,11,192504
10589614,2021,xc,2021-10-13,5000,1285,13,11,192557
10589614,2021,xc,2021-10-27,5000,1283.7,28,11,193259
18872575,2021,xc,2021-08-27,3000,885.5,29,9,191337
18872575,2021,xc,2021-09-11,5000,1738.6,147,9,192319
18872575,2021,xc,2021-09-17,5000,1577.9,62,9,192332
18872575,2021,xc,2021-09-22,5000,1593.9,8,9,192920
18872575,2021,xc,2021-09-25,5000,1557,27,9,191855
18872575,2021,xc,2021-10-06,5000,1496.5,20,9,195798
18872575,2021,xc,2021-10-08,5000,1483.9,31,9,192504
18872575,2021,xc,2021-10-13,5000,1439.4,8,9,192557
18872575,2021,xc,2021-10-27,5000,1458.7,26,9,193259
12336581,2021,xc,2021-08-27,3000,698.6,19,12,191337
12336581,2021,xc,2021-09-08,5000,1264.2,7,12,196250
12336581,2021,xc,2021-09-11,5000,1255.3,56,12,192319
12336581,2021,xc,2021-09-17,5000,1232.4,31,12,192332
12336581,2021,xc,2021-09-22,5000,1221.7,3,12,192920
12336581,2021,xc,2021-09-25,5000,1222.3,17,12,191855
12336581,2021,xc,2021-10-06,5000,1153.6,4,12,195798
12336581,2021,xc,2021-10-08,5000,1158.2,16,12,192504
12336581,2021,xc,2021-10-13,5000,1168.7,4,12,192557
12336581,2021,xc,2021-10-27,5000,1205.3,9,12,193259
12336576,2021,xc,2021-08-27,3000,1011.3,86,10,191337
12336576,2021,xc,2021-09-08,5000,2030.8,37,10,196250
12336576,2021,xc,2021-09-11,3000,1047.4,47,10,192319
18848686,2021,xc,2021-08-27,3000,1094.7,122,11,191337
18848686,2021,xc,2021-09-08,5000,1909.2,33,11,196250
18848686,2021,xc,2021-09-17,5000,1838.5,140,11,192332
18848686,2021,xc,2021-09-22,5000,1834.8,22,11,192920
18848686,2021,xc,2021-09-25,3000,1003.6,59,11,191855
18848686,2021,xc,2021-10-06,5000,1692.1,41,11,195798
18848686,2021,xc,2021-10-08,5000,1737.4,79,11,192504
18848686,2021,xc,2021-10-13,5000,1646.7,27,11,192557
18848686,2021,xc,2021-10-27,5000,1697.1,64,11,193259
18848688,2021,xc,2021-09-11,3000,942.4,20,9,192319
18848688,2021,xc,2021-09-17,5000,1572.5,61,9,192332
18848688,2021,xc,2021-09-22,5000,1583.6,6,9,192920
18848688,2021,xc,2021-09-25,5000,1468.8,16,9,191855
18848688,2021,xc,2021-10-06,5000,1377.2,7,9,195798
18848688,2021,xc,2021-10-13,5000,1381.4,2,9,192557
18848688,2021,xc,2021-10-27,5000,1406,16,9,193259
21199866,2022,xc,2022-08-26,3000,1020.7,177,9,207138
21199866,2022,xc,2022-09-07,3000,1180.7,32,9,207921
21199866,2022,xc,2022-09-16,5000,1710.1,439,9,207826
21199866,2022,xc,2022-09-24,3000,1020.2,121,9,206753
21199866,2022,xc,2022-10-01,5000,1833.3,277,9,203657
21199866,2022,xc,2022-10-04,5000,1634.5,49,9,208345
21199866,2022,xc,2022-10-14,5000,1825.8,335,9,207777
21199866,2022,xc,2022-10-26,5000,1791.7,56,9,206414
21199864,2022,xc,2022-09-16,5000,1443.2,323,9,207826
21199864,2022,xc,2022-09-24,5000,1485.2,291,9,206753
21199864,2022,xc,2022-09-28,5000,1433.1,100,9,207922
18848591,2022,xc,2022-08-26,3000,673.5,86,10,207138
18848591,2022,xc,2022-09-07,5000,1262.9,51,10,207921
18848591,2022,xc,2022-09-16,5000,1148.2,36,10,207826
18848591,2022,xc,2022-09-24,5000,1155.7,63,10,206753
18848591,2022,xc,2022-09-28,5000,1164.1,13,10,207922
18848591,2022,xc,2022-10-01,5000,1222.3,39,10,203657
18848591,2022,xc,2022-10-14,5000,1217,132,10,207777
18848591,2022,xc,2022-10-26,5000,1173,26,10,206414
21199868,2022,xc,2022-08-26,3000,830.9,140,12,207138
21199868,2022,xc,2022-09-07,5000,1475.5,68,12,207921
21199868,2022,xc,2022-09-16,5000,1384.8,277,12,207826
21199868,2022,xc,2022-09-24,5000,1412.1,213,12,206753
21199868,2022,xc,2022-09-28,5000,1366.9,91,12,207922
21199868,2022,xc,2022-10-01,5000,1489.7,119,12,203657
21199868,2022,xc,2022-10-04,5000,1392.6,43,12,208345
21199868,2022,xc,2022-10-14,5000,1494.2,299,12,207777
21199868,2022,xc,2022-10-26,5000,1320.6,27,12,206414
26923431,2022,xc,2022-08-26,3000,698.5,58,9,207138
26923431,2022,xc,2022-10-01,5000,1323.1,81,9,203657
26923431,2022,xc,2022-10-04,5000,1315.7,37,9,208345
26923431,2022,xc,2022-10-14,5000,1323.1,231,9,207777
26923431,2022,xc,2022-10-26,5000,1191.1,1,9,206414
10584047,2022,xc,2022-09-07,5000,1048.9,5,12,207921
10584047,2022,xc,2022-09-16,5000,980.4,20,12,207826
10584047,2022,xc,2022-09-24,5000,1001.1,30,12,206753
10584047,2022,xc,2022-09-28,5000,976.7,2,12,207922
10584047,2022,xc,2022-10-01,5000,1009.7,17,12,203657
10584047,2022,xc,2022-10-04,5000,995.2,1,12,208345
10584047,2022,xc,2022-10-14,5000,1028.2,44,12,207777
10584047,2022,xc,2022-10-26,5000,1003.9,5,12,206414
10584047,2022,xc,2022-11-05,5000,1005.9,68,12,208281
21485777,2022,xc,2022-10-14,5000,1475.9,293,9,207777
21485777,2022,xc,2022-10-26,5000,1334.5,32,9,206414
21199873,2022,xc,2022-08-26,3000,830.9,109,9,207138
21199873,2022,xc,2022-09-16,5000,1400.7,291,9,207826
21199873,2022,xc,2022-10-04,5000,1490.8,46,9,208345
21199873,2022,xc,2022-10-14,5000,1472,291,9,207777
21199873,2022,xc,2022-10-26,5000,1311.3,23,9,206414
19962263,2022,xc,2022-09-28,5000,1298.7,69,9,207922
19962263,2022,xc,2022-10-01,5000,1398.5,131,9,203657
19962263,2022,xc,2022-10-04,5000,1325.9,38,9,208345
19962263,2022,xc,2022-10-14,5000,1258.1,171,9,207777
19962263,2022,xc,2022-10-26,5000,1154.6,18,9,206414
18848596,2022,xc,2022-09-16,5000,1044.3,3,10,207826
18848596,2022,xc,2022-09-24,5000,1093.7,150,10,206753
18848596,2022,xc,2022-09-28,5000,1047.8,17,10,207922
18848596,2022,xc,2022-10-01,5000,1066.5,2,10,203657
18848596,2022,xc,2022-10-04,5000,1082.6,8,10,208345
18848596,2022,xc,2022-10-14,5000,1138.5,112,10,207777
18848596,2022,xc,2022-10-26,5000,1029.3,16,10,206414
18848596,2022,xc,2022-11-05,5000,1078.9,131,10,208281
21199875,2022,xc,2022-08-26,3000,763.9,92,9,207138
21199875,2022,xc,2022-09-16,5000,1280.3,164,9,207826
21199875,2022,xc,2022-09-24,5000,1236.4,154,9,206753
21199875,2022,xc,2022-09-28,5000,1254.1,50,9,207922
21199875,2022,xc,2022-10-01,5000,1270.9,57,9,203657
21199875,2022,xc,2022-10-04,5000,1224.8,27,9,208345
21199875,2022,xc,2022-10-14,5000,1291.6,203,9,207777
21199875,2022,xc,2022-10-26,5000,1207.2,43,9,206414
14122637,2022,xc,2022-08-26,3000,673.4,85,10,207138
14122637,2022,xc,2022-09-07,5000,1166.3,37,10,207921
14122637,2022,xc,2022-09-16,5000,1099.3,145,10,207826
14122637,2022,xc,2022-09-24,5000,1116.1,176,10,206753
14122637,2022,xc,2022-09-28,5000,1090.4,33,10,207922
14122637,2022,xc,2022-10-14,5000,1210.1,132,10,207777
14122637,2022,xc,2022-10-26,5000,1085.8,31,10,206414
14122637,2022,xc,2022-11-05,5000,1111.2,144,10,208281
17656002,2022,xc,2022-08-26,3000,697.5,112,11,207138
17656002,2022,xc,2022-09-07,5000,1208.3,6,11,207921
17656002,2022,xc,2022-09-16,5000,1142.9,30,11,207826
17656002,2022,xc,2022-09-24,5000,1124.4,68,11,206753
17656002,2022,xc,2022-09-28,5000,1159.7,11,11,207922
17656002,2022,xc,2022-10-01,5000,1178.8,14,11,203657
17656002,2022,xc,2022-10-04,5000,1100,10,11,208345
17656002,2022,xc,2022-10-14,5000,1142.2,45,11,207777
17656002,2022,xc,2022-10-26,5000,1093.2,6,11,206414
19023778,2022,xc,2022-08-26,3000,722.5,119,10,207138
19023778,2022,xc,2022-09-07,5000,1309.5,31,10,207921
19023778,2022,xc,2022-09-16,5000,1343.2,237,10,207826
19023778,2022,xc,2022-09-28,5000,1255.7,51,10,207922
19023778,2022,xc,2022-10-01,5000,1328.6,87,10,203657
19023778,2022,xc,2022-10-04,5000,1279.5,34,10,208345
19023778,2022,xc,2022-10-14,5000,1384.6,269,10,207777
19023778,2022,xc,2022-10-26,5000,1210.9,48,10,206414
21200248,2022,xc,2022-08-26,3000,755.1,87,9,207138
21200248,2022,xc,2022-09-16,5000,1389.9,283,9,207826
21200248,2022,xc,2022-09-24,5000,1256.5,155,9,206753
21200248,2022,xc,2022-09-28,5000,1300.1,70,9,207922
21200248,2022,xc,2022-10-01,5000,1388.4,125,9,203657
21200248,2022,xc,2022-10-14,5000,1293.7,206,9,207777
21200248,2022,xc,2022-10-26,5000,1260,71,9,206414
18848603,2022,xc,2022-09-16,5000,1259.2,143,10,207826
18848603,2022,xc,2022-10-04,5000,1290.6,35,10,208345
18848603,2022,xc,2022-10-26,5000,1211.8,49,10,206414
18848604,2022,xc,2022-09-07,5000,1480.9,70,10,207921
18848604,2022,xc,2022-09-16,5000,1335.4,228,10,207826
18848604,2022,xc,2022-09-24,5000,1292.4,187,10,206753
18848604,2022,xc,2022-09-28,5000,1253.2,49,10,207922
18848604,2022,xc,2022-10-01,5000,1386.7,124,10,203657
18848604,2022,xc,2022-10-04,5000,1257,31,10,208345
18848604,2022,xc,2022-10-14,5000,1395.9,274,10,207777
18848604,2022,xc,2022-10-26,5000,1258.7,69,10,206414
21199863,2022,xc,2022-08-26,3000,997.5,172,9,207138
21199863,2022,xc,2022-09-16,5000,1606,405,9,207826
21199863,2022,xc,2022-10-01,5000,1792.6,273,9,203657
21199863,2022,xc,2022-10-14,5000,1688.9,327,9,207777
21199863,2022,xc,2022-10-26,5000,1638.2,54,9,206414
15799943,2022,xc,2022-09-07,5000,1698.9,86,12,207921
15799943,2022,xc,2022-10-26,5000,1523.4,52,12,206414
27032743,2022,xc,2022-09-28,5000,1001.7,6,12,207922
27032743,2022,xc,2022-10-14,5000,999.8,26,12,207777
27032743,2022,xc,2022-10-26,5000,978.3,2,12,206414
27032743,2022,xc,2022-11-05,5000,972,32,12,208281
14122641,2022,xc,2022-08-26,3000,771.9,59,10,207138
14122641,2022,xc,2022-09-07,5000,1443.3,58,10,207921
14122641,2022,xc,2022-09-16,5000,1386,280,10,207826
14122641,2022,xc,2022-09-24,5000,1303,197,10,206753
14122641,2022,xc,2022-10-01,5000,1482.2,185,10,203657
14122641,2022,xc,2022-10-04,5000,1343.9,40,10,208345
14122641,2022,xc,2022-10-14,5000,1373.4,260,10,207777
14122641,2022,xc,2022-10-26,5000,1277.9,12,10,206414
28985860,2022,xc,2022-08-26,3000,705.1,109,10,207138
28985860,2022,xc,2022-09-07,5000,1282,24,10,207921
28985860,2022,xc,2022-09-16,5000,1185.7,56,10,207826
28985860,2022,xc,2022-09-24,5000,1232.4,139,10,206753
28985860,2022,xc,2022-09-28,5000,1170.5,17,10,207922
28985860,2022,xc,2022-10-04,5000,1234.7,29,10,208345
28985860,2022,xc,2022-10-14,5000,1243.5,155,10,207777
28985860,2022,xc,2022-10-26,5000,1157.2,23,10,206414
26649337,2022,xc,2022-08-26,3000,652.5,68,11,207138
26649337,2022,xc,2022-09-07,5000,1177.5,40,11,207921
26649337,2022,xc,2022-09-16,5000,1123.3,175,11,207826
26649337,2022,xc,2022-09-24,5000,1143.3,197,11,206753
26649337,2022,xc,2022-09-28,5000,1130.5,4,11,207922
26649337,2022,xc,2022-10-01,5000,1185,136,11,203657
26649337,2022,xc,2022-10-04,5000,1121.8,13,11,208345
26649337,2022,xc,2022-10-14,5000,1147,49,11,207777
26649337,2022,xc,2022-10-26,5000,1219.3,57,11,206414
10589619,2022,xc,2022-09-07,5000,1079.1,12,12,207921
10589619,2022,xc,2022-09-16,5000,1037,58,12,207826
10589619,2022,xc,2022-09-24,5000,1046.4,89,12,206753
10589619,2022,xc,2022-09-28,5000,1025.8,14,12,207922
10589619,2022,xc,2022-10-01,5000,1083.7,55,12,203657
10589619,2022,xc,2022-10-04,5000,1030.2,6,12,208345
10589619,2022,xc,2022-10-14,5000,1072.1,85,12,207777
10589619,2022,xc,2022-10-26,5000,1023.3,13,12,206414
10589619,2022,xc,2022-11-05,5000,1050.3,113,12,208281
14500729,2022,xc,2022-09-07,5000,1654.8,85,12,207921
14500729,2022,xc,2022-09-24,5000,1515.8,225,12,206753
14500729,2022,xc,2022-10-01,5000,1646.1,131,12,203657
14500729,2022,xc,2022-10-04,5000,1507.5,47,12,208345
14500729,2022,xc,2022-10-26,5000,1469.4,44,12,206414
21199885,2022,xc,2022-08-26,3000,701.6,61,9,207138
21199885,2022,xc,2022-09-16,5000,1198.3,69,9,207826
21199885,2022,xc,2022-09-24,5000,1237.4,145,9,206753
21199885,2022,xc,2022-09-28,5000,1252.1,47,9,207922
21199885,2022,xc,2022-10-14,5000,1244.6,156,9,207777
21199885,2022,xc,2022-10-26,5000,1192.2,37,9,206414
14957180,2022,xc,2022-08-26,3000,602,28,11,207138
14957180,2022,xc,2022-09-07,5000,1058.3,9,11,207921
14957180,2022,xc,2022-09-16,5000,1023.3,47,11,207826
14957180,2022,xc,2022-09-24,5000,1091,145,11,206753
14957180,2022,xc,2022-09-28,5000,1021.2,12,11,207922
14957180,2022,xc,2022-10-01,5000,1066.7,41,11,203657
14957180,2022,xc,2022-10-04,5000,1019.8,4,11,208345
14957180,2022,xc,2022-10-26,5000,1017,11,11,206414
14957180,2022,xc,2022-11-05,5000,1044.2,108,11,208281
10614844,2022,xc,2022-09-07,5000,1202.7,5,12,207921
10614844,2022,xc,2022-09-16,5000,1145,35,12,207826
10614844,2022,xc,2022-09-24,5000,1131.7,76,12,206753
10614844,2022,xc,2022-09-28,5000,1148.8,6,12,207922
10614844,2022,xc,2022-10-01,5000,1186.4,18,12,203657
10614844,2022,xc,2022-10-04,5000,1197,23,12,208345
10614844,2022,xc,2022-10-14,5000,1159,65,12,207777
10614844,2022,xc,2022-10-26,5000,1129.9,11,12,206414
21199888,2022,xc,2022-08-26,3000,682.2,112,12,207138
21199888,2022,xc,2022-09-07,5000,1252.6,18,12,207921
21199888,2022,xc,2022-09-16,5000,1141.9,28,12,207826
21199888,2022,xc,2022-09-24,5000,1117.1,60,12,206753
21199888,2022,xc,2022-09-28,5000,1183.8,20,12,207922
21199888,2022,xc,2022-10-01,5000,1176.9,13,12,203657
21199888,2022,xc,2022-10-04,5000,1115.4,12,12,208345
21199888,2022,xc,2022-10-14,5000,1198,109,12,207777
21199888,2022,xc,2022-10-26,5000,1106.5,7,12,206414
10589620,2022,xc,2022-08-26,3000,703.7,121,12,207138
10589620,2022,xc,2022-09-07,5000,1322.9,37,12,207921
10589620,2022,xc,2022-09-16,5000,1252.6,126,12,207826
10589620,2022,xc,2022-09-24,5000,1255,169,12,206753
10589620,2022,xc,2022-09-28,5000,1217.8,31,12,207922
10589620,2022,xc,2022-10-01,5000,1269.9,55,12,203657
10589620,2022,xc,2022-10-04,5000,1241.1,30,12,208345
10589620,2022,xc,2022-10-14,5000,1282.3,197,12,207777
10589620,2022,xc,2022-10-26,5000,1208.7,46,12,206414
18919966,2022,xc,2022-09-16,5000,1498.8,358,10,207826
18919966,2022,xc,2022-09-28,5000,1389.3,94,10,207922
18919966,2022,xc,2022-10-01,5000,1507.2,195,10,203657
18919966,2022,xc,2022-10-14,5000,1496.4,300,10,207777
21485776,2022,xc,2022-10-14,5000,1620.2,318,9,207777
21246977,2022,xc,2022-09-16,5000,1394.3,285,9,207826
21246977,2022,xc,2022-09-24,5000,1378.4,249,9,206753
21246977,2022,xc,2022-09-28,5000,1409.4,98,9,207922
21246977,2022,xc,2022-10-04,5000,1460.4,45,9,208345
21246977,2022,xc,2022-10-14,5000,1405.3,280,9,207777
19022209,2022,xc,2022-09-07,5000,1199.1,48,9,207921
19022209,2022,xc,2022-09-16,5000,1139.2,27,9,207826
19022209,2022,xc,2022-09-24,5000,1180.5,88,9,206753
19022209,2022,xc,2022-09-28,5000,1160.4,12,9,207922
19022209,2022,xc,2022-10-01,5000,1191.7,23,9,203657
19022209,2022,xc,2022-10-04,5000,1182.8,19,9,208345
19022209,2022,xc,2022-10-14,5000,1214.1,127,9,207777
19022209,2022,xc,2022-10-26,5000,1147.8,16,9,206414
9749789,2022,xc,2022-08-26,3000,625.1,76,12,207138
9749789,2022,xc,2022-09-07,5000,1123.5,26,12,207921
9749789,2022,xc,2022-09-16,5000,1062.9,96,12,207826
9749789,2022,xc,2022-09-28,5000,1054.9,21,12,207922
9749789,2022,xc,2022-10-01,5000,1134.7,100,12,203657
9749789,2022,xc,2022-10-04,5000,1078.7,7,12,208345
9749789,2022,xc,2022-10-14,5000,1159.9,124,12,207777
9749789,2022,xc,2022-10-26,5000,1070.3,24,12,206414
9749789,2022,xc,2022-11-05,5000,1088.7,133,12,208281
19064675,2022,xc,2022-09-07,5000,1180.9,41,11,207921
19064675,2022,xc,2022-09-16,5000,1130.5,186,11,207826
19064675,2022,xc,2022-10-04,5000,1184.5,20,11,208345
19064675,2022,xc,2022-10-14,5000,1198.4,110,11,207777
19064675,2022,xc,2022-10-26,5000,1083.1,3,11,206414
21189584,2022,xc,2022-08-26,3000,744.9,15,9,207138
21189584,2022,xc,2022-09-07,5000,1322.2,28,9,207921
21189584,2022,xc,2022-09-16,5000,1291,81,9,207826
21189584,2022,xc,2022-09-24,5000,1282.2,20,9,206753
21189584,2022,xc,2022-09-28,5000,1237.7,23,9,207922
21189584,2022,xc,2022-10-01,5000,1256.5,1,9,203657
21189584,2022,xc,2022-10-04,5000,1280.8,5,9,208345
17637007,2022,xc,2022-08-26,3000,823.9,7,11,207138
17637007,2022,xc,2022-09-07,5000,1506.4,61,11,207921
17637007,2022,xc,2022-09-16,5000,1434.1,33,11,207826
17637007,2022,xc,2022-09-24,5000,1440.3,69,11,206753
17637007,2022,xc,2022-09-28,5000,1399.9,5,11,207922
17637007,2022,xc,2022-10-01,5000,1461.1,16,11,203657
17637007,2022,xc,2022-10-04,5000,1454.7,20,11,208345
17637007,2022,xc,2022-10-14,5000,1499.1,13,11,207777
17637007,2022,xc,2022-10-26,5000,1439,35,11,206414
21189581,2022,xc,2022-08-26,3000,1014.2,117,9,207138
21189581,2022,xc,2022-09-16,5000,1598.3,119,9,207826
21189581,2022,xc,2022-09-24,3000,895.2,20,9,206753
21189581,2022,xc,2022-09-28,5000,1449.9,14,9,207922
21189581,2022,xc,2022-10-01,5000,1552.7,46,9,203657
21189581,2022,xc,2022-10-04,5000,1506.1,25,9,208345
21189581,2022,xc,2022-10-14,5000,1512.9,17,9,207777
21189581,2022,xc,2022-10-26,5000,1398.5,19,9,206414
29463783,2022,xc,2022-08-26,3000,903.7,16,10,207138
29463783,2022,xc,2022-09-07,5000,1632.6,76,10,207921
29463783,2022,xc,2022-09-16,5000,1573.2,103,10,207826
29463783,2022,xc,2022-09-28,5000,1490.9,23,10,207922
29463783,2022,xc,2022-10-01,5000,1634.1,72,10,203657
29463783,2022,xc,2022-10-04,5000,1485.8,23,10,208345
29463783,2022,xc,2022-10-14,5000,1514.9,18,10,207777
29463783,2022,xc,2022-10-26,5000,1433.7,31,10,206414
14957132,2022,xc,2022-09-07,5000,1701.3,83,10,207921
14957132,2022,xc,2022-09-16,5000,1482.3,51,10,207826
14957132,2022,xc,2022-09-24,3000,926.2,37,10,206753
14957132,2022,xc,2022-09-28,5000,1502,26,10,207922
14957132,2022,xc,2022-10-01,5000,1505.2,24,10,203657
14957132,2022,xc,2022-10-04,5000,1488.7,24,10,208345
14957132,2022,xc,2022-10-26,5000,1475.6,44,10,206414
26714563,2022,xc,2022-08-26,3000,695.3,11,11,207138
26714563,2022,xc,2022-09-07,5000,1273,19,11,207921
26714563,2022,xc,2022-09-16,5000,1203.6,41,11,207826
26714563,2022,xc,2022-09-24,5000,1230.7,10,11,206753
26714563,2022,xc,2022-09-28,5000,1196.9,13,11,207922
26714563,2022,xc,2022-10-01,5000,1228.4,18,11,203657
26714563,2022,xc,2022-10-04,5000,1213.5,4,11,208345
26714563,2022,xc,2022-10-14,5000,1242.2,7,11,207777
26714563,2022,xc,2022-10-26,5000,1167.8,11,11,206414
26714563,2022,xc,2022-11-05,5000,1185,43,11,208281
10584103,2022,xc,2022-09-07,5000,1580.3,72,12,207921
10584103,2022,xc,2022-09-24,3000,862.8,13,12,206753
10584103,2022,xc,2022-09-28,5000,1462.3,18,12,207922
10584103,2022,xc,2022-10-04,5000,1477.6,22,12,208345
10584103,2022,xc,2022-10-14,5000,1518.7,22,12,207777
10584103,2022,xc,2022-10-26,5000,1455.5,40,12,206414
24167072,2022,xc,2022-08-26,3000,710.4,21,10,207138
24167072,2022,xc,2022-09-07,5000,1328.4,29,10,207921
24167072,2022,xc,2022-09-16,5000,1262.4,61,10,207826
24167072,2022,xc,2022-09-24,5000,1296,24,10,206753
24167072,2022,xc,2022-09-28,5000,1293,34,10,207922
24167072,2022,xc,2022-10-01,5000,1363.2,3,10,203657
24167072,2022,xc,2022-10-04,5000,1322.1,10,10,208345
24167072,2022,xc,2022-10-14,5000,1339.1,32,10,207777
24167072,2022,xc,2022-10-26,5000,1271,33,10,206414
14122628,2022,xc,2022-08-26,3000,795.7,4,10,207138
14122628,2022,xc,2022-09-07,5000,1475.4,55,10,207921
14122628,2022,xc,2022-09-16,5000,1399.8,144,10,207826
14122628,2022,xc,2022-09-24,5000,1397.4,60,10,206753
14122628,2022,xc,2022-09-28,5000,1369.7,2,10,207922
14122628,2022,xc,2022-10-01,5000,1439.4,13,10,203657
14122628,2022,xc,2022-10-04,5000,1388.3,15,10,208345
14122628,2022,xc,2022-10-14,5000,1456.6,63,10,207777
14122628,2022,xc,2022-10-26,5000,1404.6,48,10,206414
15760724,2022,xc,2022-08-26,3000,805.3,47,12,207138
15760724,2022,xc,2022-09-07,5000,1375.6,34,12,207921
15760724,2022,xc,2022-09-16,5000,1322.6,96,12,207826
15760724,2022,xc,2022-09-28,5000,1310.8,37,12,207922
15760724,2022,xc,2022-10-01,5000,1356.5,71,12,203657
15760724,2022,xc,2022-10-04,5000,1308.8,8,12,208345
15760724,2022,xc,2022-10-14,5000,1396.9,48,12,207777
15760724,2022,xc,2022-10-26,5000,1291.5,38,12,206414
10589614,2022,xc,2022-09-07,5000,1401.6,38,12,207921
10589614,2022,xc,2022-09-16,5000,1322.2,95,12,207826
10589614,2022,xc,2022-09-24,5000,1360.7,54,12,206753
10589614,2022,xc,2022-09-28,5000,1302.4,36,12,207922
10589614,2022,xc,2022-10-01,5000,1374.5,82,12,203657
10589614,2022,xc,2022-10-04,5000,1321.3,9,12,208345
10589614,2022,xc,2022-10-14,5000,1359.5,39,12,207777
10589614,2022,xc,2022-10-26,5000,1299.1,39,12,206414
18872575,2022,xc,2022-08-26,3000,795.6,3,10,207138
18872575,2022,xc,2022-09-07,5000,1429.3,44,10,207921
18872575,2022,xc,2022-09-16,5000,1376.4,127,10,207826
18872575,2022,xc,2022-09-24,5000,1404.4,62,10,206753
18872575,2022,xc,2022-09-28,5000,1390.9,4,10,207922
18872575,2022,xc,2022-10-01,5000,1417.8,10,10,203657
18872575,2022,xc,2022-10-04,5000,1381.9,12,10,208345
18872575,2022,xc,2022-10-14,5000,1460.3,65,10,207777
18872575,2022,xc,2022-10-26,5000,1341.5,45,10,206414
21189582,2022,xc,2022-08-26,3000,947.6,21,9,207138
21189582,2022,xc,2022-09-16,5000,1651,146,9,207826
21189582,2022,xc,2022-09-28,5000,1614.2,40,9,207922
21189582,2022,xc,2022-10-04,5000,1638.5,27,9,208345
21189582,2022,xc,2022-10-14,5000,1666.5,84,9,207777
21189582,2022,xc,2022-10-26,5000,1522.4,53,9,206414
15936694,2022,xc,2022-09-24,3000,1047.2,78,9,206753
15936694,2022,xc,2022-09-28,5000,1676.5,49,9,207922
15936694,2022,xc,2022-10-01,5000,2021.7,133,9,203657
15936694,2022,xc,2022-10-04,5000,1649.2,28,9,208345
15936694,2022,xc,2022-10-14,5000,1946.3,153,9,207777
21189583,2022,xc,2022-08-26,3000,1203.3,172,9,207138
21189583,2022,xc,2022-09-16,5000,1825.5,208,9,207826
21189583,2022,xc,2022-09-24,3000,1037.9,75,9,206753
21189583,2022,xc,2022-09-28,5000,1717.7,55,9,207922
21189583,2022,xc,2022-10-14,5000,2039.4,159,9,207777
21189583,2022,xc,2022-10-26,5000,1697.8,81,9,206414
18848686,2022,xc,2022-09-07,5000,1819.1,89,12,207921
18848686,2022,xc,2022-09-16,5000,1617.9,128,12,207826
18848686,2022,xc,2022-09-24,3000,946.1,45,12,206753
18848686,2022,xc,2022-09-28,5000,1638.5,45,12,207922
18848686,2022,xc,2022-10-01,5000,1729.3,56,12,203657
18848686,2022,xc,2022-10-04,5000,1668.8,29,12,208345
18848686,2022,xc,2022-10-26,5000,1574.4,61,12,206414
18848688,2022,xc,2022-09-24,3000,891.4,19,10,206753
18848688,2022,xc,2022-09-28,5000,1473.2,20,10,207922
18848688,2022,xc,2022-10-01,5000,1513.5,25,10,203657
18848688,2022,xc,2022-10-04,5000,1466.3,21,10,208345
18848688,2022,xc,2022-10-14,5000,1473.7,9,10,207777
18848688,2022,xc,2022-10-26,5000,1468.6,43,10,206414
19022194,2023,xc,2023-08-31,5000,1203.4,9,9,222037
19022194,2023,xc,2023-09-02,5000,1476,161,9,221088
19022194,2023,xc,2023-09-09,5000,1223.1,12,9,223130
19022194,2023,xc,2023-09-15,5000,1224.07,37,9,221507
19022194,2023,xc,2023-09-23,5000,1190.8,51,9,221388
19022194,2023,xc,2023-09-27,5000,1150.37,11,9,221811
19022194,2023,xc,2023-10-03,5000,1118.12,15,9,223259
19022194,2023,xc,2023-10-25,5000,1104.96,10,9,221773
19022196,2023,xc,2023-08-31,5000,1140.9,4,9,222037
19022196,2023,xc,2023-09-09,5000,1151.6,4,9,223130
19022196,2023,xc,2023-09-15,5000,1148.42,11,9,221507
19022196,2023,xc,2023-09-23,5000,1145.9,24,9,221388
19022196,2023,xc,2023-09-27,5000,1123.5,68,9,221811
19022196,2023,xc,2023-10-03,5000,1074.25,11,9,223259
19022196,2023,xc,2023-10-25,5000,1101.6,39,9,221773
21402918,2023,xc,2023-09-09,5000,1244,17,9,223130
21402918,2023,xc,2023-09-15,5000,1304.93,111,9,221507
21402918,2023,xc,2023-09-23,5000,1265.2,114,9,221388
21402918,2023,xc,2023-09-27,5000,1212.72,42,9,221811
21402918,2023,xc,2023-10-03,5000,1238.24,31,9,223259
21402918,2023,xc,2023-10-13,5000,1174.2,204,9,221673
21402918,2023,xc,2023-10-25,5000,1157.15,32,9,221773
21199866,2023,xc,2023-08-31,3000,953.6,16,10,222037
21199866,2023,xc,2023-09-02,5000,1970.7,300,10,221088
21199866,2023,xc,2023-09-15,5000,1808.45,378,10,221507
21199866,2023,xc,2023-09-23,5000,1770.7,226,10,221388
21199866,2023,xc,2023-09-27,5000,1721.6,204,10,221811
21199866,2023,xc,2023-10-03,5000,1779.83,50,10,223259
21199866,2023,xc,2023-10-13,5000,1752.1,271,10,221673
21199866,2023,xc,2023-10-25,5000,1816.37,136,10,221773
21199864,2023,xc,2023-08-31,5000,1292.4,24,10,222037
21199864,2023,xc,2023-09-02,5000,1957.7,299,10,221088
21199864,2023,xc,2023-09-09,5000,1299.2,41,10,223130
21199864,2023,xc,2023-09-15,5000,1312.19,124,10,221507
21199864,2023,xc,2023-09-23,5000,1277.1,31,10,221388
21199864,2023,xc,2023-09-27,5000,1255.07,72,10,221811
21199864,2023,xc,2023-10-13,5000,1267,302,10,221673
21199864,2023,xc,2023-10-25,5000,1224.44,70,10,221773
18848591,2023,xc,2023-08-31,5000,1297.5,27,11,222037
18848591,2023,xc,2023-09-02,5000,1454.7,149,11,221088
18848591,2023,xc,2023-09-09,5000,1244.7,18,11,223130
18848591,2023,xc,2023-09-15,5000,1268.53,77,11,221507
18848591,2023,xc,2023-10-13,5000,1283.8,317,11,221673
18848591,2023,xc,2023-10-25,5000,1269.39,91,11,221773
26923431,2023,xc,2023-09-27,5000,1240.29,60,10,221811
26923431,2023,xc,2023-10-03,5000,1183.97,24,10,223259
26923431,2023,xc,2023-10-13,5000,1179.3,209,10,221673
26923431,2023,xc,2023-10-25,5000,1161.33,39,10,221773
21485777,2023,xc,2023-09-09,5000,1263.9,26,10,223130
21485777,2023,xc,2023-09-15,5000,1291.94,98,10,221507
21485777,2023,xc,2023-09-23,5000,1278,33,10,221388
21485777,2023,xc,2023-09-27,5000,1147.91,8,10,221811
21485777,2023,xc,2023-10-13,5000,1215.6,73,10,221673
21485777,2023,xc,2023-10-25,5000,1191.03,53,10,221773
19962263,2023,xc,2023-08-31,5000,1140.3,3,10,222037
19962263,2023,xc,2023-09-02,5000,1365.6,88,10,221088
19962263,2023,xc,2023-09-09,5000,1161.1,5,10,223130
19962263,2023,xc,2023-09-15,5000,1193.97,27,10,221507
19962263,2023,xc,2023-09-27,5000,1153.2,77,10,221811
19962263,2023,xc,2023-10-03,5000,1107.76,14,10,223259
19962263,2023,xc,2023-10-13,5000,1084.6,73,10,221673
19962263,2023,xc,2023-10-25,5000,1077.93,3,10,221773
18848596,2023,xc,2023-08-31,5000,996.2,3,11,222037
18848596,2023,xc,2023-09-02,5000,1357,169,11,221088
18848596,2023,xc,2023-09-15,5000,1011.763,13,11,221507
18848596,2023,xc,2023-09-23,5000,1022.8,28,11,221388
18848596,2023,xc,2023-09-27,5000,1009.8,5,11,221811
18848596,2023,xc,2023-10-13,5000,974.4,5,11,221673
18848596,2023,xc,2023-10-25,5000,988.078,4,11,221773
18848596,2023,xc,2023-11-04,5000,1028.7,70,11,226732
21199875,2023,xc,2023-08-31,5000,1262.4,17,10,222037
21199875,2023,xc,2023-09-02,5000,1375,94,10,221088
21199875,2023,xc,2023-09-09,5000,1268.3,30,10,223130
21199875,2023,xc,2023-09-15,5000,1270.06,78,10,221507
21199875,2023,xc,2023-09-23,5000,1242.7,100,10,221388
21199875,2023,xc,2023-09-27,5000,1242.17,61,10,221811
21199875,2023,xc,2023-10-03,5000,1203.72,27,10,223259
21199875,2023,xc,2023-10-13,5000,1234.6,270,10,221673
21199875,2023,xc,2023-10-25,5000,1227.4,73,10,221773
14122637,2023,xc,2023-09-02,5000,1479.7,165,11,221088
14122637,2023,xc,2023-09-23,5000,1142.2,19,11,221388
14122637,2023,xc,2023-10-03,5000,1129.02,17,11,223259
14122637,2023,xc,2023-10-13,5000,1206.6,244,11,221673
14122637,2023,xc,2023-10-25,5000,1105.27,11,11,221773
17656002,2023,xc,2023-08-31,5000,1096.7,18,12,222037
17656002,2023,xc,2023-09-02,5000,1273.6,134,12,221088
17656002,2023,xc,2023-09-09,5000,1092.7,13,12,223130
17656002,2023,xc,2023-09-15,5000,1148.99,119,12,221507
17656002,2023,xc,2023-09-23,5000,1104.8,102,12,221388
17656002,2023,xc,2023-09-27,5000,1075.7,39,12,221811
17656002,2023,xc,2023-10-03,5000,1100.32,12,12,223259
17656002,2023,xc,2023-10-13,5000,1032.8,29,12,221673
17656002,2023,xc,2023-10-25,5000,1059.99,29,12,221773
19023778,2023,xc,2023-08-31,5000,1282.1,22,11,222037
19023778,2023,xc,2023-09-02,5000,1659.5,263,11,221088
19023778,2023,xc,2023-09-09,5000,1340.1,47,11,223130
19023778,2023,xc,2023-09-15,5000,1451.74,267,11,221507
19023778,2023,xc,2023-09-23,5000,1278.1,34,11,221388
19023778,2023,xc,2023-09-27,5000,1300.48,107,11,221811
19023778,2023,xc,2023-10-03,5000,1319.9,41,11,223259
19023778,2023,xc,2023-10-13,5000,1304.7,129,11,221673
19023778,2023,xc,2023-10-25,5000,1349.89,109,11,221773
32615059,2023,xc,2023-08-31,5000,1305.5,28,9,222037
32615059,2023,xc,2023-09-09,5000,1370.3,54,9,223130
32615059,2023,xc,2023-09-15,5000,1494.08,291,9,221507
32615059,2023,xc,2023-09-27,5000,1349.23,126,9,221811
32615059,2023,xc,2023-10-03,5000,1247.84,34,9,223259
32615059,2023,xc,2023-10-13,5000,1289.3,318,9,221673
32615059,2023,xc,2023-10-25,5000,1261.675,86,9,221773
21200248,2023,xc,2023-08-31,5000,1357.4,33,10,222037
21200248,2023,xc,2023-09-02,5000,1556.8,200,10,221088
21200248,2023,xc,2023-09-15,5000,1335.16,142,10,221507
21200248,2023,xc,2023-09-27,5000,1304.28,110,10,221811
21200248,2023,xc,2023-10-03,5000,1282.47,38,10,223259
12343221,2023,xc,2023-09-09,5000,1382.9,57,12,223130
12343221,2023,xc,2023-09-15,5000,1385.57,206,12,221507
12343221,2023,xc,2023-09-23,5000,1327.2,68,12,221388
12343221,2023,xc,2023-09-27,5000,1340.14,121,12,221811
12343221,2023,xc,2023-10-03,5000,1299.44,40,12,223259
12343221,2023,xc,2023-10-25,5000,1404.5,118,12,221773
21199863,2023,xc,2023-08-31,3000,894.9,13,10,222037
21199863,2023,xc,2023-09-02,5000,1991.9,301,10,221088
21199863,2023,xc,2023-09-09,5000,1569.1,87,10,223130
21199863,2023,xc,2023-09-15,5000,1770.73,371,10,221507
21199863,2023,xc,2023-09-23,5000,1574.6,181,10,221388
21199863,2023,xc,2023-09-27,5000,1520.21,181,10,221811
21199863,2023,xc,2023-10-03,5000,1528.96,49,10,223259
21199863,2023,xc,2023-10-13,5000,1513.5,250,10,221673
21199863,2023,xc,2023-10-25,5000,1464.98,125,10,221773
23667154,2023,xc,2023-08-31,3000,872.8,12,9,222037
23667154,2023,xc,2023-09-09,5000,1752.8,92,9,223130
23667154,2023,xc,2023-09-23,5000,1639.6,202,9,221388
23667154,2023,xc,2023-09-27,5000,1521.24,182,9,221811
23667154,2023,xc,2023-10-25,5000,1396.9,117,9,221773
23777671,2023,xc,2023-09-23,5000,1439.5,133,9,221388
23777671,2023,xc,2023-09-27,5000,1389.67,145,9,221811
23777671,2023,xc,2023-10-03,5000,1398.79,48,9,223259
23777671,2023,xc,2023-10-13,5000,1332.5,154,9,221673
23777671,2023,xc,2023-10-25,5000,1343.43,107,9,221773
28985860,2023,xc,2023-08-31,5000,1076.8,16,11,222037
28985860,2023,xc,2023-09-02,5000,1274.6,139,11,221088
28985860,2023,xc,2023-09-09,5000,1142.4,19,11,223130
28985860,2023,xc,2023-09-15,5000,1154.89,129,11,221507
28985860,2023,xc,2023-09-23,5000,1126,121,11,221388
28985860,2023,xc,2023-09-27,5000,1104.5,50,11,221811
28985860,2023,xc,2023-10-03,5000,1143.79,20,11,223259
28985860,2023,xc,2023-10-13,5000,1085.7,76,11,221673
28985860,2023,xc,2023-10-25,5000,1103.1,7,11,221773
26649337,2023,xc,2023-08-31,5000,1060.6,14,12,222037
26649337,2023,xc,2023-09-02,5000,1274.6,138,12,221088
26649337,2023,xc,2023-09-09,5000,1087.8,12,12,223130
26649337,2023,xc,2023-09-15,5000,1119.77,93,12,221507
26649337,2023,xc,2023-10-03,5000,1104.65,13,12,223259
26649337,2023,xc,2023-10-13,5000,1072.1,65,12,221673
26649337,2023,xc,2023-10-25,5000,1052.57,23,12,221773
22463266,2023,xc,2023-08-31,3000,818.7,7,11,222037
22463266,2023,xc,2023-09-02,5000,1773,286,11,221088
22463266,2023,xc,2023-09-15,5000,1556.52,318,11,221507
22463266,2023,xc,2023-09-27,5000,1369.94,139,11,221811
22463266,2023,xc,2023-10-03,5000,1365.73,44,11,223259
22463266,2023,xc,2023-10-25,5000,1302.47,95,11,221773
22463268,2023,xc,2023-08-31,3000,741.5,3,10,222037
22463268,2023,xc,2023-09-09,5000,1343.7,50,10,223130
23676426,2023,xc,2023-08-31,5000,1262,16,10,222037
23676426,2023,xc,2023-09-09,5000,1258.5,24,10,223130
23676426,2023,xc,2023-09-15,5000,1281.6,88,10,221507
23676426,2023,xc,2023-09-23,5000,1236.2,92,10,221388
23676426,2023,xc,2023-09-27,5000,1207.82,34,10,221811
23676426,2023,xc,2023-10-03,5000,1213.85,29,10,223259
23676426,2023,xc,2023-10-13,5000,1168.2,198,10,221673
23676426,2023,xc,2023-10-25,5000,1167.43,42,10,221773
23858490,2023,xc,2023-10-03,5000,1366.28,45,12,223259
23858490,2023,xc,2023-10-13,5000,1358.7,181,12,221673
21199885,2023,xc,2023-08-31,5000,1252.6,14,10,222037
21199885,2023,xc,2023-09-02,5000,1407.2,114,10,221088
21199885,2023,xc,2023-09-09,5000,1264.8,27,10,223130
21199885,2023,xc,2023-09-15,5000,1306.27,114,10,221507
14957180,2023,xc,2023-08-31,5000,1013.9,4,12,222037
14957180,2023,xc,2023-09-02,5000,1273.6,133,12,221088
14957180,2023,xc,2023-09-15,5000,1136.66,108,12,221507
14957180,2023,xc,2023-09-27,5000,1107.5,53,12,221811
14957180,2023,xc,2023-10-03,5000,1029.02,3,12,223259
14957180,2023,xc,2023-10-13,5000,1020,21,12,221673
14957180,2023,xc,2023-10-25,5000,1079.86,36,12,221773
23667155,2023,xc,2023-09-15,5000,1430.33,250,12,221507
23667155,2023,xc,2023-09-23,5000,1325.4,64,12,221388
23667155,2023,xc,2023-09-27,5000,1312.85,115,12,221811
23667155,2023,xc,2023-10-03,5000,1247.11,33,12,223259
23667155,2023,xc,2023-10-13,5000,1247.4,281,12,221673
18919966,2023,xc,2023-08-31,5000,1258,15,11,222037
18919966,2023,xc,2023-09-02,5000,1598.7,231,11,221088
18919966,2023,xc,2023-09-09,5000,1288.7,38,11,223130
18919966,2023,xc,2023-09-15,5000,1338.53,147,11,221507
18919966,2023,xc,2023-09-27,5000,1303.52,109,11,221811
18919966,2023,xc,2023-10-03,5000,1241.32,32,11,223259
18919966,2023,xc,2023-10-13,5000,1170.5,202,11,221673
18919966,2023,xc,2023-10-25,5000,1170.49,44,11,221773
21246977,2023,xc,2023-08-31,5000,1296,26,10,222037
21246977,2023,xc,2023-09-09,5000,1355.2,52,10,223130
21246977,2023,xc,2023-09-15,5000,1361.51,181,10,221507
21246977,2023,xc,2023-09-23,5000,1355.5,84,10,221388
21246977,2023,xc,2023-09-27,5000,1258.82,79,10,221811
21246977,2023,xc,2023-10-03,5000,1275.59,37,10,223259
21246977,2023,xc,2023-10-13,5000,1241.2,277,10,221673
21246977,2023,xc,2023-10-25,5000,1247.24,80,10,221773
19022209,2023,xc,2023-08-31,5000,1034.7,5,10,222037
19022209,2023,xc,2023-09-02,5000,1274.2,135,10,221088
19022209,2023,xc,2023-09-09,5000,1083.8,11,10,223130
19022209,2023,xc,2023-09-15,5000,1074.98,54,10,221507
19022209,2023,xc,2023-09-23,5000,1050.5,51,10,221388
19022209,2023,xc,2023-09-27,5000,1057.5,22,10,221811
19022209,2023,xc,2023-10-03,5000,1061.43,6,10,223259
19022209,2023,xc,2023-10-13,5000,1049.2,43,10,221673
19022209,2023,xc,2023-10-25,5000,1051.76,22,10,221773
22297253,2023,xc,2023-08-31,5000,1265.1,19,9,222037
22297253,2023,xc,2023-09-09,5000,1238,16,9,223130
22297253,2023,xc,2023-09-23,5000,1240.1,95,9,221388
22297253,2023,xc,2023-09-27,5000,1221.32,48,9,221811
22297253,2023,xc,2023-10-03,5000,1208.93,28,9,223259
22297253,2023,xc,2023-10-13,5000,1169,200,9,221673
22297253,2023,xc,2023-10-25,5000,1188.81,52,9,221773
19064675,2023,xc,2023-08-31,5000,1197.6,32,12,222037
19064675,2023,xc,2023-09-09,5000,1135.5,2,12,223130
19064675,2023,xc,2023-09-15,5000,1154.27,128,12,221507
19064675,2023,xc,2023-09-23,5000,1104.9,103,12,221388
19064675,2023,xc,2023-09-27,5000,1111.9,56,12,221811
19064675,2023,xc,2023-10-03,5000,1070.79,9,12,223259
19064675,2023,xc,2023-10-13,5000,1039.1,34,12,221673
19064675,2023,xc,2023-10-25,5000,1056.89,28,12,221773
21189584,2023,xc,2023-09-02,5000,1506.6,84,10,221088
21189584,2023,xc,2023-09-09,5000,1354.6,12,10,223130
21189584,2023,xc,2023-10-25,5000,1352.3,17,10,221773
17637007,2023,xc,2023-08-31,5000,1456.2,29,12,222037
17637007,2023,xc,2023-09-02,5000,1714.9,58,12,221088
17637007,2023,xc,2023-09-09,5000,1465.8,9,12,223130
17637007,2023,xc,2023-09-15,5000,1471.74,29,12,221507
17637007,2023,xc,2023-09-23,5000,1461.5,27,12,221388
17637007,2023,xc,2023-09-27,5000,1495.6,20,12,221811
17637007,2023,xc,2023-10-03,5000,1429.29,16,12,223259
17637007,2023,xc,2023-10-13,5000,1437.2,103,12,221673
17637007,2023,xc,2023-10-25,5000,1423.84,30,12,221773
21189581,2023,xc,2023-08-31,5000,1371.5,20,10,222037
21189581,2023,xc,2023-09-02,5000,1683.7,53,10,221088
21189581,2023,xc,2023-09-09,5000,1432.8,6,10,223130
21189581,2023,xc,2023-09-15,5000,1459.836,25,10,221507
21189581,2023,xc,2023-09-23,5000,1383.8,95,10,221388
21189581,2023,xc,2023-09-27,5000,1352.33,60,10,221811
21189581,2023,xc,2023-10-03,5000,1385.82,13,10,223259
21189581,2023,xc,2023-10-13,5000,1365,66,10,221673
21189581,2023,xc,2023-10-25,5000,1339.05,42,10,221773
21189581,2023,xc,2023-11-04,5000,1386.4,134,10,226732
26300659,2023,xc,2023-09-15,5000,1130.39,4,12,221507
26300659,2023,xc,2023-09-23,5000,1119.2,1,12,221388
26300659,2023,xc,2023-09-27,5000,1130.66,4,12,221811
26300659,2023,xc,2023-10-03,5000,1076.52,1,12,223259
26300659,2023,xc,2023-10-13,5000,1076,7,12,221673
26300659,2023,xc,2023-10-25,5000,1082.54,2,12,221773
26300659,2023,xc,2023-11-04,5000,1108.5,4,12,226732
29463783,2023,xc,2023-08-31,5000,1284.4,11,11,222037
29463783,2023,xc,2023-09-02,5000,1457.5,68,11,221088
29463783,2023,xc,2023-09-09,5000,1291,6,11,223130
29463783,2023,xc,2023-09-15,5000,1339.52,69,11,221507
29463783,2023,xc,2023-09-23,5000,1302.9,46,11,221388
29463783,2023,xc,2023-09-27,5000,1278.95,44,11,221811
29463783,2023,xc,2023-10-03,5000,1273.02,8,11,223259
29463783,2023,xc,2023-10-13,5000,1285.4,110,11,221673
29463783,2023,xc,2023-10-25,5000,1270.74,33,11,221773
29463783,2023,xc,2023-11-04,5000,1299.8,98,11,226732
26714563,2023,xc,2023-08-31,5000,1242,9,12,222037
26714563,2023,xc,2023-09-02,5000,1457.5,69,12,221088
26714563,2023,xc,2023-09-15,5000,1240.11,33,12,221507
26714563,2023,xc,2023-09-23,5000,1236.2,17,12,221388
26714563,2023,xc,2023-09-27,5000,1214.75,24,12,221811
26714563,2023,xc,2023-10-03,5000,1206.83,6,12,223259
26714563,2023,xc,2023-10-13,5000,1169.6,50,12,221673
26714563,2023,xc,2023-10-25,5000,1200.16,22,12,221773
26714563,2023,xc,2023-11-04,5000,1233.6,65,12,226732
30149904,2023,xc,2023-08-31,5000,1191.8,5,9,222037
30149904,2023,xc,2023-09-02,5000,1457.9,70,9,221088
30149904,2023,xc,2023-09-09,5000,1186,1,9,223130
30149904,2023,xc,2023-09-15,5000,1195.52,20,9,221507
30149904,2023,xc,2023-09-23,5000,1182.6,8,9,221388
30149904,2023,xc,2023-09-27,5000,1139.39,6,9,221811
30149904,2023,xc,2023-10-03,5000,1132.16,2,9,223259
30149904,2023,xc,2023-10-13,5000,1078.8,9,9,221673
30149904,2023,xc,2023-10-25,5000,1095.484,3,9,221773
30149904,2023,xc,2023-11-04,5000,1161.3,22,9,226732
23652828,2023,xc,2023-08-31,5000,1311,15,9,222037
23652828,2023,xc,2023-09-02,5000,1472.8,9,9,221088
23652828,2023,xc,2023-09-09,5000,1470.5,21,9,223130
23652828,2023,xc,2023-09-23,5000,1317.2,55,9,221388
23652828,2023,xc,2023-09-27,5000,1281.08,45,9,221811
23652828,2023,xc,2023-10-03,5000,1300.47,9,9,223259
23652828,2023,xc,2023-10-13,5000,1271.8,104,9,221673
23652828,2023,xc,2023-10-25,5000,1294,36,9,221773
23652828,2023,xc,2023-11-04,5000,1406.8,139,9,226732
22463869,2023,xc,2023-10-03,5000,1340.82,11,10,223259
23652837,2023,xc,2023-08-31,3000,895.1,4,11,222037
23652837,2023,xc,2023-09-02,5000,1884.6,108,11,221088
19962236,2023,xc,2023-08-31,3000,854.9,2,9,222037
19962236,2023,xc,2023-09-02,5000,1840.8,81,9,221088
19962236,2023,xc,2023-09-15,5000,1701.19,111,9,221507
14122628,2023,xc,2023-08-31,5000,1347.4,17,11,222037
14122628,2023,xc,2023-09-02,5000,1445.1,62,11,221088
14122628,2023,xc,2023-09-09,5000,1342.5,11,11,223130
14122628,2023,xc,2023-09-23,5000,1325.5,58,11,221388
23652834,2023,xc,2023-08-31,3000,907.4,5,10,222037
23652834,2023,xc,2023-09-02,5000,1884.3,107,10,221088
23652834,2023,xc,2023-09-15,5000,1702.26,112,10,221507
22442929,2023,xc,2023-09-15,5000,1689.47,104,10,221507
22442929,2023,xc,2023-09-23,5000,1553.5,61,10,221388
22442929,2023,xc,2023-09-27,5000,1538.81,31,10,221811
22442929,2023,xc,2023-10-03,5000,1565.5,23,10,223259
22442929,2023,xc,2023-10-13,5000,1451.1,22,10,221673
22442929,2023,xc,2023-10-25,5000,1467.49,37,10,221773
23652826,2023,xc,2023-08-31,5000,1628.3,33,10,222037
23652826,2023,xc,2023-09-02,5000,2032.4,136,10,221088
23652826,2023,xc,2023-09-09,5000,1643.9,32,10,223130
23652826,2023,xc,2023-09-15,5000,1965.6,202,10,221507
23652826,2023,xc,2023-09-23,5000,1699.6,97,10,221388
23652826,2023,xc,2023-09-27,5000,1746.07,85,10,221811
23652826,2023,xc,2023-10-03,5000,1623.27,27,10,223259
23652826,2023,xc,2023-10-25,5000,1642.68,67,10,221773
23652830,2023,xc,2023-08-31,3000,918.9,6,10,222037
23652830,2023,xc,2023-09-02,5000,2034.5,138,10,221088
23652830,2023,xc,2023-09-09,5000,1718.6,41,10,223130
23652830,2023,xc,2023-09-15,5000,1776.175,141,10,221507
23652830,2023,xc,2023-09-23,5000,1705.2,99,10,221388
23652830,2023,xc,2023-09-27,5000,1617.52,54,10,221811
23652830,2023,xc,2023-10-03,5000,1651.85,28,10,223259
23652830,2023,xc,2023-10-13,5000,1595.8,93,10,221673
23652830,2023,xc,2023-10-25,5000,1563.96,61,10,221773
22340689,2023,xc,2023-09-15,5000,2046.544,220,10,221507
22340689,2023,xc,2023-10-03,5000,1953.23,47,10,223259
22340689,2023,xc,2023-10-13,5000,1846.1,155,10,221673
22340689,2023,xc,2023-10-25,5000,1751.49,80,10,221773
23652843,2023,xc,2023-09-27,5000,1623.47,57,11,221811
23652843,2023,xc,2023-10-03,5000,1607.68,25,11,223259
23652843,2023,xc,2023-10-13,5000,1572,77,11,221673
23652843,2023,xc,2023-10-25,5000,1498.17,50,11,221773
18872575,2023,xc,2023-08-31,5000,1442.7,26,11,222037
18872575,2023,xc,2023-09-02,5000,1683.8,54,11,221088
18872575,2023,xc,2023-09-09,5000,1475.3,12,11,223130
18872575,2023,xc,2023-09-15,5000,1479.399,30,11,221507
18872575,2023,xc,2023-09-23,5000,1390,9,11,221388
18872575,2023,xc,2023-09-27,5000,1431.13,8,11,221811
18872575,2023,xc,2023-10-03,5000,1458.39,17,11,223259
18872575,2023,xc,2023-10-13,5000,1309.3,39,11,221673
18872575,2023,xc,2023-10-25,5000,1310.89,40,11,221773
18872575,2023,xc,2023-11-04,5000,1342.3,118,11,226732
21189582,2023,xc,2023-09-02,5000,2032.6,137,10,221088
21189582,2023,xc,2023-09-09,5000,1641.3,31,10,223130
21189582,2023,xc,2023-09-15,5000,1849.776,167,10,221507
21189582,2023,xc,2023-09-27,5000,1618.03,55,10,221811
21189582,2023,xc,2023-10-03,5000,1682.75,31,10,223259
21189582,2023,xc,2023-10-13,5000,1571.2,76,10,221673
21189582,2023,xc,2023-10-25,5000,1522.72,52,10,221773
12336576,2023,xc,2023-08-31,3000,967.9,10,12,222037
15936694,2023,xc,2023-08-31,3000,927.5,7,10,222037
15936694,2023,xc,2023-09-02,5000,2566.4,148,10,221088
15936694,2023,xc,2023-09-09,5000,1927.2,50,10,223130
15936694,2023,xc,2023-09-15,5000,2003.28,210,10,221507
15936694,2023,xc,2023-09-27,5000,1843.14,100,10,221811
15936694,2023,xc,2023-10-03,5000,1855.49,41,10,223259
15936694,2023,xc,2023-10-13,5000,1805.5,144,10,221673
15936694,2023,xc,2023-10-25,5000,1606.32,63,10,221773
21189583,2023,xc,2023-09-02,5000,2622.4,149,10,221088
21189583,2023,xc,2023-09-09,5000,2114.6,60,10,223130
21189583,2023,xc,2023-09-15,5000,2221.252,240,10,221507
21189583,2023,xc,2023-10-13,5000,1904.6,163,10,221673
18848688,2023,xc,2023-09-02,5000,1734.1,61,11,221088
18848688,2023,xc,2023-09-09,5000,1511.1,14,11,223130
18848688,2023,xc,2023-09-15,5000,1501.989,35,11,221507
18848688,2023,xc,2023-09-27,5000,1407.13,6,11,221811
18848688,2023,xc,2023-10-13,5000,1400.1,84,11,221673
19022194,2024,xc,2024-08-30,3000,655.36,54,10,235871
19022194,2024,xc,2024-09-09,5000,1215.13,49,10,238209
19022194,2024,xc,2024-09-13,5000,1176.89,35,10,236325
19022194,2024,xc,2024-09-28,5000,1190.9,103,10,233115
19022194,2024,xc,2024-10-02,5000,1143.2,27,10,238303
19022194,2024,xc,2024-10-17,5000,1136.51,32,10,240079
19022194,2024,xc,2024-10-30,5000,1121,29,10,235847
26431538,2024,xc,2024-09-13,5000,1279.11,115,9,236325
26431538,2024,xc,2024-09-28,5000,1285.6,151,9,233115
26431538,2024,xc,2024-10-02,5000,1214.44,37,9,238303
26431538,2024,xc,2024-10-30,5000,1233.3,81,9,235847
19022196,2024,xc,2024-08-30,3000,578.4,9,10,235871
19022196,2024,xc,2024-09-09,5000,1031.14,14,10,238209
19022196,2024,xc,2024-09-13,5000,989.541,17,10,236325
19022196,2024,xc,2024-09-28,5600,1148.7,54,10,233115
19022196,2024,xc,2024-10-02,5000,1002.61,5,10,238303
19022196,2024,xc,2024-10-09,5000,1040.48,2,10,250513
19022196,2024,xc,2024-10-17,5000,1022.52,38,10,240079
19022196,2024,xc,2024-10-30,5000,1023.3,28,10,235847
21402918,2024,xc,2024-09-09,5000,1220.75,50,10,238209
21402918,2024,xc,2024-09-28,5000,1096.5,36,10,233115
21402918,2024,xc,2024-10-02,5000,1071.9,13,10,238303
21402918,2024,xc,2024-10-30,5000,1055.3,37,10,235847
21199866,2024,xc,2024-08-30,3000,1095.76,111,11,235871
21199866,2024,xc,2024-09-28,3000,1085.3,139,11,233115
21199866,2024,xc,2024-10-02,5000,1767.012,59,11,238303
21199866,2024,xc,2024-10-17,5000,1783.94,221,11,240079
21199866,2024,xc,2024-10-30,5000,1793,137,11,235847
21199864,2024,xc,2024-09-09,5000,1379.627,47,11,238209
21199864,2024,xc,2024-09-13,5000,1327.98,160,11,236325
21199864,2024,xc,2024-10-02,5000,1299.16,41,11,238303
21199864,2024,xc,2024-10-09,5000,1482.256,21,11,250513
18848591,2024,xc,2024-08-30,3000,760.27,147,12,235871
18848591,2024,xc,2024-09-09,5000,1360.9,41,12,238209
18848591,2024,xc,2024-09-28,5000,1359.5,292,12,233115
18848591,2024,xc,2024-10-30,5000,1275,95,12,235847
26923431,2024,xc,2024-09-13,5000,1276.27,111,11,236325
19022197,2024,xc,2024-08-30,3000,684.74,54,9,235871
19022197,2024,xc,2024-09-09,5000,1245.47,19,9,238209
19022197,2024,xc,2024-09-13,5000,1178.48,36,9,236325
19022197,2024,xc,2024-09-28,5000,1168.2,57,9,233115
19022197,2024,xc,2024-10-02,5000,1138.14,24,9,238303
19022197,2024,xc,2024-10-09,5000,1162.924,7,9,250513
19022197,2024,xc,2024-10-17,5000,1152.78,46,9,240079
19022197,2024,xc,2024-10-30,5000,1164.5,43,9,235847
21485777,2024,xc,2024-09-13,5000,1321.13,154,11,236325
21485777,2024,xc,2024-09-28,5000,1246.6,213,11,233115
21485777,2024,xc,2024-10-02,5000,1274.26,40,11,238303
21485777,2024,xc,2024-10-09,5000,1263.339,14,11,250513
21485777,2024,xc,2024-10-17,5000,1250.64,112,11,240079
21485777,2024,xc,2024-10-30,5000,1248.6,85,11,235847
19962263,2024,xc,2024-09-13,5000,1104.73,11,11,236325
19962263,2024,xc,2024-10-17,5000,1082.59,74,11,240079
19962263,2024,xc,2024-10-30,5000,1051,5,11,235847
18848596,2024,xc,2024-10-02,5000,966.55,2,12,238303
18848596,2024,xc,2024-10-09,5000,1026.602,1,12,250513
18848596,2024,xc,2024-10-30,5000,965.3,5,12,235847
18848596,2024,xc,2024-11-09,5000,979.8,60,12,237896
21199875,2024,xc,2024-08-30,3000,658.69,101,11,235871
21199875,2024,xc,2024-09-09,5000,1269.97,51,11,238209
21199875,2024,xc,2024-09-13,5000,1153.36,28,11,236325
21199875,2024,xc,2024-09-28,5000,1162.1,128,11,233115
21199875,2024,xc,2024-10-02,5000,1132.66,23,11,238303
21199875,2024,xc,2024-10-09,5000,1172.806,8,11,250513
21199875,2024,xc,2024-10-30,5000,1169.2,48,11,235847
14122637,2024,xc,2024-08-30,3000,595.11,56,12,235871
14122637,2024,xc,2024-09-09,5000,1088.74,28,12,238209
14122637,2024,xc,2024-09-13,5000,1046.72,70,12,236325
14122637,2024,xc,2024-09-28,5600,1248.2,162,12,233115
14122637,2024,xc,2024-10-02,5000,1062.53,11,12,238303
14122637,2024,xc,2024-10-30,5000,1067.2,40,12,235847
19023778,2024,xc,2024-09-09,5000,1494.13,55,12,238209
19023778,2024,xc,2024-09-13,5000,1333.49,168,12,236325
19023778,2024,xc,2024-09-28,5000,1366.8,297,12,233115
19023778,2024,xc,2024-10-02,5000,1313.29,44,12,238303
19023778,2024,xc,2024-10-09,5000,1291.705,15,12,250513
19023778,2024,xc,2024-10-30,5000,1339.5,107,12,235847
32615059,2024,xc,2024-09-13,5000,1340.33,175,10,236325
32615059,2024,xc,2024-09-28,5000,1439.7,204,10,233115
32615059,2024,xc,2024-10-02,5000,1345,49,10,238303
32615059,2024,xc,2024-10-09,5000,1465.653,18,10,250513
32615059,2024,xc,2024-10-17,5000,1355.79,170,10,240079
32615059,2024,xc,2024-10-30,5000,1348.8,109,10,235847
21200248,2024,xc,2024-08-30,3000,686.17,121,11,235871
21200248,2024,xc,2024-09-09,5000,1256.25,25,11,238209
21200248,2024,xc,2024-09-13,5000,1189.97,44,11,236325
21200248,2024,xc,2024-10-02,5000,1184.74,34,11,238303
21200248,2024,xc,2024-10-09,5000,1175.372,9,11,250513
21200248,2024,xc,2024-10-17,5000,1169.89,53,11,240079
21200248,2024,xc,2024-10-30,5000,1173.4,51,11,235847
26431523,2024,xc,2024-09-09,3000,888.4,37,9,238209
26431523,2024,xc,2024-09-13,5000,1377.96,205,9,236325
26431523,2024,xc,2024-09-28,3000,742.7,16,9,233115
26431523,2024,xc,2024-10-02,5000,1306.38,42,9,238303
26431523,2024,xc,2024-10-09,5000,1480.873,20,9,250513
26431523,2024,xc,2024-10-17,5000,1281.28,130,9,240079
26431523,2024,xc,2024-10-30,5000,1284.6,101,9,235847
26431529,2024,xc,2024-09-13,5000,1520.97,265,11,236325
26431529,2024,xc,2024-09-28,5000,1623.1,348,11,233115
26431529,2024,xc,2024-10-30,5000,1404.7,121,11,235847
24704121,2024,xc,2024-08-30,3000,792.03,71,10,235871
24704121,2024,xc,2024-09-09,5000,1378.824,46,10,238209
24704121,2024,xc,2024-09-13,5000,1262.45,102,10,236325
24704121,2024,xc,2024-09-28,5000,1230,128,10,233115
24704121,2024,xc,2024-10-09,5000,1244.755,13,10,250513
24704121,2024,xc,2024-10-17,5000,1237.588,101,10,240079
24704121,2024,xc,2024-10-30,5000,1176.8,56,10,235847
21199863,2024,xc,2024-10-02,5000,1658.68,57,11,238303
21199863,2024,xc,2024-10-09,5000,1940.521,26,11,250513
21199863,2024,xc,2024-10-17,5000,1508.71,204,11,240079
21199863,2024,xc,2024-10-30,5000,1551.1,132,11,235847
19022210,2024,xc,2024-09-28,3000,1378.8,149,9,233115
19022210,2024,xc,2024-10-09,5000,2705.253,28,9,250513
19022210,2024,xc,2024-10-17,5000,2422.8,227,9,240079
19022210,2024,xc,2024-10-30,5000,2520.54,138,9,235847
26431510,2024,xc,2024-09-09,3000,950.23,46,11,238209
26431510,2024,xc,2024-10-09,5000,1590.839,23,11,250513
26431510,2024,xc,2024-10-17,5000,1472.66,198,11,240079
26431540,2024,xc,2024-09-28,3000,1278.7,148,9,233115
26431540,2024,xc,2024-10-09,5000,2610.139,27,9,250513
25116972,2024,xc,2024-08-30,3000,656.67,59,10,235871
25116972,2024,xc,2024-09-09,5000,1128.08,38,10,238209
25116972,2024,xc,2024-09-13,5000,1094.79,125,10,236325
25116972,2024,xc,2024-09-28,5600,1205.2,129,10,233115
25116972,2024,xc,2024-10-02,5000,1069.73,12,10,238303
25116972,2024,xc,2024-10-09,5000,1070.64,3,10,250513
25116972,2024,xc,2024-10-17,5000,1044.3,60,10,240079
25116972,2024,xc,2024-10-30,5000,1023.4,29,10,235847
28985860,2024,xc,2024-10-17,5000,1111.3,84,12,240079
28985860,2024,xc,2024-10-30,5000,1067.1,39,12,235847
26695598,2024,xc,2024-09-28,3000,792.9,36,10,233115
26695598,2024,xc,2024-10-09,5000,1415.005,17,10,250513
26695598,2024,xc,2024-10-17,5000,1316.77,152,10,240079
26695598,2024,xc,2024-10-30,5000,1346.7,108,10,235847
26574868,2024,xc,2024-10-02,5000,1403.49,51,9,238303
26574868,2024,xc,2024-10-17,5000,1391.78,181,9,240079
26574868,2024,xc,2024-10-30,5000,1374,117,9,235847
26449710,2024,xc,2024-08-30,3000,888.54,124,9,235871
26449710,2024,xc,2024-09-09,3000,1016.66,52,9,238209
26449710,2024,xc,2024-09-13,5000,1694.44,311,9,236325
26449710,2024,xc,2024-09-28,3000,855.6,75,9,233115
26449710,2024,xc,2024-10-02,5000,1531.46,55,9,238303
26449710,2024,xc,2024-10-09,5000,1526.72,22,9,250513
26449710,2024,xc,2024-10-17,5000,1464.87,195,9,240079
23676426,2024,xc,2024-08-30,3000,693.13,132,11,235871
23676426,2024,xc,2024-09-09,5000,1253.154,23,11,238209
23676426,2024,xc,2024-09-13,5000,1194.01,46,11,236325
23676426,2024,xc,2024-09-28,5000,1157.9,122,11,233115
23676426,2024,xc,2024-10-02,5000,1142.75,26,11,238303
23676426,2024,xc,2024-10-09,5000,1178.522,10,11,250513
23676426,2024,xc,2024-10-17,5000,1146.76,40,11,240079
23676426,2024,xc,2024-10-30,5000,1137.7,36,11,235847
26431536,2024,xc,2024-09-09,3000,825.69,24,11,238209
26431536,2024,xc,2024-09-13,5000,1523.15,267,11,236325
26431536,2024,xc,2024-10-09,5000,1606.739,24,11,250513
26431536,2024,xc,2024-10-17,5000,1462.5,194,11,240079
26431536,2024,xc,2024-10-30,5000,1312.5,104,11,235847
24784048,2024,xc,2024-08-30,3000,1082.39,113,10,235871
24784048,2024,xc,2024-09-09,3000,1046.69,53,10,238209
24784048,2024,xc,2024-09-13,5000,1829.52,334,10,236325
24784048,2024,xc,2024-10-02,5000,1743.687,58,10,238303
24784048,2024,xc,2024-10-09,5000,1750.254,25,10,250513
24784048,2024,xc,2024-10-30,5000,1702.7,136,10,235847
23850198,2024,xc,2024-08-30,3000,656.27,39,9,235871
23850198,2024,xc,2024-09-09,5000,1155.67,8,9,238209
23850198,2024,xc,2024-09-13,5000,1107.46,12,9,236325
23850198,2024,xc,2024-10-02,5000,1084.55,16,9,238303
23850198,2024,xc,2024-10-09,5000,1109.889,5,9,250513
23850198,2024,xc,2024-10-17,5000,1088.41,76,9,240079
23850198,2024,xc,2024-10-30,5000,1080,15,9,235847
23819190,2024,xc,2024-08-30,3000,761.6,42,9,235871
23819190,2024,xc,2024-10-02,5000,1308.07,43,9,238303
23819190,2024,xc,2024-10-09,5000,1295.989,16,9,250513
23819190,2024,xc,2024-10-17,5000,1269.14,123,9,240079
23819190,2024,xc,2024-10-30,5000,1252.6,86,9,235847
22331009,2024,xc,2024-09-09,3000,827.5,25,11,238209
22331009,2024,xc,2024-09-13,5000,1517.06,263,11,236325
22331009,2024,xc,2024-09-28,5000,1464.5,327,11,233115
22331009,2024,xc,2024-10-09,5000,1470.921,19,11,250513
22331009,2024,xc,2024-10-30,5000,1368.7,114,11,235847
21119398,2024,xc,2024-08-30,3000,691.85,130,11,235871
21119398,2024,xc,2024-09-09,5000,1315.98,37,11,238209
21119398,2024,xc,2024-09-13,5000,1221.77,64,11,236325
21119398,2024,xc,2024-09-28,5000,1150.3,115,11,233115
21119398,2024,xc,2024-10-02,5000,1141.75,25,11,238303
21119398,2024,xc,2024-10-09,5000,1156.755,6,11,250513
21119398,2024,xc,2024-10-17,5000,1121.51,26,11,240079
21119398,2024,xc,2024-10-30,5000,1106.8,26,11,235847
18919966,2024,xc,2024-09-09,5000,1246.3,20,12,238209
18919966,2024,xc,2024-09-13,5000,1190.61,45,12,236325
18919966,2024,xc,2024-09-28,5000,1187,155,12,233115
18919966,2024,xc,2024-10-02,5000,1189.1,35,12,238303
18919966,2024,xc,2024-10-09,5000,1217.756,12,12,250513
18919966,2024,xc,2024-10-30,5000,1175.9,52,12,235847
19022209,2024,xc,2024-09-09,5000,1070.62,23,11,238209
19022209,2024,xc,2024-09-13,5000,1029.8,51,11,236325
19022209,2024,xc,2024-09-28,5600,1195.9,122,11,233115
19022209,2024,xc,2024-10-02,5000,1019.015,6,11,238303
22297253,2024,xc,2024-08-30,3000,634.07,41,10,235871
22297253,2024,xc,2024-09-09,5000,1119.04,36,10,238209
22297253,2024,xc,2024-09-13,5000,1084.89,112,10,236325
22297253,2024,xc,2024-09-28,5600,1214.9,138,10,233115
22297253,2024,xc,2024-10-02,5000,1051.73,10,10,238303
22297253,2024,xc,2024-10-09,5000,1073.81,4,10,250513
22297253,2024,xc,2024-10-17,5000,1078.54,72,10,240079
22297253,2024,xc,2024-10-30,5000,1106.6,42,10,235847
26488652,2024,xc,2024-09-13,5000,1346.9,181,9,236325
26488652,2024,xc,2024-09-28,5000,1218.2,98,9,233115
26488652,2024,xc,2024-10-02,5000,1198.78,36,9,238303
26488652,2024,xc,2024-10-09,5000,1216.988,11,9,250513
26488652,2024,xc,2024-10-17,5000,1224.15,91,9,240079
26488652,2024,xc,2024-10-30,5000,1226.1,76,9,235847
24885048,2024,xc,2024-09-13,5000,1238.79,79,10,236325
21189584,2024,xc,2024-08-30,3000,753.2,44,11,235871
21189584,2024,xc,2024-09-09,5000,1371.32,33,11,238209
21189584,2024,xc,2024-09-13,5000,1403.5,112,11,236325
21189584,2024,xc,2024-09-28,5000,1335.4,50,11,233115
21189584,2024,xc,2024-10-02,5000,1299.87,12,11,238303
21189584,2024,xc,2024-10-09,5000,1416.455,6,11,250513
21189584,2024,xc,2024-10-17,5000,1326.75,63,11,240079
21189584,2024,xc,2024-10-30,5000,1341.5,43,11,235847
21189581,2024,xc,2024-08-30,3000,786.94,59,11,235871
21189581,2024,xc,2024-09-09,5000,1387.16,35,11,238209
21189581,2024,xc,2024-09-13,5000,1345.3,81,11,236325
21189581,2024,xc,2024-09-28,5000,1308.8,40,11,233115
21189581,2024,xc,2024-10-02,5000,1305.25,13,11,238303
21189581,2024,xc,2024-10-09,5000,1383.522,4,11,250513
21189581,2024,xc,2024-10-17,5000,1360.11,70,11,240079
21189581,2024,xc,2024-10-30,5000,1307.8,39,11,235847
29463783,2024,xc,2024-09-09,5000,1435.06,40,12,238209
29463783,2024,xc,2024-09-13,5000,1401.2,111,12,236325
29463783,2024,xc,2024-09-28,5000,1370.1,65,12,233115
29463783,2024,xc,2024-10-02,5000,1362.43,15,12,238303
29463783,2024,xc,2024-10-17,5000,1330.29,65,12,240079
29463783,2024,xc,2024-10-30,5000,1303,38,12,235847
22297198,2024,xc,2024-08-30,3000,838.96,60,9,235871
22297198,2024,xc,2024-09-09,5000,1478.02,13,9,238209
22297198,2024,xc,2024-09-13,5000,1458.5,137,9,236325
22297198,2024,xc,2024-09-28,5000,1425.9,91,9,233115
22297198,2024,xc,2024-10-09,5000,1452.874,8,9,250513
22297198,2024,xc,2024-10-17,5000,1441.45,89,9,240079
22297198,2024,xc,2024-10-30,5000,1399.7,36,9,235847
19022179,2024,xc,2024-09-09,3000,911.7,9,9,238209
19022179,2024,xc,2024-09-28,5000,1589.2,207,9,233115
19022179,2024,xc,2024-10-02,5000,1543.25,23,9,238303
19022179,2024,xc,2024-10-09,5000,1524.773,10,9,250513
19022179,2024,xc,2024-10-30,5000,1483.1,61,9,235847
19962216,2024,xc,2024-08-30,3000,768.32,21,9,235871
19962216,2024,xc,2024-09-09,5000,1413.27,3,9,238209
19962216,2024,xc,2024-09-13,5000,1374.5,94,9,236325
19962216,2024,xc,2024-09-28,5000,1328.4,37,9,233115
30149904,2024,xc,2024-08-30,3000,643.77,2,10,235871
30149904,2024,xc,2024-09-09,5000,1178.71,6,10,238209
30149904,2024,xc,2024-09-13,5000,1120.9,6,10,236325
30149904,2024,xc,2024-09-28,5000,1097,18,10,233115
30149904,2024,xc,2024-10-02,5000,1076.17,1,10,238303
30149904,2024,xc,2024-10-09,5000,1114.439,1,10,250513
30149904,2024,xc,2024-10-17,5000,1090.53,3,10,240079
30149904,2024,xc,2024-10-30,5000,1092.3,4,10,235847
30149904,2024,xc,2024-11-09,5000,1104.3,10,10,237896
23652828,2024,xc,2024-08-30,3000,750.07,22,10,235871
23652828,2024,xc,2024-09-09,5000,1320.14,27,10,238209
23652828,2024,xc,2024-09-13,5000,1273.6,52,10,236325
23652828,2024,xc,2024-09-28,5000,1270.1,23,10,233115
23652828,2024,xc,2024-10-02,5000,1242.1,7,10,238303
23652828,2024,xc,2024-10-09,5000,1283.722,2,10,250513
23652828,2024,xc,2024-10-17,5000,1249.55,36,10,240079
23652828,2024,xc,2024-10-30,5000,1251.2,32,10,235847
22463869,2024,xc,2024-10-30,5000,1385.3,34,11,235847
14122628,2024,xc,2024-08-30,3000,741.47,53,12,235871
14122628,2024,xc,2024-09-13,5000,1447.9,132,12,236325
14122628,2024,xc,2024-10-02,5000,1467.98,21,12,238303
14122628,2024,xc,2024-10-09,5000,1338.689,3,12,250513
14122628,2024,xc,2024-10-30,5000,1328.8,41,12,235847
23652830,2024,xc,2024-09-09,3000,1009.23,33,11,238209
23652830,2024,xc,2024-09-13,5000,1719.29,130,11,236325
23652830,2024,xc,2024-10-02,5000,1704.73,30,11,238303
23652830,2024,xc,2024-10-09,5000,1792.068,14,11,250513
23652830,2024,xc,2024-10-17,5000,1692.95,101,11,240079
23652830,2024,xc,2024-10-30,5000,1703.6,97,11,235847
23893089,2024,xc,2024-09-13,5000,1691.85,125,9,236325
23893089,2024,xc,2024-09-28,3000,918.8,43,9,233115
23893089,2024,xc,2024-10-02,5000,1616.86,28,9,238303
23893089,2024,xc,2024-10-09,5000,1642.186,12,9,250513
23893089,2024,xc,2024-10-17,5000,1581.38,73,9,240079
23893089,2024,xc,2024-10-30,5000,1567,80,9,235847
23652843,2024,xc,2024-09-09,3000,894.16,2,12,238209
23652843,2024,xc,2024-09-13,5000,1472.63,29,12,236325
23652843,2024,xc,2024-10-02,5000,1439.93,19,12,238303
23652843,2024,xc,2024-10-09,5000,1521.289,9,12,250513
23652843,2024,xc,2024-10-17,5000,1453.24,92,12,240079
23652843,2024,xc,2024-10-30,5000,1437.1,46,12,235847
18872575,2024,xc,2024-08-30,3000,847.88,109,12,235871
18872575,2024,xc,2024-09-09,5000,1492.75,43,12,238209
18872575,2024,xc,2024-09-13,5000,1422.4,121,12,236325
18872575,2024,xc,2024-09-28,5000,1372,67,12,233115
18872575,2024,xc,2024-10-02,5000,1387.76,17,12,238303
18872575,2024,xc,2024-10-09,5000,1420.138,7,12,250513
18872575,2024,xc,2024-10-17,5000,1339.45,66,12,240079
18872575,2024,xc,2024-10-30,5000,1349.6,44,12,235847
21189582,2024,xc,2024-09-09,3000,1030.6,34,11,238209
21189582,2024,xc,2024-09-13,5000,1789.88,150,11,236325
21189582,2024,xc,2024-10-02,5000,1619.53,29,11,238303
21189582,2024,xc,2024-10-09,5000,1731.62,13,11,250513
21189582,2024,xc,2024-10-17,5000,1645.03,95,11,240079
21189582,2024,xc,2024-10-30,5000,1615,87,11,235847
15936694,2024,xc,2024-09-09,3000,1086.11,44,11,238209
15936694,2024,xc,2024-10-02,5000,1902.53,32,11,238303
15936694,2024,xc,2024-10-09,5000,1941.002,15,11,250513
15936694,2024,xc,2024-10-30,5000,1819.4,103,11,235847
26796532,2024,xc,2024-10-17,5000,1393.7,16,9,240079
26796532,2024,xc,2024-10-30,5000,1358.1,28,9,235847
26431551,2024,xc,2024-08-30,3000,956.41,39,11,235871
26431551,2024,xc,2024-09-09,3000,918.7,11,11,238209
26431551,2024,xc,2024-09-28,3000,866.6,20,11,233115
26431551,2024,xc,2024-10-02,5000,1562.51,24,11,238303
26431551,2024,xc,2024-10-09,5000,1565.055,11,11,250513
26431551,2024,xc,2024-10-30,5000,1523.3,74,11,235847
19994012,2024,xc,2024-08-30,3000,834.3,1,9,235871
19994012,2024,xc,2024-09-09,5000,1473.46,8,9,238209
19994012,2024,xc,2024-09-13,5000,1382.6,101,9,236325
19994012,2024,xc,2024-09-28,5000,1406.4,76,9,233115
19994012,2024,xc,2024-10-02,5000,1362.46,16,9,238303
19994012,2024,xc,2024-10-09,5000,1415.538,5,9,250513
19994012,2024,xc,2024-10-17,5000,1362.85,73,9,240079
19994012,2024,xc,2024-10-30,5000,1331.5,22,9,235847
19022194,2025,xc,2025-08-29,3000,624.24,71,11,253287
19022194,2025,xc,2025-09-12,5000,1063.17,92,11,254501
19022194,2025,xc,2025-09-17,5000,1089.587,6,11,257966
19022194,2025,xc,2025-09-26,5000,1057.7,119,11,253256
19022194,2025,xc,2025-10-01,5000,1030.82,43,11,253250
19022194,2025,xc,2025-10-10,5000,1048.41,61,11,253280
19022194,2025,xc,2025-10-18,5000,1036.31,82,11,253247
19022194,2025,xc,2025-10-29,5000,1011.94,25,11,253251
26431538,2025,xc,2025-08-29,3000,660.71,79,10,253287
26431538,2025,xc,2025-09-12,5000,1132.97,22,10,254501
26431538,2025,xc,2025-09-17,5000,1151.436,11,10,257966
26431538,2025,xc,2025-09-26,5000,1092.8,42,10,253256
26431538,2025,xc,2025-10-01,5000,1079.43,75,10,253250
26431538,2025,xc,2025-10-10,5000,1105.45,27,10,253280
26431538,2025,xc,2025-10-18,5000,1083.84,29,10,253247
26431538,2025,xc,2025-10-29,5000,1079.98,16,10,253251
19022196,2025,xc,2025-07-18,5000,1399,16,11,258075
19022196,2025,xc,2025-08-29,3000,558.15,15,11,253287
19022196,2025,xc,2025-09-12,5000,982.72,19,11,254501
19022196,2025,xc,2025-09-17,5000,1005.823,2,11,257966
19022196,2025,xc,2025-09-26,5000,992.5,40,11,253256
19022196,2025,xc,2025-10-01,5000,981.86,15,11,253250
19022196,2025,xc,2025-10-10,5000,1013.22,29,11,253280
19022196,2025,xc,2025-10-18,5000,982.93,25,11,253247
19022196,2025,xc,2025-10-29,5000,969.32,13,11,253251
19022196,2025,xc,2025-11-08,5000,1013.76,97,11,258447
21402918,2025,xc,2025-08-29,3000,606.99,54,11,253287
21402918,2025,xc,2025-10-10,5000,1173.34,90,11,253280
21402918,2025,xc,2025-10-29,5000,1086.58,18,11,253251
21199866,2025,xc,2025-08-29,3000,1138.45,154,12,253287
21199866,2025,xc,2025-09-12,5000,1845.97,369,12,254501
21199866,2025,xc,2025-09-17,5000,1910.23,44,12,257966
21199866,2025,xc,2025-09-26,3000,1129.2,127,12,253256
21199866,2025,xc,2025-10-10,5000,2006.24,380,12,253280
21199866,2025,xc,2025-10-18,5000,1829.37,132,12,253247
21199866,2025,xc,2025-10-29,5000,1716.04,128,12,253251
21199864,2025,xc,2025-09-12,5000,1419.97,245,12,254501
21199864,2025,xc,2025-09-17,5000,1589.199,40,12,257966
19022197,2025,xc,2025-09-12,5000,1162.02,29,10,254501
19022197,2025,xc,2025-09-17,5000,1190.751,16,10,257966
19022197,2025,xc,2025-09-26,5000,1185.2,140,10,253256
19022197,2025,xc,2025-10-01,5000,1142.09,36,10,253250
19022197,2025,xc,2025-10-10,5000,1153.53,67,10,253280
19022197,2025,xc,2025-10-18,5000,1157.21,79,10,253247
19022197,2025,xc,2025-10-29,5000,1144.09,32,10,253251
29818208,2025,xc,2025-10-01,5000,1291.39,136,9,253250
29818208,2025,xc,2025-10-10,5000,1297.43,234,9,253280
29818208,2025,xc,2025-10-29,5000,1236.48,79,9,253251
26668438,2025,xc,2025-08-29,3000,820.06,110,9,253287
26668438,2025,xc,2025-09-12,5000,1408.537,234,9,254501
26668438,2025,xc,2025-09-17,5000,1456.369,33,9,257966
26668438,2025,xc,2025-09-26,5000,1439.6,345,9,253256
26668438,2025,xc,2025-10-01,5000,1369.72,164,9,253250
26668438,2025,xc,2025-10-10,5000,1445.79,327,9,253280
26668438,2025,xc,2025-10-18,5000,1347.78,63,9,253247
26668438,2025,xc,2025-10-29,5000,1324.76,102,9,253251
21200248,2025,xc,2025-08-29,3000,664.16,117,12,253287
21200248,2025,xc,2025-09-12,5000,1112.459,15,12,254501
21200248,2025,xc,2025-09-17,5000,1153.485,12,12,257966
21200248,2025,xc,2025-09-26,5000,1121.2,97,12,253256
21200248,2025,xc,2025-10-01,5000,1099.11,84,12,253250
21200248,2025,xc,2025-10-10,5000,1111.76,32,12,253280
21200248,2025,xc,2025-10-18,5000,1094,37,12,253247
21200248,2025,xc,2025-10-29,5000,1092.26,20,12,253251
26431523,2025,xc,2025-09-17,5000,1412.268,32,10,257966
26431523,2025,xc,2025-09-26,5000,1319.2,279,10,253256
26431523,2025,xc,2025-10-01,5000,1282.42,133,10,253250
26431523,2025,xc,2025-10-10,5000,1324.44,263,10,253280
26431523,2025,xc,2025-10-29,5000,1296.45,95,10,253251
30962636,2025,xc,2025-08-29,3000,694.65,57,9,253287
30962636,2025,xc,2025-09-12,5000,1163.74,31,9,254501
30962636,2025,xc,2025-09-17,5000,1168.57,14,9,257966
30962636,2025,xc,2025-09-26,5000,1120.4,69,9,253256
30962636,2025,xc,2025-10-01,5000,1093.04,14,9,253250
30962636,2025,xc,2025-10-10,5000,1107.4,28,9,253280
30962636,2025,xc,2025-10-18,5000,1085.15,30,9,253247
30962636,2025,xc,2025-10-29,5000,1072.06,13,9,253251
24704121,2025,xc,2025-08-29,3000,701.56,125,11,253287
24704121,2025,xc,2025-09-17,5000,1254.084,20,11,257966
24704121,2025,xc,2025-09-26,5000,1205.2,145,11,253256
24704121,2025,xc,2025-10-01,5000,1208.59,76,11,253250
24704121,2025,xc,2025-10-10,5000,1221.42,140,11,253280
24704121,2025,xc,2025-10-18,5000,1201.15,118,11,253247
24704121,2025,xc,2025-10-29,5000,1166.73,42,11,253251
21199863,2025,xc,2025-08-29,3000,967.64,150,12,253287
21199863,2025,xc,2025-09-12,5000,1707.22,361,12,254501
21199863,2025,xc,2025-09-17,5000,1851.12,43,12,257966
21199863,2025,xc,2025-09-26,3000,918.3,82,12,253256
21199863,2025,xc,2025-10-01,5000,1564.87,214,12,253250
21199863,2025,xc,2025-10-10,5000,1682.73,372,12,253280
21199863,2025,xc,2025-10-18,5000,1568.85,128,12,253247
21199863,2025,xc,2025-10-29,5000,1565.97,127,12,253251
19022210,2025,xc,2025-08-29,3000,1279.04,157,10,253287
19022210,2025,xc,2025-09-26,3000,1457.3,140,10,253256
19022210,2025,xc,2025-10-01,5000,2435.2,220,10,253250
19022210,2025,xc,2025-10-18,5000,2380.63,137,10,253247
19022210,2025,xc,2025-10-29,5000,2391.43,129,10,253251
25116972,2025,xc,2025-08-29,3000,579.69,27,11,253287
25116972,2025,xc,2025-09-12,5000,1000.91,35,11,254501
25116972,2025,xc,2025-09-17,5000,1057.701,3,11,257966
25116972,2025,xc,2025-09-26,5000,1000.6,46,11,253256
25116972,2025,xc,2025-10-01,5000,993.5,20,11,253250
25116972,2025,xc,2025-10-10,5000,1025.62,39,11,253280
25116972,2025,xc,2025-10-18,5000,1000.156,44,11,253247
25116972,2025,xc,2025-10-29,5000,971.99,16,11,253251
26695598,2025,xc,2025-09-12,5000,1357.929,185,11,254501
26695598,2025,xc,2025-09-26,5000,1402.7,229,11,253256
26695598,2025,xc,2025-10-01,5000,1344.65,154,11,253250
26695598,2025,xc,2025-10-29,5000,1361.46,107,11,253251
27731301,2025,xc,2025-08-29,3000,891.19,136,9,253287
27731301,2025,xc,2025-09-12,5000,1421.93,249,9,254501
27731301,2025,xc,2025-09-17,5000,1547.13,39,9,257966
27731301,2025,xc,2025-09-26,5000,1389.7,322,9,253256
27731301,2025,xc,2025-10-01,5000,1348.8,157,9,253250
27731301,2025,xc,2025-10-10,5000,1425.21,316,9,253280
27731301,2025,xc,2025-10-18,5000,1348.75,64,9,253247
27731301,2025,xc,2025-10-29,5000,1335.58,105,9,253251
21402922,2025,xc,2025-09-12,5000,1191.36,47,9,254501
21402922,2025,xc,2025-09-17,5000,1275.508,23,9,257966
21402922,2025,xc,2025-09-26,5000,1157.1,109,9,253256
21402922,2025,xc,2025-10-01,5000,1118.63,25,9,253250
21402922,2025,xc,2025-10-10,5000,1166.77,78,9,253280
21402922,2025,xc,2025-10-18,5000,1181.95,102,9,253247
21402922,2025,xc,2025-10-29,5000,1382.655,112,9,253251
29831320,2025,xc,2025-10-10,5000,1629.76,366,10,253280
29831320,2025,xc,2025-10-18,5000,1504.37,123,10,253247
29831320,2025,xc,2025-10-29,5000,1459.53,123,10,253251
26449710,2025,xc,2025-08-29,3000,808.36,100,10,253287
26449710,2025,xc,2025-09-12,5000,1438.926,262,10,254501
26449710,2025,xc,2025-09-26,5000,1365.6,314,10,253256
26449710,2025,xc,2025-10-01,5000,1345.35,155,10,253250
26449710,2025,xc,2025-10-10,5000,1350.21,282,10,253280
26449710,2025,xc,2025-10-18,5000,1405.82,92,10,253247
26449710,2025,xc,2025-10-29,5000,1374.64,109,10,253251
22297221,2025,xc,2025-09-12,5000,1478.21,280,9,254501
22297221,2025,xc,2025-09-17,5000,1523.77,38,9,257966
22297221,2025,xc,2025-09-26,3000,782.5,14,9,253256
22297221,2025,xc,2025-10-01,5000,1279.08,131,9,253250
22297221,2025,xc,2025-10-18,5000,1353.08,65,9,253247
22297221,2025,xc,2025-10-29,5000,1452.76,122,9,253251
19022205,2025,xc,2025-09-12,5000,1289.84,138,12,254501
19022205,2025,xc,2025-09-17,5000,1333.833,27,12,257966
19022205,2025,xc,2025-10-18,5000,1218.14,136,12,253247
19022205,2025,xc,2025-10-29,5000,1183.61,54,12,253251
22297222,2025,xc,2025-08-29,3000,726.04,77,9,253287
22297222,2025,xc,2025-09-12,5000,1299.58,143,9,254501
22297222,2025,xc,2025-09-17,5000,1374.25,29,9,257966
22297222,2025,xc,2025-09-26,5000,1321.2,280,9,253256
22297222,2025,xc,2025-10-01,5000,1231.097,98,9,253250
22297222,2025,xc,2025-10-10,5000,1204.42,120,9,253280
22297222,2025,xc,2025-10-29,5000,1178.08,47,9,253251
22297224,2025,xc,2025-08-29,3000,866.95,114,9,253287
22297224,2025,xc,2025-09-12,5000,1427.049,252,9,254501
22297224,2025,xc,2025-09-17,5000,1503.599,35,9,257966
22297224,2025,xc,2025-09-26,5000,1421.4,338,9,253256
22297224,2025,xc,2025-10-01,5000,1387.68,174,9,253250
22297224,2025,xc,2025-10-10,5000,1380.15,298,9,253280
22297224,2025,xc,2025-10-18,5000,1354.84,68,9,253247
22297224,2025,xc,2025-10-29,5000,1337.86,106,9,253251
23676426,2025,xc,2025-08-29,3000,685.75,134,12,253287
23676426,2025,xc,2025-09-12,5000,1191.94,49,12,254501
23676426,2025,xc,2025-09-17,5000,1244.751,19,12,257966
23676426,2025,xc,2025-10-01,5000,1137.69,33,12,253250
23676426,2025,xc,2025-10-10,5000,1166.9,79,12,253280
23676426,2025,xc,2025-10-18,5000,1162.44,84,12,253247
23676426,2025,xc,2025-10-29,5000,1144.4,33,12,253251
26431536,2025,xc,2025-09-12,5000,1315.441,156,12,254501
26431536,2025,xc,2025-09-17,5000,1333.157,26,12,257966
26431536,2025,xc,2025-10-10,5000,1311.84,242,12,253280
26431536,2025,xc,2025-10-18,5000,1257,16,12,253247
26431536,2025,xc,2025-10-29,5000,1294.69,94,12,253251
21506900,2025,xc,2025-09-26,3000,874.2,60,9,253256
21506900,2025,xc,2025-10-10,5000,1562.35,356,9,253280
21506900,2025,xc,2025-10-18,5000,1547.4,127,9,253247
21506900,2025,xc,2025-10-29,5000,1538.22,126,9,253251
23850198,2025,xc,2025-08-29,3000,620.83,45,10,253287
23850198,2025,xc,2025-09-12,5000,1084.75,111,10,254501
23850198,2025,xc,2025-09-17,5000,1092.902,7,10,257966
23850198,2025,xc,2025-09-26,5000,1084,143,10,253256
23850198,2025,xc,2025-10-01,5000,1065.524,68,10,253250
23850198,2025,xc,2025-10-18,5000,1089.66,124,10,253247
23850198,2025,xc,2025-10-29,5000,1063.71,7,10,253251
23819190,2025,xc,2025-08-29,3000,690.2,13,10,253287
23819190,2025,xc,2025-09-17,5000,1256.118,21,10,257966
23819190,2025,xc,2025-09-26,5000,1235.1,195,10,253256
23819190,2025,xc,2025-10-01,5000,1178.04,62,10,253250
23819190,2025,xc,2025-10-10,5000,1199.98,114,10,253280
23819190,2025,xc,2025-10-29,5000,1141.43,30,10,253251
29475682,2025,xc,2025-08-29,3000,792.25,66,9,253287
29475682,2025,xc,2025-09-12,5000,1460.09,270,9,254501
29475682,2025,xc,2025-09-17,5000,1517.901,37,9,257966
29475682,2025,xc,2025-09-26,3000,781,13,9,253256
29475682,2025,xc,2025-10-10,5000,1376.51,296,9,253280
29475682,2025,xc,2025-10-18,5000,1342.11,59,9,253247
29475682,2025,xc,2025-10-29,5000,1408.31,114,9,253251
21119398,2025,xc,2025-08-29,3000,636.08,97,12,253287
21119398,2025,xc,2025-09-12,5000,1100.37,127,12,254501
21119398,2025,xc,2025-09-17,5000,1200.334,17,12,257966
21119398,2025,xc,2025-09-26,5000,1073.3,134,12,253256
21119398,2025,xc,2025-10-01,5000,1062.49,65,12,253250
21119398,2025,xc,2025-10-10,5000,1070.4,82,12,253280
21119398,2025,xc,2025-10-18,5000,1082.24,118,12,253247
21119398,2025,xc,2025-10-29,5000,1041.16,31,12,253251
19022209,2025,xc,2025-08-29,3000,604.65,67,12,253287
19022209,2025,xc,2025-09-12,5000,1070.43,100,12,254501
19022209,2025,xc,2025-09-26,5000,1064.9,126,12,253256
19022209,2025,xc,2025-10-01,5000,1038.4,47,12,253250
19022209,2025,xc,2025-10-10,5000,1081.54,93,12,253280
19022209,2025,xc,2025-10-18,5000,1052.409,95,12,253247
19022209,2025,xc,2025-10-29,5000,1089.69,41,12,253251
22297253,2025,xc,2025-08-29,3000,606.63,53,11,253287
22297253,2025,xc,2025-09-12,5000,1053.49,81,11,254501
22297253,2025,xc,2025-09-17,5000,1065.606,4,11,257966
22297253,2025,xc,2025-09-26,5000,1053.5,114,11,253256
22297253,2025,xc,2025-10-01,5000,1055.56,60,11,253250
22297253,2025,xc,2025-10-10,5000,1068.05,78,11,253280
22297253,2025,xc,2025-10-18,5000,1060.87,101,11,253247
22297253,2025,xc,2025-10-29,5000,1048.05,33,11,253251
21419640,2025,xc,2025-08-29,3000,820.06,86,9,253287
21419640,2025,xc,2025-09-12,5000,1477.48,279,9,254501
21419640,2025,xc,2025-09-17,5000,1500.724,34,9,257966
21419640,2025,xc,2025-09-26,5000,1390.9,323,9,253256
21419640,2025,xc,2025-10-01,5000,1391.45,177,9,253250
21419640,2025,xc,2025-10-10,5000,1320.27,258,9,253280
21419640,2025,xc,2025-10-18,5000,1332.7,55,9,253247
21419640,2025,xc,2025-10-29,5000,1331.97,104,9,253251
29475688,2025,xc,2025-08-29,3000,850.74,106,9,253287
29475688,2025,xc,2025-09-12,5000,1491.307,287,9,254501
29475688,2025,xc,2025-09-17,5000,1515.949,36,9,257966
29475688,2025,xc,2025-09-26,5000,1459.5,349,9,253256
29475688,2025,xc,2025-10-01,5000,1356.68,160,9,253250
29475688,2025,xc,2025-10-10,5000,1445.21,326,9,253280
29475688,2025,xc,2025-10-18,5000,1381.04,81,9,253247
29475688,2025,xc,2025-10-29,5000,1430.34,119,9,253251
19962292,2025,xc,2025-08-29,3000,643.71,62,10,253287
19962292,2025,xc,2025-09-12,5000,1127.31,20,10,254501
19962292,2025,xc,2025-09-17,5000,1119.968,9,10,257966
19962292,2025,xc,2025-09-26,5000,1079.1,27,10,253256
19962292,2025,xc,2025-10-01,5000,1063.15,67,10,253250
19962292,2025,xc,2025-10-10,5000,1099.62,110,10,253280
19962292,2025,xc,2025-10-18,5000,1076.337,115,10,253247
19962292,2025,xc,2025-10-29,5000,1050.729,34,10,253251
21189584,2025,xc,2025-08-29,3000,738.37,51,12,253287
21189584,2025,xc,2025-09-12,5000,1301.64,55,12,254501
21189584,2025,xc,2025-09-17,5000,1316.862,8,12,257966
21189584,2025,xc,2025-09-26,5000,1286.2,154,12,253256
21189584,2025,xc,2025-10-01,5000,1260.53,44,12,253250
21189584,2025,xc,2025-10-10,5000,1274.09,136,12,253280
21189584,2025,xc,2025-10-18,5000,1328.36,119,12,253247
21189584,2025,xc,2025-10-29,5000,1235.95,29,12,253251
21189584,2025,xc,2025-11-08,5000,1284.1,122,12,258447
21189581,2025,xc,2025-08-29,3000,753.1,64,12,253287
21189581,2025,xc,2025-09-12,5000,1302.37,56,12,254501
21189581,2025,xc,2025-09-17,5000,1327.142,9,12,257966
21189581,2025,xc,2025-09-26,5000,1263.1,146,12,253256
21189581,2025,xc,2025-10-01,5000,1263.81,45,12,253250
21189581,2025,xc,2025-10-10,5000,1348.44,154,12,253280
21189581,2025,xc,2025-10-18,5000,1282.25,97,12,253247
21189581,2025,xc,2025-10-29,5000,1276.39,37,12,253251
21189581,2025,xc,2025-11-08,5000,1309.04,134,12,258447
29734147,2025,xc,2025-09-17,5000,2127.771,19,9,257966
29734147,2025,xc,2025-09-26,3000,1124.2,109,9,253256
29734147,2025,xc,2025-10-01,5000,1965.72,137,9,253250
29734147,2025,xc,2025-10-10,5000,1872.26,210,9,253280
29734147,2025,xc,2025-10-18,5000,1706.7,70,9,253247
29734147,2025,xc,2025-10-29,5000,1667.17,66,9,253251
21402909,2025,xc,2025-08-29,3000,973.49,73,9,253287
21402909,2025,xc,2025-09-12,5000,1588.2,81,9,254501
21402909,2025,xc,2025-09-17,5000,1595.227,13,9,257966
21402909,2025,xc,2025-09-26,5000,1568.1,137,9,253256
21402909,2025,xc,2025-10-01,5000,1551.34,75,9,253250
21402909,2025,xc,2025-10-10,5000,1550.1,114,9,253280
21402909,2025,xc,2025-10-18,5000,1471.1,8,9,253247
21402909,2025,xc,2025-10-29,5000,1435.49,37,9,253251
30149904,2025,xc,2025-08-29,3000,627.61,5,11,253287
30149904,2025,xc,2025-09-12,5000,1094.83,1,11,254501
30149904,2025,xc,2025-09-17,5000,1122.362,1,11,257966
30149904,2025,xc,2025-09-26,5000,1072.4,11,11,253256
30149904,2025,xc,2025-10-01,5000,1071.67,1,11,253250
30149904,2025,xc,2025-10-10,5000,1076.15,4,11,253280
30149904,2025,xc,2025-10-18,5000,1130.11,10,11,253247
30149904,2025,xc,2025-10-29,5000,1071.18,1,11,253251
30149904,2025,xc,2025-11-08,5000,1088.5,5,11,258447
23652828,2025,xc,2025-08-29,3000,717.78,28,11,253287
23652828,2025,xc,2025-09-12,5000,1247.8,36,11,254501
23652828,2025,xc,2025-09-17,5000,1260.211,5,11,257966
23652828,2025,xc,2025-09-26,5000,1244.9,141,11,253256
23652828,2025,xc,2025-10-01,5000,1219.88,32,11,253250
23652828,2025,xc,2025-10-10,5000,1230.657,112,11,253280
23652828,2025,xc,2025-10-18,5000,1214.97,46,11,253247
23652828,2025,xc,2025-10-29,5000,1230.93,27,11,253251
23652828,2025,xc,2025-11-08,5000,1275.09,116,11,258447
22463869,2025,xc,2025-09-12,5000,1338.48,75,12,254501
22463869,2025,xc,2025-09-17,5000,1343.892,10,12,257966
22463869,2025,xc,2025-09-26,5000,1331.8,161,12,253256
22463869,2025,xc,2025-10-01,5000,1348.74,65,12,253250
22463869,2025,xc,2025-10-10,5000,1240.82,121,12,253280
22463869,2025,xc,2025-10-18,5000,1247.61,68,12,253247
22463869,2025,xc,2025-10-29,5000,1252.81,34,12,253251
22463869,2025,xc,2025-11-08,5000,1230.66,87,12,258447
29475698,2025,xc,2025-09-12,5000,1895.34,173,9,254501
29475698,2025,xc,2025-09-17,5000,1953.823,17,9,257966
29475698,2025,xc,2025-09-26,3000,1075.8,87,9,253256
29475698,2025,xc,2025-10-01,5000,1731.53,110,9,253250
29475698,2025,xc,2025-10-10,5000,1838.8,205,9,253280
29475698,2025,xc,2025-10-18,5000,1762.7,81,9,253247
29475698,2025,xc,2025-10-29,5000,1721.89,72,9,253251
29475701,2025,xc,2025-09-12,5000,1634.13,108,10,254501
29475701,2025,xc,2025-09-17,5000,1592.608,12,10,257966
29475701,2025,xc,2025-09-26,5000,1504.1,114,10,253256
29475701,2025,xc,2025-10-01,5000,1545.27,71,10,253250
29475701,2025,xc,2025-10-10,5000,1510.11,89,10,253280
29475701,2025,xc,2025-10-29,5000,1437.72,38,10,253251
23652830,2025,xc,2025-09-12,5000,1807.84,151,12,254501
23652830,2025,xc,2025-09-17,5000,1885.561,16,12,257966
23652830,2025,xc,2025-10-01,5000,1751.63,113,12,253250
23652830,2025,xc,2025-10-29,5000,1662.12,65,12,253251
19071436,2025,xc,2025-08-29,3000,1100.33,101,11,253287
23893089,2025,xc,2025-09-12,5000,2080.55,193,10,254501
15936694,2025,xc,2025-08-29,3000,1064.02,94,12,253287
15936694,2025,xc,2025-09-12,5000,2011.27,187,12,254501
15936694,2025,xc,2025-09-17,5000,2034.472,18,12,257966
15936694,2025,xc,2025-10-01,5000,1867.35,128,12,253250
21402915,2025,xc,2025-09-12,5000,2089.09,194,9,254501
21402915,2025,xc,2025-09-17,5000,2170.372,20,9,257966
21402915,2025,xc,2025-09-26,3000,1157.1,118,9,253256
21402915,2025,xc,2025-10-01,5000,1968.77,138,9,253250
21402915,2025,xc,2025-10-10,5000,1950.66,217,9,253280
21402915,2025,xc,2025-10-18,5000,1922.9,100,9,253247
21402915,2025,xc,2025-10-29,5000,1898.06,83,9,253251
19994012,2025,xc,2025-08-29,3000,684.24,8,10,253287
19994012,2025,xc,2025-09-12,5000,1197.87,21,10,254501
19994012,2025,xc,2025-09-17,5000,1228.861,3,10,257966
19994012,2025,xc,2025-09-26,5000,1186.8,103,10,253256
19994012,2025,xc,2025-10-01,5000,1173.057,16,10,253250
19994012,2025,xc,2025-10-10,5000,1183.09,71,10,253280
19994012,2025,xc,2025-10-18,5000,1179.01,19,10,253247
19994012,2025,xc,2025-10-29,5000,1137.28,8,10,253251
19994012,2025,xc,2025-11-08,5000,1201.8,66,10,258447
19022194,2026,xc,2026-08-28,3000,575.83,40,12,270629
19022194,2026,xc,2026-09-12,5000,1000.13,53,12,271186
19022194,2026,xc,2026-09-16,3400,797.3,24,12,272266
19022194,2026,xc,2026-09-19,5000,1033.2,107,12,271536
23819177,2026,xc,2026-08-28,3000,708.03,8,9,270629
23819177,2026,xc,2026-09-12,5000,1193.793,19,9,271186
23819177,2026,xc,2026-09-16,3400,795.9,22,9,272266
26431538,2026,xc,2026-09-12,5000,985.85,46,11,271186
26431538,2026,xc,2026-09-16,5000,1061.2,19,11,272266
19022196,2026,xc,2026-07-17,5000,1329,5,12,276158
19022196,2026,xc,2026-08-28,3000,542.406,9,12,270629
19022196,2026,xc,2026-09-12,5000,950.43,23,12,271186
19022196,2026,xc,2026-09-16,5000,955.8,1,12,272266
19022196,2026,xc,2026-09-19,5000,979.6,43,12,271536
26668431,2026,xc,2026-09-12,3000,818.19,22,9,271186
19022197,2026,xc,2026-08-28,3000,615.71,101,11,270629
19022197,2026,xc,2026-09-12,5000,1073.11,29,11,271186
19022197,2026,xc,2026-09-16,3400,726.8,1,11,272266
21402919,2026,xc,2026-08-28,3000,586.626,56,10,270629
21402919,2026,xc,2026-09-12,5000,1000.65,54,10,271186
21402919,2026,xc,2026-09-16,5000,1089.9,29,10,272266
26668438,2026,xc,2026-08-28,3000,779.53,176,10,270629
26668438,2026,xc,2026-09-12,5000,1316.658,106,10,271186
26668438,2026,xc,2026-09-16,3400,876.9,72,10,272266
30648753,2026,xc,2026-08-28,3000,800.76,191,12,270629
30648753,2026,xc,2026-09-12,5000,1338.85,118,12,271186
24784037,2026,xc,2026-09-12,5000,1232.836,156,12,271186
24784037,2026,xc,2026-09-16,3400,818.2,40,12,272266
24784037,2026,xc,2026-09-19,5000,1270.562,195,12,271536
30962636,2026,xc,2026-08-28,3000,598.042,79,10,270629
30962636,2026,xc,2026-09-12,5000,1048.7,18,10,271186
30962636,2026,xc,2026-09-16,5000,1090.7,30,10,272266
32933451,2026,xc,2026-09-12,3000,863.32,27,9,271186
32933451,2026,xc,2026-09-16,3400,945.8,119,9,272266
24787264,2026,xc,2026-09-12,5000,1117.96,55,9,271186
24787264,2026,xc,2026-09-16,3400,759.4,10,9,272266
32933452,2026,xc,2026-08-28,3000,890.43,79,9,270629
32933452,2026,xc,2026-09-12,3000,900.29,35,9,271186
25116972,2026,xc,2026-08-28,3000,546.67,13,12,270629
25116972,2026,xc,2026-09-12,5000,953.89,25,12,271186
25116972,2026,xc,2026-09-16,5000,991.8,4,12,272266
25116972,2026,xc,2026-09-19,5000,999.2,62,12,271536
27731301,2026,xc,2026-09-12,5000,1322.75,112,10,271186
27731301,2026,xc,2026-09-16,3400,937.7,113,10,272266
21402922,2026,xc,2026-09-12,5000,1115.37,53,10,271186
21402922,2026,xc,2026-09-16,3400,789.9,19,10,272266
29831320,2026,xc,2026-08-28,3000,933.88,87,11,270629
29831320,2026,xc,2026-09-12,3000,926.79,43,11,271186
29831320,2026,xc,2026-09-16,3400,1037.2,13,11,272266
26449710,2026,xc,2026-08-28,3000,724.23,122,11,270629
26449710,2026,xc,2026-09-12,5000,1260.39,64,11,271186
26449710,2026,xc,2026-09-16,3400,878.7,75,11,272266
23851550,2026,xc,2026-08-28,3000,686.47,4,9,270629
23851550,2026,xc,2026-09-12,5000,1155.36,97,9,271186
23851550,2026,xc,2026-09-16,3400,796.8,23,9,272266
22297224,2026,xc,2026-09-16,3400,1003.9,144,10,272266
32933454,2026,xc,2026-09-12,3000,919.88,40,9,271186
32933454,2026,xc,2026-09-16,3400,1098.4,159,9,272266
23850198,2026,xc,2026-09-16,3400,997.7,143,11,272266
26668454,2026,xc,2026-08-28,3000,762.03,28,9,270629
26668454,2026,xc,2026-09-12,5000,1310.07,94,9,271186
26668454,2026,xc,2026-09-16,3400,877.8,74,9,272266
23819190,2026,xc,2026-09-16,3400,798.2,26,11,272266
29475682,2026,xc,2026-07-17,5000,1426.04,28,10,276158
29475682,2026,xc,2026-08-28,3000,757.24,153,10,270629
29475682,2026,xc,2026-09-16,3400,896.5,87,10,272266
22297253,2026,xc,2026-08-28,3000,599.19,81,12,270629
22297253,2026,xc,2026-09-12,5000,1015.48,71,12,271186
22297253,2026,xc,2026-09-16,5000,1115.6,38,12,272266
22297253,2026,xc,2026-09-19,5000,1063.5,129,12,271536
23819194,2026,xc,2026-09-12,3000,888.81,32,9,271186
23819194,2026,xc,2026-09-16,3400,1017.8,148,9,272266
21419640,2026,xc,2026-08-28,3000,728.07,127,10,270629
21419640,2026,xc,2026-09-12,5000,1212.23,142,10,271186
21419640,2026,xc,2026-09-16,3400,819.4,42,10,272266
32933445,2026,xc,2026-08-28,3000,785.96,182,10,270629
32933445,2026,xc,2026-09-12,5000,1402.73,152,10,271186
32933445,2026,xc,2026-09-16,3400,965.4,126,10,272266
29475688,2026,xc,2026-08-28,3000,857.18,220,10,270629
29475688,2026,xc,2026-09-12,3000,872.02,30,10,271186
19962292,2026,xc,2026-08-28,3000,555.23,18,11,270629
19962292,2026,xc,2026-09-12,5000,963.949,30,11,271186
19962292,2026,xc,2026-09-16,5000,1095.1,33,11,272266
30811399,2026,xc,2026-09-12,3000,712.43,4,9,271186
30811399,2026,xc,2026-09-16,3400,798.4,27,9,272266
29734147,2026,xc,2026-08-28,3000,973.67,101,10,270629
29734147,2026,xc,2026-09-12,5000,1595.383,125,10,271186
29734147,2026,xc,2026-09-16,3400,1119.3,40,10,272266
29700468,2026,xc,2026-08-28,3000,1152.29,50,9,270629
29700468,2026,xc,2026-09-12,3000,971.52,31,9,271186
29700468,2026,xc,2026-09-16,3400,1120.6,11,9,272266
21402909,2026,xc,2026-08-28,3000,837.81,23,10,270629
21402909,2026,xc,2026-09-12,5000,1370.43,37,10,271186
21402909,2026,xc,2026-09-16,3400,919.8,2,10,272266
29848300,2026,xc,2026-08-28,3000,722.35,58,9,270629
29848300,2026,xc,2026-09-12,5000,1205.52,38,9,271186
29848300,2026,xc,2026-09-16,5000,1280.1,13,9,272266
30149904,2026,xc,2026-08-28,3000,689.75,33,12,270629
30149904,2026,xc,2026-09-12,5000,1178.24,29,12,271186
30149904,2026,xc,2026-09-16,5000,1230.7,7,12,272266
30149904,2026,xc,2026-09-19,5000,1178.6,50,12,271536
26594005,2026,xc,2026-08-28,3000,991.09,28,9,270629
26594005,2026,xc,2026-09-16,3400,1118.4,39,9,272266
32933465,2026,xc,2026-08-28,3000,908.96,69,12,270629
32933465,2026,xc,2026-09-12,5000,1548.93,112,12,271186
23652828,2026,xc,2026-08-28,3000,704.81,47,12,270629
23652828,2026,xc,2026-09-12,5000,1244.3,62,12,271186
23652828,2026,xc,2026-09-16,5000,1363.2,37,12,272266
23652828,2026,xc,2026-09-19,5000,1273.781,107,12,271536
30962646,2026,xc,2026-08-28,3000,658.55,13,9,270629
30962646,2026,xc,2026-09-12,5000,1175.77,27,9,271186
30962646,2026,xc,2026-09-16,5000,1242.2,9,9,272266
30962646,2026,xc,2026-09-19,5000,1166.385,42,9,271536
29475698,2026,xc,2026-08-28,3000,1028.02,36,10,270629
29475698,2026,xc,2026-09-12,3000,965.88,29,10,271186
29475698,2026,xc,2026-09-16,3400,1129.4,13,10,272266
24787274,2026,xc,2026-09-12,3000,1129.13,62,10,271186
24787274,2026,xc,2026-09-16,3400,1307.1,33,10,272266
30962637,2026,xc,2026-08-28,3000,747.44,76,10,270629
30962637,2026,xc,2026-09-12,5000,1292.18,80,10,271186
32933471,2026,xc,2026-08-28,3000,1014.353,33,9,270629
32933471,2026,xc,2026-09-12,3000,1014.56,43,9,271186
32933475,2026,xc,2026-08-28,3000,1011.3,31,9,270629
32933475,2026,xc,2026-09-12,3000,876.99,7,9,271186
32933475,2026,xc,2026-09-16,3400,1006.5,19,9,272266
26796532,2026,xc,2026-08-28,3000,735.57,66,11,270629
26796532,2026,xc,2026-09-16,5000,1289.5,15,11,272266
21402915,2026,xc,2026-08-28,3000,956.53,93,10,270629
21402915,2026,xc,2026-09-12,3000,1125.73,61,10,271186
21402915,2026,xc,2026-09-16,3400,1308.1,34,10,272266
19994012,2026,xc,2026-08-28,3000,649.13,11,11,270629
19994012,2026,xc,2026-09-12,5000,1122.89,9,11,271186
19994012,2026,xc,2026-09-16,5000,1219.6,4,11,272266
